servicio_origen,servicio_destino,soporte_direccion_dominante,clasificacion_orden,frac_lag_menor_5min,frac_lag_mismo_dia_menor_60min,lag_min_p25,lag_min_mediana,lag_min_p75,lag_min_p95
d602a0071f3f4db8b37a87cffd89bf23,347178b052294153af290d6a84589868,235311,consistente,0.0039,0.0255,234.0,723.0,1079.0,1111.0
495c261c0f484bd08e232f7358452c4d,2549b51828ce40af920a932dd2102217,61258,mixto,0.1211,0.1973,102.0,338.0,678.0,1111.0
d602a0071f3f4db8b37a87cffd89bf23,ae4caa1cb2154cac89440f3fe18251cb,37114,mixto,0.1535,0.3248,21.0,256.0,619.0,1043.0
9a76efc4c34e4bd7843206658dc45454,2549b51828ce40af920a932dd2102217,13824,mixto,0.8128,0.93,1.0,1.0,2.0,105.85
9a76efc4c34e4bd7843206658dc45454,495c261c0f484bd08e232f7358452c4d,5981,mixto,0.9304,0.9841,0.0,1.0,1.0,8.0
9a76efc4c34e4bd7843206658dc45454,123,5557,mixto,0.391,0.8283,3.0,7.0,28.0,362.2
eae6a8d122774db4ba88162a875db6a6,91f3f86897ff4ae39e50cbd7035fa8af,5520,mixto,0.0214,0.2056,73.0,163.5,278.0,473.0
ffaec74bfd414f8394bab077a989e27f,123,4682,mixto,0.2629,0.8163,4.0,9.0,32.0,460.7
123,2549b51828ce40af920a932dd2102217,4474,mixto,0.055,0.2709,56.0,169.0,398.5,848.45
123,dd7629fec91f4599b3cf8c0dd0b984ac,3826,mixto,0.3395,0.8372,3.0,8.0,27.0,353.0
ae4caa1cb2154cac89440f3fe18251cb,347178b052294153af290d6a84589868,3276,mixto,0.0455,0.2448,62.0,273.0,499.0,1235.0
67eb30db49f240b08ab2b3f422f92cdf,e8dde9d26979498786c6ba5a82f70ad3,3244,mixto,0.1803,0.5986,6.0,30.0,190.0,829.55
9a76efc4c34e4bd7843206658dc45454,e8dde9d26979498786c6ba5a82f70ad3,2983,mixto,0.4438,0.8166,2.0,6.0,31.0,634.6
d602a0071f3f4db8b37a87cffd89bf23,123,2912,mixto,0.0817,0.3956,20.0,127.0,462.25,996.0
1bb1657eb2eb43808f0529810258aa3b,347178b052294153af290d6a84589868,2558,mixto,0.027,0.2068,78.0,198.0,440.0,962.0
d602a0071f3f4db8b37a87cffd89bf23,2549b51828ce40af920a932dd2102217,2521,mixto,0.0424,0.261,56.0,223.0,468.0,958.0
ed07316d9d6344a9ab11e8a41fdc413a,ae412e532f1a48428bd0c5ad1f02f816,2134,mixto,0.0206,0.209,73.0,156.0,259.0,417.0
94d27864f86d422faa68efccb908cc34,2549b51828ce40af920a932dd2102217,1904,mixto,0.4648,0.8414,2.0,5.0,18.25,387.0
c82f84bf3f2b451393445a0cb6883665,2549b51828ce40af920a932dd2102217,1856,mixto,0.0819,0.4795,16.0,66.5,194.0,699.25
0f33ab6447034fe49d1629353a119e47,4a94478dd25f4430a0a023b87e11170d,1760,mixto,0.229,0.4801,5.0,69.5,401.5,1004.15
67339e06f4b44f78994ff4785178807a,2549b51828ce40af920a932dd2102217,1660,mixto,0.0627,0.2988,40.0,153.0,355.0,881.05
d602a0071f3f4db8b37a87cffd89bf23,f883bd6d70b043a09837e8b888fe3f65,1633,mixto,0.0043,0.1139,145.0,340.0,611.0,848.0
c82f84bf3f2b451393445a0cb6883665,123,1564,mixto,0.1349,0.587,9.0,34.5,205.25,911.45
1ad6835586034de0b29f4a402b182c6c,123,1559,mixto,0.1398,0.626,8.0,25.0,134.0,825.0
1bb1657eb2eb43808f0529810258aa3b,d602a0071f3f4db8b37a87cffd89bf23,1490,mixto,0.0503,0.2161,77.0,230.0,512.0,1039.0
2549b51828ce40af920a932dd2102217,e8dde9d26979498786c6ba5a82f70ad3,1423,mixto,0.4912,0.7316,1.0,5.0,68.5,979.0
123,ae4caa1cb2154cac89440f3fe18251cb,1399,mixto,0.1151,0.5718,10.0,38.0,224.0,863.0
2549b51828ce40af920a932dd2102217,f883bd6d70b043a09837e8b888fe3f65,1398,mixto,0.0229,0.166,97.25,235.0,379.75,918.0
67339e06f4b44f78994ff4785178807a,b972e814004e4624a566f308901cca7c,1389,mixto,0.0086,0.1713,88.0,183.0,324.0,508.6
123,9ae54d261e454c93ae1c2cdec0fd03e6,1369,mixto,0.3119,0.8663,4.0,9.0,26.0,196.2
d602a0071f3f4db8b37a87cffd89bf23,1ad6835586034de0b29f4a402b182c6c,1349,mixto,0.0371,0.3336,38.0,158.0,492.0,1105.0
c82f84bf3f2b451393445a0cb6883665,d602a0071f3f4db8b37a87cffd89bf23,1342,mixto,0.0738,0.3689,23.0,143.5,484.0,1027.7
2549b51828ce40af920a932dd2102217,ee00832abfba40b38335ce48a12981b5,1255,mixto,0.29,0.6988,4.0,15.0,87.5,733.4
ffaec74bfd414f8394bab077a989e27f,c82f84bf3f2b451393445a0cb6883665,1234,mixto,0.0972,0.5332,14.0,49.0,318.0,1042.4
d602a0071f3f4db8b37a87cffd89bf23,91f3f86897ff4ae39e50cbd7035fa8af,1218,mixto,0.0,0.0591,274.0,581.0,759.0,1066.0
c82f84bf3f2b451393445a0cb6883665,e8dde9d26979498786c6ba5a82f70ad3,1175,mixto,0.1191,0.6298,8.0,26.0,155.0,855.3
dd7629fec91f4599b3cf8c0dd0b984ac,4a94478dd25f4430a0a023b87e11170d,1167,mixto,0.2082,0.5784,6.0,31.0,236.0,932.2
399e7fc266894562850261cfbc06b992,347178b052294153af290d6a84589868,1126,mixto,0.206,0.5861,7.0,33.0,451.0,1083.0
d602a0071f3f4db8b37a87cffd89bf23,cb9e2b9dd1cd44c5b7d4fdcfbbf3f5e0,1104,mixto,0.1123,0.5045,13.0,57.0,321.0,836.7
2549b51828ce40af920a932dd2102217,ae4caa1cb2154cac89440f3fe18251cb,1067,mixto,0.0159,0.1818,108.5,428.0,894.5,1251.0
d602a0071f3f4db8b37a87cffd89bf23,67eb30db49f240b08ab2b3f422f92cdf,1049,mixto,0.0105,0.1478,102.0,265.0,532.0,1033.2
2549b51828ce40af920a932dd2102217,4830b97416a14d1485ccb85c9f9baa4e,1040,mixto,0.6981,0.8202,0.0,1.0,10.25,308.05
9a76efc4c34e4bd7843206658dc45454,c82f84bf3f2b451393445a0cb6883665,1023,mixto,0.3089,0.7087,3.0,16.0,86.5,755.2
1ad6835586034de0b29f4a402b182c6c,ae4caa1cb2154cac89440f3fe18251cb,1022,mixto,0.1008,0.589,9.0,29.5,121.75,761.75
9a76efc4c34e4bd7843206658dc45454,4a94478dd25f4430a0a023b87e11170d,1003,mixto,0.4128,0.7836,2.0,7.0,38.0,541.8
01b56ab5b9be43e19fa06300994787ec,ae4caa1cb2154cac89440f3fe18251cb,998,mixto,0.0521,0.3327,33.0,128.0,296.0,618.75
d602a0071f3f4db8b37a87cffd89bf23,6a322ad743e3464bae56d2d9b180078a,983,mixto,0.1394,0.4313,12.0,105.0,513.5,1015.7
d602a0071f3f4db8b37a87cffd89bf23,67339e06f4b44f78994ff4785178807a,979,mixto,0.0409,0.1961,86.0,243.0,432.0,949.0
9a76efc4c34e4bd7843206658dc45454,ae4caa1cb2154cac89440f3fe18251cb,978,mixto,0.2618,0.7515,4.0,12.0,59.0,623.3
9a76efc4c34e4bd7843206658dc45454,d602a0071f3f4db8b37a87cffd89bf23,968,mixto,0.3068,0.6684,3.0,17.0,132.25,852.3
f883bd6d70b043a09837e8b888fe3f65,08165f6182bc4dfc9dc1d7774508bbc6,948,mixto,0.1688,0.7004,7.0,27.0,84.0,540.65
67339e06f4b44f78994ff4785178807a,67eb30db49f240b08ab2b3f422f92cdf,947,mixto,0.0127,0.226,66.0,166.0,358.5,822.0
0f33ab6447034fe49d1629353a119e47,2549b51828ce40af920a932dd2102217,944,mixto,0.6017,0.7426,0.0,1.0,69.0,379.7
4a94478dd25f4430a0a023b87e11170d,d602a0071f3f4db8b37a87cffd89bf23,938,mixto,0.0896,0.2804,39.5,222.5,552.75,1061.45
4a94478dd25f4430a0a023b87e11170d,e8dde9d26979498786c6ba5a82f70ad3,928,mixto,0.0884,0.4084,17.0,130.0,484.5,1033.55
123,67eb30db49f240b08ab2b3f422f92cdf,920,mixto,0.0359,0.3217,45.0,133.5,391.75,990.35
d602a0071f3f4db8b37a87cffd89bf23,e8dde9d26979498786c6ba5a82f70ad3,918,mixto,0.073,0.2941,43.25,230.5,565.0,1022.0
b992e6a27eb249658efce6ca0cc286dc,6daae6995cb245348bb2b5432ccc9948,908,mixto,0.0341,0.1817,99.0,287.0,526.75,1003.9
9a76efc4c34e4bd7843206658dc45454,4830b97416a14d1485ccb85c9f9baa4e,907,mixto,0.7718,0.914,0.0,1.0,4.0,209.0
9a76efc4c34e4bd7843206658dc45454,08165f6182bc4dfc9dc1d7774508bbc6,895,mixto,0.2212,0.7408,5.0,15.0,63.5,541.0
6a322ad743e3464bae56d2d9b180078a,2549b51828ce40af920a932dd2102217,893,mixto,0.1691,0.6025,8.0,30.0,173.0,739.2
d602a0071f3f4db8b37a87cffd89bf23,fba5ab8c38d3426492c31c99ad569bdb,877,mixto,0.0103,0.1425,133.0,368.0,529.0,732.0
d602a0071f3f4db8b37a87cffd89bf23,94d27864f86d422faa68efccb908cc34,869,mixto,0.0138,0.1496,114.0,344.0,582.0,951.0
ae4caa1cb2154cac89440f3fe18251cb,cb9e2b9dd1cd44c5b7d4fdcfbbf3f5e0,866,mixto,0.1386,0.6328,8.0,30.0,169.75,1025.0
0f33ab6447034fe49d1629353a119e47,4830b97416a14d1485ccb85c9f9baa4e,848,mixto,0.7736,0.8927,0.0,1.0,4.0,259.0
ffaec74bfd414f8394bab077a989e27f,d602a0071f3f4db8b37a87cffd89bf23,814,mixto,0.1278,0.3538,21.0,168.0,566.25,1113.35
9a76efc4c34e4bd7843206658dc45454,6a322ad743e3464bae56d2d9b180078a,797,mixto,0.3425,0.7591,3.0,8.0,50.0,682.4
e8dde9d26979498786c6ba5a82f70ad3,123,785,mixto,0.0318,0.3592,32.0,128.0,533.0,1037.8
f883bd6d70b043a09837e8b888fe3f65,123,784,mixto,0.0191,0.2143,69.0,168.0,298.0,497.55
123,dc821110e3f34bf3984d61955ced2e69,771,mixto,0.1323,0.3722,15.0,149.0,395.5,968.5
c5b83bbfa22c4c31a5743485b4c6e524,e8dde9d26979498786c6ba5a82f70ad3,741,mixto,0.2807,0.6113,4.0,21.0,224.0,893.0
ae54454684154c25bd33c6e04609652b,4a94478dd25f4430a0a023b87e11170d,731,mixto,0.3379,0.6977,3.0,14.0,144.0,685.5
495c261c0f484bd08e232f7358452c4d,6a322ad743e3464bae56d2d9b180078a,730,mixto,0.3836,0.7753,3.0,8.0,38.5,565.45
dd7629fec91f4599b3cf8c0dd0b984ac,e8dde9d26979498786c6ba5a82f70ad3,689,mixto,0.1306,0.6009,8.0,28.0,156.0,861.0
f883bd6d70b043a09837e8b888fe3f65,67eb30db49f240b08ab2b3f422f92cdf,687,mixto,0.0131,0.147,95.0,193.0,328.0,584.4
495c261c0f484bd08e232f7358452c4d,ae4caa1cb2154cac89440f3fe18251cb,685,mixto,0.0044,0.1022,189.0,420.0,623.0,849.6
4a94478dd25f4430a0a023b87e11170d,c82f84bf3f2b451393445a0cb6883665,676,mixto,0.0325,0.1627,102.75,272.5,593.0,1147.5
ffaec74bfd414f8394bab077a989e27f,ae4caa1cb2154cac89440f3fe18251cb,675,mixto,0.1274,0.4696,10.0,81.0,333.5,1166.3
4a94478dd25f4430a0a023b87e11170d,123,672,mixto,0.0714,0.4345,14.0,107.0,501.0,1046.0
67339e06f4b44f78994ff4785178807a,4bb573e349504824b5b5a050a83e094d,659,mixto,0.0121,0.1836,87.0,243.0,560.0,986.0
4830b97416a14d1485ccb85c9f9baa4e,e8dde9d26979498786c6ba5a82f70ad3,652,mixto,0.7653,0.9264,1.0,2.0,4.0,106.0
6a322ad743e3464bae56d2d9b180078a,123,650,mixto,0.1523,0.5354,10.0,52.0,210.75,953.55
0f33ab6447034fe49d1629353a119e47,e8dde9d26979498786c6ba5a82f70ad3,645,mixto,0.6915,0.862,1.0,2.0,8.0,357.0
67eb30db49f240b08ab2b3f422f92cdf,2549b51828ce40af920a932dd2102217,639,mixto,0.0485,0.2973,43.0,140.0,315.0,849.7
08165f6182bc4dfc9dc1d7774508bbc6,e8dde9d26979498786c6ba5a82f70ad3,633,mixto,0.0174,0.4834,17.0,64.0,187.0,1000.2
006b85a984e94ce88ddb035ec01b2d70,b972e814004e4624a566f308901cca7c,620,mixto,0.0581,0.2581,56.75,153.5,294.5,589.4
41da80f6154c4d918166fc43862f5d78,d602a0071f3f4db8b37a87cffd89bf23,616,mixto,0.2143,0.4367,9.0,84.5,297.5,647.25
56da1c80cfea4a5b83326bfef271fc3e,ae4caa1cb2154cac89440f3fe18251cb,609,mixto,0.0263,0.2479,61.0,159.0,364.0,863.6
4a94478dd25f4430a0a023b87e11170d,2549b51828ce40af920a932dd2102217,608,mixto,0.2845,0.477,3.0,75.0,447.25,1071.65
9a76efc4c34e4bd7843206658dc45454,0f33ab6447034fe49d1629353a119e47,599,mixto,0.8264,0.8881,0.0,0.0,1.0,375.4
9a76efc4c34e4bd7843206658dc45454,ffaec74bfd414f8394bab077a989e27f,587,mixto,0.1959,0.7189,6.5,23.0,71.5,689.8
c82f84bf3f2b451393445a0cb6883665,ae4caa1cb2154cac89440f3fe18251cb,579,mixto,0.0691,0.4957,18.0,61.0,260.5,866.1
d602a0071f3f4db8b37a87cffd89bf23,209ce526160947f0b398566cd4cbfd0d,574,mixto,0.0087,0.1132,173.25,404.0,592.0,998.5
f883bd6d70b043a09837e8b888fe3f65,2ff516ac74a44ebfa3a522adbde28a0f,566,mixto,0.0954,0.5883,13.0,43.0,116.75,575.5
91f3f86897ff4ae39e50cbd7035fa8af,5aa1a66c9e844e18a4a41740ed4aa476,538,mixto,0.0632,0.2937,49.0,149.5,280.0,468.75
209ce526160947f0b398566cd4cbfd0d,e8dde9d26979498786c6ba5a82f70ad3,538,mixto,0.1766,0.5855,6.0,23.5,163.75,906.5
67eb30db49f240b08ab2b3f422f92cdf,c82f84bf3f2b451393445a0cb6883665,536,mixto,0.0037,0.1287,144.0,391.0,708.0,1023.25
f883bd6d70b043a09837e8b888fe3f65,67339e06f4b44f78994ff4785178807a,531,mixto,0.0264,0.2505,59.5,210.0,388.5,940.0
ffaec74bfd414f8394bab077a989e27f,e8dde9d26979498786c6ba5a82f70ad3,526,mixto,0.1749,0.597,9.0,35.0,203.0,911.25
c82f84bf3f2b451393445a0cb6883665,dd7629fec91f4599b3cf8c0dd0b984ac,525,mixto,0.0648,0.4857,22.0,66.0,267.0,891.2
2549b51828ce40af920a932dd2102217,52449c34bb1e47fe81802bf322dae8ee,518,mixto,0.334,0.8533,3.0,8.0,22.0,396.15
64d9be8046574fbfbc1fb14c9912afea,347178b052294153af290d6a84589868,506,mixto,0.002,0.2391,66.0,374.0,554.25,590.0
ffaec74bfd414f8394bab077a989e27f,4a94478dd25f4430a0a023b87e11170d,489,mixto,0.2086,0.5706,6.0,35.0,412.0,1075.8
d602a0071f3f4db8b37a87cffd89bf23,2ff516ac74a44ebfa3a522adbde28a0f,483,mixto,0.0104,0.1366,132.5,364.0,574.0,955.9
c82f84bf3f2b451393445a0cb6883665,209ce526160947f0b398566cd4cbfd0d,476,mixto,0.0546,0.4895,21.0,62.0,370.5,1197.0
ffaec74bfd414f8394bab077a989e27f,dd7629fec91f4599b3cf8c0dd0b984ac,475,mixto,0.1053,0.6021,16.0,33.0,158.0,877.3
dd7629fec91f4599b3cf8c0dd0b984ac,d602a0071f3f4db8b37a87cffd89bf23,472,mixto,0.0466,0.25,59.5,221.0,494.75,1078.45
495c261c0f484bd08e232f7358452c4d,e8dde9d26979498786c6ba5a82f70ad3,469,mixto,0.4243,0.7036,2.0,8.0,93.0,956.2
d602a0071f3f4db8b37a87cffd89bf23,495c261c0f484bd08e232f7358452c4d,453,mixto,0.053,0.2406,67.0,278.0,631.0,1029.0
f883bd6d70b043a09837e8b888fe3f65,74e60dc3bc26493d81088e4d322b7c39,451,mixto,0.1796,0.7051,7.0,24.0,75.5,487.5
ffaec74bfd414f8394bab077a989e27f,2549b51828ce40af920a932dd2102217,447,mixto,0.1544,0.5503,9.0,44.0,186.0,907.0
d602a0071f3f4db8b37a87cffd89bf23,399e7fc266894562850261cfbc06b992,446,mixto,0.0045,0.1614,104.0,277.0,479.25,850.25
d602a0071f3f4db8b37a87cffd89bf23,68b13a1228424526b43e2f78716efd3b,445,mixto,0.0045,0.1371,125.0,413.0,569.0,830.0
9a76efc4c34e4bd7843206658dc45454,67eb30db49f240b08ab2b3f422f92cdf,435,mixto,0.131,0.5241,19.5,57.0,196.5,647.0
b972e814004e4624a566f308901cca7c,9c9359fefd164d388f8a5edc2bac301e,435,mixto,0.0023,0.1862,74.0,175.0,284.0,462.9
67eb30db49f240b08ab2b3f422f92cdf,4a94478dd25f4430a0a023b87e11170d,427,mixto,0.103,0.4122,19.0,128.0,340.0,938.7
c82f84bf3f2b451393445a0cb6883665,ee00832abfba40b38335ce48a12981b5,425,mixto,0.0824,0.64,12.0,32.0,109.0,847.8
d602a0071f3f4db8b37a87cffd89bf23,b972e814004e4624a566f308901cca7c,417,mixto,0.0048,0.1343,110.0,278.0,500.0,931.2
a294f813367246da949865bdf8b03f7d,ed07316d9d6344a9ab11e8a41fdc413a,414,mixto,0.0242,0.3188,48.0,98.5,180.0,374.0
01b56ab5b9be43e19fa06300994787ec,f15bd4421f604ffbae3d627bef601546,410,mixto,0.0098,0.1293,94.0,210.5,342.75,569.95
67339e06f4b44f78994ff4785178807a,123,407,mixto,0.0074,0.2383,61.5,170.0,335.5,895.1
c82f84bf3f2b451393445a0cb6883665,6a322ad743e3464bae56d2d9b180078a,394,mixto,0.1015,0.4442,12.0,74.5,308.5,1008.9
9a76efc4c34e4bd7843206658dc45454,dd7629fec91f4599b3cf8c0dd0b984ac,393,mixto,0.2239,0.7099,5.0,18.0,78.0,876.8
6a322ad743e3464bae56d2d9b180078a,e8dde9d26979498786c6ba5a82f70ad3,389,mixto,0.1774,0.4859,8.0,68.0,300.0,924.0
1ad6835586034de0b29f4a402b182c6c,4f22549f9d3a443cb041c0e55395dbf1,383,mixto,0.4752,0.8982,2.0,5.0,22.5,148.7
f883bd6d70b043a09837e8b888fe3f65,ee00832abfba40b38335ce48a12981b5,379,mixto,0.095,0.4406,24.5,70.0,199.0,831.5
eaf8f2b0ccd04cf2a7bfcf357fe88ca2,6e12533e73a048efa8bcc0a30f2b7684,369,mixto,0.0976,0.7398,10.0,26.0,63.0,545.8
ae4caa1cb2154cac89440f3fe18251cb,4a94478dd25f4430a0a023b87e11170d,368,mixto,0.0516,0.3505,31.75,187.5,633.5,1126.65
d602a0071f3f4db8b37a87cffd89bf23,eaf8f2b0ccd04cf2a7bfcf357fe88ca2,355,mixto,0.0282,0.2254,66.0,201.0,435.0,996.9
2ff516ac74a44ebfa3a522adbde28a0f,67eb30db49f240b08ab2b3f422f92cdf,347,mixto,0.0,0.1671,88.5,170.0,238.0,297.0
1ad6835586034de0b29f4a402b182c6c,2549b51828ce40af920a932dd2102217,344,mixto,0.1279,0.4331,25.75,99.5,303.25,920.7
56da1c80cfea4a5b83326bfef271fc3e,d602a0071f3f4db8b37a87cffd89bf23,344,mixto,0.032,0.2209,68.0,199.5,393.25,775.7
9a76efc4c34e4bd7843206658dc45454,1ad6835586034de0b29f4a402b182c6c,343,mixto,0.172,0.5423,8.0,45.0,192.0,742.0
ef1dd1f1a5b94d0eacb669f7b3ec2911,e10304f95c2b40738695563eb9b8662c,335,mixto,0.597,0.9164,1.0,3.0,10.0,258.1
9a76efc4c34e4bd7843206658dc45454,209ce526160947f0b398566cd4cbfd0d,335,mixto,0.3194,0.6567,3.0,21.0,123.0,940.8
cb9e2b9dd1cd44c5b7d4fdcfbbf3f5e0,123,333,mixto,0.0571,0.6036,11.0,36.0,207.0,697.4
123,08165f6182bc4dfc9dc1d7774508bbc6,331,mixto,0.0242,0.3142,47.0,120.0,400.5,1010.0
d602a0071f3f4db8b37a87cffd89bf23,64d9be8046574fbfbc1fb14c9912afea,322,mixto,0.0217,0.0901,317.0,522.0,753.0,1062.0
ffaec74bfd414f8394bab077a989e27f,6a322ad743e3464bae56d2d9b180078a,320,mixto,0.225,0.7594,5.0,11.0,48.5,508.6
dd7629fec91f4599b3cf8c0dd0b984ac,9ae54d261e454c93ae1c2cdec0fd03e6,316,mixto,0.2215,0.7025,5.0,23.0,76.0,648.75
dd7629fec91f4599b3cf8c0dd0b984ac,91f3f86897ff4ae39e50cbd7035fa8af,314,mixto,0.0096,0.1624,82.0,188.0,408.5,837.7
9a76efc4c34e4bd7843206658dc45454,94d27864f86d422faa68efccb908cc34,314,mixto,0.5446,0.8057,1.0,3.0,42.25,317.95
9a76efc4c34e4bd7843206658dc45454,dc821110e3f34bf3984d61955ced2e69,308,mixto,0.539,0.7597,2.0,4.0,49.25,608.2
9c9359fefd164d388f8a5edc2bac301e,67339e06f4b44f78994ff4785178807a,305,mixto,0.0164,0.2328,67.0,155.0,254.0,482.8
67eb30db49f240b08ab2b3f422f92cdf,209ce526160947f0b398566cd4cbfd0d,305,mixto,0.0033,0.1475,105.0,225.0,395.0,825.6
e8dde9d26979498786c6ba5a82f70ad3,ae4caa1cb2154cac89440f3fe18251cb,300,mixto,0.08,0.42,24.0,86.5,347.25,954.8
f883bd6d70b043a09837e8b888fe3f65,b9e3f79c40594953af24e9a43eba4e0c,295,mixto,0.061,0.7017,10.0,30.0,70.5,250.9
dd7629fec91f4599b3cf8c0dd0b984ac,67eb30db49f240b08ab2b3f422f92cdf,293,mixto,0.0205,0.3276,46.0,152.0,400.0,1110.8
123,91f3f86897ff4ae39e50cbd7035fa8af,292,mixto,0.0205,0.1164,176.5,382.5,694.0,1164.05
9a76efc4c34e4bd7843206658dc45454,91f3f86897ff4ae39e50cbd7035fa8af,291,mixto,0.2887,0.6701,4.0,17.0,110.5,756.5
123,209ce526160947f0b398566cd4cbfd0d,290,mixto,0.0345,0.2897,46.25,155.0,509.0,1195.1
14cc5dc0682d44fe99d2d91e1eaafac7,b972e814004e4624a566f308901cca7c,289,mixto,0.0554,0.2145,76.0,183.0,331.0,525.8
d602a0071f3f4db8b37a87cffd89bf23,638aea308ffb483198d5c1387e2cc017,285,mixto,0.0737,0.2561,58.0,182.0,292.0,692.0
347178b052294153af290d6a84589868,2549b51828ce40af920a932dd2102217,285,mixto,0.014,0.2,93.0,211.0,212.0,809.2
ffaec74bfd414f8394bab077a989e27f,209ce526160947f0b398566cd4cbfd0d,284,mixto,0.081,0.3521,29.75,141.5,386.25,1043.85
d602a0071f3f4db8b37a87cffd89bf23,16ffe077cc1a4b11a19bea91abce6f9c,283,mixto,0.0247,0.1837,82.0,184.0,290.5,725.7
123,6e12533e73a048efa8bcc0a30f2b7684,279,mixto,0.2688,0.828,4.0,10.0,31.0,1010.6
1ad6835586034de0b29f4a402b182c6c,347178b052294153af290d6a84589868,276,mixto,0.1739,0.6703,6.75,20.5,141.0,562.0
0f33ab6447034fe49d1629353a119e47,d602a0071f3f4db8b37a87cffd89bf23,276,mixto,0.1268,0.2899,19.75,199.5,532.0,1123.5
9a76efc4c34e4bd7843206658dc45454,67339e06f4b44f78994ff4785178807a,274,mixto,0.2299,0.6679,5.0,22.0,143.0,857.2
41da80f6154c4d918166fc43862f5d78,ae4caa1cb2154cac89440f3fe18251cb,273,mixto,0.3004,0.685,3.0,13.0,87.0,630.6
9a76efc4c34e4bd7843206658dc45454,74e60dc3bc26493d81088e4d322b7c39,270,mixto,0.1963,0.7556,6.0,15.0,56.75,305.75
79bvfghg9a0a8tm25d16sddg7d61d4710,123,268,mixto,0.0784,0.5597,12.0,39.0,202.5,698.7
d602a0071f3f4db8b37a87cffd89bf23,dc821110e3f34bf3984d61955ced2e69,267,mixto,0.015,0.0899,197.0,553.0,691.0,1113.0
123,347178b052294153af290d6a84589868,267,mixto,0.0487,0.3184,33.5,185.0,575.5,1116.1
d602a0071f3f4db8b37a87cffd89bf23,9fd20d626db942aeb4d84f9c475d3bea,266,mixto,0.0038,0.0338,557.0,560.0,690.0,1104.75
5492b6e4db6948aca469c21d05b18721,b972e814004e4624a566f308901cca7c,266,mixto,0.0075,0.1165,112.25,214.0,344.75,476.25
d602a0071f3f4db8b37a87cffd89bf23,1eec93924a1046efbad70c851782ab8a,264,mixto,0.053,0.2159,75.0,249.5,502.25,780.0
b4206ac5e3224dfd900588a8f7caf95e,dd7629fec91f4599b3cf8c0dd0b984ac,259,mixto,0.0927,0.6178,10.5,38.0,148.5,671.4
dd7629fec91f4599b3cf8c0dd0b984ac,2549b51828ce40af920a932dd2102217,256,mixto,0.0625,0.4727,17.0,66.0,266.75,1005.75
4a94478dd25f4430a0a023b87e11170d,31050e1a1dcb4c9899ba77be32449e54,256,mixto,0.0234,0.25,61.25,216.0,434.25,933.25
0f33ab6447034fe49d1629353a119e47,123,254,mixto,0.1575,0.3937,24.25,95.5,270.0,644.7
4a94478dd25f4430a0a023b87e11170d,fd595f24910c4126b7398b3e081af528,252,mixto,0.0714,0.4762,15.75,96.0,465.25,876.45
eaf8f2b0ccd04cf2a7bfcf357fe88ca2,123,251,mixto,0.0637,0.5299,18.0,52.0,259.5,856.0
2549b51828ce40af920a932dd2102217,08165f6182bc4dfc9dc1d7774508bbc6,250,mixto,0.02,0.392,29.0,108.0,349.75,790.0
b972e814004e4624a566f308901cca7c,6d52b87b5a964c61ad7e28afd9499f18,250,mixto,0.008,0.172,87.5,199.5,325.75,470.8
4a94478dd25f4430a0a023b87e11170d,91f3f86897ff4ae39e50cbd7035fa8af,246,mixto,0.0041,0.1829,108.25,263.5,713.25,1050.0
ae4caa1cb2154cac89440f3fe18251cb,6a322ad743e3464bae56d2d9b180078a,245,mixto,0.0939,0.551,10.0,47.0,235.0,1053.2
c82f84bf3f2b451393445a0cb6883665,cb9e2b9dd1cd44c5b7d4fdcfbbf3f5e0,242,mixto,0.0702,0.6488,10.0,30.0,110.75,806.7
d602a0071f3f4db8b37a87cffd89bf23,08165f6182bc4dfc9dc1d7774508bbc6,240,mixto,0.0042,0.1667,109.0,288.0,652.0,943.9
209ce526160947f0b398566cd4cbfd0d,2549b51828ce40af920a932dd2102217,235,mixto,0.0936,0.3872,21.0,153.0,441.0,943.0
a294f813367246da949865bdf8b03f7d,ae412e532f1a48428bd0c5ad1f02f816,232,mixto,0.0388,0.2974,49.75,137.5,228.25,381.45
1bb1657eb2eb43808f0529810258aa3b,ae4caa1cb2154cac89440f3fe18251cb,232,mixto,0.0388,0.2241,67.0,217.0,450.0,983.9
d602a0071f3f4db8b37a87cffd89bf23,32f2a35e790544ec9e040345f8a364f3,230,mixto,0.1087,0.4957,11.0,60.5,273.0,899.55
2549b51828ce40af920a932dd2102217,91f3f86897ff4ae39e50cbd7035fa8af,228,mixto,0.0175,0.1447,108.75,234.0,442.5,1069.0
67339e06f4b44f78994ff4785178807a,94d27864f86d422faa68efccb908cc34,227,mixto,0.0132,0.2115,74.5,207.0,422.0,1012.5
6a91c10b9e8341afbd387fb72bab3cf7,123,223,mixto,0.3049,0.861,4.0,9.0,24.0,450.7
ae54454684154c25bd33c6e04609652b,0f33ab6447034fe49d1629353a119e47,223,mixto,0.0673,0.3453,32.0,117.0,370.5,845.4
eaf8f2b0ccd04cf2a7bfcf357fe88ca2,c5b83bbfa22c4c31a5743485b4c6e524,222,mixto,0.036,0.5631,25.0,51.0,211.0,828.75
dd7629fec91f4599b3cf8c0dd0b984ac,31050e1a1dcb4c9899ba77be32449e54,220,mixto,0.0091,0.3591,45.0,79.5,200.5,543.15
123,94d27864f86d422faa68efccb908cc34,218,mixto,0.0505,0.5229,17.0,55.5,356.75,1042.6
c5b83bbfa22c4c31a5743485b4c6e524,123,217,mixto,0.0184,0.3502,37.0,168.0,513.0,1024.0
d602a0071f3f4db8b37a87cffd89bf23,86144f0d3b814c1d8c013f7aade6c55d,215,mixto,0.0093,0.1628,111.0,305.0,645.0,1035.9
67339e06f4b44f78994ff4785178807a,6a322ad743e3464bae56d2d9b180078a,214,mixto,0.0561,0.2757,52.25,181.5,373.75,728.45
94d27864f86d422faa68efccb908cc34,6a322ad743e3464bae56d2d9b180078a,213,mixto,0.216,0.7324,5.0,15.0,72.0,782.4
4a94478dd25f4430a0a023b87e11170d,209ce526160947f0b398566cd4cbfd0d,212,mixto,0.0047,0.1792,98.75,235.0,487.5,1012.9
d602a0071f3f4db8b37a87cffd89bf23,8ccf6c97b6eb4670bafec186fbe64f85,212,mixto,0.0142,0.1368,116.5,378.0,751.0,1187.8
67eb30db49f240b08ab2b3f422f92cdf,ae4caa1cb2154cac89440f3fe18251cb,211,mixto,0.0521,0.237,66.5,186.0,347.0,1152.0
31050e1a1dcb4c9899ba77be32449e54,91f3f86897ff4ae39e50cbd7035fa8af,211,mixto,0.0284,0.3365,33.5,126.0,348.5,552.0
6a91c10b9e8341afbd387fb72bab3cf7,4a94478dd25f4430a0a023b87e11170d,210,mixto,0.3381,0.8048,3.0,9.0,43.5,699.6
94d27864f86d422faa68efccb908cc34,52449c34bb1e47fe81802bf322dae8ee,210,mixto,0.319,0.881,4.0,8.0,20.75,383.3
123,495c261c0f484bd08e232f7358452c4d,209,mixto,0.0574,0.5072,16.0,58.0,305.0,950.4
1ad6835586034de0b29f4a402b182c6c,cb9e2b9dd1cd44c5b7d4fdcfbbf3f5e0,209,mixto,0.1531,0.5837,8.0,42.0,129.0,692.4
67339e06f4b44f78994ff4785178807a,eaf8f2b0ccd04cf2a7bfcf357fe88ca2,209,mixto,0.0096,0.1914,76.0,188.0,365.0,688.8
9a76efc4c34e4bd7843206658dc45454,f883bd6d70b043a09837e8b888fe3f65,209,mixto,0.2392,0.4785,5.0,61.0,251.0,875.4
4a94478dd25f4430a0a023b87e11170d,08165f6182bc4dfc9dc1d7774508bbc6,208,mixto,0.0288,0.6298,11.0,23.0,230.25,808.0
64d9be8046574fbfbc1fb14c9912afea,2549b51828ce40af920a932dd2102217,204,mixto,0.0049,0.201,74.75,176.0,338.0,728.95
01b56ab5b9be43e19fa06300994787ec,d602a0071f3f4db8b37a87cffd89bf23,204,mixto,0.0245,0.2353,62.0,156.5,388.5,951.6
4060f34dc33042fda53efdfd0594b679,67339e06f4b44f78994ff4785178807a,200,mixto,0.055,0.32,40.75,155.0,299.0,713.45
67eb30db49f240b08ab2b3f422f92cdf,94d27864f86d422faa68efccb908cc34,196,mixto,0.0102,0.2857,42.75,230.5,418.25,1059.25
4a94478dd25f4430a0a023b87e11170d,6743ad379b094f98ad903d0f0304add1,193,mixto,0.0104,0.4456,28.0,83.0,504.0,1109.4
2549b51828ce40af920a932dd2102217,51e1587ac2364f19bb4a9344841af223,192,mixto,0.125,0.8073,7.75,15.0,39.0,403.45
9a76efc4c34e4bd7843206658dc45454,2ff516ac74a44ebfa3a522adbde28a0f,191,mixto,0.2408,0.7277,5.0,13.0,72.0,1116.0
ffaec74bfd414f8394bab077a989e27f,64d9be8046574fbfbc1fb14c9912afea,190,mixto,0.0895,0.3789,19.0,100.0,216.75,519.3
ffaec74bfd414f8394bab077a989e27f,67eb30db49f240b08ab2b3f422f92cdf,189,mixto,0.0317,0.455,29.0,73.0,252.0,864.4
7249a9adb1c343aba8db068dbe0c3795,c82f84bf3f2b451393445a0cb6883665,189,mixto,0.1958,0.7354,6.0,17.0,71.0,403.8
d602a0071f3f4db8b37a87cffd89bf23,6d52b87b5a964c61ad7e28afd9499f18,189,mixto,0.0106,0.2063,76.0,218.0,453.0,887.4
2549b51828ce40af920a932dd2102217,2ff516ac74a44ebfa3a522adbde28a0f,186,mixto,0.0161,0.2634,50.0,151.0,352.5,770.25
123,b4206ac5e3224dfd900588a8f7caf95e,184,mixto,0.3043,0.9076,3.0,8.0,20.0,106.0
52449c34bb1e47fe81802bf322dae8ee,51e1587ac2364f19bb4a9344841af223,182,mixto,0.5769,0.9176,2.0,3.0,13.75,116.3
d602a0071f3f4db8b37a87cffd89bf23,74e60dc3bc26493d81088e4d322b7c39,182,mixto,0.0055,0.0549,227.0,494.5,609.0,930.8
74e60dc3bc26493d81088e4d322b7c39,08165f6182bc4dfc9dc1d7774508bbc6,181,mixto,0.0276,0.5856,26.0,48.0,91.0,993.0
67339e06f4b44f78994ff4785178807a,209ce526160947f0b398566cd4cbfd0d,180,mixto,0.0,0.1222,145.75,319.5,515.75,1000.25
d602a0071f3f4db8b37a87cffd89bf23,ee00832abfba40b38335ce48a12981b5,179,mixto,0.0056,0.2235,76.0,198.0,429.0,768.4
67339e06f4b44f78994ff4785178807a,c82f84bf3f2b451393445a0cb6883665,179,mixto,0.0056,0.1788,81.5,202.0,402.5,870.4
94d27864f86d422faa68efccb908cc34,ae4caa1cb2154cac89440f3fe18251cb,179,mixto,0.0838,0.3743,22.0,122.0,314.5,910.1
4a94478dd25f4430a0a023b87e11170d,6a322ad743e3464bae56d2d9b180078a,178,mixto,0.0393,0.3146,34.5,291.0,553.0,1058.45
67339e06f4b44f78994ff4785178807a,006b85a984e94ce88ddb035ec01b2d70,178,mixto,0.0056,0.1517,104.25,199.0,339.75,571.35
d602a0071f3f4db8b37a87cffd89bf23,b1b009877e0c4e0790fd92559d853d69,174,mixto,0.0172,0.2414,63.25,300.0,387.0,921.45
9f88dc88029e42d3a5b082ab396be6d3,123,173,mixto,0.0405,0.6127,23.0,35.0,128.0,860.0
9a76efc4c34e4bd7843206658dc45454,347178b052294153af290d6a84589868,172,mixto,0.3198,0.6628,3.0,12.0,103.25,742.35
4f22549f9d3a443cb041c0e55395dbf1,123,168,mixto,0.0179,0.506,24.0,57.5,336.5,868.85
67eb30db49f240b08ab2b3f422f92cdf,b3b9221510904977b1c9f12ea7108119,166,mixto,0.0361,0.488,22.25,62.5,167.75,515.5
9f88dc88029e42d3a5b082ab396be6d3,38b3f29fe39b4e87b5f7982165de8cf1,159,mixto,0.0063,0.673,26.0,41.0,75.0,419.1
123,a7709b21161d459298dc5dc58e77310b,159,mixto,0.0189,0.1132,138.0,291.0,416.5,524.8
64d9be8046574fbfbc1fb14c9912afea,67eb30db49f240b08ab2b3f422f92cdf,158,mixto,0.0,0.1962,86.0,200.5,331.0,781.05
209ce526160947f0b398566cd4cbfd0d,ae4caa1cb2154cac89440f3fe18251cb,157,mixto,0.0446,0.2166,66.0,189.0,544.0,1171.2
ee00832abfba40b38335ce48a12981b5,123,157,mixto,0.1083,0.4076,20.0,132.0,271.0,831.4
123,2ae2ca1a377048a58815f54a432f8a21,156,mixto,0.109,0.5705,11.75,39.5,237.25,831.5
6a322ad743e3464bae56d2d9b180078a,67eb30db49f240b08ab2b3f422f92cdf,156,mixto,0.0192,0.1923,81.75,157.0,486.25,859.5
c82f84bf3f2b451393445a0cb6883665,79bvfghg9a0a8tm25d16sddg7d61d4710,156,mixto,0.0128,0.2179,70.0,97.0,290.25,767.75
64d9be8046574fbfbc1fb14c9912afea,67339e06f4b44f78994ff4785178807a,154,mixto,0.0714,0.3442,33.75,128.5,295.5,1016.65
9c9359fefd164d388f8a5edc2bac301e,2549b51828ce40af920a932dd2102217,153,mixto,0.0458,0.2614,55.0,161.0,329.0,888.6
dd7629fec91f4599b3cf8c0dd0b984ac,ae4caa1cb2154cac89440f3fe18251cb,149,mixto,0.0336,0.2416,78.0,322.0,697.0,987.2
2549b51828ce40af920a932dd2102217,eaf8f2b0ccd04cf2a7bfcf357fe88ca2,148,mixto,0.0068,0.1622,84.75,252.5,394.25,780.55
d602a0071f3f4db8b37a87cffd89bf23,44db06efed134a91bffa7407f60d7979,148,mixto,0.0,0.0878,381.25,791.5,816.0,897.05
d602a0071f3f4db8b37a87cffd89bf23,c5b83bbfa22c4c31a5743485b4c6e524,146,mixto,0.0068,0.226,77.25,242.5,535.0,1079.5
94d27864f86d422faa68efccb908cc34,e8dde9d26979498786c6ba5a82f70ad3,145,mixto,0.0759,0.331,31.0,174.0,559.0,1332.8
9a76efc4c34e4bd7843206658dc45454,ee00832abfba40b38335ce48a12981b5,145,mixto,0.4276,0.7517,2.0,7.0,59.0,750.0
638aea308ffb483198d5c1387e2cc017,2549b51828ce40af920a932dd2102217,143,mixto,0.2168,0.6154,5.0,26.0,95.5,483.0
9a76efc4c34e4bd7843206658dc45454,7249a9adb1c343aba8db068dbe0c3795,143,mixto,0.1678,0.7692,6.0,18.0,51.0,536.8
387ff07354a74657a44369e05d83234a,67339e06f4b44f78994ff4785178807a,142,mixto,0.0,0.0845,145.25,320.5,455.0,607.85
6d52b87b5a964c61ad7e28afd9499f18,c82f84bf3f2b451393445a0cb6883665,142,consistente,0.0211,0.0423,915.0,958.5,987.0,1001.0
9a76efc4c34e4bd7843206658dc45454,cb9e2b9dd1cd44c5b7d4fdcfbbf3f5e0,142,mixto,0.4014,0.7746,2.0,9.0,51.5,575.85
67eb30db49f240b08ab2b3f422f92cdf,c150a834cbcc40d09aeed2f8703f4dd3,141,mixto,0.0142,0.4468,26.0,68.0,158.0,412.0
67339e06f4b44f78994ff4785178807a,a3d2f5bccc104cf6bdd3817c86236b0e,141,mixto,0.0071,0.1206,143.0,264.0,428.0,1065.0
86144f0d3b814c1d8c013f7aade6c55d,495c261c0f484bd08e232f7358452c4d,139,mixto,0.0647,0.5108,13.5,57.0,209.5,487.0
94d27864f86d422faa68efccb908cc34,ee00832abfba40b38335ce48a12981b5,138,mixto,0.2609,0.8043,4.0,10.0,34.5,319.4
387ff07354a74657a44369e05d83234a,dd7629fec91f4599b3cf8c0dd0b984ac,138,mixto,0.1014,0.5435,18.0,42.0,166.25,617.7
c5b83bbfa22c4c31a5743485b4c6e524,c82f84bf3f2b451393445a0cb6883665,136,mixto,0.0074,0.2574,56.25,213.0,567.0,1083.25
c52ceac3693c4644bb20f07dd8aa7103,b972e814004e4624a566f308901cca7c,134,mixto,0.0299,0.2164,73.0,168.5,266.5,447.4
209ce526160947f0b398566cd4cbfd0d,c5b83bbfa22c4c31a5743485b4c6e524,134,mixto,0.0149,0.4179,32.0,112.0,384.5,1055.35
3346db58cd2d474fbcf63e827462b85d,9c9359fefd164d388f8a5edc2bac301e,133,mixto,0.0075,0.1654,79.0,176.0,264.0,426.0
67339e06f4b44f78994ff4785178807a,e8dde9d26979498786c6ba5a82f70ad3,131,mixto,0.0458,0.229,62.5,179.0,375.0,913.5
ed6beff4035f49c6997be95df71e5544,ffaec74bfd414f8394bab077a989e27f,130,mixto,0.4923,0.8077,2.0,5.0,21.0,630.65
c5b83bbfa22c4c31a5743485b4c6e524,67eb30db49f240b08ab2b3f422f92cdf,130,mixto,0.0,0.1231,255.0,723.5,920.25,1142.85
ef1dd1f1a5b94d0eacb669f7b3ec2911,64b50202d6b74bfcb78c7342823e0f4f,130,mixto,0.4231,0.7154,2.0,8.0,107.75,891.65
d602a0071f3f4db8b37a87cffd89bf23,6daae6995cb245348bb2b5432ccc9948,130,mixto,0.0308,0.2615,57.25,110.0,341.25,626.7
d602a0071f3f4db8b37a87cffd89bf23,9c9359fefd164d388f8a5edc2bac301e,130,mixto,0.0077,0.1154,140.5,375.0,574.75,1222.0
4a94478dd25f4430a0a023b87e11170d,67339e06f4b44f78994ff4785178807a,129,mixto,0.0698,0.2403,73.0,217.0,391.0,1101.6
67339e06f4b44f78994ff4785178807a,ae4caa1cb2154cac89440f3fe18251cb,128,mixto,0.0234,0.1562,105.75,201.0,388.25,762.6
88d08ee1a5384a7fbe4bfddb8928ce82,64d9be8046574fbfbc1fb14c9912afea,128,mixto,0.0625,0.2812,48.5,166.5,293.0,460.3
3346db58cd2d474fbcf63e827462b85d,2549b51828ce40af920a932dd2102217,128,mixto,0.0,0.1328,110.25,205.0,355.0,708.65
888fb026b62d4a75920fe44a0af43ad4,67eb30db49f240b08ab2b3f422f92cdf,128,mixto,0.0,0.0078,197.75,422.0,512.5,583.9
0f33ab6447034fe49d1629353a119e47,c82f84bf3f2b451393445a0cb6883665,128,mixto,0.0781,0.4062,28.25,145.0,677.25,1203.6
123,38b3f29fe39b4e87b5f7982165de8cf1,128,mixto,0.125,0.6875,7.0,14.0,120.75,891.6
0335e32e61b248ae8ab98cb955f915dd,91f3f86897ff4ae39e50cbd7035fa8af,127,mixto,0.0,0.1732,86.0,166.0,248.0,429.9
ef1dd1f1a5b94d0eacb669f7b3ec2911,c82f84bf3f2b451393445a0cb6883665,126,mixto,0.0238,0.4921,21.25,61.5,303.5,1007.75
ee00832abfba40b38335ce48a12981b5,52449c34bb1e47fe81802bf322dae8ee,126,mixto,0.5397,0.8968,2.0,4.0,8.75,611.0
a7709b21161d459298dc5dc58e77310b,01b56ab5b9be43e19fa06300994787ec,126,mixto,0.0159,0.1667,113.0,307.5,429.0,1039.5
209ce526160947f0b398566cd4cbfd0d,dd7629fec91f4599b3cf8c0dd0b984ac,126,mixto,0.0159,0.2937,55.0,144.0,501.5,985.25
67339e06f4b44f78994ff4785178807a,91f3f86897ff4ae39e50cbd7035fa8af,125,mixto,0.0,0.12,91.0,216.0,368.0,660.6
ae4caa1cb2154cac89440f3fe18251cb,32f2a35e790544ec9e040345f8a364f3,125,mixto,0.136,0.84,7.0,13.0,30.0,388.0
0f33ab6447034fe49d1629353a119e47,6743ad379b094f98ad903d0f0304add1,125,mixto,0.04,0.52,26.0,57.0,281.0,682.4
ae54454684154c25bd33c6e04609652b,d602a0071f3f4db8b37a87cffd89bf23,124,mixto,0.1452,0.3629,26.0,157.0,364.25,1047.25
c82f84bf3f2b451393445a0cb6883665,495c261c0f484bd08e232f7358452c4d,124,mixto,0.2177,0.4435,8.75,70.5,283.5,1070.4
0f33ab6447034fe49d1629353a119e47,6a322ad743e3464bae56d2d9b180078a,123,mixto,0.439,0.748,2.0,9.0,59.5,836.6
67eb30db49f240b08ab2b3f422f92cdf,91f3f86897ff4ae39e50cbd7035fa8af,123,mixto,0.0163,0.0976,145.5,242.0,418.0,773.9
2549b51828ce40af920a932dd2102217,74e60dc3bc26493d81088e4d322b7c39,123,mixto,0.0407,0.3902,33.5,114.0,288.0,1085.7
94d27864f86d422faa68efccb908cc34,51e1587ac2364f19bb4a9344841af223,122,mixto,0.1393,0.7213,7.25,27.0,73.75,383.95
91f3f86897ff4ae39e50cbd7035fa8af,c82f84bf3f2b451393445a0cb6883665,122,mixto,0.041,0.2131,70.25,194.0,435.5,847.95
67339e06f4b44f78994ff4785178807a,02f0f8beb94542deac503efd6a774262,120,mixto,0.0,0.125,117.0,197.5,281.5,415.55
86144f0d3b814c1d8c013f7aade6c55d,123,119,mixto,0.0,0.0924,118.0,197.0,424.5,933.8
67339e06f4b44f78994ff4785178807a,2ff516ac74a44ebfa3a522adbde28a0f,119,mixto,0.0,0.0924,106.5,190.0,451.5,819.6
c82f84bf3f2b451393445a0cb6883665,fb3957569a8d49528c3571bcb4703f55,119,mixto,0.0756,0.4874,20.5,66.0,229.0,889.1
f883bd6d70b043a09837e8b888fe3f65,495c261c0f484bd08e232f7358452c4d,118,mixto,0.0169,0.1356,124.25,306.0,583.75,886.75
0f33ab6447034fe49d1629353a119e47,ffaec74bfd414f8394bab077a989e27f,116,mixto,0.0603,0.3621,42.75,152.0,465.5,960.0
3346db58cd2d474fbcf63e827462b85d,b972e814004e4624a566f308901cca7c,116,mixto,0.0172,0.2672,56.25,147.0,256.0,395.0
c82f84bf3f2b451393445a0cb6883665,94d27864f86d422faa68efccb908cc34,116,mixto,0.0345,0.3621,29.75,97.5,360.25,910.0
67339e06f4b44f78994ff4785178807a,08165f6182bc4dfc9dc1d7774508bbc6,115,mixto,0.0,0.1652,87.0,215.0,355.0,886.8
ffaec74bfd414f8394bab077a989e27f,495c261c0f484bd08e232f7358452c4d,114,mixto,0.1316,0.5175,9.0,50.0,203.25,924.65
ef1dd1f1a5b94d0eacb669f7b3ec2911,be09a0ddbb9b4c4aaf78903e0ca27a75,114,mixto,0.5877,0.9474,1.0,3.5,7.0,56.6
d254feea701346a399887b9fe59ac61a,91f3f86897ff4ae39e50cbd7035fa8af,113,mixto,0.0088,0.1947,93.0,257.0,476.0,936.4
ae54454684154c25bd33c6e04609652b,91f3f86897ff4ae39e50cbd7035fa8af,113,mixto,0.0177,0.2035,90.0,262.0,743.0,1003.6
c82f84bf3f2b451393445a0cb6883665,3d639e0a581e4afbbc3976eed669f5c6,112,mixto,0.3125,0.8214,3.75,8.0,33.75,511.45
d602a0071f3f4db8b37a87cffd89bf23,7d0c4697a4f849e38021ccb192e0b4a7,112,mixto,0.0089,0.2054,71.25,152.5,330.25,495.0
ffaec74bfd414f8394bab077a989e27f,08165f6182bc4dfc9dc1d7774508bbc6,111,mixto,0.027,0.5495,20.0,49.0,127.5,392.5
08165f6182bc4dfc9dc1d7774508bbc6,2ff516ac74a44ebfa3a522adbde28a0f,111,mixto,0.0541,0.5135,12.0,58.0,88.5,500.0
eaf8f2b0ccd04cf2a7bfcf357fe88ca2,e8dde9d26979498786c6ba5a82f70ad3,110,mixto,0.0727,0.3455,20.25,189.5,398.5,1033.2
67339e06f4b44f78994ff4785178807a,dd7629fec91f4599b3cf8c0dd0b984ac,110,mixto,0.0,0.1182,140.0,255.5,488.25,943.1
55c1817c84554dc881bc439a4b00abed,123,109,mixto,0.1101,0.4862,10.0,64.0,290.0,523.8
347178b052294153af290d6a84589868,495c261c0f484bd08e232f7358452c4d,109,mixto,0.055,0.3028,36.0,225.0,605.0,772.0
209ce526160947f0b398566cd4cbfd0d,6a322ad743e3464bae56d2d9b180078a,108,mixto,0.0556,0.3056,30.0,193.5,439.25,907.6
14cc5dc0682d44fe99d2d91e1eaafac7,7249a9adb1c343aba8db068dbe0c3795,107,mixto,0.2897,0.8785,4.0,8.0,15.5,218.0
dd7629fec91f4599b3cf8c0dd0b984ac,0f33ab6447034fe49d1629353a119e47,107,mixto,0.0374,0.3364,44.0,142.0,456.5,1041.9
123,387ff07354a74657a44369e05d83234a,106,mixto,0.3019,0.7925,3.0,14.0,37.0,281.25
ffaec74bfd414f8394bab077a989e27f,645a4f092abd49f0820b8a5507e3dea0,105,mixto,0.4381,0.9333,3.0,6.0,16.0,111.8
9f88dc88029e42d3a5b082ab396be6d3,6e12533e73a048efa8bcc0a30f2b7684,105,mixto,0.0,0.6952,20.0,38.0,71.0,317.4
3346db58cd2d474fbcf63e827462b85d,d602a0071f3f4db8b37a87cffd89bf23,104,mixto,0.0288,0.2115,67.25,192.0,418.25,894.85
c82f84bf3f2b451393445a0cb6883665,08165f6182bc4dfc9dc1d7774508bbc6,104,mixto,0.0385,0.4231,18.0,106.5,376.75,844.95
123,dfd423dde87b47d382b736a15a36ac68,103,mixto,0.1165,0.4466,12.0,84.0,165.5,1155.4
eaf8f2b0ccd04cf2a7bfcf357fe88ca2,209ce526160947f0b398566cd4cbfd0d,102,mixto,0.0098,0.2059,73.25,248.5,459.5,1180.4
67339e06f4b44f78994ff4785178807a,0335e32e61b248ae8ab98cb955f915dd,100,mixto,0.0,0.2,77.75,182.5,289.0,513.0
0f33ab6447034fe49d1629353a119e47,209ce526160947f0b398566cd4cbfd0d,100,mixto,0.03,0.17,141.0,653.5,1007.5,1351.0
c82f84bf3f2b451393445a0cb6883665,4ef0ced873174ee9afc306e414132c72,100,mixto,0.0,0.06,125.75,298.0,359.0,368.1
6e12533e73a048efa8bcc0a30f2b7684,d602a0071f3f4db8b37a87cffd89bf23,99,mixto,0.0404,0.1717,99.0,110.0,243.0,486.4
c82f84bf3f2b451393445a0cb6883665,285f4ab87d9a4484a4e8fa6e7db43fe6,98,mixto,0.1633,0.8367,5.25,11.5,33.25,876.3
f883bd6d70b043a09837e8b888fe3f65,64d9be8046574fbfbc1fb14c9912afea,98,mixto,0.1531,0.3776,24.0,115.5,363.5,853.9
2ae2ca1a377048a58815f54a432f8a21,fb944d98fea445bda57de000993d3e25,97,mixto,0.1031,0.7113,7.0,23.0,80.0,754.4
6daae6995cb245348bb2b5432ccc9948,123,96,mixto,0.0,0.2083,72.25,186.0,737.0,993.75
c82f84bf3f2b451393445a0cb6883665,eaf8f2b0ccd04cf2a7bfcf357fe88ca2,95,mixto,0.0421,0.2421,64.5,142.0,359.5,959.7
67eb30db49f240b08ab2b3f422f92cdf,fd595f24910c4126b7398b3e081af528,95,mixto,0.0737,0.3789,18.5,103.0,235.0,1356.6
6a322ad743e3464bae56d2d9b180078a,08165f6182bc4dfc9dc1d7774508bbc6,95,mixto,0.0737,0.3684,23.5,129.0,296.0,909.5
ffaec74bfd414f8394bab077a989e27f,1ad6835586034de0b29f4a402b182c6c,95,mixto,0.0211,0.2947,45.0,234.0,686.0,957.9
3346db58cd2d474fbcf63e827462b85d,ffaec74bfd414f8394bab077a989e27f,95,mixto,0.0,0.2211,69.5,151.0,226.5,475.3
dd7629fec91f4599b3cf8c0dd0b984ac,6a322ad743e3464bae56d2d9b180078a,95,mixto,0.1158,0.5158,14.5,57.0,335.5,1122.6
9a76efc4c34e4bd7843206658dc45454,31050e1a1dcb4c9899ba77be32449e54,94,mixto,0.0532,0.4681,23.0,64.0,217.75,1086.55
d602a0071f3f4db8b37a87cffd89bf23,5ad019e5f0e445e8b37fc4ed60a3447c,94,mixto,0.0,0.0957,150.75,379.0,472.25,529.05
d602a0071f3f4db8b37a87cffd89bf23,fb3957569a8d49528c3571bcb4703f55,93,mixto,0.0323,0.1613,105.0,285.0,589.0,1162.8
cc892c05f6d94315be2b7539e45b9170,64d9be8046574fbfbc1fb14c9912afea,93,mixto,0.086,0.2903,42.0,165.0,295.0,682.0
67339e06f4b44f78994ff4785178807a,ee00832abfba40b38335ce48a12981b5,93,mixto,0.0968,0.4194,28.0,89.0,279.0,742.6
f44bedcfbdb64a818e717b872a002abd,d602a0071f3f4db8b37a87cffd89bf23,93,mixto,0.0645,0.2903,41.0,172.0,438.0,560.8
eaf8f2b0ccd04cf2a7bfcf357fe88ca2,67eb30db49f240b08ab2b3f422f92cdf,93,mixto,0.0,0.2581,56.0,273.0,427.0,1027.2
79bvfghg9a0a8tm25d16sddg7d61d4710,2549b51828ce40af920a932dd2102217,93,mixto,0.129,0.5484,8.0,37.0,554.0,951.0
1ad6835586034de0b29f4a402b182c6c,67eb30db49f240b08ab2b3f422f92cdf,93,mixto,0.0108,0.1398,169.0,270.0,852.0,1139.4
0de46482bc4d409c86f652534e4b47eb,2549b51828ce40af920a932dd2102217,92,mixto,0.2174,0.8043,5.0,10.0,39.0,595.0
d602a0071f3f4db8b37a87cffd89bf23,ae412e532f1a48428bd0c5ad1f02f816,92,mixto,0.0,0.0326,348.0,444.5,642.0,762.9
dd7629fec91f4599b3cf8c0dd0b984ac,08165f6182bc4dfc9dc1d7774508bbc6,90,mixto,0.0222,0.6,14.0,36.5,190.25,599.75
399e7fc266894562850261cfbc06b992,ae4caa1cb2154cac89440f3fe18251cb,90,mixto,0.0444,0.5111,21.5,47.5,258.0,816.05
645a4f092abd49f0820b8a5507e3dea0,0b145fb41bc84dc58a5beb5b4ef11b17,90,mixto,0.2333,0.7333,5.0,9.0,71.0,110.0
13ba077e1e654a54993e85f4fdfd2aa3,88d08ee1a5384a7fbe4bfddb8928ce82,90,mixto,0.0222,0.2333,65.5,132.0,367.0,942.15
ae412e532f1a48428bd0c5ad1f02f816,b972e814004e4624a566f308901cca7c,89,mixto,0.0225,0.1348,114.0,188.0,266.0,422.0
ed6beff4035f49c6997be95df71e5544,285f4ab87d9a4484a4e8fa6e7db43fe6,89,mixto,0.809,0.9551,1.0,2.0,3.0,35.0
d74a389b77734996ba37fa61a0d08341,d602a0071f3f4db8b37a87cffd89bf23,89,mixto,0.0562,0.2697,47.0,253.0,722.0,1308.6
638aea308ffb483198d5c1387e2cc017,6a322ad743e3464bae56d2d9b180078a,89,mixto,0.0787,0.7191,12.0,32.0,65.0,446.2
64d9be8046574fbfbc1fb14c9912afea,b992e6a27eb249658efce6ca0cc286dc,89,mixto,0.0112,0.1685,106.0,307.0,589.0,1010.6
6a322ad743e3464bae56d2d9b180078a,ef1dd1f1a5b94d0eacb669f7b3ec2911,88,mixto,0.0682,0.5,26.5,60.5,482.75,1176.75
ae4caa1cb2154cac89440f3fe18251cb,f883bd6d70b043a09837e8b888fe3f65,88,mixto,0.0114,0.1932,85.75,154.5,284.5,911.0
ae4caa1cb2154cac89440f3fe18251cb,b972e814004e4624a566f308901cca7c,88,mixto,0.0,0.1705,77.75,181.5,293.0,450.0
123,b1b009877e0c4e0790fd92559d853d69,88,mixto,0.3182,0.7614,4.0,9.0,28.25,415.95
9a76efc4c34e4bd7843206658dc45454,b785d3ec935248ff8a8fd358f7765463,87,mixto,0.3103,0.8851,3.5,14.0,27.0,294.6
d602a0071f3f4db8b37a87cffd89bf23,38b3f29fe39b4e87b5f7982165de8cf1,87,mixto,0.023,0.1264,161.0,307.0,481.0,1067.4
64d9be8046574fbfbc1fb14c9912afea,123,87,mixto,0.0115,0.2874,53.5,133.0,275.5,561.0
dd7629fec91f4599b3cf8c0dd0b984ac,79bvfghg9a0a8tm25d16sddg7d61d4710,86,mixto,0.0698,0.4651,29.0,64.0,151.75,883.75
d602a0071f3f4db8b37a87cffd89bf23,a7a98dfdf4dd4a8fa248cae682395965,86,mixto,0.0349,0.2791,47.0,163.0,453.25,845.5
2c12290764aa4f67ba25e9cf801bd06c,38b3f29fe39b4e87b5f7982165de8cf1,86,consistente,0.3372,0.6163,3.25,12.0,215.25,1140.25
558b533275bd41bca3094acb6a85113a,ac7a1bf135744666be846c5bffff7cc8,85,mixto,0.2,0.6706,7.0,32.0,99.0,364.0
79bvfghg9a0a8tm25d16sddg7d61d4710,ae4caa1cb2154cac89440f3fe18251cb,85,mixto,0.1412,0.3765,8.0,136.0,245.0,439.0
6daae6995cb245348bb2b5432ccc9948,3468d450481e44aaaf10e7c9b43ed7c7,85,mixto,0.0235,0.0588,264.0,302.0,950.0,1392.0
67eb30db49f240b08ab2b3f422f92cdf,08165f6182bc4dfc9dc1d7774508bbc6,84,mixto,0.0119,0.3095,48.0,127.0,294.75,811.0
67339e06f4b44f78994ff4785178807a,6d52b87b5a964c61ad7e28afd9499f18,84,mixto,0.0,0.1071,107.75,201.5,337.0,683.6
4a94478dd25f4430a0a023b87e11170d,64d9be8046574fbfbc1fb14c9912afea,84,mixto,0.0119,0.4524,40.5,66.0,190.75,707.75
ffaec74bfd414f8394bab077a989e27f,a7709b21161d459298dc5dc58e77310b,84,mixto,0.0595,0.5714,18.0,47.0,145.0,301.0
ae4caa1cb2154cac89440f3fe18251cb,f15bd4421f604ffbae3d627bef601546,84,mixto,0.0,0.3095,42.75,115.5,270.0,493.4
b972e814004e4624a566f308901cca7c,9b9d3e3ece844158b34a416ddcfd686b,83,mixto,0.0,0.1807,89.0,191.0,264.0,420.0
ae4caa1cb2154cac89440f3fe18251cb,eaf8f2b0ccd04cf2a7bfcf357fe88ca2,82,mixto,0.0,0.2927,55.75,111.0,326.0,946.4
347178b052294153af290d6a84589868,32f2a35e790544ec9e040345f8a364f3,82,mixto,0.1098,0.7073,8.25,16.0,92.75,498.55
347178b052294153af290d6a84589868,4f22549f9d3a443cb041c0e55395dbf1,82,mixto,0.1341,0.7439,9.0,14.5,59.75,505.95
9a76efc4c34e4bd7843206658dc45454,79bvfghg9a0a8tm25d16sddg7d61d4710,82,mixto,0.2683,0.6951,4.0,25.5,81.0,676.0
4234d86a351e4a7e9ea293e33836ae45,67eb30db49f240b08ab2b3f422f92cdf,82,consistente,0.0,0.0,381.0,393.0,424.0,835.0
dd7629fec91f4599b3cf8c0dd0b984ac,5af89d91c7c74476ad4546b1db07c56c,81,mixto,0.037,0.3457,14.0,516.0,520.0,523.0
347178b052294153af290d6a84589868,c82f84bf3f2b451393445a0cb6883665,81,mixto,0.0,0.3704,35.0,136.0,503.0,1096.0
6a91c10b9e8341afbd387fb72bab3cf7,c82f84bf3f2b451393445a0cb6883665,81,mixto,0.2099,0.5802,6.0,32.0,330.0,961.0
399e7fc266894562850261cfbc06b992,123,81,mixto,0.0,0.2346,76.0,219.0,782.0,1107.0
ffaec74bfd414f8394bab077a989e27f,4830b97416a14d1485ccb85c9f9baa4e,81,mixto,0.037,0.642,16.0,31.0,88.0,546.0
c82f84bf3f2b451393445a0cb6883665,1ad6835586034de0b29f4a402b182c6c,80,mixto,0.0,0.2875,52.75,177.0,532.0,1132.05
ae4caa1cb2154cac89440f3fe18251cb,16ffe077cc1a4b11a19bea91abce6f9c,80,mixto,0.025,0.1625,110.25,310.0,468.0,855.1
1ad6835586034de0b29f4a402b182c6c,6a322ad743e3464bae56d2d9b180078a,80,mixto,0.4875,0.725,1.0,5.0,89.75,852.1
d602a0071f3f4db8b37a87cffd89bf23,78d2a80a1628414097285e5ece0cab12,79,mixto,0.0,0.2278,68.0,197.0,778.5,1139.1
01b56ab5b9be43e19fa06300994787ec,123,79,mixto,0.0,0.1392,128.5,351.0,499.5,962.2
ffaec74bfd414f8394bab077a989e27f,91f3f86897ff4ae39e50cbd7035fa8af,79,mixto,0.0127,0.0886,145.5,227.0,365.0,787.1
4a94478dd25f4430a0a023b87e11170d,347178b052294153af290d6a84589868,79,mixto,0.1013,0.3165,20.5,260.0,453.0,1019.1
4a94478dd25f4430a0a023b87e11170d,cb9e2b9dd1cd44c5b7d4fdcfbbf3f5e0,79,mixto,0.038,0.1772,81.5,211.0,751.0,945.6
123,3752375735a74ae09881a820a0b7d394,79,mixto,0.0506,0.2658,46.5,223.0,528.5,1018.2
79bvfghg9a0a8tm25d16sddg7d61d4710,d602a0071f3f4db8b37a87cffd89bf23,79,mixto,0.2025,0.5696,6.0,28.0,238.5,881.0
6d52b87b5a964c61ad7e28afd9499f18,dd7629fec91f4599b3cf8c0dd0b984ac,79,consistente,0.0,0.1519,91.0,920.0,978.0,1005.0
b7c988fa6132435480b57f66696827fd,c82f84bf3f2b451393445a0cb6883665,78,mixto,0.2949,0.7051,3.0,16.0,283.5,1071.0
ffaec74bfd414f8394bab077a989e27f,ee00832abfba40b38335ce48a12981b5,78,mixto,0.1154,0.5641,12.0,36.0,147.5,693.05
4a94478dd25f4430a0a023b87e11170d,495c261c0f484bd08e232f7358452c4d,77,mixto,0.039,0.3377,33.0,212.0,510.0,1071.2
67339e06f4b44f78994ff4785178807a,638aea308ffb483198d5c1387e2cc017,77,mixto,0.0,0.3636,33.0,99.0,191.0,648.4
ae54454684154c25bd33c6e04609652b,e8dde9d26979498786c6ba5a82f70ad3,77,mixto,0.1039,0.4675,18.0,97.0,428.0,884.0
ae4caa1cb2154cac89440f3fe18251cb,91f3f86897ff4ae39e50cbd7035fa8af,77,mixto,0.013,0.0519,186.0,405.0,498.0,1169.8
6a91c10b9e8341afbd387fb72bab3cf7,ffaec74bfd414f8394bab077a989e27f,76,mixto,0.2105,0.6316,6.0,22.0,151.0,861.5
67339e06f4b44f78994ff4785178807a,347178b052294153af290d6a84589868,76,mixto,0.0,0.1711,102.75,226.5,449.25,1016.0
41da80f6154c4d918166fc43862f5d78,347178b052294153af290d6a84589868,76,mixto,0.1711,0.5132,8.75,58.0,190.25,490.0
e8dde9d26979498786c6ba5a82f70ad3,347178b052294153af290d6a84589868,76,mixto,0.0921,0.4868,27.75,65.5,213.5,880.5
67339e06f4b44f78994ff4785178807a,495c261c0f484bd08e232f7358452c4d,75,mixto,0.0,0.1333,110.5,214.0,343.5,693.3
c82f84bf3f2b451393445a0cb6883665,4830b97416a14d1485ccb85c9f9baa4e,75,mixto,0.0533,0.72,19.5,38.0,67.5,634.5
94d27864f86d422faa68efccb908cc34,91f3f86897ff4ae39e50cbd7035fa8af,75,mixto,0.0,0.2533,60.0,245.0,502.0,1036.2
d602a0071f3f4db8b37a87cffd89bf23,cd28f604c0b947398b97af66908be0b6,75,mixto,0.0,0.1333,151.0,386.0,562.5,863.1
67eb30db49f240b08ab2b3f422f92cdf,0f33ab6447034fe49d1629353a119e47,75,mixto,0.0267,0.1733,105.5,286.0,485.5,692.2
d602a0071f3f4db8b37a87cffd89bf23,a7709b21161d459298dc5dc58e77310b,75,mixto,0.0267,0.2267,71.0,184.0,399.5,948.0
fb3957569a8d49528c3571bcb4703f55,2549b51828ce40af920a932dd2102217,74,mixto,0.0811,0.7568,44.0,48.0,56.5,1056.4
ffaec74bfd414f8394bab077a989e27f,cb9e2b9dd1cd44c5b7d4fdcfbbf3f5e0,74,mixto,0.0541,0.3514,14.75,144.0,439.75,1118.5
d602a0071f3f4db8b37a87cffd89bf23,6a91c10b9e8341afbd387fb72bab3cf7,74,mixto,0.027,0.1757,100.5,266.5,705.75,1283.4
91f3f86897ff4ae39e50cbd7035fa8af,e8dde9d26979498786c6ba5a82f70ad3,74,mixto,0.0,0.1622,124.25,235.5,403.5,935.85
894c246eb00a482da371617f75149e30,123,73,mixto,0.0,0.5068,18.0,56.0,230.0,1133.4
f883bd6d70b043a09837e8b888fe3f65,e9d3577612dd49c3b62b654e33dccefb,73,mixto,0.137,0.6301,12.0,47.0,162.0,657.6
123,b972e814004e4624a566f308901cca7c,72,mixto,0.0278,0.1111,108.75,219.0,386.75,961.45
a7709b21161d459298dc5dc58e77310b,9a76efc4c34e4bd7843206658dc45454,72,mixto,0.0417,0.4861,15.75,110.0,622.0,984.45
6e12533e73a048efa8bcc0a30f2b7684,38b3f29fe39b4e87b5f7982165de8cf1,72,mixto,0.2639,0.9028,4.0,8.0,16.25,190.15
ae4caa1cb2154cac89440f3fe18251cb,ee00832abfba40b38335ce48a12981b5,72,mixto,0.0278,0.5278,21.0,51.0,155.25,854.2
2549b51828ce40af920a932dd2102217,86144f0d3b814c1d8c013f7aade6c55d,72,mixto,0.0,0.1944,122.0,294.0,605.75,945.45
9ae54d261e454c93ae1c2cdec0fd03e6,e8dde9d26979498786c6ba5a82f70ad3,72,mixto,0.1111,0.5417,14.5,45.0,253.75,853.7
fb944d98fea445bda57de000993d3e25,97c4ca6968044bd0b8b151e7d41ef060,72,consistente,0.0833,0.1528,346.0,753.0,868.0,940.05
d602a0071f3f4db8b37a87cffd89bf23,03bd6e11bc9246339a1812eb74331dd6,71,mixto,0.0141,0.169,86.0,356.0,548.0,919.5
6e12533e73a048efa8bcc0a30f2b7684,dd7629fec91f4599b3cf8c0dd0b984ac,71,mixto,0.169,0.6479,5.5,22.0,74.0,515.0
4a94478dd25f4430a0a023b87e11170d,94d27864f86d422faa68efccb908cc34,71,mixto,0.0,0.1268,157.5,260.0,569.0,1021.5
f883bd6d70b043a09837e8b888fe3f65,6a322ad743e3464bae56d2d9b180078a,71,mixto,0.0423,0.338,35.0,137.0,268.0,554.0
347178b052294153af290d6a84589868,6a322ad743e3464bae56d2d9b180078a,71,mixto,0.0141,0.1408,206.0,330.0,502.5,746.0
dc821110e3f34bf3984d61955ced2e69,c82f84bf3f2b451393445a0cb6883665,70,mixto,0.1,0.2286,84.25,453.0,882.5,1184.55
2ff516ac74a44ebfa3a522adbde28a0f,4234d86a351e4a7e9ea293e33836ae45,70,consistente,0.0,0.0857,187.0,293.0,479.0,933.55
9a76efc4c34e4bd7843206658dc45454,86144f0d3b814c1d8c013f7aade6c55d,70,mixto,0.2429,0.6,5.25,32.5,238.75,865.25
d602a0071f3f4db8b37a87cffd89bf23,e49052056b49428b86e0e8972a273c89,70,mixto,0.0,0.0429,285.25,652.0,790.0,790.0
b972e814004e4624a566f308901cca7c,2549b51828ce40af920a932dd2102217,69,mixto,0.029,0.2029,74.0,148.0,382.0,678.6
88d08ee1a5384a7fbe4bfddb8928ce82,d602a0071f3f4db8b37a87cffd89bf23,69,mixto,0.0145,0.2899,52.0,197.0,342.0,646.8
b972e814004e4624a566f308901cca7c,279bdc4889564edba8ec3d808a74db1a,69,mixto,0.0145,0.1304,107.0,234.0,488.0,1006.0
347178b052294153af290d6a84589868,86144f0d3b814c1d8c013f7aade6c55d,69,mixto,0.029,0.2899,46.0,167.0,272.0,747.6
0f33ab6447034fe49d1629353a119e47,ae4caa1cb2154cac89440f3fe18251cb,69,mixto,0.058,0.1594,108.0,291.0,792.0,1257.8
ae54454684154c25bd33c6e04609652b,6743ad379b094f98ad903d0f0304add1,68,mixto,0.0294,0.4559,26.75,84.5,187.0,552.05
a53d759fed7840a1b00e8d903669e8a1,ffaec74bfd414f8394bab077a989e27f,68,consistente,0.0588,0.8235,9.0,16.0,34.5,1240.3
123,2ff516ac74a44ebfa3a522adbde28a0f,68,mixto,0.0,0.1324,148.25,414.0,800.0,874.45
16ffe077cc1a4b11a19bea91abce6f9c,67339e06f4b44f78994ff4785178807a,68,consistente,0.0,0.0,243.75,353.0,462.75,589.95
173651d19b3e492cb6c27f74b9b1fe7e,a7709b21161d459298dc5dc58e77310b,68,mixto,0.3382,0.7353,4.0,8.5,85.5,907.8
67339e06f4b44f78994ff4785178807a,8c1942e0cdce4f71b53f62474322f0b7,67,mixto,0.0,0.1045,143.5,252.0,411.5,1029.9
08165f6182bc4dfc9dc1d7774508bbc6,ae4caa1cb2154cac89440f3fe18251cb,67,mixto,0.0,0.3731,44.0,133.0,312.5,1178.7
eae6a8d122774db4ba88162a875db6a6,5aa1a66c9e844e18a4a41740ed4aa476,67,mixto,0.209,0.3284,13.0,213.0,279.0,430.4
67339e06f4b44f78994ff4785178807a,8da9d8af9600449089f527c248a96e4f,67,mixto,0.0299,0.3134,34.0,123.0,298.0,845.1
ef1dd1f1a5b94d0eacb669f7b3ec2911,94d27864f86d422faa68efccb908cc34,67,mixto,0.0597,0.5224,21.0,50.0,134.5,602.3
ffaec74bfd414f8394bab077a989e27f,347178b052294153af290d6a84589868,67,mixto,0.0896,0.4179,21.5,95.0,730.0,1207.0
ffaec74bfd414f8394bab077a989e27f,9ae54d261e454c93ae1c2cdec0fd03e6,66,mixto,0.1212,0.6515,17.75,36.5,94.0,805.0
2ff516ac74a44ebfa3a522adbde28a0f,74e60dc3bc26493d81088e4d322b7c39,66,mixto,0.1212,0.7121,9.0,18.0,73.25,359.25
c82f84bf3f2b451393445a0cb6883665,64d9be8046574fbfbc1fb14c9912afea,66,mixto,0.1667,0.4545,11.75,67.0,180.25,807.75
67339e06f4b44f78994ff4785178807a,5492b6e4db6948aca469c21d05b18721,66,mixto,0.0152,0.2576,59.0,151.0,306.75,495.25
123,4830b97416a14d1485ccb85c9f9baa4e,66,mixto,0.0152,0.5455,32.75,42.5,210.75,388.0
123,74e60dc3bc26493d81088e4d322b7c39,66,mixto,0.0303,0.3182,57.0,157.0,422.5,914.0
2e0f9d54f6534336a19fffacd7b6af40,123,66,mixto,0.0758,0.6818,10.75,23.5,64.75,714.25
c13d78fe65b94d05ad83b59494767b9f,edd67e7adef0443982c72ffc4d55ca4a,66,mixto,0.2121,0.5152,5.25,54.5,225.25,594.5
91f3f86897ff4ae39e50cbd7035fa8af,88d08ee1a5384a7fbe4bfddb8928ce82,65,mixto,0.0308,0.2,84.0,146.0,275.0,1099.0
86144f0d3b814c1d8c013f7aade6c55d,c82f84bf3f2b451393445a0cb6883665,65,mixto,0.0154,0.1692,100.0,281.0,436.0,1044.4
31050e1a1dcb4c9899ba77be32449e54,67eb30db49f240b08ab2b3f422f92cdf,65,consistente,0.0,0.2308,77.0,348.0,422.0,447.6
9a76efc4c34e4bd7843206658dc45454,01b56ab5b9be43e19fa06300994787ec,65,mixto,0.2615,0.6923,4.0,21.0,156.0,380.4
ffaec74bfd414f8394bab077a989e27f,285f4ab87d9a4484a4e8fa6e7db43fe6,64,mixto,0.1719,0.875,5.0,11.0,27.25,523.0
6bcf44d8a73c473cb78f0cb92508a232,123,64,mixto,0.0312,0.6094,18.0,48.5,125.25,371.5
9a76efc4c34e4bd7843206658dc45454,9ae54d261e454c93ae1c2cdec0fd03e6,64,mixto,0.1562,0.6406,14.75,33.5,78.25,301.1
ffaec74bfd414f8394bab077a989e27f,fb3957569a8d49528c3571bcb4703f55,64,mixto,0.0156,0.1875,79.75,173.0,478.0,1108.5
08165f6182bc4dfc9dc1d7774508bbc6,ee00832abfba40b38335ce48a12981b5,64,mixto,0.0,0.6875,16.75,33.5,64.5,848.85
6a322ad743e3464bae56d2d9b180078a,91f3f86897ff4ae39e50cbd7035fa8af,63,mixto,0.0,0.0476,159.0,367.0,448.5,1087.8
347178b052294153af290d6a84589868,94d27864f86d422faa68efccb908cc34,63,mixto,0.0,0.1746,98.5,268.0,330.0,358.5
9ae54d261e454c93ae1c2cdec0fd03e6,67eb30db49f240b08ab2b3f422f92cdf,63,mixto,0.0,0.3492,40.5,122.0,259.5,894.7
dcd0b6134a8846c1ac7171f8530945ab,123,62,mixto,0.3065,0.6613,4.0,13.5,405.25,550.2
f883bd6d70b043a09837e8b888fe3f65,1eec93924a1046efbad70c851782ab8a,62,mixto,0.1452,0.4839,19.5,61.5,164.5,364.65
347178b052294153af290d6a84589868,f883bd6d70b043a09837e8b888fe3f65,62,mixto,0.0161,0.1774,110.75,255.0,433.75,435.0
9a76efc4c34e4bd7843206658dc45454,4f22549f9d3a443cb041c0e55395dbf1,61,mixto,0.2459,0.7869,6.0,15.0,44.0,264.0
347178b052294153af290d6a84589868,67eb30db49f240b08ab2b3f422f92cdf,61,mixto,0.0,0.1639,198.0,307.0,964.0,1113.0
5235b9f356954973a226cb6fc12c9d6e,eaf8f2b0ccd04cf2a7bfcf357fe88ca2,61,mixto,0.1148,0.4426,18.0,66.0,129.0,648.0
9a76efc4c34e4bd7843206658dc45454,eaf8f2b0ccd04cf2a7bfcf357fe88ca2,61,mixto,0.2131,0.4098,7.0,84.0,152.0,973.0
01b56ab5b9be43e19fa06300994787ec,2549b51828ce40af920a932dd2102217,61,mixto,0.0,0.1803,73.0,474.0,1010.0,1291.0
6743ad379b094f98ad903d0f0304add1,d602a0071f3f4db8b37a87cffd89bf23,61,mixto,0.2459,0.4098,6.0,174.0,503.0,1028.0
67339e06f4b44f78994ff4785178807a,bf676d9b342d438d8bd0b02c718133af,61,mixto,0.0164,0.2131,63.0,141.0,282.0,453.0
dc821110e3f34bf3984d61955ced2e69,4a94478dd25f4430a0a023b87e11170d,61,mixto,0.1475,0.3443,18.0,279.0,566.0,993.0
d602a0071f3f4db8b37a87cffd89bf23,856e64720e4f47afa86454cee150efd5,61,mixto,0.0164,0.0492,172.0,391.0,896.0,1180.0
dd7629fec91f4599b3cf8c0dd0b984ac,eaf8f2b0ccd04cf2a7bfcf357fe88ca2,60,mixto,0.0167,0.2333,67.0,319.0,669.0,1164.0
39efc8cccc114c25bf2da1413ecf51a6,123,60,mixto,0.4,0.6333,3.75,8.5,128.5,222.1
dd7629fec91f4599b3cf8c0dd0b984ac,94d27864f86d422faa68efccb908cc34,60,mixto,0.0,0.25,61.5,141.5,396.75,905.35
9a76efc4c34e4bd7843206658dc45454,64d9be8046574fbfbc1fb14c9912afea,60,mixto,0.2167,0.6833,7.5,19.0,129.0,337.05
14cc5dc0682d44fe99d2d91e1eaafac7,c82f84bf3f2b451393445a0cb6883665,60,mixto,0.2167,0.6833,6.0,20.0,141.75,833.0
123,d74a389b77734996ba37fa61a0d08341,60,mixto,0.0167,0.05,245.25,504.5,619.75,1106.35
64d9be8046574fbfbc1fb14c9912afea,91f3f86897ff4ae39e50cbd7035fa8af,59,mixto,0.0,0.1695,93.0,174.0,363.0,1294.8
01b56ab5b9be43e19fa06300994787ec,1ad6835586034de0b29f4a402b182c6c,59,mixto,0.0169,0.1017,137.5,261.0,426.5,787.9
dfd423dde87b47d382b736a15a36ac68,c82f84bf3f2b451393445a0cb6883665,59,mixto,0.322,0.7627,3.5,6.0,35.5,936.8
2549b51828ce40af920a932dd2102217,399e7fc266894562850261cfbc06b992,58,mixto,0.0,0.0345,292.0,312.5,329.5,949.6
d602a0071f3f4db8b37a87cffd89bf23,645a4f092abd49f0820b8a5507e3dea0,58,mixto,0.0172,0.2931,37.5,211.5,978.0,998.5
209ce526160947f0b398566cd4cbfd0d,495c261c0f484bd08e232f7358452c4d,58,mixto,0.0517,0.3448,35.5,138.5,311.25,936.35
e8dde9d26979498786c6ba5a82f70ad3,74e60dc3bc26493d81088e4d322b7c39,58,mixto,0.0,0.3793,37.25,105.5,210.75,1048.3
1bb1657eb2eb43808f0529810258aa3b,2549b51828ce40af920a932dd2102217,58,mixto,0.0172,0.1207,175.5,318.5,618.25,1131.8
f883bd6d70b043a09837e8b888fe3f65,c82f84bf3f2b451393445a0cb6883665,58,mixto,0.0345,0.2586,58.5,225.5,365.75,791.4
9a76efc4c34e4bd7843206658dc45454,ef1dd1f1a5b94d0eacb669f7b3ec2911,58,mixto,0.6379,0.8448,1.0,2.0,16.5,293.4
ef1dd1f1a5b94d0eacb669f7b3ec2911,2549b51828ce40af920a932dd2102217,58,mixto,0.1207,0.5345,19.25,32.5,142.75,594.55
ffaec74bfd414f8394bab077a989e27f,94d27864f86d422faa68efccb908cc34,58,mixto,0.0172,0.3621,41.25,108.0,356.75,937.25
e8dde9d26979498786c6ba5a82f70ad3,78b147a9c73f4d6d8f6d1e0f0b082556,57,mixto,0.4561,0.8421,3.0,5.0,12.0,202.8
eaf8f2b0ccd04cf2a7bfcf357fe88ca2,b972e814004e4624a566f308901cca7c,57,mixto,0.0175,0.2281,88.0,182.0,338.0,468.2
2549b51828ce40af920a932dd2102217,dc821110e3f34bf3984d61955ced2e69,57,mixto,0.0351,0.2456,63.0,269.0,380.0,915.4
d602a0071f3f4db8b37a87cffd89bf23,ef1dd1f1a5b94d0eacb669f7b3ec2911,57,mixto,0.0175,0.1579,104.0,257.0,453.0,853.0
ffaec74bfd414f8394bab077a989e27f,f883bd6d70b043a09837e8b888fe3f65,56,mixto,0.3214,0.5714,3.0,48.5,79.0,326.5
4234d86a351e4a7e9ea293e33836ae45,d602a0071f3f4db8b37a87cffd89bf23,56,mixto,0.0,0.0536,97.25,243.0,308.0,423.0
ae54454684154c25bd33c6e04609652b,2549b51828ce40af920a932dd2102217,56,mixto,0.0536,0.2679,51.5,263.5,508.5,1080.25
ef1dd1f1a5b94d0eacb669f7b3ec2911,e8dde9d26979498786c6ba5a82f70ad3,56,mixto,0.125,0.625,12.25,32.5,90.0,672.75
6a322ad743e3464bae56d2d9b180078a,ee00832abfba40b38335ce48a12981b5,56,mixto,0.0357,0.3571,35.0,136.0,460.25,1059.25
a7925c7ee6674a30ae9f3f4045785095,123,55,mixto,0.0909,0.5091,8.0,39.0,158.0,466.3
d602a0071f3f4db8b37a87cffd89bf23,478deb22cecd489eb3ed2dcc954a975b,55,consistente,0.0,0.0182,869.0,904.0,1048.0,1048.0
3af2d18b09e6443fa289e956fc10669f,123,55,mixto,0.0727,0.2909,43.0,117.0,211.0,759.8
4a94478dd25f4430a0a023b87e11170d,eaf8f2b0ccd04cf2a7bfcf357fe88ca2,55,mixto,0.0,0.1636,135.0,336.0,526.5,888.3
ef1dd1f1a5b94d0eacb669f7b3ec2911,123,55,mixto,0.0545,0.4364,24.0,160.0,963.5,1339.0
d602a0071f3f4db8b37a87cffd89bf23,cc892c05f6d94315be2b7539e45b9170,55,mixto,0.0,0.0182,591.0,733.0,734.0,734.0
79bvfghg9a0a8tm25d16sddg7d61d4710,94d27864f86d422faa68efccb908cc34,54,mixto,0.037,0.6852,18.25,37.0,73.0,1011.0
c7898e94d376496db2a6d220f486db47,b972e814004e4624a566f308901cca7c,54,mixto,0.0,0.1481,68.25,212.0,301.75,462.7
dd7629fec91f4599b3cf8c0dd0b984ac,cb9e2b9dd1cd44c5b7d4fdcfbbf3f5e0,54,mixto,0.037,0.2037,130.0,317.5,749.0,1172.35
e8dde9d26979498786c6ba5a82f70ad3,dc821110e3f34bf3984d61955ced2e69,54,mixto,0.037,0.2407,64.0,358.0,576.0,994.6
ee00832abfba40b38335ce48a12981b5,67eb30db49f240b08ab2b3f422f92cdf,54,mixto,0.0185,0.2963,53.75,153.0,240.5,832.3
0de46482bc4d409c86f652534e4b47eb,123,54,mixto,0.0741,0.6481,12.0,35.5,102.25,484.0
91f3f86897ff4ae39e50cbd7035fa8af,08165f6182bc4dfc9dc1d7774508bbc6,53,mixto,0.0377,0.2453,65.0,222.0,302.0,619.2
d602a0071f3f4db8b37a87cffd89bf23,dcd0b6134a8846c1ac7171f8530945ab,53,mixto,0.0,0.1887,85.0,210.0,393.0,883.4
01b56ab5b9be43e19fa06300994787ec,c82f84bf3f2b451393445a0cb6883665,53,mixto,0.0,0.1509,129.0,324.0,676.0,1128.4
ae54454684154c25bd33c6e04609652b,123,53,mixto,0.0189,0.4151,27.0,83.0,286.0,641.8
d602a0071f3f4db8b37a87cffd89bf23,2c12290764aa4f67ba25e9cf801bd06c,53,mixto,0.0,0.1887,89.0,136.0,181.0,373.4
9ae54d261e454c93ae1c2cdec0fd03e6,c82f84bf3f2b451393445a0cb6883665,53,mixto,0.0566,0.6604,21.0,44.0,157.0,855.2
123,3346db58cd2d474fbcf63e827462b85d,53,mixto,0.0,0.2075,121.0,240.0,473.0,819.2
fe1194092c934e70b824f3014a2f020d,9c9359fefd164d388f8a5edc2bac301e,52,mixto,0.0,0.2692,56.75,174.5,311.25,883.85
495c261c0f484bd08e232f7358452c4d,91f3f86897ff4ae39e50cbd7035fa8af,52,mixto,0.0,0.1154,133.75,249.5,444.5,1046.9
f883bd6d70b043a09837e8b888fe3f65,4f4d89fa8ce34da19ecb340c1d267a3e,52,mixto,0.0,0.3269,40.0,90.5,176.75,591.15
123,9c9359fefd164d388f8a5edc2bac301e,52,mixto,0.0385,0.1923,75.5,144.0,271.25,651.6
eaf8f2b0ccd04cf2a7bfcf357fe88ca2,4060f34dc33042fda53efdfd0594b679,52,mixto,0.0,0.3462,43.5,159.0,314.25,1213.45
cb9e2b9dd1cd44c5b7d4fdcfbbf3f5e0,e8dde9d26979498786c6ba5a82f70ad3,52,mixto,0.0385,0.2692,52.0,265.0,564.75,1002.25
d602a0071f3f4db8b37a87cffd89bf23,2ae2ca1a377048a58815f54a432f8a21,52,mixto,0.0,0.0962,127.0,327.0,603.75,1193.9
f883bd6d70b043a09837e8b888fe3f65,94d27864f86d422faa68efccb908cc34,52,mixto,0.0,0.2885,57.5,189.5,355.75,772.9
8c4b94e7835b495e90eeca57d62cd1ff,ae412e532f1a48428bd0c5ad1f02f816,52,mixto,0.0,0.1538,96.5,158.0,279.25,464.7
6a322ad743e3464bae56d2d9b180078a,b972e814004e4624a566f308901cca7c,52,mixto,0.0192,0.2308,85.0,209.5,394.25,708.7
347178b052294153af290d6a84589868,eaf8f2b0ccd04cf2a7bfcf357fe88ca2,52,mixto,0.0,0.2692,55.0,150.0,431.5,875.9
64d9be8046574fbfbc1fb14c9912afea,6daae6995cb245348bb2b5432ccc9948,51,mixto,0.0,0.0588,268.0,329.0,361.5,938.0
e8dde9d26979498786c6ba5a82f70ad3,79bvfghg9a0a8tm25d16sddg7d61d4710,51,mixto,0.0392,0.3137,46.5,218.0,477.0,880.0
d5dac98442bb425ba884809990aa064d,1eec93924a1046efbad70c851782ab8a,51,mixto,0.098,0.3137,52.5,250.0,379.5,553.5
1ad6835586034de0b29f4a402b182c6c,74e60dc3bc26493d81088e4d322b7c39,51,mixto,0.0,0.6667,38.0,46.0,136.5,667.0
b972e814004e4624a566f308901cca7c,942d80695ebe4218af105e03e6622f49,51,mixto,0.0,0.1961,85.0,156.0,258.5,1141.0
9a76efc4c34e4bd7843206658dc45454,6e12533e73a048efa8bcc0a30f2b7684,51,mixto,0.2745,0.5882,4.0,17.0,144.5,149.0
2ff516ac74a44ebfa3a522adbde28a0f,ee00832abfba40b38335ce48a12981b5,51,mixto,0.0,0.6667,20.0,28.0,80.5,416.5
a4db025d032f42578306d5461abdda40,645a4f092abd49f0820b8a5507e3dea0,51,mixto,0.2941,0.7647,3.0,9.0,50.0,528.0
c82f84bf3f2b451393445a0cb6883665,2ff516ac74a44ebfa3a522adbde28a0f,51,mixto,0.0392,0.2353,144.5,256.0,672.5,1117.0
67eb30db49f240b08ab2b3f422f92cdf,68244c73eb7a429a9c70a3dbf247293f,51,mixto,0.0,0.0392,125.0,206.0,322.5,957.5
2ae2ca1a377048a58815f54a432f8a21,b15e46acff6b4a7487ad18cdac3a21d0,50,mixto,0.04,0.32,46.5,187.0,527.0,666.8
123,4ef0ced873174ee9afc306e414132c72,50,mixto,0.06,0.74,14.5,26.5,70.25,628.6
c13d78fe65b94d05ad83b59494767b9f,d602a0071f3f4db8b37a87cffd89bf23,50,mixto,0.1,0.3,38.5,146.0,392.25,914.0
86144f0d3b814c1d8c013f7aade6c55d,6a322ad743e3464bae56d2d9b180078a,50,mixto,0.04,0.46,13.25,70.0,196.0,761.55
6a322ad743e3464bae56d2d9b180078a,645a4f092abd49f0820b8a5507e3dea0,50,mixto,0.14,0.84,6.0,10.0,17.75,79.55
c567f19e4b0b409491faa28b331bf1d3,64d9be8046574fbfbc1fb14c9912afea,50,mixto,0.28,0.56,4.0,34.5,213.5,817.4
4a94478dd25f4430a0a023b87e11170d,fb3957569a8d49528c3571bcb4703f55,50,mixto,0.02,0.12,156.25,329.5,580.5,744.55
3346db58cd2d474fbcf63e827462b85d,c82f84bf3f2b451393445a0cb6883665,50,mixto,0.04,0.32,28.25,189.0,386.25,562.1
4a94478dd25f4430a0a023b87e11170d,c5b83bbfa22c4c31a5743485b4c6e524,49,mixto,0.0,0.3265,28.0,198.0,443.0,824.6
6d52b87b5a964c61ad7e28afd9499f18,9a76efc4c34e4bd7843206658dc45454,49,mixto,0.0,0.4694,26.0,161.0,956.0,994.6
ed07316d9d6344a9ab11e8a41fdc413a,8c4b94e7835b495e90eeca57d62cd1ff,49,consistente,0.0,0.0612,258.0,330.0,436.0,447.0
d69a36460b0c4bee9cdc5fd2f58e6a0e,b972e814004e4624a566f308901cca7c,49,mixto,0.0204,0.2449,75.0,161.0,320.0,418.8
9a76efc4c34e4bd7843206658dc45454,399e7fc266894562850261cfbc06b992,49,mixto,0.2245,0.7347,6.0,21.0,102.0,329.4
ffaec74bfd414f8394bab077a989e27f,b7c988fa6132435480b57f66696827fd,49,mixto,0.0408,0.5306,37.0,59.0,346.0,960.2
e8dde9d26979498786c6ba5a82f70ad3,f883bd6d70b043a09837e8b888fe3f65,49,mixto,0.0,0.1633,78.0,221.0,402.0,905.2
9a76efc4c34e4bd7843206658dc45454,2ae2ca1a377048a58815f54a432f8a21,49,mixto,0.3265,0.6327,2.0,19.0,110.0,683.2
1ad6835586034de0b29f4a402b182c6c,399e7fc266894562850261cfbc06b992,49,mixto,0.1633,0.6939,6.0,30.0,67.0,720.0
86144f0d3b814c1d8c013f7aade6c55d,67339e06f4b44f78994ff4785178807a,48,mixto,0.0,0.25,56.75,147.0,401.5,1098.7
239b1152a21a4cebb35b2a9dc02b10a9,3a631284571347bf8acba49209e63034,48,mixto,0.0208,0.1875,75.5,146.5,235.25,471.1
0de46482bc4d409c86f652534e4b47eb,ee00832abfba40b38335ce48a12981b5,48,mixto,0.1458,0.7917,8.0,16.0,47.5,663.3
ee00832abfba40b38335ce48a12981b5,51e1587ac2364f19bb4a9344841af223,48,mixto,0.2083,0.8542,5.0,6.5,35.25,423.8
c82f84bf3f2b451393445a0cb6883665,638aea308ffb483198d5c1387e2cc017,48,consistente,0.0417,0.875,14.5,21.5,39.25,181.1
0faae9b6b5084555a1873eff484b4d9c,dfd423dde87b47d382b736a15a36ac68,48,mixto,0.4375,0.8125,3.0,5.0,18.75,329.95
d74a389b77734996ba37fa61a0d08341,c82f84bf3f2b451393445a0cb6883665,48,mixto,0.0,0.0,449.0,793.5,1242.5,1334.95
7249a9adb1c343aba8db068dbe0c3795,ffaec74bfd414f8394bab077a989e27f,48,mixto,0.1042,0.6042,8.0,23.0,113.25,650.85
c5b83bbfa22c4c31a5743485b4c6e524,2549b51828ce40af920a932dd2102217,48,mixto,0.0625,0.2708,44.75,253.0,307.0,1006.9
9ae54d261e454c93ae1c2cdec0fd03e6,4a94478dd25f4430a0a023b87e11170d,48,mixto,0.1042,0.4792,20.75,60.5,267.5,553.75
347178b052294153af290d6a84589868,91f3f86897ff4ae39e50cbd7035fa8af,48,mixto,0.0,0.2708,52.75,182.0,698.5,1110.6
67339e06f4b44f78994ff4785178807a,ac7a1bf135744666be846c5bffff7cc8,48,mixto,0.0,0.1875,89.5,164.0,302.0,344.65
86144f0d3b814c1d8c013f7aade6c55d,67eb30db49f240b08ab2b3f422f92cdf,48,mixto,0.0,0.1875,68.5,188.0,382.25,645.25
dd7629fec91f4599b3cf8c0dd0b984ac,2ae2ca1a377048a58815f54a432f8a21,48,mixto,0.0625,0.6667,15.75,34.5,182.0,1049.25
9a76efc4c34e4bd7843206658dc45454,14cc5dc0682d44fe99d2d91e1eaafac7,47,mixto,0.2979,0.8511,4.0,11.0,29.5,331.2
a7709b21161d459298dc5dc58e77310b,ea62071feb644e4e81394dfa5c500ff3,47,mixto,0.0426,0.5319,21.5,39.0,181.5,920.8
495c261c0f484bd08e232f7358452c4d,67eb30db49f240b08ab2b3f422f92cdf,47,mixto,0.0,0.3191,47.5,97.0,412.0,928.1
88d08ee1a5384a7fbe4bfddb8928ce82,b972e814004e4624a566f308901cca7c,47,mixto,0.0213,0.1915,64.5,176.0,297.0,402.8
d602a0071f3f4db8b37a87cffd89bf23,5235b9f356954973a226cb6fc12c9d6e,47,mixto,0.0,0.1489,112.5,222.0,376.5,1253.0
ffaec74bfd414f8394bab077a989e27f,2ae2ca1a377048a58815f54a432f8a21,47,mixto,0.1064,0.5319,8.0,44.0,509.5,968.9
dcd0b6134a8846c1ac7171f8530945ab,2549b51828ce40af920a932dd2102217,47,mixto,0.1064,0.4255,27.0,78.0,532.0,1144.4
209ce526160947f0b398566cd4cbfd0d,cb9e2b9dd1cd44c5b7d4fdcfbbf3f5e0,47,mixto,0.0,0.0851,159.5,303.0,369.5,551.2
d602a0071f3f4db8b37a87cffd89bf23,31050e1a1dcb4c9899ba77be32449e54,47,mixto,0.0,0.2128,79.5,253.0,571.5,953.2
0f33ab6447034fe49d1629353a119e47,fd595f24910c4126b7398b3e081af528,46,mixto,0.1304,0.4783,13.25,70.0,183.0,353.5
0a750e36725e495ba32bd43a5f170724,c82f84bf3f2b451393445a0cb6883665,46,mixto,0.2174,0.6957,5.25,25.5,70.5,938.5
91f3f86897ff4ae39e50cbd7035fa8af,01b56ab5b9be43e19fa06300994787ec,46,mixto,0.0,0.0,305.25,321.5,331.75,373.75
1bb1657eb2eb43808f0529810258aa3b,67339e06f4b44f78994ff4785178807a,46,mixto,0.0217,0.3043,48.75,204.0,354.75,919.25
a7709b21161d459298dc5dc58e77310b,edd67e7adef0443982c72ffc4d55ca4a,46,mixto,0.1304,0.587,6.25,23.0,335.75,747.25
88d08ee1a5384a7fbe4bfddb8928ce82,67339e06f4b44f78994ff4785178807a,46,mixto,0.0,0.1304,157.75,255.0,331.75,572.25
cb9e2b9dd1cd44c5b7d4fdcfbbf3f5e0,2549b51828ce40af920a932dd2102217,46,mixto,0.0217,0.3043,41.75,112.5,383.0,988.75
6d52b87b5a964c61ad7e28afd9499f18,4a94478dd25f4430a0a023b87e11170d,46,mixto,0.087,0.5,18.5,59.5,97.25,169.25
d602a0071f3f4db8b37a87cffd89bf23,3af2d18b09e6443fa289e956fc10669f,46,mixto,0.0217,0.0652,146.5,283.0,340.25,797.75
91f3f86897ff4ae39e50cbd7035fa8af,2ff516ac74a44ebfa3a522adbde28a0f,46,mixto,0.0435,0.2609,61.25,181.0,326.75,868.5
123,1bb1657eb2eb43808f0529810258aa3b,46,mixto,0.0,0.1739,143.0,269.5,518.5,1041.25
c5b83bbfa22c4c31a5743485b4c6e524,9a76efc4c34e4bd7843206658dc45454,45,mixto,0.0444,0.2444,73.0,336.0,909.0,1023.8
b15e46acff6b4a7487ad18cdac3a21d0,4a94478dd25f4430a0a023b87e11170d,45,mixto,0.0889,0.2667,14.0,128.0,376.0,775.6
cc28da1df13d4147b5420ccc231a458e,ae4caa1cb2154cac89440f3fe18251cb,45,mixto,0.3556,0.9778,3.0,8.0,12.0,23.6
dd7629fec91f4599b3cf8c0dd0b984ac,b1b009877e0c4e0790fd92559d853d69,45,mixto,0.0444,0.4222,20.0,102.0,332.0,935.8
c82f84bf3f2b451393445a0cb6883665,dcd0b6134a8846c1ac7171f8530945ab,45,mixto,0.0444,0.6444,22.0,46.0,80.0,262.2
ed6beff4035f49c6997be95df71e5544,c82f84bf3f2b451393445a0cb6883665,45,mixto,0.2667,0.6,4.0,33.0,157.0,874.6
6a322ad743e3464bae56d2d9b180078a,2ff516ac74a44ebfa3a522adbde28a0f,45,mixto,0.0,0.0222,362.0,861.0,895.0,951.6
9a76efc4c34e4bd7843206658dc45454,ae54454684154c25bd33c6e04609652b,45,mixto,0.1556,0.7111,8.0,21.0,141.0,473.4
0faae9b6b5084555a1873eff484b4d9c,123,44,mixto,0.0909,0.5682,18.25,53.5,206.0,1017.0
9a76efc4c34e4bd7843206658dc45454,d74a389b77734996ba37fa61a0d08341,44,mixto,0.25,0.9545,4.75,8.0,13.0,26.0
fb3957569a8d49528c3571bcb4703f55,209ce526160947f0b398566cd4cbfd0d,44,mixto,0.0,0.0909,161.25,336.5,869.75,1026.55
d602a0071f3f4db8b37a87cffd89bf23,0de46482bc4d409c86f652534e4b47eb,44,mixto,0.0,0.1136,107.5,286.0,477.5,737.45
4a94478dd25f4430a0a023b87e11170d,f883bd6d70b043a09837e8b888fe3f65,44,mixto,0.0227,0.1136,126.5,243.0,685.5,824.0
67339e06f4b44f78994ff4785178807a,dc821110e3f34bf3984d61955ced2e69,44,mixto,0.0,0.1136,133.5,283.0,605.25,1134.5
645a4f092abd49f0820b8a5507e3dea0,123,44,mixto,0.2045,0.5227,8.75,15.5,416.25,615.55
74e60dc3bc26493d81088e4d322b7c39,ee00832abfba40b38335ce48a12981b5,44,mixto,0.0,0.6364,17.75,35.5,159.5,307.85
123,d0b1e3a4c2434e65be47566dcc3e2ee0,44,mixto,0.1591,0.3409,15.0,105.0,315.0,577.65
4a94478dd25f4430a0a023b87e11170d,1ad6835586034de0b29f4a402b182c6c,44,mixto,0.0909,0.1591,107.0,294.0,449.25,734.85
c52ceac3693c4644bb20f07dd8aa7103,67339e06f4b44f78994ff4785178807a,44,mixto,0.0,0.2727,49.75,192.5,306.25,512.6
d74a389b77734996ba37fa61a0d08341,2549b51828ce40af920a932dd2102217,44,mixto,0.0,0.0227,429.0,650.0,656.0,1210.0
d602a0071f3f4db8b37a87cffd89bf23,5492b6e4db6948aca469c21d05b18721,43,mixto,0.0233,0.2093,122.0,181.0,359.0,721.5
1eec93924a1046efbad70c851782ab8a,68b13a1228424526b43e2f78716efd3b,43,mixto,0.0233,0.2326,66.0,145.0,237.5,538.8
e8dde9d26979498786c6ba5a82f70ad3,2e0f9d54f6534336a19fffacd7b6af40,43,mixto,0.0233,0.7209,12.0,18.0,223.0,361.2
399e7fc266894562850261cfbc06b992,4f22549f9d3a443cb041c0e55395dbf1,43,mixto,0.1628,0.7442,7.5,26.0,59.0,930.3
eaf8f2b0ccd04cf2a7bfcf357fe88ca2,6a322ad743e3464bae56d2d9b180078a,43,mixto,0.1163,0.3721,24.0,119.0,465.0,982.7
4a94478dd25f4430a0a023b87e11170d,86144f0d3b814c1d8c013f7aade6c55d,43,mixto,0.0233,0.093,274.0,515.0,719.5,1058.5
56da1c80cfea4a5b83326bfef271fc3e,2549b51828ce40af920a932dd2102217,43,mixto,0.0,0.2326,62.0,157.0,372.0,452.4
9c503a3a614d483f8feb0de5edd9a9ba,91f3f86897ff4ae39e50cbd7035fa8af,43,mixto,0.0465,0.093,159.0,504.0,827.0,1170.2
d602a0071f3f4db8b37a87cffd89bf23,9ae54d261e454c93ae1c2cdec0fd03e6,43,mixto,0.0,0.1628,138.0,314.0,528.5,879.0
32f2a35e790544ec9e040345f8a364f3,123,43,mixto,0.1395,0.814,16.5,27.0,38.5,151.8
ac8e668f620b403b9ccc6486c0e365c7,67339e06f4b44f78994ff4785178807a,42,mixto,0.0,0.119,135.75,235.5,378.0,431.0
d602a0071f3f4db8b37a87cffd89bf23,89578284a7f748ce95f21a5003c7467a,42,consistente,0.0,0.0,856.25,858.0,858.0,858.0
123,638aea308ffb483198d5c1387e2cc017,42,mixto,0.119,0.4286,20.0,90.0,703.75,1227.9
01b56ab5b9be43e19fa06300994787ec,6a322ad743e3464bae56d2d9b180078a,42,mixto,0.0,0.1429,201.25,311.0,592.0,907.8
d602a0071f3f4db8b37a87cffd89bf23,006b85a984e94ce88ddb035ec01b2d70,42,mixto,0.0,0.0238,204.25,347.0,570.5,767.0
67eb30db49f240b08ab2b3f422f92cdf,ac8e668f620b403b9ccc6486c0e365c7,42,mixto,0.0,0.0714,109.25,178.0,255.5,450.15
6d52b87b5a964c61ad7e28afd9499f18,ae4caa1cb2154cac89440f3fe18251cb,41,mixto,0.0488,0.3659,22.0,151.0,293.0,847.0
0f33ab6447034fe49d1629353a119e47,31050e1a1dcb4c9899ba77be32449e54,41,mixto,0.0488,0.2683,59.0,160.0,356.0,1009.0
7249a9adb1c343aba8db068dbe0c3795,123,41,mixto,0.0,0.561,16.0,31.0,235.0,643.0
fb3957569a8d49528c3571bcb4703f55,e8dde9d26979498786c6ba5a82f70ad3,41,mixto,0.122,0.439,11.0,147.0,640.0,874.0
a7709b21161d459298dc5dc58e77310b,c13d78fe65b94d05ad83b59494767b9f,41,mixto,0.0244,0.0976,123.0,151.0,847.0,1180.0
ffaec74bfd414f8394bab077a989e27f,dc821110e3f34bf3984d61955ced2e69,41,mixto,0.1951,0.5366,7.0,48.0,589.0,892.0
2549b51828ce40af920a932dd2102217,b6a7ac98c6704aa6b6512efa5fa8dbfe,40,mixto,0.05,0.275,55.75,163.0,234.25,641.0
08165f6182bc4dfc9dc1d7774508bbc6,645a4f092abd49f0820b8a5507e3dea0,40,consistente,0.0,0.5,34.0,92.5,149.25,217.0
9321fceaab9d4b7c8b8eca8e30b0654d,67eb30db49f240b08ab2b3f422f92cdf,40,mixto,0.25,0.9,4.75,11.0,32.5,112.45
01b56ab5b9be43e19fa06300994787ec,4830b97416a14d1485ccb85c9f9baa4e,40,mixto,0.0,0.0,103.0,384.5,625.0,917.0
dd7629fec91f4599b3cf8c0dd0b984ac,645a4f092abd49f0820b8a5507e3dea0,40,mixto,0.4,0.9,2.0,6.5,18.0,189.15
638aea308ffb483198d5c1387e2cc017,1bb1657eb2eb43808f0529810258aa3b,40,consistente,0.0,0.175,592.75,788.0,1033.25,1096.75
a7709b21161d459298dc5dc58e77310b,ae4caa1cb2154cac89440f3fe18251cb,40,mixto,0.0,0.225,72.25,114.5,186.0,563.25
91f3f86897ff4ae39e50cbd7035fa8af,430f7e4799cf4b2581c70a60115bbbed,40,mixto,0.125,0.5,14.0,60.0,175.75,1044.6
64b50202d6b74bfcb78c7342823e0f4f,e8dde9d26979498786c6ba5a82f70ad3,40,mixto,0.2,0.625,5.75,30.5,234.0,861.05
cb9e2b9dd1cd44c5b7d4fdcfbbf3f5e0,347178b052294153af290d6a84589868,40,mixto,0.05,0.4,44.25,180.5,299.5,770.5
2ae2ca1a377048a58815f54a432f8a21,c82f84bf3f2b451393445a0cb6883665,40,mixto,0.025,0.325,39.75,227.0,602.25,1101.05
b9e3f79c40594953af24e9a43eba4e0c,74e60dc3bc26493d81088e4d322b7c39,40,mixto,0.175,0.875,7.0,20.5,35.25,140.95
86144f0d3b814c1d8c013f7aade6c55d,399e7fc266894562850261cfbc06b992,40,mixto,0.0,0.525,44.0,47.0,74.75,541.05
a647689891b84948871ff7099253a553,2ae2ca1a377048a58815f54a432f8a21,39,mixto,0.2051,0.5897,5.5,14.0,80.0,377.2
0f33ab6447034fe49d1629353a119e47,347178b052294153af290d6a84589868,39,mixto,0.0256,0.2051,112.5,210.0,698.0,817.9
64d9be8046574fbfbc1fb14c9912afea,6a322ad743e3464bae56d2d9b180078a,39,mixto,0.0,0.1282,132.5,250.0,347.0,675.9
123,fb3957569a8d49528c3571bcb4703f55,39,mixto,0.0513,0.3077,57.0,170.0,315.0,739.0
68b13a1228424526b43e2f78716efd3b,ae4caa1cb2154cac89440f3fe18251cb,39,mixto,0.0513,0.1026,144.0,246.0,397.5,1079.1
d602a0071f3f4db8b37a87cffd89bf23,fdd7e5cf453e42d7b8cb2334d3a7bff9,39,mixto,0.0256,0.2564,70.5,263.0,615.5,895.8
c13d78fe65b94d05ad83b59494767b9f,67339e06f4b44f78994ff4785178807a,39,mixto,0.0,0.1795,91.5,166.0,323.5,508.0
ae412e532f1a48428bd0c5ad1f02f816,91f3f86897ff4ae39e50cbd7035fa8af,39,mixto,0.0,0.1282,112.0,177.0,278.0,491.5
ffaec74bfd414f8394bab077a989e27f,6d52b87b5a964c61ad7e28afd9499f18,39,mixto,0.1282,0.7179,13.5,40.0,60.0,126.4
f883bd6d70b043a09837e8b888fe3f65,638aea308ffb483198d5c1387e2cc017,39,mixto,0.1282,0.359,24.5,135.0,534.0,724.5
fb3957569a8d49528c3571bcb4703f55,ae4caa1cb2154cac89440f3fe18251cb,39,mixto,0.1282,0.4103,28.0,134.0,530.5,1123.3
16ffe077cc1a4b11a19bea91abce6f9c,a7a98dfdf4dd4a8fa248cae682395965,39,mixto,0.0513,0.3846,45.5,117.0,365.0,786.1
fdd7e5cf453e42d7b8cb2334d3a7bff9,ae4caa1cb2154cac89440f3fe18251cb,38,mixto,0.0,0.4474,51.25,66.0,1004.25,1194.15
209ce526160947f0b398566cd4cbfd0d,94d27864f86d422faa68efccb908cc34,38,mixto,0.0,0.1579,171.25,290.5,421.75,1030.15
67eb30db49f240b08ab2b3f422f92cdf,645a4f092abd49f0820b8a5507e3dea0,38,mixto,0.0,0.2895,19.5,137.5,211.0,258.9
347178b052294153af290d6a84589868,209ce526160947f0b398566cd4cbfd0d,38,mixto,0.0,0.1053,134.25,251.5,679.0,966.45
6a322ad743e3464bae56d2d9b180078a,74e60dc3bc26493d81088e4d322b7c39,38,mixto,0.0263,0.2632,56.0,127.5,248.0,951.55
c5b83bbfa22c4c31a5743485b4c6e524,dd7629fec91f4599b3cf8c0dd0b984ac,38,mixto,0.0,0.2895,54.0,235.5,961.25,1172.15
1ad6835586034de0b29f4a402b182c6c,dc821110e3f34bf3984d61955ced2e69,38,mixto,0.0,0.4211,23.5,223.5,985.5,1234.15
b9e3f79c40594953af24e9a43eba4e0c,ee00832abfba40b38335ce48a12981b5,38,consistente,0.0,0.7632,18.0,30.5,45.5,423.55
c5b83bbfa22c4c31a5743485b4c6e524,ae4caa1cb2154cac89440f3fe18251cb,38,mixto,0.1316,0.3947,32.5,127.0,522.75,1001.35
ae54454684154c25bd33c6e04609652b,67339e06f4b44f78994ff4785178807a,38,mixto,0.0526,0.2632,68.75,225.0,483.0,1065.55
638aea308ffb483198d5c1387e2cc017,ae4caa1cb2154cac89440f3fe18251cb,38,mixto,0.0526,0.5,24.25,60.5,140.75,265.05
b1b009877e0c4e0790fd92559d853d69,64d9be8046574fbfbc1fb14c9912afea,38,mixto,0.2105,0.8158,5.25,14.0,23.0,860.05
eaf8f2b0ccd04cf2a7bfcf357fe88ca2,9c9359fefd164d388f8a5edc2bac301e,38,mixto,0.0263,0.1842,111.0,214.5,360.5,995.1
347178b052294153af290d6a84589868,5ad019e5f0e445e8b37fc4ed60a3447c,37,consistente,0.0,0.0,299.0,351.0,391.0,429.6
d602a0071f3f4db8b37a87cffd89bf23,18bec3e707784a978d9d89f2967f87de,37,mixto,0.0,0.0541,104.0,222.0,535.0,1024.2
94d27864f86d422faa68efccb908cc34,495c261c0f484bd08e232f7358452c4d,37,mixto,0.0811,0.4595,16.0,79.0,227.0,1098.0
ffaec74bfd414f8394bab077a989e27f,6e12533e73a048efa8bcc0a30f2b7684,37,mixto,0.1892,0.7838,6.0,24.0,37.0,237.0
20acab350ddf489c931028b7a6a1ff99,645a4f092abd49f0820b8a5507e3dea0,37,mixto,0.1622,0.7568,5.0,21.0,42.0,299.8
6daae6995cb245348bb2b5432ccc9948,67339e06f4b44f78994ff4785178807a,37,mixto,0.027,0.1622,69.0,197.0,229.0,892.2
ae5b803c779a4b38b70f9e4b6d33dc26,209ce526160947f0b398566cd4cbfd0d,37,mixto,0.0,0.027,191.0,717.0,920.0,1034.2
67339e06f4b44f78994ff4785178807a,dcd0b6134a8846c1ac7171f8530945ab,37,mixto,0.0,0.3243,53.0,107.0,255.0,1025.6
6e12533e73a048efa8bcc0a30f2b7684,40fc9588a8e04b28852ec1163528bb8a,37,consistente,0.3243,0.7838,3.0,11.0,31.0,340.0
123,e423b8339a57485d8b524937d93e4f44,37,mixto,0.027,0.7297,12.0,23.0,115.0,206.4
ffaec74bfd414f8394bab077a989e27f,67339e06f4b44f78994ff4785178807a,37,mixto,0.027,0.2162,62.0,270.0,753.0,1230.4
dd7629fec91f4599b3cf8c0dd0b984ac,1ad6835586034de0b29f4a402b182c6c,36,mixto,0.0,0.0556,140.75,188.5,268.0,276.0
6e12533e73a048efa8bcc0a30f2b7684,67eb30db49f240b08ab2b3f422f92cdf,36,mixto,0.0278,0.6111,13.75,28.5,152.75,609.5
dd7629fec91f4599b3cf8c0dd0b984ac,495c261c0f484bd08e232f7358452c4d,36,mixto,0.0278,0.4167,30.75,85.0,268.75,1038.25
40fc9588a8e04b28852ec1163528bb8a,38b3f29fe39b4e87b5f7982165de8cf1,36,mixto,0.0,0.4167,24.75,89.5,116.75,181.0
347178b052294153af290d6a84589868,1eec93924a1046efbad70c851782ab8a,36,mixto,0.0,0.5833,19.0,20.0,864.25,865.0
d602a0071f3f4db8b37a87cffd89bf23,e423b8339a57485d8b524937d93e4f44,36,mixto,0.0,0.5556,29.5,47.0,132.0,392.25
67339e06f4b44f78994ff4785178807a,e1a6055d78bf444e905bb069bae9b363,35,mixto,0.0,0.0,220.0,547.0,745.5,1069.6
a7709b21161d459298dc5dc58e77310b,6a322ad743e3464bae56d2d9b180078a,35,mixto,0.1143,0.4,25.5,156.0,313.0,677.7
86144f0d3b814c1d8c013f7aade6c55d,e8dde9d26979498786c6ba5a82f70ad3,35,mixto,0.0,0.1714,85.0,180.0,381.5,709.4
68b13a1228424526b43e2f78716efd3b,f883bd6d70b043a09837e8b888fe3f65,35,mixto,0.0286,0.2857,56.5,114.0,180.5,332.6
be09a0ddbb9b4c4aaf78903e0ca27a75,2549b51828ce40af920a932dd2102217,35,mixto,0.2,0.7714,6.0,13.0,31.5,685.6
dd02dca897074e77972f506652629762,c82f84bf3f2b451393445a0cb6883665,35,mixto,0.2571,0.7714,4.5,19.0,34.0,868.5
67339e06f4b44f78994ff4785178807a,74e60dc3bc26493d81088e4d322b7c39,35,mixto,0.0,0.0857,181.0,259.0,423.0,988.3
495c261c0f484bd08e232f7358452c4d,08165f6182bc4dfc9dc1d7774508bbc6,35,mixto,0.0857,0.4,28.5,66.0,423.5,1011.3
91f3f86897ff4ae39e50cbd7035fa8af,0f33ab6447034fe49d1629353a119e47,35,mixto,0.0,0.2571,62.0,147.0,346.0,499.5
b6a7ac98c6704aa6b6512efa5fa8dbfe,f883bd6d70b043a09837e8b888fe3f65,35,mixto,0.0,0.2,64.5,106.0,374.5,890.1
6daae6995cb245348bb2b5432ccc9948,2549b51828ce40af920a932dd2102217,35,mixto,0.0857,0.2,94.0,204.0,452.5,710.5
6daae6995cb245348bb2b5432ccc9948,e8dde9d26979498786c6ba5a82f70ad3,35,mixto,0.0,0.6,35.5,47.0,283.5,704.4
d0b1e3a4c2434e65be47566dcc3e2ee0,67339e06f4b44f78994ff4785178807a,35,mixto,0.0857,0.3429,22.5,163.0,236.0,332.6
40fc9588a8e04b28852ec1163528bb8a,123,35,mixto,0.0857,0.6571,10.5,22.0,172.0,571.8
1ad6835586034de0b29f4a402b182c6c,e8dde9d26979498786c6ba5a82f70ad3,35,mixto,0.0571,0.2571,65.0,182.0,369.0,661.2
dc821110e3f34bf3984d61955ced2e69,fd595f24910c4126b7398b3e081af528,34,mixto,0.0,0.0294,261.75,515.5,946.25,1088.45
9a76efc4c34e4bd7843206658dc45454,52449c34bb1e47fe81802bf322dae8ee,34,mixto,0.3824,0.7647,3.0,9.0,37.5,157.7
b972e814004e4624a566f308901cca7c,e8dde9d26979498786c6ba5a82f70ad3,34,mixto,0.0,0.1471,125.75,208.0,367.0,894.1
b1b009877e0c4e0790fd92559d853d69,4a94478dd25f4430a0a023b87e11170d,34,mixto,0.2647,0.5882,4.25,25.5,293.75,837.9
3346db58cd2d474fbcf63e827462b85d,dd7629fec91f4599b3cf8c0dd0b984ac,34,mixto,0.0294,0.1176,147.5,242.0,388.5,530.1
4830b97416a14d1485ccb85c9f9baa4e,6a322ad743e3464bae56d2d9b180078a,34,mixto,0.1176,0.6765,9.25,22.5,63.0,652.45
40fc9588a8e04b28852ec1163528bb8a,6a322ad743e3464bae56d2d9b180078a,34,mixto,0.0294,0.6471,12.25,33.5,111.0,1144.35
67339e06f4b44f78994ff4785178807a,6f7b8ef5a7204c4b92d0ca778317d790,34,mixto,0.0294,0.1765,69.25,219.5,357.5,442.5
209ce526160947f0b398566cd4cbfd0d,f883bd6d70b043a09837e8b888fe3f65,34,mixto,0.0,0.1471,118.0,219.0,806.75,1125.85
67eb30db49f240b08ab2b3f422f92cdf,ae54454684154c25bd33c6e04609652b,34,mixto,0.0294,0.1765,88.25,330.5,560.0,1142.7
ae4caa1cb2154cac89440f3fe18251cb,86144f0d3b814c1d8c013f7aade6c55d,34,mixto,0.0294,0.2353,79.0,120.0,232.25,696.2
ee00832abfba40b38335ce48a12981b5,e8dde9d26979498786c6ba5a82f70ad3,34,mixto,0.0294,0.6471,10.75,30.5,105.5,1121.7
123,31050e1a1dcb4c9899ba77be32449e54,34,mixto,0.0,0.0882,112.25,302.5,566.0,822.55
2ff516ac74a44ebfa3a522adbde28a0f,ae4caa1cb2154cac89440f3fe18251cb,34,mixto,0.1176,0.3529,23.25,168.0,302.0,771.6
9a76efc4c34e4bd7843206658dc45454,6daae6995cb245348bb2b5432ccc9948,34,mixto,0.2059,0.6765,6.75,15.5,228.25,583.35
d602a0071f3f4db8b37a87cffd89bf23,c765193a11274b73b1ffa97efd6fbc3b,34,mixto,0.0588,0.2647,38.25,112.0,388.0,629.0
2ae2ca1a377048a58815f54a432f8a21,4a94478dd25f4430a0a023b87e11170d,34,mixto,0.0882,0.3529,28.75,135.5,324.25,818.45
4830b97416a14d1485ccb85c9f9baa4e,cd40ad229df147389504190c71de61f5,34,consistente,0.1176,0.3824,50.75,169.5,181.75,185.35
c82f84bf3f2b451393445a0cb6883665,ab2dd6e0890c4b5483973add6fa1b91b,34,mixto,0.0,0.5294,30.25,52.0,213.75,690.9
fdd7e5cf453e42d7b8cb2334d3a7bff9,c82f84bf3f2b451393445a0cb6883665,34,mixto,0.0294,0.3235,44.0,279.5,410.5,938.4
9a76efc4c34e4bd7843206658dc45454,fb944d98fea445bda57de000993d3e25,34,mixto,0.0,0.6176,17.75,47.0,136.0,259.7
4a94478dd25f4430a0a023b87e11170d,52449c34bb1e47fe81802bf322dae8ee,34,mixto,0.1176,0.1471,254.0,378.0,826.25,1065.0
c5b83bbfa22c4c31a5743485b4c6e524,ffaec74bfd414f8394bab077a989e27f,33,mixto,0.0,0.303,52.0,106.0,238.0,1205.0
dd7629fec91f4599b3cf8c0dd0b984ac,fdd7e5cf453e42d7b8cb2334d3a7bff9,33,mixto,0.0303,0.3939,47.0,109.0,432.0,912.0
64d9be8046574fbfbc1fb14c9912afea,94d27864f86d422faa68efccb908cc34,33,mixto,0.0,0.2424,61.0,222.0,413.0,876.2
9a76efc4c34e4bd7843206658dc45454,38b3f29fe39b4e87b5f7982165de8cf1,33,mixto,0.3939,0.697,3.0,12.0,66.0,174.0
9a76efc4c34e4bd7843206658dc45454,fb3957569a8d49528c3571bcb4703f55,33,mixto,0.2121,0.6061,8.0,26.0,198.0,820.4
eaf8f2b0ccd04cf2a7bfcf357fe88ca2,9f88dc88029e42d3a5b082ab396be6d3,33,mixto,0.0,0.3636,30.0,119.0,435.0,1276.6
4830b97416a14d1485ccb85c9f9baa4e,08165f6182bc4dfc9dc1d7774508bbc6,33,mixto,0.0,0.3636,56.0,101.0,161.0,164.0
1eec93924a1046efbad70c851782ab8a,123,33,mixto,0.0303,0.7273,7.0,25.0,99.0,222.2
347178b052294153af290d6a84589868,01b56ab5b9be43e19fa06300994787ec,32,mixto,0.0312,0.3125,32.0,191.5,344.75,1126.4
67339e06f4b44f78994ff4785178807a,4830b97416a14d1485ccb85c9f9baa4e,32,mixto,0.0,0.0312,63.75,68.0,194.25,355.85
f883bd6d70b043a09837e8b888fe3f65,dcd0b6134a8846c1ac7171f8530945ab,32,mixto,0.0,0.2812,55.5,273.0,803.0,1060.8
dd7629fec91f4599b3cf8c0dd0b984ac,ee00832abfba40b38335ce48a12981b5,32,mixto,0.0625,0.375,31.25,93.0,159.75,692.2
64d9be8046574fbfbc1fb14c9912afea,209ce526160947f0b398566cd4cbfd0d,32,mixto,0.0,0.1875,90.75,183.0,335.0,970.95
2e0f9d54f6534336a19fffacd7b6af40,2549b51828ce40af920a932dd2102217,32,mixto,0.0312,0.4062,23.0,70.5,290.75,735.65
d5dac98442bb425ba884809990aa064d,d602a0071f3f4db8b37a87cffd89bf23,32,mixto,0.0625,0.1875,104.75,201.5,350.75,597.8
6f7b8ef5a7204c4b92d0ca778317d790,b972e814004e4624a566f308901cca7c,32,mixto,0.0,0.1875,86.0,231.5,444.5,554.85
67eb30db49f240b08ab2b3f422f92cdf,74e60dc3bc26493d81088e4d322b7c39,32,mixto,0.0,0.0938,91.25,158.0,499.5,1239.75
209ce526160947f0b398566cd4cbfd0d,6daae6995cb245348bb2b5432ccc9948,32,mixto,0.0938,0.1562,134.0,247.5,428.25,1254.2
79bvfghg9a0a8tm25d16sddg7d61d4710,ffaec74bfd414f8394bab077a989e27f,32,mixto,0.0312,0.3438,23.75,100.0,348.5,600.0
b785d3ec935248ff8a8fd358f7765463,d602a0071f3f4db8b37a87cffd89bf23,32,mixto,0.0,0.2188,78.75,231.5,409.25,587.45
67eb30db49f240b08ab2b3f422f92cdf,cb9e2b9dd1cd44c5b7d4fdcfbbf3f5e0,32,mixto,0.0,0.4062,44.75,87.5,142.0,417.45
d44f2fafe10b4397ac7557cd13747bd2,dc821110e3f34bf3984d61955ced2e69,32,mixto,0.0312,0.4375,14.5,252.0,650.25,1020.9
9c9359fefd164d388f8a5edc2bac301e,a6c839544c0440f5bf2ce98e7396613f,32,mixto,0.0,0.2188,61.0,220.5,282.0,612.85
dd7629fec91f4599b3cf8c0dd0b984ac,f883bd6d70b043a09837e8b888fe3f65,31,mixto,0.0,0.3226,41.0,149.0,440.5,877.0
347178b052294153af290d6a84589868,b972e814004e4624a566f308901cca7c,31,mixto,0.0,0.0645,86.0,127.0,212.0,733.5
4a94478dd25f4430a0a023b87e11170d,4830b97416a14d1485ccb85c9f9baa4e,31,mixto,0.0,0.1613,270.0,501.0,824.0,1023.0
b972e814004e4624a566f308901cca7c,c82f84bf3f2b451393445a0cb6883665,31,mixto,0.0,0.1613,117.0,218.0,400.0,514.0
4a94478dd25f4430a0a023b87e11170d,02f0f8beb94542deac503efd6a774262,31,mixto,0.0,0.1935,192.0,392.0,857.0,1042.5
41da80f6154c4d918166fc43862f5d78,123,31,mixto,0.0323,0.3871,28.5,98.0,187.0,624.5
ae412e532f1a48428bd0c5ad1f02f816,bca102f277434b31b59e4894d9eb5ef8,31,mixto,0.0,0.129,92.5,176.0,264.5,343.0
dd7629fec91f4599b3cf8c0dd0b984ac,64d9be8046574fbfbc1fb14c9912afea,31,mixto,0.0,0.129,209.5,364.0,390.5,640.5
26ce850e25c04398a2da12f4478e7597,123,31,mixto,0.0968,0.9677,15.0,24.0,38.0,49.5
0f33ab6447034fe49d1629353a119e47,495c261c0f484bd08e232f7358452c4d,31,mixto,0.0,0.2903,40.0,158.0,260.0,552.5
2549b51828ce40af920a932dd2102217,645a4f092abd49f0820b8a5507e3dea0,31,mixto,0.129,0.3871,29.5,133.0,197.5,230.0
91ec6f001c14494a87463fca5adc2bb0,123,31,mixto,0.0,0.7419,11.0,17.0,52.5,191.5
b125b71f0bca4b1a8bf41976b744becb,9c9359fefd164d388f8a5edc2bac301e,30,mixto,0.2333,0.7,5.75,15.0,63.0,463.0
ae54454684154c25bd33c6e04609652b,c82f84bf3f2b451393445a0cb6883665,30,mixto,0.1,0.3,46.25,214.5,826.75,1059.0
4a94478dd25f4430a0a023b87e11170d,79bvfghg9a0a8tm25d16sddg7d61d4710,30,mixto,0.0,0.2667,60.0,208.0,287.75,601.2
d602a0071f3f4db8b37a87cffd89bf23,4461c788433345b8a4a296b35aa9499d,30,mixto,0.0667,0.1,146.25,214.0,622.0,806.5
6daae6995cb245348bb2b5432ccc9948,0b145fb41bc84dc58a5beb5b4ef11b17,30,mixto,0.0,0.1667,76.25,246.5,480.0,708.9
fd595f24910c4126b7398b3e081af528,123,30,mixto,0.1667,0.4333,17.25,77.0,698.75,1273.2
dc821110e3f34bf3984d61955ced2e69,347178b052294153af290d6a84589868,30,mixto,0.0,0.0333,350.0,350.0,390.25,778.15
dd7629fec91f4599b3cf8c0dd0b984ac,2e0f9d54f6534336a19fffacd7b6af40,30,mixto,0.0333,0.8333,11.25,20.0,42.25,326.85
64d9be8046574fbfbc1fb14c9912afea,ae4caa1cb2154cac89440f3fe18251cb,30,mixto,0.0333,0.1667,94.0,134.0,342.5,741.55
d602a0071f3f4db8b37a87cffd89bf23,4060f34dc33042fda53efdfd0594b679,30,mixto,0.0,0.1667,120.75,235.5,650.0,1198.5
f883bd6d70b043a09837e8b888fe3f65,2629fabfb8e7428bb34e3d4f43ffdc9b,30,mixto,0.0,0.7667,15.0,38.5,56.0,222.85
68244c73eb7a429a9c70a3dbf247293f,c5b83bbfa22c4c31a5743485b4c6e524,30,mixto,0.4,0.6333,1.0,14.0,156.5,244.65
dd7629fec91f4599b3cf8c0dd0b984ac,4830b97416a14d1485ccb85c9f9baa4e,30,mixto,0.0333,0.5333,28.25,47.0,215.75,422.65
ae54454684154c25bd33c6e04609652b,ffaec74bfd414f8394bab077a989e27f,30,mixto,0.2,0.4,25.25,95.0,311.0,629.1
d602a0071f3f4db8b37a87cffd89bf23,6f7b8ef5a7204c4b92d0ca778317d790,30,mixto,0.0333,0.1,100.0,275.0,378.5,856.65
0335e32e61b248ae8ab98cb955f915dd,a3d2f5bccc104cf6bdd3817c86236b0e,30,mixto,0.0333,0.1333,69.5,199.0,347.5,365.2
387ff07354a74657a44369e05d83234a,e8dde9d26979498786c6ba5a82f70ad3,30,mixto,0.0,0.1667,103.75,125.5,186.0,215.55
64b50202d6b74bfcb78c7342823e0f4f,e10304f95c2b40738695563eb9b8662c,30,mixto,0.4,0.7667,2.25,6.0,38.0,843.7
67339e06f4b44f78994ff4785178807a,9b8e5105e75b4d77a3e416729122b83a,30,mixto,0.0,0.1333,129.25,188.0,271.5,679.8
fcba6a53824845da9d6330719f43a430,b972e814004e4624a566f308901cca7c,30,mixto,0.0,0.1,105.5,272.0,412.75,626.05
9a76efc4c34e4bd7843206658dc45454,3af2d18b09e6443fa289e956fc10669f,29,mixto,0.6897,0.931,1.0,2.0,10.0,281.8
6daae6995cb245348bb2b5432ccc9948,f883bd6d70b043a09837e8b888fe3f65,29,mixto,0.0,0.1034,293.0,299.0,941.0,1012.6
c52ceac3693c4644bb20f07dd8aa7103,d602a0071f3f4db8b37a87cffd89bf23,29,mixto,0.0,0.069,123.0,133.0,239.0,460.4
eaf8f2b0ccd04cf2a7bfcf357fe88ca2,38b3f29fe39b4e87b5f7982165de8cf1,29,mixto,0.0,0.5172,25.0,59.0,162.0,922.4
ae4caa1cb2154cac89440f3fe18251cb,645a4f092abd49f0820b8a5507e3dea0,29,mixto,0.1379,0.9655,8.0,13.0,16.0,32.0
4a94478dd25f4430a0a023b87e11170d,ee00832abfba40b38335ce48a12981b5,29,mixto,0.0345,0.1724,213.0,840.0,853.0,876.6
64b50202d6b74bfcb78c7342823e0f4f,123,29,mixto,0.069,0.7931,11.0,25.0,47.0,111.8
01b56ab5b9be43e19fa06300994787ec,6daae6995cb245348bb2b5432ccc9948,29,mixto,0.0,0.0345,177.0,316.0,365.0,464.4
c7d9f088b4be4e38924fcfa78a6b5496,eaf8f2b0ccd04cf2a7bfcf357fe88ca2,29,mixto,0.1034,0.3793,36.0,142.0,335.0,483.0
2ae2ca1a377048a58815f54a432f8a21,91f3f86897ff4ae39e50cbd7035fa8af,29,mixto,0.069,0.4828,11.0,77.0,650.0,1173.2
d602a0071f3f4db8b37a87cffd89bf23,52449c34bb1e47fe81802bf322dae8ee,29,mixto,0.0345,0.4138,30.0,108.0,200.0,872.2
d44f2fafe10b4397ac7557cd13747bd2,123,29,mixto,0.1379,0.5517,11.0,19.0,513.0,1089.6
3346db58cd2d474fbcf63e827462b85d,c63d7e67e1f8454386089193582563ea,29,mixto,0.0345,0.5862,27.0,50.0,158.0,338.6
ae4caa1cb2154cac89440f3fe18251cb,dc821110e3f34bf3984d61955ced2e69,29,mixto,0.0,0.1379,110.0,207.0,763.0,1083.0
9ae54d261e454c93ae1c2cdec0fd03e6,387ff07354a74657a44369e05d83234a,29,mixto,0.1379,0.5172,19.0,37.0,170.0,863.6
67339e06f4b44f78994ff4785178807a,0f33ab6447034fe49d1629353a119e47,29,mixto,0.0,0.2414,60.0,159.0,349.0,421.0
1bb1657eb2eb43808f0529810258aa3b,94d27864f86d422faa68efccb908cc34,29,mixto,0.0,0.1034,110.0,218.0,408.0,533.8
b972e814004e4624a566f308901cca7c,64d9be8046574fbfbc1fb14c9912afea,29,mixto,0.0,0.4138,37.0,109.0,151.0,407.0
eaf8f2b0ccd04cf2a7bfcf357fe88ca2,86144f0d3b814c1d8c013f7aade6c55d,29,mixto,0.0,0.0345,147.0,225.0,298.0,1094.6
86144f0d3b814c1d8c013f7aade6c55d,c2f8201a4d224d81babdcea072e5cec4,29,mixto,0.069,0.6207,24.0,35.0,107.0,423.2
ae54454684154c25bd33c6e04609652b,b1b009877e0c4e0790fd92559d853d69,29,mixto,0.069,0.2759,57.0,173.0,467.0,900.0
79bvfghg9a0a8tm25d16sddg7d61d4710,ee00832abfba40b38335ce48a12981b5,29,mixto,0.1034,0.6897,11.0,29.0,66.0,149.8
d602a0071f3f4db8b37a87cffd89bf23,f15bd4421f604ffbae3d627bef601546,29,mixto,0.0345,0.3793,39.0,123.0,213.0,729.0
67339e06f4b44f78994ff4785178807a,b6a7ac98c6704aa6b6512efa5fa8dbfe,28,mixto,0.0,0.1429,103.25,263.5,462.25,950.65
9c9359fefd164d388f8a5edc2bac301e,b3eb39eeec084dcd92806f5f6081e175,28,mixto,0.0,0.2143,89.5,188.0,322.0,442.25
c5b83bbfa22c4c31a5743485b4c6e524,67339e06f4b44f78994ff4785178807a,28,mixto,0.0,0.1786,96.75,302.5,551.25,759.0
c82f84bf3f2b451393445a0cb6883665,645a4f092abd49f0820b8a5507e3dea0,28,mixto,0.1429,0.5714,17.5,25.0,692.0,975.75
645a4f092abd49f0820b8a5507e3dea0,e8dde9d26979498786c6ba5a82f70ad3,28,mixto,0.0357,0.1786,132.75,188.5,204.25,316.65
d602a0071f3f4db8b37a87cffd89bf23,d0b1e3a4c2434e65be47566dcc3e2ee0,28,mixto,0.0,0.3571,35.0,137.0,590.0,1268.0
91f3f86897ff4ae39e50cbd7035fa8af,86144f0d3b814c1d8c013f7aade6c55d,28,mixto,0.0,0.1429,139.25,182.5,380.25,612.0
123,8af63e063a2a42098caed55eeb24acf0,28,mixto,0.0714,0.3929,20.25,64.5,77.25,296.8
ffaec74bfd414f8394bab077a989e27f,86144f0d3b814c1d8c013f7aade6c55d,28,mixto,0.0,0.0357,222.0,423.5,850.0,885.5
c82f84bf3f2b451393445a0cb6883665,7f2c2c35a2de4624ad938147f73f271a,28,mixto,0.0,0.3571,14.0,129.0,429.75,968.05
ab2dd6e0890c4b5483973add6fa1b91b,209ce526160947f0b398566cd4cbfd0d,28,mixto,0.0714,0.3214,33.75,247.5,378.25,1159.15
1eec93924a1046efbad70c851782ab8a,67339e06f4b44f78994ff4785178807a,28,mixto,0.0,0.3214,46.25,129.0,468.5,763.75
d74a389b77734996ba37fa61a0d08341,67339e06f4b44f78994ff4785178807a,28,mixto,0.0,0.0,809.5,971.0,1145.0,1302.0
3346db58cd2d474fbcf63e827462b85d,780fb7c030e043f7bd9f40ca4ab06bd4,27,mixto,0.037,0.4444,33.0,83.0,104.0,207.0
eaf8f2b0ccd04cf2a7bfcf357fe88ca2,cb9e2b9dd1cd44c5b7d4fdcfbbf3f5e0,27,mixto,0.0,0.2222,70.0,304.0,566.5,650.7
347178b052294153af290d6a84589868,2ff516ac74a44ebfa3a522adbde28a0f,27,mixto,0.0,0.0741,102.0,197.0,439.0,550.7
209ce526160947f0b398566cd4cbfd0d,08165f6182bc4dfc9dc1d7774508bbc6,27,mixto,0.0,0.2593,53.5,184.0,244.5,430.5
645a4f092abd49f0820b8a5507e3dea0,a7709b21161d459298dc5dc58e77310b,27,mixto,0.2222,0.4444,6.0,972.0,974.5,976.0
b992e6a27eb249658efce6ca0cc286dc,3468d450481e44aaaf10e7c9b43ed7c7,27,mixto,0.0,0.0,433.0,647.0,893.0,1087.0
eb838855f2344f65a4c925df80cdcad5,818d938a32ad4dc19cfd13f6575ddc5a,27,mixto,0.3704,0.7778,2.0,6.0,54.0,216.4
79bvfghg9a0a8tm25d16sddg7d61d4710,6a322ad743e3464bae56d2d9b180078a,27,mixto,0.0741,0.4444,37.0,349.0,903.0,1318.0
eaf8f2b0ccd04cf2a7bfcf357fe88ca2,6d52b87b5a964c61ad7e28afd9499f18,27,mixto,0.0,0.3333,49.0,158.0,265.0,375.7
c82f84bf3f2b451393445a0cb6883665,74e60dc3bc26493d81088e4d322b7c39,27,mixto,0.0,0.4444,32.5,185.0,321.0,859.9
2549b51828ce40af920a932dd2102217,18bec3e707784a978d9d89f2967f87de,27,mixto,0.0,0.2963,41.5,146.0,212.5,394.6
ae412e532f1a48428bd0c5ad1f02f816,c52ceac3693c4644bb20f07dd8aa7103,27,mixto,0.037,0.2222,74.5,186.0,337.0,422.0
ae4caa1cb2154cac89440f3fe18251cb,3346db58cd2d474fbcf63e827462b85d,27,mixto,0.0,0.037,127.5,203.0,378.0,777.0
dfd423dde87b47d382b736a15a36ac68,d602a0071f3f4db8b37a87cffd89bf23,27,mixto,0.037,0.1852,98.0,258.0,514.5,1055.8
86144f0d3b814c1d8c013f7aade6c55d,dd7629fec91f4599b3cf8c0dd0b984ac,27,mixto,0.0,0.1111,76.0,180.0,249.5,491.7
c7d9f088b4be4e38924fcfa78a6b5496,5235b9f356954973a226cb6fc12c9d6e,27,mixto,0.0,0.3704,50.0,136.0,351.0,459.8
ae54454684154c25bd33c6e04609652b,ae4caa1cb2154cac89440f3fe18251cb,27,mixto,0.1481,0.2963,35.0,288.0,368.5,490.8
0f33ab6447034fe49d1629353a119e47,eaf8f2b0ccd04cf2a7bfcf357fe88ca2,27,mixto,0.0,0.1481,104.5,175.0,280.5,525.3
4a94478dd25f4430a0a023b87e11170d,2ff516ac74a44ebfa3a522adbde28a0f,27,mixto,0.0,0.0741,182.5,564.0,870.5,1343.1
88d08ee1a5384a7fbe4bfddb8928ce82,309b72a99d154079a6ab5d23444fd7dd,27,mixto,0.4444,0.7407,1.0,5.0,87.0,363.8
4a94478dd25f4430a0a023b87e11170d,b972e814004e4624a566f308901cca7c,27,mixto,0.0,0.1852,100.5,151.0,221.0,649.3
91f3f86897ff4ae39e50cbd7035fa8af,eaf8f2b0ccd04cf2a7bfcf357fe88ca2,27,mixto,0.037,0.3704,32.0,219.0,439.0,922.8
14cc5dc0682d44fe99d2d91e1eaafac7,006b85a984e94ce88ddb035ec01b2d70,27,mixto,0.037,0.1852,103.5,248.0,376.0,525.1
5235b9f356954973a226cb6fc12c9d6e,2ff516ac74a44ebfa3a522adbde28a0f,27,consistente,0.0,0.0,144.5,206.0,327.5,420.5
38b3f29fe39b4e87b5f7982165de8cf1,c82f84bf3f2b451393445a0cb6883665,27,mixto,0.0,0.2593,58.5,201.0,641.0,1043.5
e8dde9d26979498786c6ba5a82f70ad3,52449c34bb1e47fe81802bf322dae8ee,27,mixto,0.037,0.4815,22.0,77.0,444.0,1048.7
888fb026b62d4a75920fe44a0af43ad4,123,27,mixto,0.037,0.7778,8.0,17.0,52.5,1004.8
123,e5b8388e1275417395d526c566b0e1e8,27,mixto,0.0,0.8519,17.5,33.0,41.5,82.4
dc821110e3f34bf3984d61955ced2e69,67eb30db49f240b08ab2b3f422f92cdf,26,mixto,0.0769,0.1923,163.75,472.5,623.0,1102.5
123,3e2a4d42827d43d0b90248199e58e98e,26,mixto,0.0385,0.6923,22.5,32.0,226.0,471.25
c6f7ed5bd4954356b00aac92c9fff41a,b972e814004e4624a566f308901cca7c,26,mixto,0.0,0.1538,104.25,246.5,357.5,446.25
4f22549f9d3a443cb041c0e55395dbf1,d602a0071f3f4db8b37a87cffd89bf23,26,mixto,0.0,0.0769,222.5,437.0,851.75,1063.75
c82f84bf3f2b451393445a0cb6883665,31050e1a1dcb4c9899ba77be32449e54,26,mixto,0.0385,0.3462,50.5,117.5,301.0,588.5
d602a0071f3f4db8b37a87cffd89bf23,9f3c39663dac4e6791811016adc217da,26,consistente,0.0,0.0,784.0,821.0,877.0,882.0
0f09709c70c441b59a6fe616f84a5302,44db06efed134a91bffa7407f60d7979,26,mixto,0.0,0.5769,21.5,28.0,146.25,175.25
347178b052294153af290d6a84589868,dd7629fec91f4599b3cf8c0dd0b984ac,26,mixto,0.0,0.2692,48.0,322.0,730.0,992.75
38b3f29fe39b4e87b5f7982165de8cf1,e8dde9d26979498786c6ba5a82f70ad3,26,mixto,0.1154,0.2692,56.25,157.0,361.25,514.5
9ad41e803fff463bac913cedefca7796,2549b51828ce40af920a932dd2102217,26,mixto,0.0,0.1154,119.0,153.5,213.5,299.5
38b3f29fe39b4e87b5f7982165de8cf1,18bec3e707784a978d9d89f2967f87de,26,mixto,0.0385,0.2308,68.0,167.0,350.75,415.75
b972e814004e4624a566f308901cca7c,5ad019e5f0e445e8b37fc4ed60a3447c,26,mixto,0.0,0.0385,123.0,168.0,525.5,580.25
387ff07354a74657a44369e05d83234a,c82f84bf3f2b451393445a0cb6883665,26,mixto,0.0,0.4231,21.5,70.0,271.0,908.5
ae4caa1cb2154cac89440f3fe18251cb,ef1dd1f1a5b94d0eacb669f7b3ec2911,26,mixto,0.0,0.2308,80.5,151.5,475.5,684.5
ffaec74bfd414f8394bab077a989e27f,eaf8f2b0ccd04cf2a7bfcf357fe88ca2,26,mixto,0.0,0.1923,75.75,158.5,258.5,1113.25
0f33ab6447034fe49d1629353a119e47,08165f6182bc4dfc9dc1d7774508bbc6,26,mixto,0.0,0.6154,14.5,48.0,465.0,626.75
495c261c0f484bd08e232f7358452c4d,ee00832abfba40b38335ce48a12981b5,26,mixto,0.0385,0.1923,86.5,181.5,379.5,710.0
209ce526160947f0b398566cd4cbfd0d,2ff516ac74a44ebfa3a522adbde28a0f,26,mixto,0.0,0.1154,106.5,258.0,447.25,633.75
74e60dc3bc26493d81088e4d322b7c39,91f3f86897ff4ae39e50cbd7035fa8af,26,mixto,0.0,0.0769,153.25,300.5,318.75,817.25
209ce526160947f0b398566cd4cbfd0d,1ad6835586034de0b29f4a402b182c6c,26,mixto,0.0769,0.1923,82.5,265.0,538.75,1125.5
9ae54d261e454c93ae1c2cdec0fd03e6,6e12533e73a048efa8bcc0a30f2b7684,26,mixto,0.1923,0.7692,6.0,15.0,33.0,807.0
fea91b9f08cc4f54a295711a70734a22,ee1016d1de3347b79368186e86dfc2c2,26,mixto,0.1923,0.3846,11.0,135.0,289.75,369.5
eaf8f2b0ccd04cf2a7bfcf357fe88ca2,4a9c2f22f9d047569a0ceafcb9741033,26,consistente,0.0,0.1538,101.75,289.5,499.75,1213.75
228ce6ed11d14e84ac2ae00cb5639515,9c9359fefd164d388f8a5edc2bac301e,26,consistente,0.0,0.1538,65.5,137.5,709.5,881.75
6a322ad743e3464bae56d2d9b180078a,dc821110e3f34bf3984d61955ced2e69,26,mixto,0.0385,0.1538,121.0,206.5,730.75,1187.5
ef1dd1f1a5b94d0eacb669f7b3ec2911,209ce526160947f0b398566cd4cbfd0d,26,mixto,0.0,0.3462,44.0,145.5,474.5,1115.75
ed07316d9d6344a9ab11e8a41fdc413a,b972e814004e4624a566f308901cca7c,26,consistente,0.0,0.0,139.25,205.5,400.75,454.75
9c9359fefd164d388f8a5edc2bac301e,209ce526160947f0b398566cd4cbfd0d,26,mixto,0.0,0.2692,61.0,207.0,339.5,413.0
4060f34dc33042fda53efdfd0594b679,b972e814004e4624a566f308901cca7c,26,mixto,0.0,0.1538,100.5,208.5,311.75,405.5
c82f84bf3f2b451393445a0cb6883665,3af2d18b09e6443fa289e956fc10669f,25,mixto,0.08,0.28,52.0,338.0,650.0,1135.6
123,5235b9f356954973a226cb6fc12c9d6e,25,mixto,0.0,0.2,96.0,225.0,335.0,1148.8
d602a0071f3f4db8b37a87cffd89bf23,f83678e2b4854792a356c72a255c0da4,25,consistente,0.0,0.04,325.0,719.0,1015.0,1303.0
3346db58cd2d474fbcf63e827462b85d,eaf8f2b0ccd04cf2a7bfcf357fe88ca2,25,mixto,0.0,0.24,61.0,154.0,256.0,465.4
2549b51828ce40af920a932dd2102217,e5b8388e1275417395d526c566b0e1e8,25,mixto,0.08,0.56,18.0,24.0,895.0,955.8
94d27864f86d422faa68efccb908cc34,08165f6182bc4dfc9dc1d7774508bbc6,25,mixto,0.0,0.48,32.0,65.0,188.0,788.0
dd7629fec91f4599b3cf8c0dd0b984ac,a647689891b84948871ff7099253a553,25,mixto,0.0,0.16,86.0,490.0,720.0,846.0
fd595f24910c4126b7398b3e081af528,2549b51828ce40af920a932dd2102217,25,mixto,0.04,0.44,21.0,68.0,1009.0,1026.0
1bb1657eb2eb43808f0529810258aa3b,eaf8f2b0ccd04cf2a7bfcf357fe88ca2,25,mixto,0.0,0.04,187.0,228.0,370.0,884.6
6a322ad743e3464bae56d2d9b180078a,cb9e2b9dd1cd44c5b7d4fdcfbbf3f5e0,25,mixto,0.0,0.24,93.0,249.0,398.0,760.8
d8420be9114342368d9bc32882809746,91f3f86897ff4ae39e50cbd7035fa8af,25,mixto,0.0,0.04,176.0,266.0,410.0,633.2
56da1c80cfea4a5b83326bfef271fc3e,6a322ad743e3464bae56d2d9b180078a,25,mixto,0.04,0.24,63.0,115.0,228.0,342.2
67eb30db49f240b08ab2b3f422f92cdf,2ae2ca1a377048a58815f54a432f8a21,25,mixto,0.12,0.24,91.0,209.0,458.0,1125.2
6d52b87b5a964c61ad7e28afd9499f18,347178b052294153af290d6a84589868,25,mixto,0.04,0.08,101.0,161.0,233.0,501.2
495c261c0f484bd08e232f7358452c4d,638aea308ffb483198d5c1387e2cc017,25,mixto,0.0,0.2,123.0,174.0,201.0,766.2
74e60dc3bc26493d81088e4d322b7c39,4830b97416a14d1485ccb85c9f9baa4e,25,mixto,0.0,0.96,11.0,18.0,21.0,23.0
dd7629fec91f4599b3cf8c0dd0b984ac,fb944d98fea445bda57de000993d3e25,25,mixto,0.0,0.16,104.0,175.0,317.0,902.0
0f33ab6447034fe49d1629353a119e47,b1b009877e0c4e0790fd92559d853d69,25,mixto,0.0,0.4,35.0,218.0,915.0,984.4
dc821110e3f34bf3984d61955ced2e69,91f3f86897ff4ae39e50cbd7035fa8af,25,mixto,0.0,0.08,166.0,506.0,980.0,1221.8
67eb30db49f240b08ab2b3f422f92cdf,4bb573e349504824b5b5a050a83e094d,25,mixto,0.0,0.04,144.0,282.0,572.0,1191.8
4a94478dd25f4430a0a023b87e11170d,ef1dd1f1a5b94d0eacb669f7b3ec2911,25,mixto,0.04,0.08,391.0,854.0,1253.0,1274.8
ed07316d9d6344a9ab11e8a41fdc413a,780fb7c030e043f7bd9f40ca4ab06bd4,24,consistente,0.0,0.125,102.75,152.0,223.5,231.0
123,56da1c80cfea4a5b83326bfef271fc3e,24,mixto,0.0,0.125,186.25,256.5,336.5,807.35
86144f0d3b814c1d8c013f7aade6c55d,209ce526160947f0b398566cd4cbfd0d,24,mixto,0.0,0.2083,101.0,293.0,629.5,1158.45
e5b8388e1275417395d526c566b0e1e8,94d27864f86d422faa68efccb908cc34,24,mixto,0.0417,0.5,32.75,63.5,138.5,259.75
b9e3f79c40594953af24e9a43eba4e0c,2ff516ac74a44ebfa3a522adbde28a0f,24,mixto,0.0833,0.625,14.0,25.0,314.75,522.2
c82f84bf3f2b451393445a0cb6883665,9c9359fefd164d388f8a5edc2bac301e,24,mixto,0.0,0.2083,94.25,222.0,374.5,861.0
0b145fb41bc84dc58a5beb5b4ef11b17,a4db025d032f42578306d5461abdda40,24,mixto,0.2917,0.6667,3.0,17.0,162.5,709.25
2ae2ca1a377048a58815f54a432f8a21,035b14f7f84242ef8ca0e78b0352777d,24,consistente,0.2917,1.0,4.0,11.5,14.0,23.65
dc821110e3f34bf3984d61955ced2e69,ae54454684154c25bd33c6e04609652b,24,mixto,0.125,0.2083,97.5,269.5,522.25,874.7
d254feea701346a399887b9fe59ac61a,95b7bf6083634811b6ec1552e2ed5fad,24,mixto,0.0417,0.2083,73.5,202.0,262.0,424.15
31050e1a1dcb4c9899ba77be32449e54,ae54454684154c25bd33c6e04609652b,24,mixto,0.0417,0.125,98.25,123.0,417.25,1182.15
9a76efc4c34e4bd7843206658dc45454,6743ad379b094f98ad903d0f0304add1,24,mixto,0.125,0.5417,9.75,39.5,401.25,733.7
fb3957569a8d49528c3571bcb4703f55,6a322ad743e3464bae56d2d9b180078a,24,mixto,0.0833,0.5,29.75,63.0,176.0,516.85
dc821110e3f34bf3984d61955ced2e69,209ce526160947f0b398566cd4cbfd0d,24,mixto,0.0417,0.2917,58.5,156.0,396.75,973.0
006b85a984e94ce88ddb035ec01b2d70,88d08ee1a5384a7fbe4bfddb8928ce82,24,mixto,0.125,0.3333,52.25,148.5,309.0,417.65
e423b8339a57485d8b524937d93e4f44,ae4caa1cb2154cac89440f3fe18251cb,24,mixto,0.2083,0.8333,7.5,30.0,54.0,95.85
123,fdd7e5cf453e42d7b8cb2334d3a7bff9,24,mixto,0.1667,0.4167,13.75,126.5,530.75,1112.55
52449c34bb1e47fe81802bf322dae8ee,c82f84bf3f2b451393445a0cb6883665,24,mixto,0.0833,0.5,13.75,51.5,316.0,834.55
b4206ac5e3224dfd900588a8f7caf95e,e8dde9d26979498786c6ba5a82f70ad3,24,mixto,0.0417,0.625,14.25,30.5,98.5,776.0
fb944d98fea445bda57de000993d3e25,4a94478dd25f4430a0a023b87e11170d,24,mixto,0.0417,0.5417,29.75,51.0,630.5,986.25
f883bd6d70b043a09837e8b888fe3f65,fd595f24910c4126b7398b3e081af528,24,mixto,0.0417,0.3333,21.75,849.0,1366.25,1379.55
d74a389b77734996ba37fa61a0d08341,91f3f86897ff4ae39e50cbd7035fa8af,24,mixto,0.0,0.0,638.0,675.5,917.75,1226.95
b972e814004e4624a566f308901cca7c,9b8e5105e75b4d77a3e416729122b83a,24,mixto,0.0,0.3333,38.75,186.5,346.25,950.1
1bb1657eb2eb43808f0529810258aa3b,399e7fc266894562850261cfbc06b992,24,consistente,0.0,0.0,584.25,603.0,615.75,632.5
2549b51828ce40af920a932dd2102217,894c246eb00a482da371617f75149e30,23,mixto,0.087,0.2609,59.5,67.0,86.0,1052.3
9ae54d261e454c93ae1c2cdec0fd03e6,2549b51828ce40af920a932dd2102217,23,mixto,0.087,0.3478,23.0,177.0,545.5,640.9
e423b8339a57485d8b524937d93e4f44,c13d78fe65b94d05ad83b59494767b9f,23,mixto,0.087,0.3913,23.0,106.0,174.0,947.1
ffaec74bfd414f8394bab077a989e27f,fd595f24910c4126b7398b3e081af528,23,mixto,0.087,0.6087,12.5,52.0,93.0,267.9
eaf8f2b0ccd04cf2a7bfcf357fe88ca2,94d27864f86d422faa68efccb908cc34,23,mixto,0.0435,0.3043,39.0,369.0,515.5,786.9
2549b51828ce40af920a932dd2102217,a7709b21161d459298dc5dc58e77310b,23,mixto,0.0435,0.5217,29.5,56.0,136.0,206.3
ed07316d9d6344a9ab11e8a41fdc413a,c52ceac3693c4644bb20f07dd8aa7103,23,mixto,0.0,0.3043,55.5,124.0,127.0,130.9
ae4caa1cb2154cac89440f3fe18251cb,74e60dc3bc26493d81088e4d322b7c39,23,mixto,0.0,0.087,299.5,810.0,915.5,1063.7
d602a0071f3f4db8b37a87cffd89bf23,40fc9588a8e04b28852ec1163528bb8a,23,mixto,0.0,0.0435,422.0,1030.0,1032.0,1032.0
67eb30db49f240b08ab2b3f422f92cdf,9c9359fefd164d388f8a5edc2bac301e,23,mixto,0.0,0.1304,103.5,188.0,242.5,818.6
d602a0071f3f4db8b37a87cffd89bf23,c150a834cbcc40d09aeed2f8703f4dd3,23,mixto,0.0,0.1739,88.0,202.0,375.0,616.8
e8dde9d26979498786c6ba5a82f70ad3,64d9be8046574fbfbc1fb14c9912afea,23,mixto,0.0,0.1739,79.0,122.0,152.0,603.2
b9e3f79c40594953af24e9a43eba4e0c,08165f6182bc4dfc9dc1d7774508bbc6,23,mixto,0.0435,0.5217,8.0,25.0,102.0,384.6
3346db58cd2d474fbcf63e827462b85d,91f3f86897ff4ae39e50cbd7035fa8af,23,consistente,0.0,0.0,208.5,333.0,918.0,966.1
ea62071feb644e4e81394dfa5c500ff3,40fc9588a8e04b28852ec1163528bb8a,23,mixto,0.0435,0.7391,29.0,39.0,70.0,172.1
dcd0b6134a8846c1ac7171f8530945ab,67eb30db49f240b08ab2b3f422f92cdf,23,mixto,0.0,0.0435,123.0,157.0,310.5,812.7
eaf8f2b0ccd04cf2a7bfcf357fe88ca2,a6c839544c0440f5bf2ce98e7396613f,23,mixto,0.0,0.3478,53.5,182.0,372.5,1074.3
d602a0071f3f4db8b37a87cffd89bf23,0b145fb41bc84dc58a5beb5b4ef11b17,23,mixto,0.0,0.087,222.0,309.0,457.0,705.3
e8dde9d26979498786c6ba5a82f70ad3,2ff516ac74a44ebfa3a522adbde28a0f,23,mixto,0.0,0.2174,74.0,130.0,534.0,1118.4
d44f2fafe10b4397ac7557cd13747bd2,4a94478dd25f4430a0a023b87e11170d,23,consistente,0.1739,0.913,5.0,7.0,19.5,548.3
a7925c7ee6674a30ae9f3f4045785095,dfd423dde87b47d382b736a15a36ac68,23,mixto,0.1739,0.6087,6.5,21.0,152.5,578.5
9c9359fefd164d388f8a5edc2bac301e,88d08ee1a5384a7fbe4bfddb8928ce82,23,mixto,0.087,0.3478,21.0,72.0,220.0,441.9
4830b97416a14d1485ccb85c9f9baa4e,ae4caa1cb2154cac89440f3fe18251cb,23,consistente,0.0435,0.4348,15.5,68.0,592.0,1261.8
64d9be8046574fbfbc1fb14c9912afea,495c261c0f484bd08e232f7358452c4d,23,mixto,0.0,0.3043,56.5,186.0,260.5,394.1
ae4caa1cb2154cac89440f3fe18251cb,9c9359fefd164d388f8a5edc2bac301e,23,mixto,0.0,0.0435,117.0,160.0,281.0,314.6
f883bd6d70b043a09837e8b888fe3f65,91f3f86897ff4ae39e50cbd7035fa8af,23,mixto,0.0,0.0,260.5,390.0,446.5,654.5
01b56ab5b9be43e19fa06300994787ec,c13d78fe65b94d05ad83b59494767b9f,23,mixto,0.0,0.0435,138.0,203.0,350.0,581.0
b9e3f79c40594953af24e9a43eba4e0c,2549b51828ce40af920a932dd2102217,23,mixto,0.0,0.7826,20.0,38.0,49.5,227.2
fb944d98fea445bda57de000993d3e25,e8dde9d26979498786c6ba5a82f70ad3,23,mixto,0.0,0.2609,49.0,80.0,202.0,753.6
16b1032179824088a8d42a4107c6a8f4,ffaec74bfd414f8394bab077a989e27f,23,mixto,0.0435,0.6087,22.5,45.0,84.5,86.0
9a76efc4c34e4bd7843206658dc45454,645a4f092abd49f0820b8a5507e3dea0,23,mixto,0.3913,0.913,2.5,8.0,9.0,500.3
e8dde9d26979498786c6ba5a82f70ad3,51e1587ac2364f19bb4a9344841af223,23,mixto,0.087,0.3478,36.0,75.0,479.5,622.1
cb9e2b9dd1cd44c5b7d4fdcfbbf3f5e0,a7a98dfdf4dd4a8fa248cae682395965,22,mixto,0.4091,0.7273,3.0,6.0,67.0,165.55
1e801411cdbd40aa92ad0dfc09000f69,d602a0071f3f4db8b37a87cffd89bf23,22,mixto,0.0,0.1818,68.5,245.5,378.5,443.0
ae412e532f1a48428bd0c5ad1f02f816,123,22,mixto,0.0,0.0455,134.5,194.0,249.25,298.15
6a322ad743e3464bae56d2d9b180078a,ae54454684154c25bd33c6e04609652b,22,mixto,0.0455,0.3636,42.0,179.5,303.5,491.6
1ad6835586034de0b29f4a402b182c6c,86144f0d3b814c1d8c013f7aade6c55d,22,mixto,0.0,0.3182,11.5,188.0,280.5,690.9
0f33ab6447034fe49d1629353a119e47,94d27864f86d422faa68efccb908cc34,22,mixto,0.0,0.2727,68.25,155.5,419.75,938.0
1ad6835586034de0b29f4a402b182c6c,41da80f6154c4d918166fc43862f5d78,22,mixto,0.0909,0.6364,30.0,30.0,152.25,676.9
c68583c7f0f3400fbc57c639a37ab30c,67eb30db49f240b08ab2b3f422f92cdf,22,consistente,0.0,0.0909,82.75,99.5,149.75,193.55
cc892c05f6d94315be2b7539e45b9170,c765193a11274b73b1ffa97efd6fbc3b,22,mixto,0.1364,0.3182,16.5,96.0,129.0,399.05
3346db58cd2d474fbcf63e827462b85d,4a94478dd25f4430a0a023b87e11170d,22,mixto,0.0455,0.2273,62.75,126.0,277.25,473.85
64d9be8046574fbfbc1fb14c9912afea,ee00832abfba40b38335ce48a12981b5,22,mixto,0.0909,0.2727,56.5,240.5,736.75,840.4
16ffe077cc1a4b11a19bea91abce6f9c,2549b51828ce40af920a932dd2102217,22,mixto,0.1364,0.2273,74.25,133.0,398.75,461.1
9a76efc4c34e4bd7843206658dc45454,b7c988fa6132435480b57f66696827fd,22,mixto,0.6818,0.9091,2.0,3.0,5.0,197.35
347178b052294153af290d6a84589868,08165f6182bc4dfc9dc1d7774508bbc6,22,mixto,0.0,0.0909,165.0,205.0,852.25,868.8
dcd0b6134a8846c1ac7171f8530945ab,fb3957569a8d49528c3571bcb4703f55,22,mixto,0.1364,0.5909,16.75,39.0,116.0,1078.65
9c9359fefd164d388f8a5edc2bac301e,dab6b8ce23604fa7b9ace2c2121d943e,22,mixto,0.0455,0.1818,67.25,174.0,281.0,372.8
9a76efc4c34e4bd7843206658dc45454,2e0f9d54f6534336a19fffacd7b6af40,22,mixto,0.1364,0.8636,12.25,24.5,37.5,241.7
67eb30db49f240b08ab2b3f422f92cdf,cc892c05f6d94315be2b7539e45b9170,22,mixto,0.0,0.3182,55.5,119.0,179.0,448.4
64d9be8046574fbfbc1fb14c9912afea,08165f6182bc4dfc9dc1d7774508bbc6,22,mixto,0.0,0.2273,101.0,128.5,202.0,431.3
67eb30db49f240b08ab2b3f422f92cdf,b6a7ac98c6704aa6b6512efa5fa8dbfe,22,mixto,0.0909,0.1364,111.25,314.5,438.0,486.0
b972e814004e4624a566f308901cca7c,94d27864f86d422faa68efccb908cc34,22,mixto,0.0,0.0909,107.5,202.5,290.25,432.1
74e60dc3bc26493d81088e4d322b7c39,4a94478dd25f4430a0a023b87e11170d,22,mixto,0.0,0.1364,181.0,576.5,866.5,1394.9
4a94478dd25f4430a0a023b87e11170d,f25d86b606d74e51b1d33695030d0618,22,mixto,0.0455,0.4091,41.75,213.0,411.25,1058.95
eaf8f2b0ccd04cf2a7bfcf357fe88ca2,02f0f8beb94542deac503efd6a774262,22,mixto,0.0,0.3636,39.5,122.5,183.5,595.5
ae412e532f1a48428bd0c5ad1f02f816,67339e06f4b44f78994ff4785178807a,22,mixto,0.0455,0.2727,58.5,145.0,204.5,326.45
ffaec74bfd414f8394bab077a989e27f,6743ad379b094f98ad903d0f0304add1,22,mixto,0.0,0.4545,32.75,70.5,310.5,467.4
b972e814004e4624a566f308901cca7c,4f22549f9d3a443cb041c0e55395dbf1,22,consistente,0.0,0.1818,90.5,237.0,390.0,543.55
67339e06f4b44f78994ff4785178807a,cc892c05f6d94315be2b7539e45b9170,22,mixto,0.0,0.3182,51.25,126.5,220.0,318.0
56da1c80cfea4a5b83326bfef271fc3e,91f3f86897ff4ae39e50cbd7035fa8af,22,mixto,0.0455,0.0455,141.0,497.0,751.75,1100.0
91f3f86897ff4ae39e50cbd7035fa8af,1ad6835586034de0b29f4a402b182c6c,22,mixto,0.0,0.0,183.25,310.0,999.25,1007.95
c82f84bf3f2b451393445a0cb6883665,fb944d98fea445bda57de000993d3e25,22,mixto,0.1364,0.2273,143.5,359.0,830.25,1085.15
38b3f29fe39b4e87b5f7982165de8cf1,ae4caa1cb2154cac89440f3fe18251cb,22,mixto,0.0,0.1364,235.0,356.5,599.5,709.7
2549b51828ce40af920a932dd2102217,41da80f6154c4d918166fc43862f5d78,22,mixto,0.0,0.0909,130.0,403.5,430.0,453.1
b972e814004e4624a566f308901cca7c,91f3f86897ff4ae39e50cbd7035fa8af,22,mixto,0.0,0.1364,134.25,202.5,362.75,456.6
79bvfghg9a0a8tm25d16sddg7d61d4710,495c261c0f484bd08e232f7358452c4d,22,mixto,0.0909,0.3636,36.25,138.0,1094.0,1323.0
123,6d52b87b5a964c61ad7e28afd9499f18,21,mixto,0.0,0.3333,57.0,172.0,487.0,887.0
ee00832abfba40b38335ce48a12981b5,cb9e2b9dd1cd44c5b7d4fdcfbbf3f5e0,21,mixto,0.0952,0.6667,9.0,42.0,76.0,228.0
6d52b87b5a964c61ad7e28afd9499f18,67eb30db49f240b08ab2b3f422f92cdf,21,mixto,0.0,0.381,38.0,171.0,886.0,1071.0
006b85a984e94ce88ddb035ec01b2d70,9c9359fefd164d388f8a5edc2bac301e,21,mixto,0.0,0.0476,97.0,211.0,260.0,318.0
c82f84bf3f2b451393445a0cb6883665,6daae6995cb245348bb2b5432ccc9948,21,mixto,0.0,0.2857,46.0,190.0,329.0,758.0
d602a0071f3f4db8b37a87cffd89bf23,02f0f8beb94542deac503efd6a774262,21,mixto,0.0,0.1905,66.0,174.0,309.0,1119.0
b1b009877e0c4e0790fd92559d853d69,ae4caa1cb2154cac89440f3fe18251cb,21,mixto,0.0,0.4762,43.0,60.0,274.0,671.0
dc821110e3f34bf3984d61955ced2e69,dd7629fec91f4599b3cf8c0dd0b984ac,21,mixto,0.0476,0.2857,37.0,444.0,725.0,1073.0
d602a0071f3f4db8b37a87cffd89bf23,be09a0ddbb9b4c4aaf78903e0ca27a75,21,mixto,0.0,0.0476,203.0,399.0,607.0,1312.0
ae4caa1cb2154cac89440f3fe18251cb,c13d78fe65b94d05ad83b59494767b9f,21,mixto,0.0,0.0476,138.0,220.0,429.0,653.0
67339e06f4b44f78994ff4785178807a,399e7fc266894562850261cfbc06b992,21,mixto,0.0,0.2381,84.0,222.0,355.0,1021.0
9ae54d261e454c93ae1c2cdec0fd03e6,ae4caa1cb2154cac89440f3fe18251cb,21,mixto,0.0,0.3333,33.0,80.0,929.0,1124.0
1c6f1fdb9e7544aaac5f4daf9243ca1e,67339e06f4b44f78994ff4785178807a,21,mixto,0.0952,0.2857,56.0,188.0,274.0,327.0
ae4caa1cb2154cac89440f3fe18251cb,2ae2ca1a377048a58815f54a432f8a21,21,mixto,0.0,0.0,172.0,327.0,1155.0,1210.0
67eb30db49f240b08ab2b3f422f92cdf,ef1dd1f1a5b94d0eacb669f7b3ec2911,21,mixto,0.0952,0.4286,21.0,85.0,303.0,1293.0
79bvfghg9a0a8tm25d16sddg7d61d4710,209ce526160947f0b398566cd4cbfd0d,21,mixto,0.0,0.3333,35.0,130.0,189.0,253.0
9fd20d626db942aeb4d84f9c475d3bea,638aea308ffb483198d5c1387e2cc017,21,mixto,0.0476,0.2857,50.0,256.0,445.0,542.0
d602a0071f3f4db8b37a87cffd89bf23,4830b97416a14d1485ccb85c9f9baa4e,21,mixto,0.0,0.2857,56.0,125.0,505.0,1158.0
be09a0ddbb9b4c4aaf78903e0ca27a75,e10304f95c2b40738695563eb9b8662c,21,mixto,0.1429,0.8571,7.0,18.0,40.0,854.0
2549b51828ce40af920a932dd2102217,3d639e0a581e4afbbc3976eed669f5c6,21,mixto,0.0,0.1429,72.0,960.0,1298.0,1305.0
91ec6f001c14494a87463fca5adc2bb0,dd7629fec91f4599b3cf8c0dd0b984ac,21,mixto,0.0,0.6667,15.0,26.0,87.0,208.0
2c12290764aa4f67ba25e9cf801bd06c,9a76efc4c34e4bd7843206658dc45454,21,mixto,0.0952,0.619,9.0,29.0,388.0,704.0
5f686fded1294c02a7a5c3298f2eec5b,64d9be8046574fbfbc1fb14c9912afea,21,mixto,0.0,0.0952,113.0,259.0,422.0,650.0
eaf8f2b0ccd04cf2a7bfcf357fe88ca2,7d0c4697a4f849e38021ccb192e0b4a7,21,mixto,0.0476,0.0476,291.0,712.0,788.0,991.0
d602a0071f3f4db8b37a87cffd89bf23,ac8e668f620b403b9ccc6486c0e365c7,21,mixto,0.0,0.1429,160.0,391.0,650.0,868.0
3af2d18b09e6443fa289e956fc10669f,67339e06f4b44f78994ff4785178807a,21,mixto,0.0,0.0,450.0,718.0,941.0,1119.0
4830b97416a14d1485ccb85c9f9baa4e,ee00832abfba40b38335ce48a12981b5,21,mixto,0.0952,0.8095,16.0,36.0,46.0,751.0
3009f6f4befb498fbed7dbf1b189f47c,123,21,mixto,0.0,0.0,189.0,324.0,359.0,555.0
9c9359fefd164d388f8a5edc2bac301e,ab2dd6e0890c4b5483973add6fa1b91b,21,mixto,0.0,0.2381,66.0,177.0,319.0,440.0
8c1942e0cdce4f71b53f62474322f0b7,64d9be8046574fbfbc1fb14c9912afea,21,mixto,0.0476,0.3333,46.0,105.0,523.0,726.0
fb944d98fea445bda57de000993d3e25,d602a0071f3f4db8b37a87cffd89bf23,21,mixto,0.0,0.3333,31.0,87.0,426.0,639.0
c82f84bf3f2b451393445a0cb6883665,1bb1657eb2eb43808f0529810258aa3b,21,mixto,0.0,0.0476,182.0,370.0,514.0,982.0
a75f04d8480f47a3a73d3b61be147ec1,91f3f86897ff4ae39e50cbd7035fa8af,21,mixto,0.6667,0.9048,1.0,2.0,5.0,414.0
ab2dd6e0890c4b5483973add6fa1b91b,e8dde9d26979498786c6ba5a82f70ad3,20,mixto,0.0,0.1,337.0,346.5,571.0,1274.15
5492b6e4db6948aca469c21d05b18721,67eb30db49f240b08ab2b3f422f92cdf,20,mixto,0.0,0.05,214.5,359.5,644.5,995.35
d602a0071f3f4db8b37a87cffd89bf23,fd595f24910c4126b7398b3e081af528,20,mixto,0.05,0.15,132.75,384.5,470.75,649.5
2ff516ac74a44ebfa3a522adbde28a0f,4f4d89fa8ce34da19ecb340c1d267a3e,20,consistente,0.0,0.75,29.75,42.5,57.75,297.1
209ce526160947f0b398566cd4cbfd0d,ac8e668f620b403b9ccc6486c0e365c7,20,mixto,0.0,0.0,299.25,363.5,371.25,502.2
01b56ab5b9be43e19fa06300994787ec,08165f6182bc4dfc9dc1d7774508bbc6,20,mixto,0.0,0.2,92.0,362.0,788.5,1147.6
2549b51828ce40af920a932dd2102217,6a91c10b9e8341afbd387fb72bab3cf7,20,mixto,0.05,0.25,62.5,187.5,577.0,1159.0
309b72a99d154079a6ab5d23444fd7dd,91f3f86897ff4ae39e50cbd7035fa8af,20,mixto,0.0,0.2,196.75,423.0,1007.75,1116.0
6a91c10b9e8341afbd387fb72bab3cf7,0f33ab6447034fe49d1629353a119e47,20,mixto,0.1,0.4,25.75,138.0,232.25,498.55
2549b51828ce40af920a932dd2102217,6e12533e73a048efa8bcc0a30f2b7684,20,mixto,0.05,0.35,30.75,105.0,229.75,593.35
5ad019e5f0e445e8b37fc4ed60a3447c,4234d86a351e4a7e9ea293e33836ae45,20,mixto,0.15,0.65,9.75,31.0,77.75,98.95
818d938a32ad4dc19cfd13f6575ddc5a,7f2c2c35a2de4624ad938147f73f271a,20,mixto,0.0,0.65,21.75,43.0,97.75,310.1
67339e06f4b44f78994ff4785178807a,1ad6835586034de0b29f4a402b182c6c,20,mixto,0.0,0.25,59.5,264.5,609.0,947.4
ffaec74bfd414f8394bab077a989e27f,387ff07354a74657a44369e05d83234a,20,mixto,0.0,0.4,38.25,110.0,643.25,1194.2
88d08ee1a5384a7fbe4bfddb8928ce82,2549b51828ce40af920a932dd2102217,20,mixto,0.1,0.3,37.75,176.0,368.5,459.2
123,88d08ee1a5384a7fbe4bfddb8928ce82,20,mixto,0.0,0.0,97.25,250.0,259.0,285.8
d602a0071f3f4db8b37a87cffd89bf23,64b50202d6b74bfcb78c7342823e0f4f,20,mixto,0.0,0.3,29.0,525.0,1040.5,1277.0
495c261c0f484bd08e232f7358452c4d,ae54454684154c25bd33c6e04609652b,20,mixto,0.0,0.05,271.0,579.0,959.25,1119.5
9a76efc4c34e4bd7843206658dc45454,6a91c10b9e8341afbd387fb72bab3cf7,20,mixto,0.2,0.55,7.5,37.0,115.25,894.0
88d08ee1a5384a7fbe4bfddb8928ce82,c82f84bf3f2b451393445a0cb6883665,20,mixto,0.0,0.1,141.75,212.0,338.25,407.25
209ce526160947f0b398566cd4cbfd0d,3d639e0a581e4afbbc3976eed669f5c6,20,mixto,0.0,0.25,83.75,108.5,281.25,733.35
d602a0071f3f4db8b37a87cffd89bf23,9ad41e803fff463bac913cedefca7796,20,mixto,0.0,0.2,103.5,176.0,323.0,466.65
c13d78fe65b94d05ad83b59494767b9f,4a94478dd25f4430a0a023b87e11170d,20,mixto,0.25,0.95,4.5,16.0,23.75,55.4
347178b052294153af290d6a84589868,ee00832abfba40b38335ce48a12981b5,20,mixto,0.05,0.15,82.5,172.5,228.0,237.0
123,b34fe8a89b9a43189ec5be764c3b695c,20,mixto,0.1,0.45,11.5,69.5,120.0,482.1
31050e1a1dcb4c9899ba77be32449e54,2549b51828ce40af920a932dd2102217,20,mixto,0.0,0.1,134.0,260.5,314.25,611.2
645a4f092abd49f0820b8a5507e3dea0,6e12533e73a048efa8bcc0a30f2b7684,20,mixto,0.25,0.35,5.5,1025.0,1027.0,1029.0
38b3f29fe39b4e87b5f7982165de8cf1,9ad41e803fff463bac913cedefca7796,20,mixto,0.0,0.25,59.0,129.0,215.5,381.15
399e7fc266894562850261cfbc06b992,4a94478dd25f4430a0a023b87e11170d,20,mixto,0.0,0.75,28.5,36.0,156.25,957.15
d602a0071f3f4db8b37a87cffd89bf23,74ed652f9a9242c590651fe4cff0d492,20,consistente,0.0,0.0,86.5,94.0,101.0,106.15
ed07316d9d6344a9ab11e8a41fdc413a,91f3f86897ff4ae39e50cbd7035fa8af,20,consistente,0.0,0.05,140.25,189.0,230.5,256.05
6d52b87b5a964c61ad7e28afd9499f18,6a322ad743e3464bae56d2d9b180078a,20,mixto,0.15,0.35,41.25,112.0,174.5,357.95
dd7629fec91f4599b3cf8c0dd0b984ac,3d6941a46f8b4441973872f1f209bdec,20,mixto,0.1,0.8,8.25,21.0,48.5,712.05
fb3957569a8d49528c3571bcb4703f55,dd7629fec91f4599b3cf8c0dd0b984ac,19,mixto,0.0,0.0526,122.5,238.0,555.0,1086.8
67339e06f4b44f78994ff4785178807a,c7898e94d376496db2a6d220f486db47,19,mixto,0.0,0.2105,68.0,98.0,284.0,349.8
88d08ee1a5384a7fbe4bfddb8928ce82,dd7629fec91f4599b3cf8c0dd0b984ac,19,mixto,0.0,0.1579,84.0,166.0,338.0,483.9
67339e06f4b44f78994ff4785178807a,b1b009877e0c4e0790fd92559d853d69,19,mixto,0.0,0.1053,118.5,304.0,339.0,443.7
a7709b21161d459298dc5dc58e77310b,781903276b2548499891c4c91c5d278b,19,consistente,0.0526,0.8947,15.5,19.0,23.5,525.5
9a76efc4c34e4bd7843206658dc45454,ac8e668f620b403b9ccc6486c0e365c7,19,mixto,0.0526,0.4211,13.0,84.0,101.0,135.4
fd595f24910c4126b7398b3e081af528,dd7629fec91f4599b3cf8c0dd0b984ac,19,mixto,0.0526,0.5263,32.5,55.0,237.0,490.1
5492b6e4db6948aca469c21d05b18721,9c9359fefd164d388f8a5edc2bac301e,19,mixto,0.0526,0.2632,66.0,134.0,217.5,394.8
d254feea701346a399887b9fe59ac61a,1006a34f43ad4c308f0a57736ffd4eeb,19,mixto,0.8421,0.8421,1.0,1.0,1.5,258.2
ac7a1bf135744666be846c5bffff7cc8,b972e814004e4624a566f308901cca7c,19,mixto,0.0,0.1579,218.0,278.0,292.5,308.1
9a76efc4c34e4bd7843206658dc45454,b972e814004e4624a566f308901cca7c,19,mixto,0.0,0.2632,55.5,171.0,310.5,506.4
c82f84bf3f2b451393445a0cb6883665,b15e46acff6b4a7487ad18cdac3a21d0,19,mixto,0.0,0.1579,287.5,858.0,941.5,1129.1
dcd0b6134a8846c1ac7171f8530945ab,2a1ad7012aa3426ab2592dd06689329b,19,consistente,0.1053,0.7368,13.5,34.0,66.0,108.6
9728891232324c3cb03aa5382847d19d,b972e814004e4624a566f308901cca7c,19,mixto,0.0,0.1053,168.0,275.0,387.0,808.0
38b3f29fe39b4e87b5f7982165de8cf1,2549b51828ce40af920a932dd2102217,19,mixto,0.0526,0.2632,66.5,159.0,363.0,1129.6
d74a389b77734996ba37fa61a0d08341,ae4caa1cb2154cac89440f3fe18251cb,19,mixto,0.1579,0.4737,10.0,66.0,1307.5,1327.3
9a76efc4c34e4bd7843206658dc45454,ed07316d9d6344a9ab11e8a41fdc413a,19,mixto,0.3158,0.4211,3.5,104.0,159.0,193.0
2ae2ca1a377048a58815f54a432f8a21,e8dde9d26979498786c6ba5a82f70ad3,19,mixto,0.0526,0.3158,30.0,235.0,499.0,738.6
a647689891b84948871ff7099253a553,d602a0071f3f4db8b37a87cffd89bf23,19,mixto,0.1053,0.4737,18.5,137.0,680.5,1042.4
ffaec74bfd414f8394bab077a989e27f,fdd7e5cf453e42d7b8cb2334d3a7bff9,19,mixto,0.0526,0.2632,71.0,164.0,722.0,756.1
1eec93924a1046efbad70c851782ab8a,67eb30db49f240b08ab2b3f422f92cdf,19,mixto,0.0,0.1579,181.0,218.0,454.0,1123.0
d602a0071f3f4db8b37a87cffd89bf23,ed6beff4035f49c6997be95df71e5544,19,mixto,0.0,0.2632,66.5,328.0,694.0,780.9
5235b9f356954973a226cb6fc12c9d6e,b972e814004e4624a566f308901cca7c,19,mixto,0.0,0.0526,121.5,254.0,414.5,711.1
9c9359fefd164d388f8a5edc2bac301e,dd7629fec91f4599b3cf8c0dd0b984ac,19,mixto,0.0526,0.1579,109.5,206.0,334.5,404.5
c82f84bf3f2b451393445a0cb6883665,e5b8388e1275417395d526c566b0e1e8,19,mixto,0.2105,0.8947,5.5,10.0,23.0,112.5
cb9e2b9dd1cd44c5b7d4fdcfbbf3f5e0,16ffe077cc1a4b11a19bea91abce6f9c,19,mixto,0.2105,0.2632,55.5,162.0,295.5,420.9
ef1dd1f1a5b94d0eacb669f7b3ec2911,ffaec74bfd414f8394bab077a989e27f,19,mixto,0.1053,0.3684,40.5,78.0,203.5,1202.1
1eec93924a1046efbad70c851782ab8a,94d27864f86d422faa68efccb908cc34,19,mixto,0.1053,0.5263,25.0,51.0,79.5,1313.0
ee00832abfba40b38335ce48a12981b5,1ad6835586034de0b29f4a402b182c6c,19,mixto,0.1053,0.2105,114.0,247.0,346.5,840.7
9a76efc4c34e4bd7843206658dc45454,41da80f6154c4d918166fc43862f5d78,19,mixto,0.1053,0.6316,9.5,20.0,98.0,417.1
ae54454684154c25bd33c6e04609652b,86144f0d3b814c1d8c013f7aade6c55d,19,mixto,0.0,0.2632,54.0,249.0,657.0,984.7
2549b51828ce40af920a932dd2102217,4f4d89fa8ce34da19ecb340c1d267a3e,19,mixto,0.0,0.3158,35.0,156.0,413.5,819.6
6e12533e73a048efa8bcc0a30f2b7684,209ce526160947f0b398566cd4cbfd0d,19,mixto,0.0526,0.2105,92.0,307.0,507.0,808.9
9f5eb34dc330412990d7da2fd1db9e64,67339e06f4b44f78994ff4785178807a,19,mixto,0.0526,0.2632,50.0,201.0,346.5,506.7
942d80695ebe4218af105e03e6622f49,67339e06f4b44f78994ff4785178807a,19,mixto,0.0,0.2105,235.5,633.0,873.5,1291.5
9a76efc4c34e4bd7843206658dc45454,0de46482bc4d409c86f652534e4b47eb,19,mixto,0.1053,0.5263,10.0,37.0,115.5,483.8
ffaec74bfd414f8394bab077a989e27f,74e60dc3bc26493d81088e4d322b7c39,19,mixto,0.0,0.3684,37.5,67.0,518.0,818.1
cb9e2b9dd1cd44c5b7d4fdcfbbf3f5e0,86144f0d3b814c1d8c013f7aade6c55d,19,mixto,0.0,0.0526,225.0,502.0,517.5,530.4
c82f84bf3f2b451393445a0cb6883665,fd595f24910c4126b7398b3e081af528,19,mixto,0.0,0.4211,15.0,402.0,575.5,1162.0
3346db58cd2d474fbcf63e827462b85d,1e801411cdbd40aa92ad0dfc09000f69,19,mixto,0.0,0.2632,82.0,309.0,425.0,508.4
d602a0071f3f4db8b37a87cffd89bf23,3e2a4d42827d43d0b90248199e58e98e,19,mixto,0.0,0.0526,131.0,208.0,297.0,983.4
123,fdf0c4b762684098915b4fa4884af400,19,mixto,0.0,0.4737,26.5,66.0,1111.5,1114.2
9a76efc4c34e4bd7843206658dc45454,32f2a35e790544ec9e040345f8a364f3,18,mixto,0.3889,1.0,3.0,7.0,12.75,37.2
d602a0071f3f4db8b37a87cffd89bf23,55c1817c84554dc881bc439a4b00abed,18,mixto,0.0,0.0556,357.0,364.0,364.0,1130.35
cb9e2b9dd1cd44c5b7d4fdcfbbf3f5e0,91f3f86897ff4ae39e50cbd7035fa8af,18,mixto,0.0,0.0,97.5,205.0,219.0,230.8
c5b83bbfa22c4c31a5743485b4c6e524,6a322ad743e3464bae56d2d9b180078a,18,mixto,0.0556,0.2778,58.75,184.0,250.75,832.85
3346db58cd2d474fbcf63e827462b85d,0a0b41b45e2143ad8d97436f8561b1ca,18,mixto,0.0,0.2222,62.75,171.5,287.0,386.3
c82f84bf3f2b451393445a0cb6883665,18bec3e707784a978d9d89f2967f87de,18,mixto,0.0,0.0,206.25,666.5,824.75,973.15
ae4caa1cb2154cac89440f3fe18251cb,a7a98dfdf4dd4a8fa248cae682395965,18,mixto,0.0,0.8333,9.0,29.5,39.25,536.6
2549b51828ce40af920a932dd2102217,cd40ad229df147389504190c71de61f5,18,consistente,0.0,0.6667,39.0,40.0,142.5,442.75
3346db58cd2d474fbcf63e827462b85d,6a322ad743e3464bae56d2d9b180078a,18,mixto,0.1111,0.2222,92.75,173.0,274.25,607.4
d254feea701346a399887b9fe59ac61a,02f0f8beb94542deac503efd6a774262,18,mixto,0.0,0.1667,89.5,189.5,260.75,435.6
88d08ee1a5384a7fbe4bfddb8928ce82,ae4caa1cb2154cac89440f3fe18251cb,18,mixto,0.1111,0.1667,96.75,313.5,385.25,682.0
ae54454684154c25bd33c6e04609652b,347178b052294153af290d6a84589868,18,mixto,0.0556,0.1667,92.0,165.0,524.5,1154.0
1c6f1fdb9e7544aaac5f4daf9243ca1e,0a0b41b45e2143ad8d97436f8561b1ca,18,mixto,0.1111,0.2778,57.75,124.5,333.75,399.45
7249a9adb1c343aba8db068dbe0c3795,d602a0071f3f4db8b37a87cffd89bf23,18,mixto,0.0,0.1667,111.5,418.0,779.75,1096.3
9c9359fefd164d388f8a5edc2bac301e,7249a9adb1c343aba8db068dbe0c3795,18,mixto,0.0,0.1111,205.75,311.5,439.0,618.8
9a76efc4c34e4bd7843206658dc45454,b9e3f79c40594953af24e9a43eba4e0c,18,mixto,0.0556,0.8889,10.25,21.0,31.25,109.55
123,fb74231009884254b2d13b0fd9056247,18,mixto,0.2778,0.7222,5.25,10.5,61.25,134.6
2ff516ac74a44ebfa3a522adbde28a0f,495c261c0f484bd08e232f7358452c4d,18,mixto,0.0556,0.6111,15.25,44.5,388.75,623.15
123,8c1942e0cdce4f71b53f62474322f0b7,18,mixto,0.1111,0.5556,12.25,42.0,236.25,505.05
1eec93924a1046efbad70c851782ab8a,2549b51828ce40af920a932dd2102217,18,mixto,0.0556,0.3889,52.75,200.5,322.5,585.4
67339e06f4b44f78994ff4785178807a,4f4d89fa8ce34da19ecb340c1d267a3e,18,mixto,0.0,0.2778,64.0,166.5,224.0,546.45
94d27864f86d422faa68efccb908cc34,e10304f95c2b40738695563eb9b8662c,18,mixto,0.0,0.8333,7.0,22.5,34.75,113.0
4060f34dc33042fda53efdfd0594b679,2549b51828ce40af920a932dd2102217,18,mixto,0.0,0.1111,91.75,178.5,394.5,725.3
6d52b87b5a964c61ad7e28afd9499f18,6d52b87b5a964c61ad7e28afd9499f16,18,mixto,0.0,0.3889,35.75,83.5,237.75,389.8
67339e06f4b44f78994ff4785178807a,ee1016d1de3347b79368186e86dfc2c2,18,mixto,0.0,0.2778,64.0,240.0,313.5,508.7
4a94478dd25f4430a0a023b87e11170d,6daae6995cb245348bb2b5432ccc9948,18,mixto,0.0,0.0556,164.25,383.5,492.75,645.6
ae4caa1cb2154cac89440f3fe18251cb,006b85a984e94ce88ddb035ec01b2d70,18,mixto,0.0,0.0556,138.25,165.5,309.5,426.3
b972e814004e4624a566f308901cca7c,cb9e2b9dd1cd44c5b7d4fdcfbbf3f5e0,18,mixto,0.0,0.2222,90.25,179.0,262.0,400.05
14cc5dc0682d44fe99d2d91e1eaafac7,ffaec74bfd414f8394bab077a989e27f,18,mixto,0.2778,0.7778,4.5,9.5,47.0,338.9
9f88dc88029e42d3a5b082ab396be6d3,d602a0071f3f4db8b37a87cffd89bf23,18,mixto,0.0,0.0556,113.5,221.5,537.25,796.3
4a94478dd25f4430a0a023b87e11170d,b4206ac5e3224dfd900588a8f7caf95e,18,mixto,0.1111,0.5556,24.5,34.0,261.5,749.35
c5b83bbfa22c4c31a5743485b4c6e524,cb9e2b9dd1cd44c5b7d4fdcfbbf3f5e0,18,mixto,0.0,0.5,50.0,70.0,211.75,1039.3
9c9359fefd164d388f8a5edc2bac301e,94d27864f86d422faa68efccb908cc34,18,mixto,0.0,0.1667,127.0,141.0,282.0,409.35
dcd0b6134a8846c1ac7171f8530945ab,64d9be8046574fbfbc1fb14c9912afea,18,mixto,0.1667,0.3889,33.25,85.5,356.5,528.05
0a750e36725e495ba32bd43a5f170724,2549b51828ce40af920a932dd2102217,18,mixto,0.0,0.5556,21.5,56.0,100.5,590.3
67eb30db49f240b08ab2b3f422f92cdf,6daae6995cb245348bb2b5432ccc9948,18,mixto,0.0,0.1111,153.0,224.0,407.25,456.15
9a76efc4c34e4bd7843206658dc45454,fd595f24910c4126b7398b3e081af528,18,mixto,0.1111,0.8333,6.25,17.5,41.0,759.3
d602a0071f3f4db8b37a87cffd89bf23,d737d0eb953546a79b478a6944694bde,18,mixto,0.0,0.3889,41.25,379.0,500.75,1212.5
88d08ee1a5384a7fbe4bfddb8928ce82,f883bd6d70b043a09837e8b888fe3f65,18,mixto,0.0556,0.3333,46.0,94.0,190.5,343.35
c82f84bf3f2b451393445a0cb6883665,2e0f9d54f6534336a19fffacd7b6af40,18,mixto,0.0,0.5556,23.25,37.0,342.25,782.9
c13d78fe65b94d05ad83b59494767b9f,123,18,mixto,0.0,0.3333,45.25,95.5,481.75,933.1
b15e46acff6b4a7487ad18cdac3a21d0,d602a0071f3f4db8b37a87cffd89bf23,18,mixto,0.1111,0.3333,47.5,630.0,864.0,1108.65
01b56ab5b9be43e19fa06300994787ec,94d27864f86d422faa68efccb908cc34,18,mixto,0.0,0.1111,241.0,938.5,1034.75,1136.7
b3b9221510904977b1c9f12ea7108119,c150a834cbcc40d09aeed2f8703f4dd3,18,mixto,0.1111,0.7222,19.25,33.0,113.75,209.25
0f33ab6447034fe49d1629353a119e47,6d52b87b5a964c61ad7e28afd9499f18,18,mixto,0.0556,0.2778,59.75,145.0,259.75,475.0
c82f84bf3f2b451393445a0cb6883665,3e2a4d42827d43d0b90248199e58e98e,18,mixto,0.0,0.5556,31.0,55.0,101.0,134.05
c82f84bf3f2b451393445a0cb6883665,be09a0ddbb9b4c4aaf78903e0ca27a75,18,mixto,0.1111,0.8333,5.25,9.0,18.75,542.3
d602a0071f3f4db8b37a87cffd89bf23,7f2c2c35a2de4624ad938147f73f271a,18,mixto,0.0,0.0556,345.5,709.5,1039.75,1153.6
1bb1657eb2eb43808f0529810258aa3b,91f3f86897ff4ae39e50cbd7035fa8af,18,consistente,0.0,0.0556,247.25,373.0,488.75,980.8
0c9b4939dda942a09aff8e8b1db03917,4a94478dd25f4430a0a023b87e11170d,18,consistente,0.0556,0.1667,136.25,148.5,255.5,274.3
9c9359fefd164d388f8a5edc2bac301e,f883bd6d70b043a09837e8b888fe3f65,18,mixto,0.0,0.1667,105.25,190.0,383.75,674.25
6daae6995cb245348bb2b5432ccc9948,ffaec74bfd414f8394bab077a989e27f,18,consistente,0.0,0.0,155.75,286.0,732.5,815.3
c82f84bf3f2b451393445a0cb6883665,a7709b21161d459298dc5dc58e77310b,17,mixto,0.0,0.4118,19.0,260.0,632.0,736.4
0f33ab6447034fe49d1629353a119e47,1ad6835586034de0b29f4a402b182c6c,17,mixto,0.0,0.1176,207.0,431.0,742.0,775.2
0de46482bc4d409c86f652534e4b47eb,c82f84bf3f2b451393445a0cb6883665,17,mixto,0.0588,0.5882,25.0,44.0,133.0,244.0
ee1016d1de3347b79368186e86dfc2c2,64d9be8046574fbfbc1fb14c9912afea,17,mixto,0.0588,0.2353,60.0,177.0,275.0,530.8
67eb30db49f240b08ab2b3f422f92cdf,79bvfghg9a0a8tm25d16sddg7d61d4710,17,mixto,0.2353,0.2941,21.0,163.0,230.0,504.2
569c7b3055084660b7d89fe87a1d6d37,3009f6f4befb498fbed7dbf1b189f47c,17,mixto,0.0,0.2353,84.0,139.0,209.0,346.2
67339e06f4b44f78994ff4785178807a,888fb026b62d4a75920fe44a0af43ad4,17,mixto,0.0,0.2941,34.0,252.0,440.0,512.4
6d52b87b5a964c61ad7e28afd9499f18,2549b51828ce40af920a932dd2102217,17,mixto,0.0588,0.4118,46.0,117.0,210.0,440.0
51e1587ac2364f19bb4a9344841af223,d602a0071f3f4db8b37a87cffd89bf23,17,mixto,0.0,0.1765,290.0,850.0,1019.0,1304.0
79bvfghg9a0a8tm25d16sddg7d61d4710,1ad6835586034de0b29f4a402b182c6c,17,mixto,0.0,0.4118,41.0,179.0,361.0,541.4
44568175e9ff4fdcb98cd4e9d368ce11,f883bd6d70b043a09837e8b888fe3f65,17,mixto,0.1176,0.5882,27.0,56.0,138.0,190.2
7d0c4697a4f849e38021ccb192e0b4a7,399e7fc266894562850261cfbc06b992,17,mixto,0.0,0.5294,32.0,50.0,242.0,407.0
2ae2ca1a377048a58815f54a432f8a21,fdd7e5cf453e42d7b8cb2334d3a7bff9,17,mixto,0.0,0.7059,16.0,31.0,125.0,304.8
88d08ee1a5384a7fbe4bfddb8928ce82,95b7bf6083634811b6ec1552e2ed5fad,17,mixto,0.0,0.1176,119.0,208.0,249.0,348.2
9c9359fefd164d388f8a5edc2bac301e,6d52b87b5a964c61ad7e28afd9499f18,17,mixto,0.0,0.0588,143.0,210.0,352.0,449.4
399e7fc266894562850261cfbc06b992,c82f84bf3f2b451393445a0cb6883665,17,mixto,0.0,0.3529,20.0,178.0,447.0,753.0
94d27864f86d422faa68efccb908cc34,74e60dc3bc26493d81088e4d322b7c39,17,mixto,0.0,0.2941,34.0,153.0,184.0,538.4
02f0f8beb94542deac503efd6a774262,91f3f86897ff4ae39e50cbd7035fa8af,17,mixto,0.0,0.1765,112.0,192.0,291.0,568.2
2549b51828ce40af920a932dd2102217,ab2dd6e0890c4b5483973add6fa1b91b,17,mixto,0.0,0.2353,62.0,201.0,204.0,385.4
2549b51828ce40af920a932dd2102217,3af2d18b09e6443fa289e956fc10669f,17,mixto,0.0,0.2941,59.0,118.0,295.0,543.2
bf676d9b342d438d8bd0b02c718133af,94d27864f86d422faa68efccb908cc34,17,consistente,0.0,0.0588,316.0,441.0,567.0,655.2
ed07316d9d6344a9ab11e8a41fdc413a,123,17,mixto,0.0,0.2353,67.0,111.0,160.0,204.4
c6f7ed5bd4954356b00aac92c9fff41a,942d80695ebe4218af105e03e6622f49,17,mixto,0.0588,0.3529,51.0,80.0,255.0,526.4
347178b052294153af290d6a84589868,cc892c05f6d94315be2b7539e45b9170,17,mixto,0.0,0.0,470.0,470.0,470.0,471.0
818d938a32ad4dc19cfd13f6575ddc5a,d74a389b77734996ba37fa61a0d08341,17,mixto,0.3529,0.7647,3.0,13.0,38.0,271.8
3af2d18b09e6443fa289e956fc10669f,e8dde9d26979498786c6ba5a82f70ad3,17,mixto,0.0,0.1176,163.0,365.0,548.0,939.2
2e0f9d54f6534336a19fffacd7b6af40,ee00832abfba40b38335ce48a12981b5,17,mixto,0.0,0.7647,15.0,40.0,46.0,133.4
9c9359fefd164d388f8a5edc2bac301e,c52ceac3693c4644bb20f07dd8aa7103,17,mixto,0.0,0.2941,49.0,145.0,274.0,453.6
9ae55707cfcb459f9dcb36f8719d9cfa,0f33ab6447034fe49d1629353a119e47,17,mixto,0.0,0.3529,47.0,158.0,163.0,287.0
ed07316d9d6344a9ab11e8a41fdc413a,ffaec74bfd414f8394bab077a989e27f,17,mixto,0.0,0.2353,64.0,108.0,157.0,201.4
ae4caa1cb2154cac89440f3fe18251cb,31050e1a1dcb4c9899ba77be32449e54,17,mixto,0.0588,0.4118,16.0,113.0,411.0,1121.8
b785d3ec935248ff8a8fd358f7765463,ae4caa1cb2154cac89440f3fe18251cb,17,mixto,0.0,0.0588,584.0,586.0,933.0,1058.4
0f09709c70c441b59a6fe616f84a5302,cd28f604c0b947398b97af66908be0b6,17,mixto,0.0588,0.4706,18.0,87.0,119.0,152.0
ae54454684154c25bd33c6e04609652b,6d52b87b5a964c61ad7e28afd9499f18,17,mixto,0.0,0.5294,38.0,53.0,130.0,804.0
b4206ac5e3224dfd900588a8f7caf95e,9ae54d261e454c93ae1c2cdec0fd03e6,17,mixto,0.2941,0.8824,3.0,21.0,38.0,430.6
64d9be8046574fbfbc1fb14c9912afea,13ba077e1e654a54993e85f4fdfd2aa3,17,mixto,0.0588,0.5882,31.0,54.0,82.0,222.2
86480a9f563349b1a2974d9f43548e59,123,17,mixto,0.0,0.0,261.0,292.0,314.0,826.8
6e12533e73a048efa8bcc0a30f2b7684,c82f84bf3f2b451393445a0cb6883665,17,mixto,0.0,0.0588,114.0,331.0,513.0,834.0
41da80f6154c4d918166fc43862f5d78,cb9e2b9dd1cd44c5b7d4fdcfbbf3f5e0,17,mixto,0.2353,0.7059,5.0,8.0,234.0,412.0
6a91c10b9e8341afbd387fb72bab3cf7,67eb30db49f240b08ab2b3f422f92cdf,17,mixto,0.0588,0.6471,24.0,39.0,75.0,369.0
b972e814004e4624a566f308901cca7c,dd7629fec91f4599b3cf8c0dd0b984ac,17,mixto,0.0,0.0,178.0,361.0,495.0,574.8
67eb30db49f240b08ab2b3f422f92cdf,2e0f9d54f6534336a19fffacd7b6af40,17,mixto,0.0,0.5882,24.0,42.0,359.0,671.0
86144f0d3b814c1d8c013f7aade6c55d,f883bd6d70b043a09837e8b888fe3f65,16,mixto,0.0,0.0625,101.75,144.0,289.75,360.0
5492b6e4db6948aca469c21d05b18721,894c246eb00a482da371617f75149e30,16,mixto,0.0625,0.4375,25.25,90.0,178.25,254.25
94d27864f86d422faa68efccb908cc34,dc821110e3f34bf3984d61955ced2e69,16,mixto,0.0625,0.4375,30.5,91.0,129.5,411.25
495c261c0f484bd08e232f7358452c4d,74e60dc3bc26493d81088e4d322b7c39,16,mixto,0.0,0.3125,50.0,115.5,515.5,822.0
67339e06f4b44f78994ff4785178807a,645a4f092abd49f0820b8a5507e3dea0,16,mixto,0.0,0.0,188.75,244.0,329.0,350.25
56da1c80cfea4a5b83326bfef271fc3e,c82f84bf3f2b451393445a0cb6883665,16,mixto,0.0625,0.3125,14.0,165.5,221.5,445.0
d254feea701346a399887b9fe59ac61a,2ae2ca1a377048a58815f54a432f8a21,16,mixto,0.75,0.9375,1.0,2.0,4.75,239.5
67339e06f4b44f78994ff4785178807a,31050e1a1dcb4c9899ba77be32449e54,16,mixto,0.0,0.0,365.25,464.0,741.75,787.25
818d938a32ad4dc19cfd13f6575ddc5a,123,16,mixto,0.0,0.125,214.25,241.5,282.75,334.75
123,f2eaffaf45b84b9c8e39cc303a97e9d7,16,mixto,0.125,0.8125,24.5,39.0,58.0,695.75
1eec93924a1046efbad70c851782ab8a,ae4caa1cb2154cac89440f3fe18251cb,16,mixto,0.0,0.1875,91.0,131.0,396.75,631.0
9a76efc4c34e4bd7843206658dc45454,40fc9588a8e04b28852ec1163528bb8a,16,mixto,0.375,0.5625,1.0,18.0,186.5,1142.75
78d2a80a1628414097285e5ece0cab12,123,16,mixto,0.0,0.25,70.5,457.0,501.5,582.75
52449c34bb1e47fe81802bf322dae8ee,6a322ad743e3464bae56d2d9b180078a,16,mixto,0.125,0.4375,27.0,151.5,274.75,658.75
ffaec74bfd414f8394bab077a989e27f,a647689891b84948871ff7099253a553,16,mixto,0.1875,0.3125,26.0,224.0,597.5,967.5
86144f0d3b814c1d8c013f7aade6c55d,64d9be8046574fbfbc1fb14c9912afea,16,mixto,0.125,0.125,101.25,176.0,266.25,576.75
41da80f6154c4d918166fc43862f5d78,32f2a35e790544ec9e040345f8a364f3,16,mixto,0.3125,0.875,4.0,6.0,10.25,190.0
dd7629fec91f4599b3cf8c0dd0b984ac,a7709b21161d459298dc5dc58e77310b,16,mixto,0.0625,0.6875,7.0,44.5,133.5,403.75
32f2a35e790544ec9e040345f8a364f3,1ad6835586034de0b29f4a402b182c6c,16,mixto,0.25,0.3125,7.0,73.0,526.25,646.0
67339e06f4b44f78994ff4785178807a,6e12533e73a048efa8bcc0a30f2b7684,16,mixto,0.0625,0.0625,171.75,232.0,419.0,599.25
be09a0ddbb9b4c4aaf78903e0ca27a75,64b50202d6b74bfcb78c7342823e0f4f,16,mixto,0.5,0.75,2.75,10.5,88.0,732.25
67339e06f4b44f78994ff4785178807a,ef1dd1f1a5b94d0eacb669f7b3ec2911,16,mixto,0.0625,0.125,198.25,661.0,905.25,914.75
5492b6e4db6948aca469c21d05b18721,6d52b87b5a964c61ad7e28afd9499f18,16,mixto,0.0,0.0625,104.0,310.5,412.75,579.25
a7709b21161d459298dc5dc58e77310b,e8dde9d26979498786c6ba5a82f70ad3,16,mixto,0.0,0.1875,158.0,624.0,635.0,642.5
d602a0071f3f4db8b37a87cffd89bf23,3d639e0a581e4afbbc3976eed669f5c6,16,mixto,0.0,0.0625,259.5,350.5,704.75,1077.75
2549b51828ce40af920a932dd2102217,b4206ac5e3224dfd900588a8f7caf95e,16,mixto,0.0625,0.625,11.0,16.0,311.25,467.25
ffaec74bfd414f8394bab077a989e27f,0de46482bc4d409c86f652534e4b47eb,16,mixto,0.0625,0.625,8.25,47.5,78.75,310.5
123,b992e6a27eb249658efce6ca0cc286dc,16,mixto,0.0625,0.3125,58.0,157.5,337.0,491.0
e16bdf2168e144d396be917a93114bfa,67339e06f4b44f78994ff4785178807a,16,mixto,0.0625,0.1875,95.0,164.5,347.5,467.5
ae4caa1cb2154cac89440f3fe18251cb,6e12533e73a048efa8bcc0a30f2b7684,16,mixto,0.0625,0.125,106.0,312.5,871.5,941.75
b785d3ec935248ff8a8fd358f7765463,94d27864f86d422faa68efccb908cc34,16,mixto,0.125,0.875,8.5,12.0,15.0,361.75
9ae54d261e454c93ae1c2cdec0fd03e6,2ae2ca1a377048a58815f54a432f8a21,16,mixto,0.0625,0.5625,17.25,42.5,116.75,1056.5
6d52b87b5a964c61ad7e28afd9499f18,b3eb39eeec084dcd92806f5f6081e175,16,mixto,0.0,0.0,160.75,369.0,487.25,671.0
495c261c0f484bd08e232f7358452c4d,dc821110e3f34bf3984d61955ced2e69,16,mixto,0.0625,0.375,19.0,194.0,368.5,1097.5
9c9359fefd164d388f8a5edc2bac301e,9a8b89a81b6a4af6a344229958ea3cdf,16,mixto,0.0,0.1875,63.0,96.5,210.0,255.25
209ce526160947f0b398566cd4cbfd0d,2e0f9d54f6534336a19fffacd7b6af40,16,mixto,0.0,0.5,24.25,72.5,189.25,739.75
ed07316d9d6344a9ab11e8a41fdc413a,bca102f277434b31b59e4894d9eb5ef8,16,mixto,0.0,0.125,129.75,231.0,428.5,514.0
463f33b89c2c4f13aa89f8f5d5096d6a,d602a0071f3f4db8b37a87cffd89bf23,16,mixto,0.0,0.0,150.0,205.5,351.0,641.0
ae4caa1cb2154cac89440f3fe18251cb,02f0f8beb94542deac503efd6a774262,16,mixto,0.0,0.125,61.5,90.0,184.25,234.5
4060f34dc33042fda53efdfd0594b679,209ce526160947f0b398566cd4cbfd0d,16,mixto,0.0,0.3125,46.25,84.5,197.75,1149.0
4f22549f9d3a443cb041c0e55395dbf1,4a94478dd25f4430a0a023b87e11170d,16,mixto,0.0,0.0,171.0,1085.5,1090.25,1157.25
0f33ab6447034fe49d1629353a119e47,cb9e2b9dd1cd44c5b7d4fdcfbbf3f5e0,16,mixto,0.125,0.5,16.5,91.5,212.5,475.25
5492b6e4db6948aca469c21d05b18721,eaf8f2b0ccd04cf2a7bfcf357fe88ca2,15,mixto,0.0,0.1333,107.0,142.0,372.0,406.1
ffaec74bfd414f8394bab077a989e27f,e5b8388e1275417395d526c566b0e1e8,15,mixto,0.2,0.8,5.5,11.0,26.0,315.2
2c12290764aa4f67ba25e9cf801bd06c,123,15,mixto,0.0,0.1333,444.0,447.0,448.0,450.3
0f33ab6447034fe49d1629353a119e47,86144f0d3b814c1d8c013f7aade6c55d,15,mixto,0.0667,0.1333,222.0,345.0,479.0,824.9
c82f84bf3f2b451393445a0cb6883665,0dfdb4894c0e486faae2751590db44b8,15,mixto,0.0,0.8667,19.0,30.0,39.0,291.6
9ae54d261e454c93ae1c2cdec0fd03e6,cb9e2b9dd1cd44c5b7d4fdcfbbf3f5e0,15,mixto,0.0667,0.6667,17.0,28.0,95.5,393.6
0de46482bc4d409c86f652534e4b47eb,67eb30db49f240b08ab2b3f422f92cdf,15,mixto,0.0,0.0,176.0,202.0,221.0,269.3
3e2a4d42827d43d0b90248199e58e98e,26ce850e25c04398a2da12f4478e7597,15,mixto,0.2667,0.9333,4.5,13.0,25.5,45.0
347178b052294153af290d6a84589868,56da1c80cfea4a5b83326bfef271fc3e,15,mixto,0.0,0.0,160.5,311.0,351.0,696.4
5492b6e4db6948aca469c21d05b18721,64d9be8046574fbfbc1fb14c9912afea,15,mixto,0.1333,0.4667,23.5,66.0,203.5,223.6
14cc5dc0682d44fe99d2d91e1eaafac7,9c9359fefd164d388f8a5edc2bac301e,15,mixto,0.0,0.2,91.5,199.0,211.0,306.0
5492b6e4db6948aca469c21d05b18721,006b85a984e94ce88ddb035ec01b2d70,15,mixto,0.0,0.0667,120.0,239.0,334.0,455.4
c82f84bf3f2b451393445a0cb6883665,de90d8af20f547aaa9b3300c76251188,15,mixto,0.0,0.5333,22.0,51.0,389.0,546.2
dc821110e3f34bf3984d61955ced2e69,c5b83bbfa22c4c31a5743485b4c6e524,15,mixto,0.0667,0.5333,10.0,29.0,806.5,1025.5
ffaec74bfd414f8394bab077a989e27f,3d639e0a581e4afbbc3976eed669f5c6,15,mixto,0.0667,0.8,8.5,13.0,54.5,311.0
02f0f8beb94542deac503efd6a774262,86144f0d3b814c1d8c013f7aade6c55d,15,mixto,0.0,0.0,196.5,234.0,327.5,494.7
ae4caa1cb2154cac89440f3fe18251cb,285f4ab87d9a4484a4e8fa6e7db43fe6,15,mixto,0.0,0.3333,25.5,144.0,276.0,288.3
a6c839544c0440f5bf2ce98e7396613f,d602a0071f3f4db8b37a87cffd89bf23,15,mixto,0.0667,0.3333,21.5,175.0,335.0,519.6
645a4f092abd49f0820b8a5507e3dea0,94d27864f86d422faa68efccb908cc34,15,mixto,0.1333,0.6,8.5,26.0,355.5,695.6
123,7f2c2c35a2de4624ad938147f73f271a,15,mixto,0.0,0.4,46.0,69.0,444.5,1188.2
ae54454684154c25bd33c6e04609652b,dd7629fec91f4599b3cf8c0dd0b984ac,15,mixto,0.0,0.0667,162.5,225.0,251.5,258.2
006b85a984e94ce88ddb035ec01b2d70,c82f84bf3f2b451393445a0cb6883665,15,mixto,0.0,0.3333,23.0,150.0,278.0,469.5
a7709b21161d459298dc5dc58e77310b,0fee9ea463cb4ae5b1f27bdf560dfbfe,15,mixto,0.0667,0.2667,94.0,1152.0,1254.0,1256.3
b972e814004e4624a566f308901cca7c,3a631284571347bf8acba49209e63034,15,mixto,0.0,0.2667,82.0,157.0,254.0,427.1
123,ac8e668f620b403b9ccc6486c0e365c7,15,mixto,0.0667,0.6667,18.0,46.0,137.5,451.0
ac8e668f620b403b9ccc6486c0e365c7,1ad6835586034de0b29f4a402b182c6c,15,consistente,0.0,1.0,47.5,49.0,53.0,57.0
ae4caa1cb2154cac89440f3fe18251cb,fba5ab8c38d3426492c31c99ad569bdb,15,mixto,0.0,0.1333,80.5,183.0,309.0,485.1
ae4caa1cb2154cac89440f3fe18251cb,8ccf6c97b6eb4670bafec186fbe64f85,15,mixto,0.0,0.4,40.5,94.0,237.0,367.3
9a76efc4c34e4bd7843206658dc45454,8c1942e0cdce4f71b53f62474322f0b7,15,mixto,0.4,0.8,4.0,5.0,41.5,244.3
dd7629fec91f4599b3cf8c0dd0b984ac,26ce850e25c04398a2da12f4478e7597,15,mixto,0.0,0.4667,22.0,227.0,801.5,861.7
f62c9a57b0fc4355a33b3ceefb0952b3,67339e06f4b44f78994ff4785178807a,15,mixto,0.0667,0.4,43.5,138.0,246.5,462.8
1ad6835586034de0b29f4a402b182c6c,4ef0ced873174ee9afc306e414132c72,15,mixto,0.2,0.7333,7.0,12.0,244.5,462.0
f44bedcfbdb64a818e717b872a002abd,86144f0d3b814c1d8c013f7aade6c55d,15,consistente,0.0,0.2667,61.0,376.0,424.5,475.5
9a76efc4c34e4bd7843206658dc45454,7f2c2c35a2de4624ad938147f73f271a,15,mixto,0.4,0.9333,2.0,5.0,5.0,220.2
067325b206034a09a16597b6c55d26a8,2549b51828ce40af920a932dd2102217,15,consistente,0.0667,1.0,24.5,27.0,28.5,30.6
1bb1657eb2eb43808f0529810258aa3b,6a322ad743e3464bae56d2d9b180078a,15,mixto,0.0,0.1333,161.5,353.0,566.0,1249.8
e8dde9d26979498786c6ba5a82f70ad3,31050e1a1dcb4c9899ba77be32449e54,15,mixto,0.0,0.0,276.5,475.0,935.5,1231.3
86144f0d3b814c1d8c013f7aade6c55d,94d27864f86d422faa68efccb908cc34,15,mixto,0.0,0.2667,50.0,80.0,229.5,1046.5
55c1817c84554dc881bc439a4b00abed,67eb30db49f240b08ab2b3f422f92cdf,15,mixto,0.0,0.2667,55.5,139.0,308.5,441.7
2549b51828ce40af920a932dd2102217,68b13a1228424526b43e2f78716efd3b,15,mixto,0.0,0.2,115.5,213.0,440.0,489.6
14cc5dc0682d44fe99d2d91e1eaafac7,67339e06f4b44f78994ff4785178807a,15,mixto,0.0,0.4667,41.5,97.0,242.0,563.2
d602a0071f3f4db8b37a87cffd89bf23,fdf0c4b762684098915b4fa4884af400,15,mixto,0.0,0.4667,30.0,102.0,214.0,352.1
eaf8f2b0ccd04cf2a7bfcf357fe88ca2,9ad41e803fff463bac913cedefca7796,15,mixto,0.0,0.3333,46.5,278.0,895.5,1128.8
4830b97416a14d1485ccb85c9f9baa4e,495c261c0f484bd08e232f7358452c4d,15,mixto,0.0,0.5333,23.5,41.0,111.5,455.0
cb9e2b9dd1cd44c5b7d4fdcfbbf3f5e0,67339e06f4b44f78994ff4785178807a,15,mixto,0.0,0.2667,52.5,98.0,480.5,920.3
209ce526160947f0b398566cd4cbfd0d,ee00832abfba40b38335ce48a12981b5,15,mixto,0.0,0.4,18.0,111.0,309.5,951.3
b972e814004e4624a566f308901cca7c,1b67fbb6a43c4479ae3a6166b926e396,15,mixto,0.0,0.2,101.0,183.0,273.0,370.1
f883bd6d70b043a09837e8b888fe3f65,1ad6835586034de0b29f4a402b182c6c,15,mixto,0.0,0.2667,73.5,165.0,304.0,518.5
0a750e36725e495ba32bd43a5f170724,ef1dd1f1a5b94d0eacb669f7b3ec2911,15,mixto,0.2667,0.6667,4.5,24.0,72.0,395.0
88d08ee1a5384a7fbe4bfddb8928ce82,b992e6a27eb249658efce6ca0cc286dc,15,mixto,0.0667,0.2,82.0,373.0,496.5,526.2
8c1942e0cdce4f71b53f62474322f0b7,62a5285108824e269a3fa09e9c233440,15,mixto,0.0667,0.4,29.5,157.0,181.5,268.9
8c1942e0cdce4f71b53f62474322f0b7,2549b51828ce40af920a932dd2102217,15,mixto,0.0667,0.4667,13.0,69.0,136.5,327.0
fdd7e5cf453e42d7b8cb2334d3a7bff9,4a94478dd25f4430a0a023b87e11170d,15,mixto,0.0,0.0667,103.0,153.0,312.5,802.3
6e12533e73a048efa8bcc0a30f2b7684,c5b83bbfa22c4c31a5743485b4c6e524,15,mixto,0.0667,0.6,23.0,48.0,91.5,644.6
ae4caa1cb2154cac89440f3fe18251cb,0de46482bc4d409c86f652534e4b47eb,15,mixto,0.0,0.7333,42.0,51.0,70.0,628.4
4f22549f9d3a443cb041c0e55395dbf1,86144f0d3b814c1d8c013f7aade6c55d,15,mixto,0.0,0.2667,59.5,181.0,261.0,594.5
123,d254feea701346a399887b9fe59ac61a,15,mixto,0.0667,0.0667,120.0,137.0,260.0,945.2
9a76efc4c34e4bd7843206658dc45454,88d08ee1a5384a7fbe4bfddb8928ce82,15,consistente,0.2667,0.4667,3.0,95.0,136.0,179.0
91f3f86897ff4ae39e50cbd7035fa8af,d0b1e3a4c2434e65be47566dcc3e2ee0,15,mixto,0.0,0.0,139.0,264.0,266.5,613.4
6a322ad743e3464bae56d2d9b180078a,dcd0b6134a8846c1ac7171f8530945ab,14,mixto,0.0,0.5,30.5,165.0,366.75,904.35
cc892c05f6d94315be2b7539e45b9170,2549b51828ce40af920a932dd2102217,14,mixto,0.1429,0.2857,56.25,154.0,328.5,504.9
64d9be8046574fbfbc1fb14c9912afea,430f7e4799cf4b2581c70a60115bbbed,14,mixto,0.7857,1.0,1.0,3.5,4.0,26.6
94d27864f86d422faa68efccb908cc34,eb6b584fde4141aea5dafddee3e7ad4e,14,mixto,0.0,1.0,12.75,20.5,29.5,36.85
6a322ad743e3464bae56d2d9b180078a,ae412e532f1a48428bd0c5ad1f02f816,14,mixto,0.0,0.2857,61.25,126.0,181.75,330.0
59dd121f53ac44ddb03bf52488eec671,b972e814004e4624a566f308901cca7c,14,mixto,0.0,0.2857,62.5,146.5,321.75,421.15
0f33ab6447034fe49d1629353a119e47,f25d86b606d74e51b1d33695030d0618,14,mixto,0.1429,0.7857,13.75,20.5,51.5,520.85
67eb30db49f240b08ab2b3f422f92cdf,3af2d18b09e6443fa289e956fc10669f,14,mixto,0.0,0.1429,168.75,248.5,272.5,857.0
ffaec74bfd414f8394bab077a989e27f,3e2a4d42827d43d0b90248199e58e98e,14,mixto,0.2857,0.9286,4.5,11.5,17.75,110.4
ae4caa1cb2154cac89440f3fe18251cb,52449c34bb1e47fe81802bf322dae8ee,14,mixto,0.0714,0.6429,12.5,36.0,140.75,472.0
6a91c10b9e8341afbd387fb72bab3cf7,209ce526160947f0b398566cd4cbfd0d,14,mixto,0.2143,0.4286,9.75,131.5,297.5,955.0
cc28da1df13d4147b5420ccc231a458e,d602a0071f3f4db8b37a87cffd89bf23,14,consistente,0.1429,0.8571,6.25,8.0,25.75,83.35
ffaec74bfd414f8394bab077a989e27f,32f2a35e790544ec9e040345f8a364f3,14,consistente,0.0714,0.5714,6.75,55.5,1057.0,1220.0
abd6ab0229c643338812eb3a1707c053,9c9359fefd164d388f8a5edc2bac301e,14,mixto,0.0,0.1429,81.75,110.0,171.75,291.75
2ae2ca1a377048a58815f54a432f8a21,209ce526160947f0b398566cd4cbfd0d,14,mixto,0.0,0.2857,76.0,433.5,676.25,1220.0
9a76efc4c34e4bd7843206658dc45454,dcd0b6134a8846c1ac7171f8530945ab,14,mixto,0.2143,0.6429,6.25,30.0,96.5,634.55
209ce526160947f0b398566cd4cbfd0d,0a750e36725e495ba32bd43a5f170724,14,mixto,0.0,0.1429,66.25,769.0,968.25,1058.0
9c9359fefd164d388f8a5edc2bac301e,91f3f86897ff4ae39e50cbd7035fa8af,14,mixto,0.0,0.0,191.5,286.5,424.5,601.8
2ae2ca1a377048a58815f54a432f8a21,5af89d91c7c74476ad4546b1db07c56c,14,mixto,0.4286,0.7143,3.25,6.0,417.25,765.8
ffaec74bfd414f8394bab077a989e27f,e423b8339a57485d8b524937d93e4f44,14,mixto,0.0,0.2143,252.25,405.0,405.75,1143.35
713f93125f6242069f9df14b7988ec8f,d602a0071f3f4db8b37a87cffd89bf23,14,mixto,0.2143,0.3571,27.75,226.0,414.0,1128.0
2a4a00c47ac6468395984ee10ebc8dc3,d602a0071f3f4db8b37a87cffd89bf23,14,mixto,0.0,0.1429,141.75,386.5,508.0,679.55
9a76efc4c34e4bd7843206658dc45454,d0b1e3a4c2434e65be47566dcc3e2ee0,14,mixto,0.0714,0.7857,15.25,22.5,44.75,617.25
b4206ac5e3224dfd900588a8f7caf95e,67eb30db49f240b08ab2b3f422f92cdf,14,mixto,0.0,0.2143,87.5,362.5,501.5,660.45
3346db58cd2d474fbcf63e827462b85d,67339e06f4b44f78994ff4785178807a,14,mixto,0.0,0.0714,179.0,245.0,297.5,379.5
ee1016d1de3347b79368186e86dfc2c2,dcd0b6134a8846c1ac7171f8530945ab,14,mixto,0.0,0.2143,65.25,89.0,360.25,665.95
4a94478dd25f4430a0a023b87e11170d,9c9359fefd164d388f8a5edc2bac301e,14,mixto,0.1429,0.2143,73.5,95.5,153.25,460.85
d602a0071f3f4db8b37a87cffd89bf23,b6a7ac98c6704aa6b6512efa5fa8dbfe,14,mixto,0.0,0.0714,246.75,367.5,503.25,522.45
1e801411cdbd40aa92ad0dfc09000f69,67339e06f4b44f78994ff4785178807a,14,mixto,0.0714,0.3571,25.25,125.0,393.25,505.05
1510fbeac5394ee69a53cf64a7a093db,2549b51828ce40af920a932dd2102217,14,mixto,0.0714,0.2857,67.25,214.0,249.25,303.7
fb3957569a8d49528c3571bcb4703f55,67eb30db49f240b08ab2b3f422f92cdf,14,mixto,0.0,0.0714,127.0,344.0,412.75,561.95
638aea308ffb483198d5c1387e2cc017,347178b052294153af290d6a84589868,14,mixto,0.0714,0.0714,657.75,673.5,788.0,917.25
68b13a1228424526b43e2f78716efd3b,94d27864f86d422faa68efccb908cc34,14,mixto,0.0,0.2857,43.25,99.5,415.25,520.2
3346db58cd2d474fbcf63e827462b85d,7249a9adb1c343aba8db068dbe0c3795,14,mixto,0.0714,0.2143,68.0,216.0,411.75,545.45
ffaec74bfd414f8394bab077a989e27f,dd02dca897074e77972f506652629762,14,mixto,0.0714,0.3571,19.0,212.0,867.75,878.25
9f88dc88029e42d3a5b082ab396be6d3,c82f84bf3f2b451393445a0cb6883665,14,mixto,0.0714,0.2143,169.75,550.0,551.0,916.25
a6c839544c0440f5bf2ce98e7396613f,4a9c2f22f9d047569a0ceafcb9741033,14,mixto,0.0,0.0,167.25,297.0,313.0,1225.35
ffaec74bfd414f8394bab077a989e27f,fb944d98fea445bda57de000993d3e25,14,mixto,0.3571,0.4286,2.25,287.0,564.25,845.45
399e7fc266894562850261cfbc06b992,67eb30db49f240b08ab2b3f422f92cdf,14,mixto,0.0714,0.0714,227.5,253.5,267.5,328.7
399e7fc266894562850261cfbc06b992,495c261c0f484bd08e232f7358452c4d,14,mixto,0.0,0.0,145.0,754.0,846.0,1050.2
209ce526160947f0b398566cd4cbfd0d,91f3f86897ff4ae39e50cbd7035fa8af,14,mixto,0.0,0.0,119.0,183.0,509.5,863.95
d602a0071f3f4db8b37a87cffd89bf23,f6aab18a7d0947f08867efae57e7d5b4,14,mixto,0.0,0.0,250.75,518.0,771.0,934.25
6a91c10b9e8341afbd387fb72bab3cf7,ae4caa1cb2154cac89440f3fe18251cb,14,mixto,0.0714,0.3571,41.25,140.5,232.25,920.0
c82f84bf3f2b451393445a0cb6883665,b4206ac5e3224dfd900588a8f7caf95e,14,mixto,0.0714,0.7143,12.75,26.0,81.5,503.15
463f33b89c2c4f13aa89f8f5d5096d6a,ae412e532f1a48428bd0c5ad1f02f816,14,mixto,0.0,0.2143,65.0,148.0,299.25,397.3
ae54454684154c25bd33c6e04609652b,6a91c10b9e8341afbd387fb72bab3cf7,14,mixto,0.1429,0.7143,13.25,20.5,73.5,692.0
dfd423dde87b47d382b736a15a36ac68,55c1817c84554dc881bc439a4b00abed,14,mixto,0.1429,0.9286,10.25,15.0,19.5,58.5
1bb1657eb2eb43808f0529810258aa3b,c52ceac3693c4644bb20f07dd8aa7103,14,mixto,0.0,0.1429,81.5,123.0,356.75,475.25
1bb1657eb2eb43808f0529810258aa3b,4a94478dd25f4430a0a023b87e11170d,14,mixto,0.0,0.0714,255.5,523.5,628.75,1205.35
d602a0071f3f4db8b37a87cffd89bf23,0faae9b6b5084555a1873eff484b4d9c,14,mixto,0.0,0.0714,115.0,283.0,334.5,457.3
6daae6995cb245348bb2b5432ccc9948,dc821110e3f34bf3984d61955ced2e69,14,mixto,0.2143,0.3571,10.5,675.0,915.75,1149.45
f883bd6d70b043a09837e8b888fe3f65,5ad019e5f0e445e8b37fc4ed60a3447c,14,consistente,0.0,0.0,124.5,183.5,215.25,239.15
2549b51828ce40af920a932dd2102217,2ae2ca1a377048a58815f54a432f8a21,14,mixto,0.0,0.3571,42.75,64.0,219.75,537.45
495c261c0f484bd08e232f7358452c4d,1ad6835586034de0b29f4a402b182c6c,14,mixto,0.0,0.2857,49.5,73.0,522.75,759.35
ab2dd6e0890c4b5483973add6fa1b91b,67eb30db49f240b08ab2b3f422f92cdf,14,mixto,0.0,0.2143,111.0,159.5,244.5,532.1
5492b6e4db6948aca469c21d05b18721,5ad019e5f0e445e8b37fc4ed60a3447c,14,consistente,0.0,0.0,436.5,490.5,545.0,563.8
c63d7e67e1f8454386089193582563ea,c82f84bf3f2b451393445a0cb6883665,14,mixto,0.0,0.3571,54.5,70.5,107.5,340.35
c82f84bf3f2b451393445a0cb6883665,a647689891b84948871ff7099253a553,14,mixto,0.0714,0.2857,103.75,388.0,887.5,899.0
ae412e532f1a48428bd0c5ad1f02f816,64d9be8046574fbfbc1fb14c9912afea,14,mixto,0.0,0.3571,52.75,133.5,163.25,234.85
d602a0071f3f4db8b37a87cffd89bf23,6a2251c68dba48659c46874d209b6c8a,13,mixto,0.0,0.0769,147.0,192.0,315.0,1207.0
2f39ca736a2b4cb28163c7a9d8a74dff,d602a0071f3f4db8b37a87cffd89bf23,13,mixto,0.0769,0.2308,394.0,496.0,692.0,798.4
b1b009877e0c4e0790fd92559d853d69,e8dde9d26979498786c6ba5a82f70ad3,13,mixto,0.0,0.4615,21.0,61.0,270.0,392.0
2549b51828ce40af920a932dd2102217,2a4a00c47ac6468395984ee10ebc8dc3,13,mixto,0.0,0.0769,136.0,372.0,771.0,929.2
b1b009877e0c4e0790fd92559d853d69,eaf8f2b0ccd04cf2a7bfcf357fe88ca2,13,mixto,0.0,0.3077,45.0,69.0,192.0,435.2
67339e06f4b44f78994ff4785178807a,2e0f9d54f6534336a19fffacd7b6af40,13,mixto,0.0,0.0769,111.0,164.0,207.0,430.2
9a76efc4c34e4bd7843206658dc45454,b4206ac5e3224dfd900588a8f7caf95e,13,mixto,0.1538,0.7692,12.0,27.0,45.0,629.0
d602a0071f3f4db8b37a87cffd89bf23,780fb7c030e043f7bd9f40ca4ab06bd4,13,mixto,0.0,0.0,533.0,549.0,576.0,576.0
d602a0071f3f4db8b37a87cffd89bf23,44568175e9ff4fdcb98cd4e9d368ce11,13,mixto,0.0769,0.2308,92.0,152.0,359.0,443.8
be09a0ddbb9b4c4aaf78903e0ca27a75,ee00832abfba40b38335ce48a12981b5,13,mixto,0.0,0.4615,18.0,167.0,688.0,722.0
88d08ee1a5384a7fbe4bfddb8928ce82,a96e622271484df9b5df5d32e8d67c67,13,mixto,0.6154,0.6154,1.0,2.0,210.0,549.2
f44bedcfbdb64a818e717b872a002abd,347178b052294153af290d6a84589868,13,mixto,0.0769,0.2308,110.0,255.0,373.0,499.4
be4240b37c354311af26b2846acba9c7,eaf8f2b0ccd04cf2a7bfcf357fe88ca2,13,mixto,0.0,0.2308,105.0,308.0,494.0,960.4
c82f84bf3f2b451393445a0cb6883665,b1b009877e0c4e0790fd92559d853d69,13,mixto,0.0,0.2308,74.0,196.0,542.0,953.6
cb9e2b9dd1cd44c5b7d4fdcfbbf3f5e0,645a4f092abd49f0820b8a5507e3dea0,13,mixto,0.0,0.3077,12.0,79.0,267.0,269.0
91f3f86897ff4ae39e50cbd7035fa8af,ef1dd1f1a5b94d0eacb669f7b3ec2911,13,mixto,0.0,0.0,130.0,145.0,148.0,688.0
88d08ee1a5384a7fbe4bfddb8928ce82,cfa90dba533f41d6821aaecccdb0bfa3,13,mixto,0.1538,0.1538,125.0,228.0,301.0,458.2
1ad6835586034de0b29f4a402b182c6c,31050e1a1dcb4c9899ba77be32449e54,13,mixto,0.0,0.0,326.0,327.0,739.0,838.8
d74a389b77734996ba37fa61a0d08341,209ce526160947f0b398566cd4cbfd0d,13,mixto,0.0,0.0,119.0,128.0,1007.0,1213.8
9a76efc4c34e4bd7843206658dc45454,387ff07354a74657a44369e05d83234a,13,mixto,0.2308,0.4615,8.0,90.0,412.0,945.0
ef1dd1f1a5b94d0eacb669f7b3ec2911,495c261c0f484bd08e232f7358452c4d,13,mixto,0.1538,0.3077,46.0,107.0,331.0,416.2
9fd20d626db942aeb4d84f9c475d3bea,ae4caa1cb2154cac89440f3fe18251cb,13,mixto,0.0,0.0,466.0,483.0,487.0,603.8
d602a0071f3f4db8b37a87cffd89bf23,40dd6d22197543669fba285cd158079f,13,mixto,0.0,0.0769,128.0,199.0,626.0,714.4
d602a0071f3f4db8b37a87cffd89bf23,d254feea701346a399887b9fe59ac61a,13,mixto,0.0,0.3846,28.0,179.0,276.0,679.6
209ce526160947f0b398566cd4cbfd0d,fdd7e5cf453e42d7b8cb2334d3a7bff9,13,mixto,0.0,0.1538,91.0,327.0,586.0,815.0
123,52449c34bb1e47fe81802bf322dae8ee,13,mixto,0.0,0.3077,50.0,290.0,301.0,759.8
64d9be8046574fbfbc1fb14c9912afea,eb838855f2344f65a4c925df80cdcad5,13,mixto,0.0769,0.1538,84.0,269.0,344.0,919.8
c13d78fe65b94d05ad83b59494767b9f,c82f84bf3f2b451393445a0cb6883665,13,mixto,0.0,0.2308,68.0,167.0,454.0,742.2
f44bedcfbdb64a818e717b872a002abd,ae4caa1cb2154cac89440f3fe18251cb,13,mixto,0.2308,0.6923,6.0,10.0,126.0,461.2
86144f0d3b814c1d8c013f7aade6c55d,b1b009877e0c4e0790fd92559d853d69,13,mixto,0.0,0.4615,31.0,65.0,148.0,458.0
006b85a984e94ce88ddb035ec01b2d70,6d52b87b5a964c61ad7e28afd9499f18,13,mixto,0.0,0.1538,126.0,219.0,394.0,458.0
9ae54d261e454c93ae1c2cdec0fd03e6,91f3f86897ff4ae39e50cbd7035fa8af,13,mixto,0.0,0.1538,120.0,144.0,488.0,676.4
b7c988fa6132435480b57f66696827fd,123,13,mixto,0.1538,0.2308,214.0,342.0,567.0,1021.8
78d2a80a1628414097285e5ece0cab12,2549b51828ce40af920a932dd2102217,13,mixto,0.0769,0.3846,38.0,70.0,126.0,1152.0
9f88dc88029e42d3a5b082ab396be6d3,c5b83bbfa22c4c31a5743485b4c6e524,13,mixto,0.0,0.1538,72.0,140.0,336.0,1061.6
4a94478dd25f4430a0a023b87e11170d,3af2d18b09e6443fa289e956fc10669f,13,mixto,0.0,0.1538,192.0,280.0,647.0,1167.8
6a322ad743e3464bae56d2d9b180078a,9c9359fefd164d388f8a5edc2bac301e,13,mixto,0.0,0.2308,86.0,238.0,305.0,796.6
ffaec74bfd414f8394bab077a989e27f,2ff516ac74a44ebfa3a522adbde28a0f,13,mixto,0.0,0.3077,53.0,146.0,237.0,889.6
67339e06f4b44f78994ff4785178807a,d78965c7cc7241de9494df4348e86691,13,mixto,0.0,0.0769,146.0,178.0,343.0,422.6
41da80f6154c4d918166fc43862f5d78,6a322ad743e3464bae56d2d9b180078a,13,mixto,0.0769,0.6154,7.0,15.0,190.0,384.2
495c261c0f484bd08e232f7358452c4d,6daae6995cb245348bb2b5432ccc9948,13,mixto,0.0,0.7692,25.0,33.0,56.0,930.2
88d08ee1a5384a7fbe4bfddb8928ce82,eaf8f2b0ccd04cf2a7bfcf357fe88ca2,13,mixto,0.0,0.0769,119.0,308.0,427.0,501.4
9a76efc4c34e4bd7843206658dc45454,9c9359fefd164d388f8a5edc2bac301e,13,mixto,0.2308,0.5385,8.0,58.0,302.0,511.6
2549b51828ce40af920a932dd2102217,fdd7e5cf453e42d7b8cb2334d3a7bff9,13,mixto,0.0,0.1538,136.0,191.0,319.0,450.8
ffaec74bfd414f8394bab077a989e27f,638aea308ffb483198d5c1387e2cc017,13,mixto,0.0769,0.6154,18.0,30.0,183.0,539.8
b7c988fa6132435480b57f66696827fd,209ce526160947f0b398566cd4cbfd0d,13,mixto,0.0769,0.4615,14.0,134.0,179.0,723.0
9a76efc4c34e4bd7843206658dc45454,4ef0ced873174ee9afc306e414132c72,13,mixto,0.1538,0.5385,49.0,53.0,112.0,116.2
123,2a4a00c47ac6468395984ee10ebc8dc3,13,mixto,0.1538,0.6154,23.0,32.0,89.0,449.8
5492b6e4db6948aca469c21d05b18721,123,13,mixto,0.0,0.2308,71.0,73.0,243.0,317.4
2ae2ca1a377048a58815f54a432f8a21,15a67718e1784a67bc978ca0dc6bc2df,13,mixto,0.0,0.4615,9.0,206.0,1013.0,1337.4
b972e814004e4624a566f308901cca7c,f883bd6d70b043a09837e8b888fe3f65,13,mixto,0.0,0.2308,109.0,210.0,292.0,418.8
64d9be8046574fbfbc1fb14c9912afea,558b533275bd41bca3094acb6a85113a,13,mixto,0.0,0.0769,83.0,96.0,176.0,498.2
ffaec74bfd414f8394bab077a989e27f,38b3f29fe39b4e87b5f7982165de8cf1,13,mixto,0.1538,0.4615,14.0,131.0,197.0,938.6
9c9359fefd164d388f8a5edc2bac301e,1e801411cdbd40aa92ad0dfc09000f69,13,mixto,0.0,0.1538,143.0,281.0,326.0,579.0
ee00832abfba40b38335ce48a12981b5,4f4d89fa8ce34da19ecb340c1d267a3e,13,mixto,0.0,0.6154,25.0,52.0,68.0,443.0
c39e8d94c06848008c0f7db6d3708af9,2549b51828ce40af920a932dd2102217,13,mixto,0.0,0.3077,39.0,68.0,75.0,215.2
4a94478dd25f4430a0a023b87e11170d,62a5285108824e269a3fa09e9c233440,13,mixto,0.0,0.0,340.0,348.0,411.0,420.4
239b1152a21a4cebb35b2a9dc02b10a9,123,13,mixto,0.0,0.0769,97.0,182.0,377.0,452.4
01b56ab5b9be43e19fa06300994787ec,6e12533e73a048efa8bcc0a30f2b7684,13,mixto,0.0,0.0,922.0,929.0,934.0,936.8
e8dde9d26979498786c6ba5a82f70ad3,d0b1e3a4c2434e65be47566dcc3e2ee0,13,mixto,0.0,0.2308,117.0,202.0,649.0,905.6
03bd6e11bc9246339a1812eb74331dd6,67339e06f4b44f78994ff4785178807a,13,mixto,0.0,0.0769,181.0,294.0,364.0,828.2
c2f8201a4d224d81babdcea072e5cec4,d602a0071f3f4db8b37a87cffd89bf23,13,mixto,0.0,0.2308,109.0,414.0,656.0,1029.4
67339e06f4b44f78994ff4785178807a,38b3f29fe39b4e87b5f7982165de8cf1,13,mixto,0.0,0.1538,275.0,473.0,707.0,829.8
d602a0071f3f4db8b37a87cffd89bf23,62a5285108824e269a3fa09e9c233440,13,mixto,0.0,0.1538,87.0,182.0,365.0,514.4
6a91c10b9e8341afbd387fb72bab3cf7,91f3f86897ff4ae39e50cbd7035fa8af,13,consistente,0.0,0.0,333.0,334.0,373.0,374.0
9a76efc4c34e4bd7843206658dc45454,888fb026b62d4a75920fe44a0af43ad4,13,consistente,0.3846,0.9231,3.0,11.0,18.0,443.6
d254feea701346a399887b9fe59ac61a,dd7629fec91f4599b3cf8c0dd0b984ac,12,mixto,0.0,0.0,312.0,565.5,566.0,567.0
32f2a35e790544ec9e040345f8a364f3,e8dde9d26979498786c6ba5a82f70ad3,12,mixto,0.0833,0.6667,11.5,33.5,217.25,783.0
b1b009877e0c4e0790fd92559d853d69,ffaec74bfd414f8394bab077a989e27f,12,mixto,0.0833,0.1667,259.75,434.0,1015.75,1139.95
d5467ebcfbbe45c3812623d33e609d18,6daae6995cb245348bb2b5432ccc9948,12,mixto,0.0833,0.25,47.5,78.0,136.25,318.45
38b3f29fe39b4e87b5f7982165de8cf1,6a322ad743e3464bae56d2d9b180078a,12,mixto,0.0,0.5833,34.75,41.5,924.75,1129.0
86144f0d3b814c1d8c013f7aade6c55d,08165f6182bc4dfc9dc1d7774508bbc6,12,mixto,0.0,0.3333,53.0,123.0,145.5,587.25
94d27864f86d422faa68efccb908cc34,56da1c80cfea4a5b83326bfef271fc3e,12,mixto,0.0833,0.1667,174.75,350.0,546.25,866.45
d602a0071f3f4db8b37a87cffd89bf23,b992e6a27eb249658efce6ca0cc286dc,12,mixto,0.0,0.0833,240.0,316.0,379.75,593.45
2549b51828ce40af920a932dd2102217,5492b6e4db6948aca469c21d05b18721,12,mixto,0.0833,0.25,87.0,213.5,241.25,706.4
c13d78fe65b94d05ad83b59494767b9f,2549b51828ce40af920a932dd2102217,12,mixto,0.25,0.3333,9.75,111.5,435.5,874.25
c5b83bbfa22c4c31a5743485b4c6e524,495c261c0f484bd08e232f7358452c4d,12,mixto,0.0,0.1667,96.5,195.5,707.25,994.25
dc821110e3f34bf3984d61955ced2e69,08165f6182bc4dfc9dc1d7774508bbc6,12,mixto,0.0833,0.5,17.75,72.0,154.0,629.3
0de46482bc4d409c86f652534e4b47eb,2a4a00c47ac6468395984ee10ebc8dc3,12,mixto,0.0833,0.6667,10.5,22.5,70.0,72.25
ed6beff4035f49c6997be95df71e5544,e8dde9d26979498786c6ba5a82f70ad3,12,mixto,0.0833,0.8333,14.0,29.5,38.75,89.35
d602a0071f3f4db8b37a87cffd89bf23,4ef0ced873174ee9afc306e414132c72,12,mixto,0.0,0.3333,37.75,496.0,743.5,985.25
01b56ab5b9be43e19fa06300994787ec,399e7fc266894562850261cfbc06b992,12,mixto,0.0833,0.1667,101.75,119.5,263.75,494.0
bca102f277434b31b59e4894d9eb5ef8,b972e814004e4624a566f308901cca7c,12,mixto,0.0,0.0,88.0,191.5,269.0,421.9
6743ad379b094f98ad903d0f0304add1,dd7629fec91f4599b3cf8c0dd0b984ac,12,mixto,0.0,0.0833,106.75,179.5,507.25,1108.35
eaf8f2b0ccd04cf2a7bfcf357fe88ca2,64d9be8046574fbfbc1fb14c9912afea,12,mixto,0.0833,0.4167,38.0,291.0,977.5,1103.45
3e2a4d42827d43d0b90248199e58e98e,dd7629fec91f4599b3cf8c0dd0b984ac,12,mixto,0.0,0.5,25.5,46.5,252.5,769.0
d602a0071f3f4db8b37a87cffd89bf23,387ff07354a74657a44369e05d83234a,12,mixto,0.0,0.3333,58.0,115.5,196.0,286.75
14cc5dc0682d44fe99d2d91e1eaafac7,123,12,mixto,0.0833,0.3333,41.0,104.5,139.75,469.75
ffaec74bfd414f8394bab077a989e27f,117d6d62a9844fd38fdb5d53e5cbc844,12,mixto,0.1667,0.25,118.5,420.5,565.5,842.9
d602a0071f3f4db8b37a87cffd89bf23,f31ed616d84449edb5fdd8cd332552b2,12,mixto,0.0,0.0833,207.5,552.5,591.25,669.5
6a91c10b9e8341afbd387fb72bab3cf7,dd7629fec91f4599b3cf8c0dd0b984ac,12,mixto,0.0,0.3333,42.5,210.0,285.75,805.0
9a76efc4c34e4bd7843206658dc45454,638aea308ffb483198d5c1387e2cc017,12,mixto,0.1667,0.8333,6.0,11.0,30.0,323.5
b1b009877e0c4e0790fd92559d853d69,2549b51828ce40af920a932dd2102217,12,mixto,0.0,0.4167,41.25,78.0,267.0,515.95
b3b9221510904977b1c9f12ea7108119,e8dde9d26979498786c6ba5a82f70ad3,12,mixto,0.0833,0.4167,39.5,87.0,278.25,377.65
9f88dc88029e42d3a5b082ab396be6d3,e8dde9d26979498786c6ba5a82f70ad3,12,mixto,0.0,0.0833,96.5,134.5,164.25,671.5
43c343dfece141d18c16ef26fca862c7,fea91b9f08cc4f54a295711a70734a22,12,mixto,0.0833,0.25,203.75,302.0,314.25,331.0
430f7e4799cf4b2581c70a60115bbbed,eae6a8d122774db4ba88162a875db6a6,12,mixto,0.25,0.5,11.25,42.0,81.75,89.35
3346db58cd2d474fbcf63e827462b85d,6a91c10b9e8341afbd387fb72bab3cf7,12,mixto,0.0,0.25,57.75,116.5,267.0,324.9
a647689891b84948871ff7099253a553,2549b51828ce40af920a932dd2102217,12,mixto,0.25,0.4167,21.5,130.0,1136.0,1165.1
1bb1657eb2eb43808f0529810258aa3b,f883bd6d70b043a09837e8b888fe3f65,12,mixto,0.0,0.1667,116.5,232.0,414.75,771.85
1ad6835586034de0b29f4a402b182c6c,1bb1657eb2eb43808f0529810258aa3b,12,mixto,0.0,0.0,111.75,315.5,322.25,419.45
1bb1657eb2eb43808f0529810258aa3b,0f33ab6447034fe49d1629353a119e47,12,mixto,0.0,0.0833,133.75,258.0,467.0,484.8
67eb30db49f240b08ab2b3f422f92cdf,dfd423dde87b47d382b736a15a36ac68,12,mixto,0.0,0.3333,41.0,221.5,363.5,407.9
86480a9f563349b1a2974d9f43548e59,d602a0071f3f4db8b37a87cffd89bf23,12,mixto,0.0833,0.25,67.5,473.0,618.25,994.75
02f0f8beb94542deac503efd6a774262,123,12,mixto,0.0,0.1667,98.5,271.0,427.0,699.15
c2f8201a4d224d81babdcea072e5cec4,67eb30db49f240b08ab2b3f422f92cdf,12,consistente,0.0,0.0,230.75,278.5,474.0,542.9
d602a0071f3f4db8b37a87cffd89bf23,b7c988fa6132435480b57f66696827fd,12,mixto,0.0,0.25,131.5,576.0,644.0,993.25
1ad6835586034de0b29f4a402b182c6c,9ae54d261e454c93ae1c2cdec0fd03e6,12,mixto,0.0,0.0,209.25,216.5,441.0,1079.1
4ef0ced873174ee9afc306e414132c72,209ce526160947f0b398566cd4cbfd0d,12,consistente,0.0,0.5,19.5,81.5,198.25,458.1
cc892c05f6d94315be2b7539e45b9170,08165f6182bc4dfc9dc1d7774508bbc6,12,mixto,0.0,0.1667,68.5,225.5,452.75,476.55
16b1032179824088a8d42a4107c6a8f4,672f76fa24044d36b28fd11b50d7a4ec,12,consistente,0.25,1.0,4.75,6.0,7.25,8.45
1ad6835586034de0b29f4a402b182c6c,94d27864f86d422faa68efccb908cc34,12,mixto,0.0,0.3333,54.75,141.0,396.0,472.3
9321fceaab9d4b7c8b8eca8e30b0654d,e8dde9d26979498786c6ba5a82f70ad3,12,consistente,0.1667,1.0,9.0,11.5,15.0,22.0
2ff516ac74a44ebfa3a522adbde28a0f,4830b97416a14d1485ccb85c9f9baa4e,12,consistente,0.0,1.0,18.0,19.0,20.0,20.0
08165f6182bc4dfc9dc1d7774508bbc6,5ad019e5f0e445e8b37fc4ed60a3447c,12,consistente,0.0,0.0833,112.5,159.5,200.75,216.6
6e12533e73a048efa8bcc0a30f2b7684,e8dde9d26979498786c6ba5a82f70ad3,12,mixto,0.0,0.4167,16.75,153.0,754.5,1006.3
dd7629fec91f4599b3cf8c0dd0b984ac,ef1dd1f1a5b94d0eacb669f7b3ec2911,12,mixto,0.0833,0.3333,18.25,174.5,549.25,1183.1
f883bd6d70b043a09837e8b888fe3f65,fba5ab8c38d3426492c31c99ad569bdb,12,mixto,0.0833,0.0833,144.5,250.5,353.75,417.7
a7925c7ee6674a30ae9f3f4045785095,c82f84bf3f2b451393445a0cb6883665,12,mixto,0.0,0.1667,70.5,285.0,372.25,996.6
9a76efc4c34e4bd7843206658dc45454,5aa1a66c9e844e18a4a41740ed4aa476,12,consistente,0.1667,0.4167,20.75,74.5,934.25,1092.65
1bb1657eb2eb43808f0529810258aa3b,68b13a1228424526b43e2f78716efd3b,12,consistente,0.0,0.0,179.75,535.0,1157.0,1187.05
c765193a11274b73b1ffa97efd6fbc3b,e8dde9d26979498786c6ba5a82f70ad3,12,consistente,0.0,0.0833,402.0,417.0,441.0,675.0
9c9359fefd164d388f8a5edc2bac301e,e9c87bd5f69f4f86afe073f6e04f7d5b,12,consistente,0.0,0.0,293.75,294.5,485.25,1057.45
e8dde9d26979498786c6ba5a82f70ad3,cd40ad229df147389504190c71de61f5,12,mixto,0.0833,0.4167,30.25,129.0,245.5,579.1
64d9be8046574fbfbc1fb14c9912afea,9c9359fefd164d388f8a5edc2bac301e,12,mixto,0.0,0.0,171.5,276.5,339.5,373.75
f83678e2b4854792a356c72a255c0da4,64d9be8046574fbfbc1fb14c9912afea,12,mixto,0.0,0.1667,117.25,271.0,367.75,499.8
a77e76b1e0eb4cc3ae3a1df547fbf4cb,209ce526160947f0b398566cd4cbfd0d,12,consistente,0.0,0.0,84.0,86.5,429.0,432.0
dc821110e3f34bf3984d61955ced2e69,035b14f7f84242ef8ca0e78b0352777d,12,consistente,0.25,0.3333,4.5,146.5,225.25,227.9
ee00832abfba40b38335ce48a12981b5,bf676d9b342d438d8bd0b02c718133af,12,mixto,0.0,0.0833,111.5,200.5,313.75,454.55
f9894051ee6e40ad91d0cd53b2a8efc0,c82f84bf3f2b451393445a0cb6883665,12,mixto,0.0,0.25,61.25,957.0,958.0,1067.45
4ef0ced873174ee9afc306e414132c72,dd7629fec91f4599b3cf8c0dd0b984ac,12,mixto,0.0,0.8333,10.75,33.0,52.75,637.35
88d08ee1a5384a7fbe4bfddb8928ce82,209ce526160947f0b398566cd4cbfd0d,12,consistente,0.0,0.0,260.0,286.0,306.0,468.0
a7925c7ee6674a30ae9f3f4045785095,d602a0071f3f4db8b37a87cffd89bf23,12,mixto,0.0,0.25,81.5,191.0,332.75,584.55
ee1016d1de3347b79368186e86dfc2c2,43c343dfece141d18c16ef26fca862c7,12,consistente,0.0833,0.5833,19.0,25.0,134.25,388.1
44db06efed134a91bffa7407f60d7979,ae4caa1cb2154cac89440f3fe18251cb,12,mixto,0.1667,0.5833,28.25,52.5,101.75,151.95
dcd0b6134a8846c1ac7171f8530945ab,ee00832abfba40b38335ce48a12981b5,12,mixto,0.0833,0.5833,25.0,38.0,66.75,231.85
3d53606b24144d12b360d33834a62638,b972e814004e4624a566f308901cca7c,12,mixto,0.0,0.1667,128.25,243.5,318.75,387.5
6d52b87b5a964c61ad7e28afd9499f18,399e7fc266894562850261cfbc06b992,12,mixto,0.0,0.1667,73.5,134.5,238.75,1023.45
6daae6995cb245348bb2b5432ccc9948,6a322ad743e3464bae56d2d9b180078a,12,mixto,0.0,0.0,253.25,481.0,496.5,743.2
b3eb39eeec084dcd92806f5f6081e175,d602a0071f3f4db8b37a87cffd89bf23,12,mixto,0.0,0.25,71.75,155.0,331.25,512.3
5492b6e4db6948aca469c21d05b18721,558b533275bd41bca3094acb6a85113a,12,mixto,0.0,0.0833,166.0,283.5,330.75,432.0
347178b052294153af290d6a84589868,fba5ab8c38d3426492c31c99ad569bdb,12,mixto,0.0,0.0,232.0,302.0,385.25,631.6
dd02dca897074e77972f506652629762,d602a0071f3f4db8b37a87cffd89bf23,12,mixto,0.25,0.5,5.5,76.5,743.0,1181.95
95b7bf6083634811b6ec1552e2ed5fad,d602a0071f3f4db8b37a87cffd89bf23,12,mixto,0.0833,0.25,113.75,276.5,462.5,737.0
dd53a3b5cb47459482a47afc5202b516,b972e814004e4624a566f308901cca7c,12,mixto,0.0,0.25,61.25,185.0,310.75,318.25
ae4caa1cb2154cac89440f3fe18251cb,c52ceac3693c4644bb20f07dd8aa7103,12,mixto,0.0,0.0833,215.5,459.0,700.5,1037.45
eaf8f2b0ccd04cf2a7bfcf357fe88ca2,9ae54d261e454c93ae1c2cdec0fd03e6,12,mixto,0.0,0.3333,43.75,92.5,156.5,508.25
38b3f29fe39b4e87b5f7982165de8cf1,0f09709c70c441b59a6fe616f84a5302,12,mixto,0.0,0.1667,86.0,147.0,185.5,237.45
67339e06f4b44f78994ff4785178807a,f5d8ddb9e3924b09901a9ce38dddc362,12,mixto,0.0,0.3333,53.5,252.0,473.0,661.25
e5b8388e1275417395d526c566b0e1e8,d602a0071f3f4db8b37a87cffd89bf23,12,consistente,0.1667,0.8333,23.0,30.5,40.75,140.05
0f33ab6447034fe49d1629353a119e47,f883bd6d70b043a09837e8b888fe3f65,12,mixto,0.0833,0.3333,48.0,63.0,132.5,356.7
f44bedcfbdb64a818e717b872a002abd,123,12,mixto,0.0,0.5833,18.0,43.5,1339.25,1363.25
ed07316d9d6344a9ab11e8a41fdc413a,74e60dc3bc26493d81088e4d322b7c39,12,consistente,0.0,0.0,577.75,618.0,619.25,620.45
91f3f86897ff4ae39e50cbd7035fa8af,79bvfghg9a0a8tm25d16sddg7d61d4710,12,mixto,0.0833,0.3333,14.0,281.5,637.25,1131.5
b31017b848694be1b92f15c6dad1ca2c,d602a0071f3f4db8b37a87cffd89bf23,12,mixto,0.25,0.4167,7.5,152.0,330.25,550.0
dd7629fec91f4599b3cf8c0dd0b984ac,b7c988fa6132435480b57f66696827fd,12,mixto,0.0833,0.3333,6.75,142.0,258.0,752.85
0062dc8c31ca4560b766f7063181eaab,123,11,consistente,0.0,0.6364,39.5,48.0,75.5,490.0
eaf8f2b0ccd04cf2a7bfcf357fe88ca2,fb3957569a8d49528c3571bcb4703f55,11,mixto,0.0,0.3636,47.0,131.0,282.5,596.0
3346db58cd2d474fbcf63e827462b85d,209ce526160947f0b398566cd4cbfd0d,11,mixto,0.0,0.3636,32.0,106.0,362.5,364.5
7249a9adb1c343aba8db068dbe0c3795,e8dde9d26979498786c6ba5a82f70ad3,11,mixto,0.0,0.1818,176.0,870.0,901.5,1074.0
645a4f092abd49f0820b8a5507e3dea0,0f33ab6447034fe49d1629353a119e47,11,mixto,0.0909,0.0909,120.0,126.0,130.5,131.5
4830b97416a14d1485ccb85c9f9baa4e,86144f0d3b814c1d8c013f7aade6c55d,11,mixto,0.0,0.8182,21.0,33.0,34.5,527.5
be09a0ddbb9b4c4aaf78903e0ca27a75,94d27864f86d422faa68efccb908cc34,11,mixto,0.0,0.2727,150.0,264.0,290.5,382.0
9a76efc4c34e4bd7843206658dc45454,b1b009877e0c4e0790fd92559d853d69,11,mixto,0.2727,0.8182,5.0,10.0,50.5,417.0
b992e6a27eb249658efce6ca0cc286dc,01b56ab5b9be43e19fa06300994787ec,11,mixto,0.0,0.1818,73.5,108.0,269.5,487.5
67339e06f4b44f78994ff4785178807a,a7709b21161d459298dc5dc58e77310b,11,mixto,0.0,0.0909,183.0,408.0,795.0,1206.5
67339e06f4b44f78994ff4785178807a,8ba6d7f9bb7445ff96ffd06af5fa8c1e,11,mixto,0.0,0.0,158.0,227.0,418.5,462.5
01b56ab5b9be43e19fa06300994787ec,86144f0d3b814c1d8c013f7aade6c55d,11,mixto,0.0,0.0909,122.0,147.0,391.0,1014.0
6daae6995cb245348bb2b5432ccc9948,08165f6182bc4dfc9dc1d7774508bbc6,11,mixto,0.0,0.6364,14.5,26.0,243.5,941.0
9c9359fefd164d388f8a5edc2bac301e,0a0b41b45e2143ad8d97436f8561b1ca,11,mixto,0.0909,0.2727,54.0,129.0,237.5,315.0
94d27864f86d422faa68efccb908cc34,ae54454684154c25bd33c6e04609652b,11,mixto,0.0,0.1818,70.0,145.0,265.0,356.0
9f3c39663dac4e6791811016adc217da,fe1194092c934e70b824f3014a2f020d,11,mixto,0.3636,0.5455,2.5,10.0,117.5,877.0
91f3f86897ff4ae39e50cbd7035fa8af,3af2d18b09e6443fa289e956fc10669f,11,mixto,0.0,0.1818,85.5,199.0,258.0,764.0
111473a515ef420197e4759462901f12,d6d4327ae40445518a3c8a6e62137cd6,11,consistente,0.0,0.2727,146.0,269.0,284.5,294.5
b9e3f79c40594953af24e9a43eba4e0c,e9d3577612dd49c3b62b654e33dccefb,11,consistente,0.0,1.0,8.0,12.0,26.0,57.5
d766af3638194588bfaa68f745e5b24a,67eb30db49f240b08ab2b3f422f92cdf,11,consistente,0.0,0.0,422.0,475.0,535.5,576.5
123,5af89d91c7c74476ad4546b1db07c56c,11,consistente,0.0,0.0,474.5,518.0,781.5,1312.5
c52ceac3693c4644bb20f07dd8aa7103,bf676d9b342d438d8bd0b02c718133af,11,mixto,0.0,0.0,139.5,324.0,396.0,444.0
b4206ac5e3224dfd900588a8f7caf95e,d602a0071f3f4db8b37a87cffd89bf23,11,mixto,0.0909,0.1818,154.0,406.0,579.5,964.0
4830b97416a14d1485ccb85c9f9baa4e,67eb30db49f240b08ab2b3f422f92cdf,11,mixto,0.0909,0.5455,20.0,56.0,199.0,516.0
0de46482bc4d409c86f652534e4b47eb,08165f6182bc4dfc9dc1d7774508bbc6,11,consistente,0.0,0.0,224.0,238.0,740.0,879.5
2549b51828ce40af920a932dd2102217,d0b1e3a4c2434e65be47566dcc3e2ee0,11,mixto,0.0909,0.6364,6.0,7.0,284.5,553.0
d602a0071f3f4db8b37a87cffd89bf23,894c246eb00a482da371617f75149e30,11,mixto,0.0909,0.4545,35.5,82.0,301.5,351.5
9a76efc4c34e4bd7843206658dc45454,d6d4327ae40445518a3c8a6e62137cd6,11,consistente,0.1818,0.9091,15.0,21.0,26.0,159.5
64d9be8046574fbfbc1fb14c9912afea,ae54454684154c25bd33c6e04609652b,11,consistente,0.0,0.0909,138.0,251.0,394.5,463.0
dc821110e3f34bf3984d61955ced2e69,01b56ab5b9be43e19fa06300994787ec,11,mixto,0.0,0.0,114.0,217.0,504.5,882.5
2ff516ac74a44ebfa3a522adbde28a0f,eaf8f2b0ccd04cf2a7bfcf357fe88ca2,11,mixto,0.0909,0.0909,84.0,87.0,93.5,385.5
b3b9221510904977b1c9f12ea7108119,8c2eff865c5f40dbae0d6ccbc47e1d9c,11,mixto,0.0,0.2727,95.5,256.0,339.0,405.5
b4206ac5e3224dfd900588a8f7caf95e,ffaec74bfd414f8394bab077a989e27f,11,mixto,0.0,0.6364,12.0,45.0,61.5,415.0
ae4caa1cb2154cac89440f3fe18251cb,7249a9adb1c343aba8db068dbe0c3795,11,mixto,0.0,0.0909,178.5,348.0,477.5,791.0
e8dde9d26979498786c6ba5a82f70ad3,6743ad379b094f98ad903d0f0304add1,11,mixto,0.0,0.1818,126.0,195.0,267.0,678.5
d602a0071f3f4db8b37a87cffd89bf23,da87b58c9a8245cda82014a16cf8840a,11,mixto,0.0,0.0,101.5,138.0,197.0,502.0
d602a0071f3f4db8b37a87cffd89bf23,6b126cf845144893948ee9b46d043a5f,11,mixto,0.0,0.0,134.0,144.0,335.0,582.0
ee00832abfba40b38335ce48a12981b5,91f3f86897ff4ae39e50cbd7035fa8af,11,mixto,0.0,0.0909,186.0,1029.0,1031.0,1032.5
fb3957569a8d49528c3571bcb4703f55,67339e06f4b44f78994ff4785178807a,11,mixto,0.0,0.0909,217.0,491.0,784.0,1063.5
1bb1657eb2eb43808f0529810258aa3b,9a76efc4c34e4bd7843206658dc45454,11,mixto,0.1818,0.7273,8.0,9.0,134.5,1078.5
0f33ab6447034fe49d1629353a119e47,b972e814004e4624a566f308901cca7c,11,mixto,0.0,0.4545,38.0,82.0,133.5,228.0
16b1032179824088a8d42a4107c6a8f4,c82f84bf3f2b451393445a0cb6883665,11,consistente,0.0,0.3636,42.0,61.0,161.0,387.5
4a94478dd25f4430a0a023b87e11170d,2e0f9d54f6534336a19fffacd7b6af40,11,mixto,0.0,0.4545,18.0,150.0,378.0,1081.5
f31ed616d84449edb5fdd8cd332552b2,2549b51828ce40af920a932dd2102217,11,mixto,0.0,0.8182,14.0,16.0,32.5,142.0
eaf8f2b0ccd04cf2a7bfcf357fe88ca2,ee00832abfba40b38335ce48a12981b5,11,mixto,0.0909,0.3636,29.5,118.0,380.0,435.5
38b3f29fe39b4e87b5f7982165de8cf1,dc821110e3f34bf3984d61955ced2e69,11,mixto,0.0,0.5455,15.0,37.0,889.0,1162.5
ae4caa1cb2154cac89440f3fe18251cb,8af63e063a2a42098caed55eeb24acf0,11,mixto,0.0,0.0909,166.0,224.0,233.0,233.5
4060f34dc33042fda53efdfd0594b679,4a9c2f22f9d047569a0ceafcb9741033,11,mixto,0.0909,0.0909,156.0,223.0,242.5,262.5
387ff07354a74657a44369e05d83234a,08165f6182bc4dfc9dc1d7774508bbc6,11,consistente,0.0909,0.8182,23.0,29.0,43.5,301.0
fb3957569a8d49528c3571bcb4703f55,cb9e2b9dd1cd44c5b7d4fdcfbbf3f5e0,11,mixto,0.0,0.2727,76.0,156.0,536.5,1069.5
f883bd6d70b043a09837e8b888fe3f65,399e7fc266894562850261cfbc06b992,11,mixto,0.0,0.0909,146.0,302.0,468.5,840.0
9a76efc4c34e4bd7843206658dc45454,c52ceac3693c4644bb20f07dd8aa7103,11,mixto,0.3636,0.8182,3.5,19.0,27.5,108.0
9a76efc4c34e4bd7843206658dc45454,dfd423dde87b47d382b736a15a36ac68,11,mixto,0.2727,0.6364,4.0,9.0,165.5,1170.5
c6f7ed5bd4954356b00aac92c9fff41a,59dd121f53ac44ddb03bf52488eec671,11,mixto,0.0909,0.2727,58.0,263.0,298.0,340.5
a7698f4e2c9b4b9a950658038cbe6b9f,6daae6995cb245348bb2b5432ccc9948,11,mixto,0.0909,0.2727,58.0,102.0,104.0,104.0
6a322ad743e3464bae56d2d9b180078a,31050e1a1dcb4c9899ba77be32449e54,11,mixto,0.0,0.0,356.5,401.0,947.5,1276.0
ef1dd1f1a5b94d0eacb669f7b3ec2911,ee00832abfba40b38335ce48a12981b5,11,mixto,0.0909,0.4545,10.0,83.0,126.5,671.5
ffaec74bfd414f8394bab077a989e27f,2e0f9d54f6534336a19fffacd7b6af40,11,mixto,0.0,0.6364,22.5,47.0,68.5,178.5
64b50202d6b74bfcb78c7342823e0f4f,eaf8f2b0ccd04cf2a7bfcf357fe88ca2,11,mixto,0.0,0.2727,57.5,120.0,263.0,423.0
209ce526160947f0b398566cd4cbfd0d,fd595f24910c4126b7398b3e081af528,11,mixto,0.0909,0.8182,12.5,20.0,36.5,396.5
123,1510fbeac5394ee69a53cf64a7a093db,11,mixto,0.2727,0.4545,5.5,62.0,427.5,689.5
dd7629fec91f4599b3cf8c0dd0b984ac,1bb1657eb2eb43808f0529810258aa3b,11,mixto,0.0,0.0,75.5,275.0,497.5,842.5
9f88dc88029e42d3a5b082ab396be6d3,ffaec74bfd414f8394bab077a989e27f,11,consistente,0.0,0.3636,53.0,65.0,402.0,789.5
0b145fb41bc84dc58a5beb5b4ef11b17,2549b51828ce40af920a932dd2102217,11,mixto,0.0,0.6364,20.5,39.0,97.5,1165.0
5af95b4c9eec408dad00e7b5a2a16b92,b972e814004e4624a566f308901cca7c,11,mixto,0.0,0.1818,146.5,223.0,281.5,392.5
dd7629fec91f4599b3cf8c0dd0b984ac,cc892c05f6d94315be2b7539e45b9170,11,consistente,0.0,0.0,442.0,679.0,832.5,858.0
209ce526160947f0b398566cd4cbfd0d,74e60dc3bc26493d81088e4d322b7c39,11,mixto,0.0,0.1818,101.5,268.0,380.5,1134.5
6a91c10b9e8341afbd387fb72bab3cf7,e5b8388e1275417395d526c566b0e1e8,11,mixto,0.0,1.0,29.5,31.0,38.0,43.0
fd595f24910c4126b7398b3e081af528,b1b009877e0c4e0790fd92559d853d69,11,mixto,0.0,0.1818,250.5,429.0,470.0,523.0
ae412e532f1a48428bd0c5ad1f02f816,006b85a984e94ce88ddb035ec01b2d70,11,mixto,0.0,0.0,140.5,176.0,394.5,563.5
d254feea701346a399887b9fe59ac61a,42fe5e61820647849d3cda4c6141b8d7,11,mixto,0.0909,0.0909,147.5,228.0,380.0,418.0
123,b31017b848694be1b92f15c6dad1ca2c,11,consistente,0.0,0.0909,472.5,855.0,1070.5,1175.0
9ae54d261e454c93ae1c2cdec0fd03e6,645a4f092abd49f0820b8a5507e3dea0,11,consistente,0.1818,0.8182,10.5,39.0,42.0,281.5
2549b51828ce40af920a932dd2102217,558b533275bd41bca3094acb6a85113a,11,consistente,0.0909,0.6364,45.5,53.0,193.0,302.5
b9e3f79c40594953af24e9a43eba4e0c,d602a0071f3f4db8b37a87cffd89bf23,11,mixto,0.0,0.0909,414.5,479.0,543.5,701.0
d74a389b77734996ba37fa61a0d08341,08165f6182bc4dfc9dc1d7774508bbc6,11,consistente,0.0,0.0,158.5,164.0,171.0,265.0
0f33ab6447034fe49d1629353a119e47,4ef0ced873174ee9afc306e414132c72,11,mixto,0.1818,0.6364,14.0,20.0,115.5,147.5
d602a0071f3f4db8b37a87cffd89bf23,14cc5dc0682d44fe99d2d91e1eaafac7,11,mixto,0.0,0.2727,61.0,133.0,323.0,1199.5
64d9be8046574fbfbc1fb14c9912afea,2ff516ac74a44ebfa3a522adbde28a0f,11,mixto,0.0,0.0909,148.0,201.0,289.5,510.5
d602a0071f3f4db8b37a87cffd89bf23,8ba6d7f9bb7445ff96ffd06af5fa8c1e,11,mixto,0.0,0.0909,141.0,355.0,727.0,1092.0
d0b1e3a4c2434e65be47566dcc3e2ee0,c82f84bf3f2b451393445a0cb6883665,11,mixto,0.0,0.3636,43.5,91.0,418.0,896.5
209ce526160947f0b398566cd4cbfd0d,645a4f092abd49f0820b8a5507e3dea0,11,mixto,0.0909,0.0909,222.5,232.0,617.5,618.5
fb3957569a8d49528c3571bcb4703f55,94d27864f86d422faa68efccb908cc34,11,mixto,0.0,0.6364,32.5,47.0,162.0,493.5
ffaec74bfd414f8394bab077a989e27f,31050e1a1dcb4c9899ba77be32449e54,11,mixto,0.0909,0.5455,10.0,42.0,550.0,915.0
ffaec74bfd414f8394bab077a989e27f,b785d3ec935248ff8a8fd358f7765463,11,mixto,0.2727,0.6364,8.5,15.0,79.5,81.5
9ae54d261e454c93ae1c2cdec0fd03e6,b1b009877e0c4e0790fd92559d853d69,11,mixto,0.1818,0.3636,22.0,105.0,484.0,838.0
d9cb616562904aa29dc667c21534d2e0,6daae6995cb245348bb2b5432ccc9948,11,mixto,0.0,0.0,257.5,483.0,492.0,733.5
3d639e0a581e4afbbc3976eed669f5c6,ae4caa1cb2154cac89440f3fe18251cb,11,mixto,0.0,0.3636,40.5,304.0,370.5,850.0
67339e06f4b44f78994ff4785178807a,56da1c80cfea4a5b83326bfef271fc3e,11,mixto,0.0,0.1818,190.0,234.0,310.5,411.0
8da9d8af9600449089f527c248a96e4f,6daae6995cb245348bb2b5432ccc9948,11,mixto,0.0,0.5455,29.0,51.0,78.5,83.0
f883bd6d70b043a09837e8b888fe3f65,3752375735a74ae09881a820a0b7d394,11,mixto,0.0909,0.1818,84.5,111.0,219.0,388.5
4a94478dd25f4430a0a023b87e11170d,a647689891b84948871ff7099253a553,11,mixto,0.0,0.1818,95.5,116.0,247.0,404.5
347178b052294153af290d6a84589868,44db06efed134a91bffa7407f60d7979,11,mixto,0.0,0.1818,117.5,257.0,274.0,327.0
ea3b3bbfa0bd4b99ae4fd1176a22d13c,ffaec74bfd414f8394bab077a989e27f,11,mixto,0.3636,1.0,2.5,6.0,9.0,16.5
a7709b21161d459298dc5dc58e77310b,dc821110e3f34bf3984d61955ced2e69,11,mixto,0.0,0.0,373.0,381.0,407.5,567.0
7f2c2c35a2de4624ad938147f73f271a,e8dde9d26979498786c6ba5a82f70ad3,11,mixto,0.0,0.2727,75.0,169.0,178.5,485.5
1ad6835586034de0b29f4a402b182c6c,fb3957569a8d49528c3571bcb4703f55,11,mixto,0.0909,0.0909,81.5,153.0,227.0,296.5
a7925c7ee6674a30ae9f3f4045785095,55c1817c84554dc881bc439a4b00abed,11,mixto,0.2727,1.0,5.0,9.0,13.5,16.0
64b50202d6b74bfcb78c7342823e0f4f,c82f84bf3f2b451393445a0cb6883665,11,mixto,0.0,0.3636,33.0,152.0,496.5,807.0
7d0c4697a4f849e38021ccb192e0b4a7,7249a9adb1c343aba8db068dbe0c3795,11,mixto,0.0909,0.2727,55.0,125.0,203.5,380.0
02f0f8beb94542deac503efd6a774262,6d52b87b5a964c61ad7e28afd9499f18,11,mixto,0.0,0.2727,55.5,143.0,250.0,348.5
94d27864f86d422faa68efccb908cc34,dcd0b6134a8846c1ac7171f8530945ab,11,mixto,0.0,0.6364,23.0,29.0,138.5,661.5
2a4a00c47ac6468395984ee10ebc8dc3,67339e06f4b44f78994ff4785178807a,11,mixto,0.0909,0.3636,41.0,211.0,484.0,921.0
67339e06f4b44f78994ff4785178807a,b15e46acff6b4a7487ad18cdac3a21d0,11,mixto,0.0,0.1818,106.0,136.0,195.5,453.0
4ef0ced873174ee9afc306e414132c72,e8dde9d26979498786c6ba5a82f70ad3,11,mixto,0.1818,0.4545,14.0,69.0,566.0,891.5
9c9359fefd164d388f8a5edc2bac301e,d69a36460b0c4bee9cdc5fd2f58e6a0e,10,mixto,0.0,0.1,249.5,296.5,374.25,428.75
387ff07354a74657a44369e05d83234a,2549b51828ce40af920a932dd2102217,10,mixto,0.0,0.8,12.0,21.0,53.5,321.9
d16fad3dcdb14d69b5d82776d09bb796,625c85747d2c430d8b68c06d2cab9566,10,mixto,0.1,0.2,87.5,317.5,416.25,485.1
f883bd6d70b043a09837e8b888fe3f65,dc821110e3f34bf3984d61955ced2e69,10,mixto,0.1,0.4,37.5,189.0,403.25,639.85
2ff516ac74a44ebfa3a522adbde28a0f,94d27864f86d422faa68efccb908cc34,10,mixto,0.0,0.4,27.25,70.0,72.75,458.65
9f3c39663dac4e6791811016adc217da,b972e814004e4624a566f308901cca7c,10,mixto,0.0,0.2,76.25,155.5,216.25,273.85
0f33ab6447034fe49d1629353a119e47,74e60dc3bc26493d81088e4d322b7c39,10,mixto,0.0,0.4,16.75,74.0,167.25,208.35
dd7629fec91f4599b3cf8c0dd0b984ac,2ff516ac74a44ebfa3a522adbde28a0f,10,mixto,0.1,0.5,14.75,56.0,203.5,387.45
a3d2f5bccc104cf6bdd3817c86236b0e,2549b51828ce40af920a932dd2102217,10,mixto,0.0,0.1,161.5,304.0,446.5,548.5
6a322ad743e3464bae56d2d9b180078a,2ae2ca1a377048a58815f54a432f8a21,10,mixto,0.0,0.2,97.0,176.0,273.5,708.05
478deb22cecd489eb3ed2dcc954a975b,123,10,mixto,0.0,0.8,16.25,21.0,48.5,249.05
eaf8f2b0ccd04cf2a7bfcf357fe88ca2,6f7b8ef5a7204c4b92d0ca778317d790,10,mixto,0.0,0.2,130.5,286.5,390.75,801.65
08165f6182bc4dfc9dc1d7774508bbc6,a7709b21161d459298dc5dc58e77310b,10,mixto,0.0,0.2,100.0,137.5,634.5,935.6
67339e06f4b44f78994ff4785178807a,68244c73eb7a429a9c70a3dbf247293f,10,mixto,0.0,0.1,137.25,191.5,220.75,393.95
123,fb944d98fea445bda57de000993d3e25,10,mixto,0.2,0.5,6.75,50.5,179.75,185.65
239b1152a21a4cebb35b2a9dc02b10a9,91f3f86897ff4ae39e50cbd7035fa8af,10,consistente,0.0,0.1,228.5,635.5,655.75,685.75
c52ceac3693c4644bb20f07dd8aa7103,74e60dc3bc26493d81088e4d322b7c39,10,consistente,0.0,1.0,10.25,12.5,13.75,22.65
7d0c4697a4f849e38021ccb192e0b4a7,dd7629fec91f4599b3cf8c0dd0b984ac,10,consistente,0.0,0.0,93.75,205.5,307.0,449.15
64b1afe9206b4eb885878aafb4be1dae,6f7b8ef5a7204c4b92d0ca778317d790,10,consistente,0.0,0.0,792.0,861.5,1121.25,1142.45
387ff07354a74657a44369e05d83234a,31050e1a1dcb4c9899ba77be32449e54,10,consistente,0.0,0.6,38.25,47.0,60.75,139.55
6d52b87b5a964c61ad7e28afd9499f18,fb944d98fea445bda57de000993d3e25,10,consistente,0.0,0.0,137.25,151.0,182.75,459.65
e16bdf2168e144d396be917a93114bfa,9c9359fefd164d388f8a5edc2bac301e,10,consistente,0.0,0.1,182.0,305.0,421.0,471.45
01b56ab5b9be43e19fa06300994787ec,f44bedcfbdb64a818e717b872a002abd,10,consistente,0.0,0.0,973.25,976.5,1064.25,1094.55
ac8e668f620b403b9ccc6486c0e365c7,05877e8556fa4c0ca458d131265ffd99,10,consistente,0.0,0.6,27.0,50.0,72.5,148.15
a6c839544c0440f5bf2ce98e7396613f,ae4caa1cb2154cac89440f3fe18251cb,10,consistente,0.1,0.1,152.5,164.0,178.5,185.2
08165f6182bc4dfc9dc1d7774508bbc6,e9d3577612dd49c3b62b654e33dccefb,10,mixto,0.0,0.8,14.25,31.5,36.5,679.05
dd02dca897074e77972f506652629762,9a76efc4c34e4bd7843206658dc45454,10,mixto,0.2,0.3,45.5,105.0,175.75,317.15
eaf8f2b0ccd04cf2a7bfcf357fe88ca2,08165f6182bc4dfc9dc1d7774508bbc6,10,mixto,0.0,0.1,114.75,202.0,280.75,346.85
4ef0ced873174ee9afc306e414132c72,67eb30db49f240b08ab2b3f422f92cdf,10,mixto,0.1,0.1,712.75,1082.0,1191.25,1346.05
9c9359fefd164d388f8a5edc2bac301e,9f5eb34dc330412990d7da2fd1db9e64,10,mixto,0.0,0.2,175.25,254.0,330.25,396.65
7d0c4697a4f849e38021ccb192e0b4a7,2549b51828ce40af920a932dd2102217,10,mixto,0.0,0.3,48.75,143.5,190.25,233.05
d602a0071f3f4db8b37a87cffd89bf23,4bb573e349504824b5b5a050a83e094d,10,mixto,0.0,0.1,120.5,184.0,322.0,771.8
9ae54d261e454c93ae1c2cdec0fd03e6,fd595f24910c4126b7398b3e081af528,10,mixto,0.2,1.0,8.5,32.5,36.5,42.75
067325b206034a09a16597b6c55d26a8,3af2d18b09e6443fa289e956fc10669f,10,mixto,0.3,1.0,3.5,6.0,15.75,17.55
2549b51828ce40af920a932dd2102217,5235b9f356954973a226cb6fc12c9d6e,10,mixto,0.0,0.5,34.25,155.5,281.75,524.3
dab6b8ce23604fa7b9ace2c2121d943e,fe1194092c934e70b824f3014a2f020d,10,mixto,0.0,0.2,98.25,208.0,330.0,358.25
d602a0071f3f4db8b37a87cffd89bf23,be4240b37c354311af26b2846acba9c7,10,mixto,0.0,0.0,256.25,346.0,681.5,1138.35
ed6beff4035f49c6997be95df71e5544,9a76efc4c34e4bd7843206658dc45454,10,mixto,0.0,0.8,12.25,13.5,29.0,178.15
6e12533e73a048efa8bcc0a30f2b7684,91f3f86897ff4ae39e50cbd7035fa8af,10,mixto,0.0,0.0,543.75,549.5,555.25,562.85
347178b052294153af290d6a84589868,8c1942e0cdce4f71b53f62474322f0b7,10,mixto,0.0,0.1,102.0,162.0,165.25,167.0
e8dde9d26979498786c6ba5a82f70ad3,c13d78fe65b94d05ad83b59494767b9f,10,mixto,0.0,0.0,428.0,459.0,503.25,777.5
6a322ad743e3464bae56d2d9b180078a,b1b009877e0c4e0790fd92559d853d69,10,mixto,0.0,0.5,47.75,83.0,404.5,558.45
347178b052294153af290d6a84589868,c5b83bbfa22c4c31a5743485b4c6e524,10,mixto,0.0,0.2,305.5,370.0,684.25,990.85
67339e06f4b44f78994ff4785178807a,a6c534b36789447fbed6b8d4f60d3d1a,10,mixto,0.0,0.1,98.5,250.5,322.5,489.4
59dd121f53ac44ddb03bf52488eec671,bf676d9b342d438d8bd0b02c718133af,10,mixto,0.0,0.1,160.0,349.0,470.5,562.6
9a76efc4c34e4bd7843206658dc45454,e423b8339a57485d8b524937d93e4f44,10,mixto,0.2,0.8,13.5,42.0,55.5,804.75
f15bd4421f604ffbae3d627bef601546,123,10,mixto,0.0,0.0,308.25,326.0,349.25,362.3
7d0c4697a4f849e38021ccb192e0b4a7,ae4caa1cb2154cac89440f3fe18251cb,10,mixto,0.0,0.2,70.0,311.5,991.75,1104.55
5af95b4c9eec408dad00e7b5a2a16b92,91f3f86897ff4ae39e50cbd7035fa8af,10,mixto,0.0,0.2,94.0,238.5,346.25,391.3
3e2a4d42827d43d0b90248199e58e98e,e8dde9d26979498786c6ba5a82f70ad3,10,mixto,0.0,0.0,512.75,553.0,564.5,570.75
3346db58cd2d474fbcf63e827462b85d,d0b1e3a4c2434e65be47566dcc3e2ee0,10,mixto,0.0,0.2,79.75,170.0,366.25,449.25
c82f84bf3f2b451393445a0cb6883665,6743ad379b094f98ad903d0f0304add1,10,mixto,0.0,0.3,69.5,291.5,351.5,707.65
a647689891b84948871ff7099253a553,fdd7e5cf453e42d7b8cb2334d3a7bff9,10,mixto,0.4,0.6,1.25,11.5,102.25,639.45
123,c7d9f088b4be4e38924fcfa78a6b5496,10,mixto,0.0,0.5,30.75,70.0,107.5,178.5
c567f19e4b0b409491faa28b331bf1d3,91f3f86897ff4ae39e50cbd7035fa8af,10,mixto,0.1,0.6,11.5,27.5,177.75,207.95
64d9be8046574fbfbc1fb14c9912afea,8b6597a56ec4424ca8d71fdfd2827ff9,10,mixto,0.1,0.4,12.0,105.0,240.25,393.85
a77e76b1e0eb4cc3ae3a1df547fbf4cb,c82f84bf3f2b451393445a0cb6883665,10,mixto,0.0,0.2,239.0,354.5,478.25,509.0
38b3f29fe39b4e87b5f7982165de8cf1,67eb30db49f240b08ab2b3f422f92cdf,10,mixto,0.1,0.3,53.75,107.5,221.5,810.7
e423b8339a57485d8b524937d93e4f44,347178b052294153af290d6a84589868,10,mixto,0.0,0.4,15.75,76.0,764.75,873.3
bf676d9b342d438d8bd0b02c718133af,495c261c0f484bd08e232f7358452c4d,10,mixto,0.0,0.1,106.75,208.5,300.75,341.35
ffaec74bfd414f8394bab077a989e27f,16ffe077cc1a4b11a19bea91abce6f9c,10,mixto,0.0,0.4,42.0,168.0,377.0,467.0
6daae6995cb245348bb2b5432ccc9948,94d27864f86d422faa68efccb908cc34,10,mixto,0.0,0.7,8.25,26.0,84.5,121.9
86144f0d3b814c1d8c013f7aade6c55d,74e60dc3bc26493d81088e4d322b7c39,10,mixto,0.0,0.0,1088.0,1089.0,1089.75,1090.55
2549b51828ce40af920a932dd2102217,4f22549f9d3a443cb041c0e55395dbf1,10,mixto,0.0,0.1,154.5,957.0,958.5,959.0
465d39a118f84dcca1751c69cccc4f3f,c82f84bf3f2b451393445a0cb6883665,10,mixto,0.1,0.3,44.75,147.0,631.0,918.3
e8dde9d26979498786c6ba5a82f70ad3,0faae9b6b5084555a1873eff484b4d9c,10,mixto,0.0,0.0,263.25,464.5,473.75,536.75
44568175e9ff4fdcb98cd4e9d368ce11,67339e06f4b44f78994ff4785178807a,10,mixto,0.1,0.1,225.5,418.5,723.25,960.25
638aea308ffb483198d5c1387e2cc017,67eb30db49f240b08ab2b3f422f92cdf,10,mixto,0.0,0.5,24.0,79.5,170.75,576.75
b1b009877e0c4e0790fd92559d853d69,347178b052294153af290d6a84589868,10,mixto,0.0,0.3,54.5,230.0,692.75,979.2
8c1942e0cdce4f71b53f62474322f0b7,e8dde9d26979498786c6ba5a82f70ad3,10,mixto,0.1,0.2,149.25,154.5,207.5,813.55
495c261c0f484bd08e232f7358452c4d,4f22549f9d3a443cb041c0e55395dbf1,10,mixto,0.0,0.6,25.0,40.5,80.5,514.75
ae4caa1cb2154cac89440f3fe18251cb,6daae6995cb245348bb2b5432ccc9948,10,mixto,0.0,0.1,336.5,442.5,467.5,635.75
dd7629fec91f4599b3cf8c0dd0b984ac,74e60dc3bc26493d81088e4d322b7c39,10,mixto,0.0,0.2,110.5,170.5,475.5,743.75
123,b6a7ac98c6704aa6b6512efa5fa8dbfe,10,mixto,0.0,0.3,54.75,91.0,421.25,806.8
8c89546c8e524777bc61ee8b984e29e0,67339e06f4b44f78994ff4785178807a,10,mixto,0.1,0.3,86.5,449.0,585.25,1203.2
1eec93924a1046efbad70c851782ab8a,c82f84bf3f2b451393445a0cb6883665,10,mixto,0.0,0.0,201.0,684.0,1037.0,1279.0
f883bd6d70b043a09837e8b888fe3f65,c5b83bbfa22c4c31a5743485b4c6e524,10,mixto,0.0,0.2,132.5,183.5,549.0,777.6
fe1194092c934e70b824f3014a2f020d,b972e814004e4624a566f308901cca7c,10,mixto,0.0,0.2,81.25,202.5,273.75,305.7
6e12533e73a048efa8bcc0a30f2b7684,347178b052294153af290d6a84589868,10,mixto,0.0,0.0,708.75,807.5,901.5,958.8
c68583c7f0f3400fbc57c639a37ab30c,67339e06f4b44f78994ff4785178807a,10,mixto,0.1,0.2,64.75,99.0,169.5,414.9
b34fe8a89b9a43189ec5be764c3b695c,dd7629fec91f4599b3cf8c0dd0b984ac,10,mixto,0.1,0.8,20.0,33.0,44.75,114.15
0f33ab6447034fe49d1629353a119e47,b15e46acff6b4a7487ad18cdac3a21d0,10,mixto,0.0,0.2,124.25,609.5,1082.25,1247.85
344f2a7e91d741f69c8e638468150260,d602a0071f3f4db8b37a87cffd89bf23,10,mixto,0.0,0.0,305.75,419.5,470.75,523.05
638aea308ffb483198d5c1387e2cc017,ee00832abfba40b38335ce48a12981b5,10,mixto,0.0,0.5,42.25,72.5,153.5,1097.7
2ff516ac74a44ebfa3a522adbde28a0f,86144f0d3b814c1d8c013f7aade6c55d,10,consistente,0.0,0.0,171.25,1025.0,1034.75,1044.3
209ce526160947f0b398566cd4cbfd0d,fe1194092c934e70b824f3014a2f020d,10,consistente,0.0,0.3,47.75,125.5,309.75,315.0
638aea308ffb483198d5c1387e2cc017,08165f6182bc4dfc9dc1d7774508bbc6,10,mixto,0.0,0.2,87.25,200.0,232.75,855.05
2ae2ca1a377048a58815f54a432f8a21,c99d1e702b8d4d969e6ac5007a9d95b8,10,mixto,0.0,0.1,176.0,301.5,356.5,476.15
c82f84bf3f2b451393445a0cb6883665,51e1587ac2364f19bb4a9344841af223,10,mixto,0.0,0.4,46.0,87.5,231.5,547.25
9a76efc4c34e4bd7843206658dc45454,0faae9b6b5084555a1873eff484b4d9c,10,consistente,0.0,0.4,13.25,120.0,472.75,537.75
123,b8386b6963a4492db355f0f70be3a3e2,10,mixto,0.0,0.7,43.0,54.5,63.25,74.25
4a94478dd25f4430a0a023b87e11170d,465d39a118f84dcca1751c69cccc4f3f,10,consistente,0.2,0.7,6.25,23.5,67.75,89.95
21da73257dca4eb5bc4ba33b435c386b,dd7629fec91f4599b3cf8c0dd0b984ac,10,mixto,0.0,0.4,34.75,141.0,334.75,554.7
6a91c10b9e8341afbd387fb72bab3cf7,6a322ad743e3464bae56d2d9b180078a,10,mixto,0.0,0.2,62.5,100.0,150.75,766.25
86144f0d3b814c1d8c013f7aade6c55d,b972e814004e4624a566f308901cca7c,10,mixto,0.0,0.1,111.5,241.0,292.0,337.7
b972e814004e4624a566f308901cca7c,d9e8c113da1340f198d483e6307085c8,10,mixto,0.0,0.4,32.0,114.5,190.0,238.2
5235b9f356954973a226cb6fc12c9d6e,67339e06f4b44f78994ff4785178807a,10,mixto,0.1,0.2,89.25,140.5,252.75,401.75
ae412e532f1a48428bd0c5ad1f02f816,dc821110e3f34bf3984d61955ced2e69,10,mixto,0.0,0.2,83.25,218.0,383.0,637.4
4060f34dc33042fda53efdfd0594b679,006b85a984e94ce88ddb035ec01b2d70,10,mixto,0.0,0.0,122.25,223.0,368.75,425.55
dd7629fec91f4599b3cf8c0dd0b984ac,399e7fc266894562850261cfbc06b992,10,mixto,0.0,0.2,85.5,104.5,274.5,331.75
b972e814004e4624a566f308901cca7c,ae54454684154c25bd33c6e04609652b,10,mixto,0.0,0.2,77.75,165.0,299.75,612.6
495c261c0f484bd08e232f7358452c4d,eaf8f2b0ccd04cf2a7bfcf357fe88ca2,10,mixto,0.1,0.2,78.75,154.0,302.25,833.5
67339e06f4b44f78994ff4785178807a,e1669d0517f14a979d9a93159b4906b0,10,mixto,0.0,0.3,50.5,109.0,130.5,160.7
347178b052294153af290d6a84589868,cd28f604c0b947398b97af66908be0b6,10,mixto,0.0,0.3,52.0,139.5,258.0,282.25
68244c73eb7a429a9c70a3dbf247293f,d602a0071f3f4db8b37a87cffd89bf23,10,mixto,0.0,0.1,67.5,141.0,218.75,276.55
f96bf82e56594a91b22b01e54f9608ed,dd7629fec91f4599b3cf8c0dd0b984ac,10,mixto,0.0,0.3,47.25,119.5,295.25,770.55
1bb1657eb2eb43808f0529810258aa3b,74e60dc3bc26493d81088e4d322b7c39,10,mixto,0.0,0.3,62.0,111.5,216.0,582.1
a647689891b84948871ff7099253a553,048ab3a7acb54da88960434d9783879f,10,consistente,0.0,0.0,259.25,791.0,1323.0,1324.0
7249a9adb1c343aba8db068dbe0c3795,4a94478dd25f4430a0a023b87e11170d,10,mixto,0.0,0.2,91.75,108.5,219.75,356.95
67339e06f4b44f78994ff4785178807a,fe1194092c934e70b824f3014a2f020d,10,mixto,0.0,0.5,43.0,60.5,92.75,303.5
8c1942e0cdce4f71b53f62474322f0b7,f883bd6d70b043a09837e8b888fe3f65,10,mixto,0.1,0.2,129.75,197.5,387.5,511.25
6a322ad743e3464bae56d2d9b180078a,0de46482bc4d409c86f652534e4b47eb,9,mixto,0.0,0.3333,19.0,334.0,390.0,941.6
191686e57a3e4b8994f63b7b4e90014c,a3d2f5bccc104cf6bdd3817c86236b0e,9,consistente,0.3333,0.3333,2.0,93.0,216.0,217.6
209ce526160947f0b398566cd4cbfd0d,38b3f29fe39b4e87b5f7982165de8cf1,9,mixto,0.0,0.0,521.0,677.0,930.0,1087.4
0de46482bc4d409c86f652534e4b47eb,94d27864f86d422faa68efccb908cc34,9,mixto,0.0,0.3333,41.0,92.0,216.0,702.4
67339e06f4b44f78994ff4785178807a,fdd7e5cf453e42d7b8cb2334d3a7bff9,9,mixto,0.0,0.3333,41.0,162.0,310.0,492.0
894c246eb00a482da371617f75149e30,b972e814004e4624a566f308901cca7c,9,mixto,0.0,0.1111,133.0,294.0,363.0,446.8
a4db025d032f42578306d5461abdda40,d602a0071f3f4db8b37a87cffd89bf23,9,mixto,0.0,0.1111,425.0,442.0,500.0,570.0
006b85a984e94ce88ddb035ec01b2d70,2549b51828ce40af920a932dd2102217,9,mixto,0.1111,0.1111,178.0,219.0,268.0,409.0
2e0f9d54f6534336a19fffacd7b6af40,6a322ad743e3464bae56d2d9b180078a,9,mixto,0.0,0.7778,13.0,15.0,34.0,237.8
91f3f86897ff4ae39e50cbd7035fa8af,b1b009877e0c4e0790fd92559d853d69,9,mixto,0.0,0.2222,82.0,109.0,228.0,1027.0
638aea308ffb483198d5c1387e2cc017,e8dde9d26979498786c6ba5a82f70ad3,9,mixto,0.1111,0.7778,8.0,33.0,40.0,411.6
fd595f24910c4126b7398b3e081af528,67339e06f4b44f78994ff4785178807a,9,mixto,0.0,0.2222,85.0,198.0,274.0,702.8
e8dde9d26979498786c6ba5a82f70ad3,d74a389b77734996ba37fa61a0d08341,9,mixto,0.0,0.2222,137.0,165.0,198.0,1009.2
c7898e94d376496db2a6d220f486db47,006b85a984e94ce88ddb035ec01b2d70,9,mixto,0.0,0.4444,42.0,70.0,230.0,333.0
ffaec74bfd414f8394bab077a989e27f,66a493258641428ea9797fbe33fc8b27,9,mixto,0.1111,1.0,6.0,23.0,23.0,43.4
79bvfghg9a0a8tm25d16sddg7d61d4710,32f2a35e790544ec9e040345f8a364f3,9,mixto,0.2222,0.8889,8.0,11.0,41.0,638.2
8c1942e0cdce4f71b53f62474322f0b7,6a322ad743e3464bae56d2d9b180078a,9,mixto,0.0,0.1111,144.0,271.0,414.0,721.8
c2f8201a4d224d81babdcea072e5cec4,6a322ad743e3464bae56d2d9b180078a,9,mixto,0.0,0.8889,32.0,35.0,35.0,100.4
eae6a8d122774db4ba88162a875db6a6,88d08ee1a5384a7fbe4bfddb8928ce82,9,consistente,0.0,0.6667,41.0,52.0,96.0,96.0
0b145fb41bc84dc58a5beb5b4ef11b17,20acab350ddf489c931028b7a6a1ff99,9,mixto,0.2222,0.4444,6.0,338.0,343.0,517.0
7f2c2c35a2de4624ad938147f73f271a,2549b51828ce40af920a932dd2102217,9,mixto,0.1111,0.8889,22.0,52.0,57.0,195.4
dc821110e3f34bf3984d61955ced2e69,3af2d18b09e6443fa289e956fc10669f,9,mixto,0.2222,0.6667,6.0,33.0,134.0,559.6
9a76efc4c34e4bd7843206658dc45454,1eec93924a1046efbad70c851782ab8a,9,mixto,0.5556,1.0,1.0,2.0,10.0,20.0
a7925c7ee6674a30ae9f3f4045785095,0faae9b6b5084555a1873eff484b4d9c,9,mixto,0.0,0.5556,32.0,44.0,109.0,492.2
347178b052294153af290d6a84589868,03bd6e11bc9246339a1812eb74331dd6,9,mixto,0.0,0.2222,131.0,377.0,485.0,545.6
2a1ad7012aa3426ab2592dd06689329b,f83678e2b4854792a356c72a255c0da4,9,mixto,0.6667,0.7778,2.0,4.0,10.0,112.2
1ad6835586034de0b29f4a402b182c6c,eaf8f2b0ccd04cf2a7bfcf357fe88ca2,9,mixto,0.0,0.0,271.0,274.0,282.0,454.2
c5b83bbfa22c4c31a5743485b4c6e524,94d27864f86d422faa68efccb908cc34,9,mixto,0.0,0.2222,66.0,220.0,258.0,411.6
dc821110e3f34bf3984d61955ced2e69,eaf8f2b0ccd04cf2a7bfcf357fe88ca2,9,mixto,0.0,0.2222,74.0,156.0,521.0,1122.8
dc821110e3f34bf3984d61955ced2e69,6bcf44d8a73c473cb78f0cb92508a232,9,mixto,0.2222,0.3333,6.0,337.0,479.0,987.4
e9d3577612dd49c3b62b654e33dccefb,74e60dc3bc26493d81088e4d322b7c39,9,mixto,0.2222,0.5556,11.0,14.0,143.0,144.2
347178b052294153af290d6a84589868,9c9359fefd164d388f8a5edc2bac301e,9,mixto,0.0,0.0,300.0,346.0,365.0,381.8
2ff516ac74a44ebfa3a522adbde28a0f,b972e814004e4624a566f308901cca7c,9,mixto,0.0,0.1111,85.0,267.0,345.0,769.2
7f2c2c35a2de4624ad938147f73f271a,dd7629fec91f4599b3cf8c0dd0b984ac,9,mixto,0.0,0.0,399.0,552.0,1291.0,1373.4
67eb30db49f240b08ab2b3f422f92cdf,f5d8ddb9e3924b09901a9ce38dddc362,9,mixto,0.1111,0.1111,256.0,503.0,1276.0,1359.6
6daae6995cb245348bb2b5432ccc9948,645a4f092abd49f0820b8a5507e3dea0,9,consistente,0.0,0.0,82.0,214.0,231.0,243.6
ac7a1bf135744666be846c5bffff7cc8,88d08ee1a5384a7fbe4bfddb8928ce82,9,consistente,0.0,0.3333,45.0,109.0,278.0,394.6
9a76efc4c34e4bd7843206658dc45454,02f0f8beb94542deac503efd6a774262,9,mixto,0.3333,0.5556,3.0,30.0,118.0,177.2
123,c52ceac3693c4644bb20f07dd8aa7103,9,mixto,0.2222,0.5556,8.0,27.0,175.0,235.4
0a750e36725e495ba32bd43a5f170724,ee00832abfba40b38335ce48a12981b5,9,mixto,0.0,0.4444,48.0,64.0,116.0,543.2
781903276b2548499891c4c91c5d278b,01b56ab5b9be43e19fa06300994787ec,9,mixto,0.0,0.1111,130.0,134.0,179.0,765.6
20acab350ddf489c931028b7a6a1ff99,d602a0071f3f4db8b37a87cffd89bf23,9,mixto,0.1111,0.4444,41.0,248.0,597.0,657.2
32f2a35e790544ec9e040345f8a364f3,6a322ad743e3464bae56d2d9b180078a,9,mixto,0.1111,0.3333,12.0,154.0,199.0,693.8
64d9be8046574fbfbc1fb14c9912afea,c765193a11274b73b1ffa97efd6fbc3b,9,mixto,0.0,0.3333,33.0,145.0,419.0,475.0
ed6beff4035f49c6997be95df71e5544,209ce526160947f0b398566cd4cbfd0d,9,mixto,0.1111,0.4444,25.0,136.0,183.0,759.2
228ce6ed11d14e84ac2ae00cb5639515,c52ceac3693c4644bb20f07dd8aa7103,9,mixto,0.0,0.2222,64.0,78.0,109.0,131.6
f883bd6d70b043a09837e8b888fe3f65,ac8e668f620b403b9ccc6486c0e365c7,9,mixto,0.0,0.5556,23.0,32.0,94.0,104.2
9a76efc4c34e4bd7843206658dc45454,fdd7e5cf453e42d7b8cb2334d3a7bff9,9,mixto,0.1111,0.6667,11.0,42.0,345.0,793.4
cb9e2b9dd1cd44c5b7d4fdcfbbf3f5e0,0faae9b6b5084555a1873eff484b4d9c,9,mixto,0.0,0.1111,83.0,87.0,939.0,967.2
c5b83bbfa22c4c31a5743485b4c6e524,38b3f29fe39b4e87b5f7982165de8cf1,9,mixto,0.0,0.1111,101.0,105.0,217.0,385.8
b31017b848694be1b92f15c6dad1ca2c,645a4f092abd49f0820b8a5507e3dea0,9,mixto,0.3333,0.6667,3.0,5.0,85.0,781.2
79bvfghg9a0a8tm25d16sddg7d61d4710,d74a389b77734996ba37fa61a0d08341,9,mixto,0.2222,0.2222,70.0,91.0,131.0,134.2
51e1587ac2364f19bb4a9344841af223,6a322ad743e3464bae56d2d9b180078a,9,mixto,0.0,0.3333,46.0,107.0,218.0,947.2
9c9359fefd164d388f8a5edc2bac301e,4060f34dc33042fda53efdfd0594b679,9,mixto,0.0,0.2222,69.0,107.0,270.0,399.8
dc821110e3f34bf3984d61955ced2e69,9c9359fefd164d388f8a5edc2bac301e,9,mixto,0.0,0.0,882.0,940.0,1081.0,1129.0
6a91c10b9e8341afbd387fb72bab3cf7,e8dde9d26979498786c6ba5a82f70ad3,9,mixto,0.0,0.2222,67.0,161.0,335.0,944.4
8af63e063a2a42098caed55eeb24acf0,239b1152a21a4cebb35b2a9dc02b10a9,9,mixto,0.2222,0.6667,9.0,19.0,377.0,636.4
b7c988fa6132435480b57f66696827fd,2549b51828ce40af920a932dd2102217,9,mixto,0.5556,0.5556,2.0,3.0,677.0,966.0
ffaec74bfd414f8394bab077a989e27f,cd40ad229df147389504190c71de61f5,9,mixto,0.0,0.2222,77.0,151.0,238.0,743.2
9c9359fefd164d388f8a5edc2bac301e,c63d7e67e1f8454386089193582563ea,9,mixto,0.0,0.2222,69.0,235.0,305.0,492.4
b3eb39eeec084dcd92806f5f6081e175,67339e06f4b44f78994ff4785178807a,9,mixto,0.1111,0.4444,42.0,82.0,456.0,485.8
c2f8201a4d224d81babdcea072e5cec4,67339e06f4b44f78994ff4785178807a,9,mixto,0.0,0.0,352.0,537.0,892.0,1180.0
b972e814004e4624a566f308901cca7c,399e7fc266894562850261cfbc06b992,9,mixto,0.0,0.1111,212.0,306.0,317.0,347.6
3346db58cd2d474fbcf63e827462b85d,7d0c4697a4f849e38021ccb192e0b4a7,9,mixto,0.1111,0.1111,168.0,242.0,248.0,344.4
40fc9588a8e04b28852ec1163528bb8a,a7709b21161d459298dc5dc58e77310b,9,mixto,0.0,0.3333,44.0,110.0,126.0,405.6
c5b83bbfa22c4c31a5743485b4c6e524,2ae2ca1a377048a58815f54a432f8a21,9,mixto,0.0,0.3333,30.0,150.0,287.0,386.2
478deb22cecd489eb3ed2dcc954a975b,2549b51828ce40af920a932dd2102217,9,mixto,0.1111,0.2222,71.0,73.0,76.0,83.4
1ad6835586034de0b29f4a402b182c6c,3af2d18b09e6443fa289e956fc10669f,9,mixto,0.0,1.0,10.0,23.0,40.0,41.6
86144f0d3b814c1d8c013f7aade6c55d,88d08ee1a5384a7fbe4bfddb8928ce82,9,mixto,0.0,0.2222,197.0,359.0,732.0,956.4
ffaec74bfd414f8394bab077a989e27f,78d2a80a1628414097285e5ece0cab12,9,mixto,0.0,0.0,757.0,758.0,758.0,842.0
123,b785d3ec935248ff8a8fd358f7765463,9,mixto,0.2222,0.3333,10.0,328.0,414.0,473.2
01b56ab5b9be43e19fa06300994787ec,40fc9588a8e04b28852ec1163528bb8a,9,mixto,0.0,0.3333,47.0,384.0,528.0,876.2
1eab1f316fa94a29bceec6dc6d84f0bd,dcd0b6134a8846c1ac7171f8530945ab,9,mixto,0.0,1.0,16.0,19.0,23.0,26.2
5492b6e4db6948aca469c21d05b18721,c82f84bf3f2b451393445a0cb6883665,9,consistente,0.0,0.0,335.0,352.0,393.0,647.2
67eb30db49f240b08ab2b3f422f92cdf,1bb1657eb2eb43808f0529810258aa3b,9,mixto,0.0,0.4444,54.0,217.0,223.0,395.0
16ffe077cc1a4b11a19bea91abce6f9c,da87b58c9a8245cda82014a16cf8840a,9,mixto,0.0,0.0,281.0,325.0,430.0,789.6
ab2dd6e0890c4b5483973add6fa1b91b,74e60dc3bc26493d81088e4d322b7c39,9,mixto,0.0,0.0,166.0,247.0,250.0,268.8
dcd0b6134a8846c1ac7171f8530945ab,fea91b9f08cc4f54a295711a70734a22,9,mixto,0.3333,0.5556,3.0,58.0,433.0,882.4
d602a0071f3f4db8b37a87cffd89bf23,117d6d62a9844fd38fdb5d53e5cbc844,9,mixto,0.0,0.2222,80.0,733.0,1025.0,1170.0
6a322ad743e3464bae56d2d9b180078a,3af2d18b09e6443fa289e956fc10669f,9,mixto,0.0,0.3333,43.0,182.0,560.0,782.6
9c9359fefd164d388f8a5edc2bac301e,d78965c7cc7241de9494df4348e86691,9,mixto,0.0,0.0,166.0,246.0,344.0,420.4
c52ceac3693c4644bb20f07dd8aa7103,88d08ee1a5384a7fbe4bfddb8928ce82,9,mixto,0.0,0.1111,225.0,255.0,420.0,422.6
6743ad379b094f98ad903d0f0304add1,91f3f86897ff4ae39e50cbd7035fa8af,9,mixto,0.0,0.0,175.0,277.0,478.0,693.6
123,cc24befdf2774590868faf92c745d561,9,consistente,0.0,0.3333,58.0,69.0,136.0,227.4
4a94478dd25f4430a0a023b87e11170d,8c1942e0cdce4f71b53f62474322f0b7,9,consistente,0.0,0.2222,73.0,128.0,143.0,397.2
9a8b89a81b6a4af6a344229958ea3cdf,67339e06f4b44f78994ff4785178807a,9,consistente,0.0,0.2222,80.0,91.0,221.0,359.0
1eec93924a1046efbad70c851782ab8a,2a4a00c47ac6468395984ee10ebc8dc3,9,consistente,0.0,0.4444,39.0,73.0,219.0,414.0
ffaec74bfd414f8394bab077a989e27f,3af2d18b09e6443fa289e956fc10669f,9,consistente,0.2222,0.3333,37.0,483.0,648.0,694.0
558b533275bd41bca3094acb6a85113a,88d08ee1a5384a7fbe4bfddb8928ce82,9,consistente,0.1111,0.2222,136.0,283.0,400.0,418.0
ffaec74bfd414f8394bab077a989e27f,41da80f6154c4d918166fc43862f5d78,9,mixto,0.2222,0.7778,6.0,9.0,40.0,80.6
006b85a984e94ce88ddb035ec01b2d70,c52ceac3693c4644bb20f07dd8aa7103,9,mixto,0.1111,0.3333,19.0,147.0,229.0,742.4
4ef0ced873174ee9afc306e414132c72,d6d4327ae40445518a3c8a6e62137cd6,9,mixto,0.0,0.0,81.0,107.0,161.0,256.6
5af95b4c9eec408dad00e7b5a2a16b92,2549b51828ce40af920a932dd2102217,9,mixto,0.7778,0.7778,1.0,2.0,3.0,123.8
228ce6ed11d14e84ac2ae00cb5639515,dab6b8ce23604fa7b9ace2c2121d943e,9,mixto,0.1111,0.6667,44.0,56.0,65.0,72.2
136c7b7db74f4354ae8721ced4db4e39,b972e814004e4624a566f308901cca7c,9,mixto,0.0,0.1111,139.0,335.0,449.0,1031.6
fea91b9f08cc4f54a295711a70734a22,64d9be8046574fbfbc1fb14c9912afea,9,mixto,0.1111,0.1111,181.0,278.0,304.0,452.6
209ce526160947f0b398566cd4cbfd0d,3af2d18b09e6443fa289e956fc10669f,9,mixto,0.0,0.0,229.0,236.0,379.0,644.4
8af63e063a2a42098caed55eeb24acf0,fb74231009884254b2d13b0fd9056247,9,mixto,0.0,0.5556,18.0,57.0,120.0,533.8
41da80f6154c4d918166fc43862f5d78,c82f84bf3f2b451393445a0cb6883665,9,mixto,0.0,0.1111,122.0,357.0,670.0,1100.8
9ae54d261e454c93ae1c2cdec0fd03e6,dc821110e3f34bf3984d61955ced2e69,9,mixto,0.0,0.6667,34.0,36.0,117.0,233.0
64d9be8046574fbfbc1fb14c9912afea,40dd6d22197543669fba285cd158079f,9,mixto,0.1111,0.3333,40.0,156.0,282.0,529.4
1eec93924a1046efbad70c851782ab8a,6a322ad743e3464bae56d2d9b180078a,9,mixto,0.2222,0.6667,8.0,44.0,94.0,147.8
ae54454684154c25bd33c6e04609652b,f883bd6d70b043a09837e8b888fe3f65,9,mixto,0.0,0.0,288.0,601.0,749.0,883.0
8c2eff865c5f40dbae0d6ccbc47e1d9c,6daae6995cb245348bb2b5432ccc9948,9,mixto,0.0,0.2222,191.0,191.0,605.0,789.0
f62c9a57b0fc4355a33b3ceefb0952b3,ae4caa1cb2154cac89440f3fe18251cb,9,consistente,0.0,0.0,167.0,329.0,361.0,442.2
b8386b6963a4492db355f0f70be3a3e2,d602a0071f3f4db8b37a87cffd89bf23,9,mixto,0.2222,0.3333,10.0,303.0,509.0,556.4
4830b97416a14d1485ccb85c9f9baa4e,645a4f092abd49f0820b8a5507e3dea0,9,mixto,0.3333,1.0,3.0,6.0,8.0,10.2
ffaec74bfd414f8394bab077a989e27f,52449c34bb1e47fe81802bf322dae8ee,9,mixto,0.2222,0.5556,7.0,8.0,232.0,793.2
123,95b7bf6083634811b6ec1552e2ed5fad,9,mixto,0.0,0.1111,148.0,330.0,683.0,988.0
173651d19b3e492cb6c27f74b9b1fe7e,ffaec74bfd414f8394bab077a989e27f,9,mixto,0.3333,0.6667,4.0,7.0,862.0,865.2
be4240b37c354311af26b2846acba9c7,123,9,mixto,0.0,0.2222,96.0,767.0,956.0,1147.2
9ad41e803fff463bac913cedefca7796,123,9,mixto,0.1111,1.0,9.0,14.0,18.0,32.6
fb3957569a8d49528c3571bcb4703f55,495c261c0f484bd08e232f7358452c4d,9,mixto,0.0,0.4444,45.0,66.0,167.0,1087.0
347178b052294153af290d6a84589868,d74a389b77734996ba37fa61a0d08341,9,mixto,0.0,0.3333,12.0,251.0,251.0,251.6
123,eae6a8d122774db4ba88162a875db6a6,9,consistente,0.0,0.0,357.0,368.0,1137.0,1198.8
01b56ab5b9be43e19fa06300994787ec,3752375735a74ae09881a820a0b7d394,9,consistente,0.0,0.0,587.0,733.0,943.0,955.2
62a5285108824e269a3fa09e9c233440,86144f0d3b814c1d8c013f7aade6c55d,9,mixto,0.0,0.7778,24.0,33.0,50.0,245.8
20acab350ddf489c931028b7a6a1ff99,86480a9f563349b1a2974d9f43548e59,9,mixto,0.1111,0.2222,88.0,125.0,177.0,351.6
ffaec74bfd414f8394bab077a989e27f,ab2dd6e0890c4b5483973add6fa1b91b,9,consistente,0.0,0.4444,23.0,61.0,943.0,944.0
c2f8201a4d224d81babdcea072e5cec4,123,9,mixto,0.1111,0.8889,7.0,8.0,8.0,55.8
d602a0071f3f4db8b37a87cffd89bf23,5f686fded1294c02a7a5c3298f2eec5b,9,mixto,0.0,0.1111,97.0,217.0,314.0,741.4
e10304f95c2b40738695563eb9b8662c,d602a0071f3f4db8b37a87cffd89bf23,9,mixto,0.0,0.3333,19.0,406.0,665.0,857.4
40fc9588a8e04b28852ec1163528bb8a,b972e814004e4624a566f308901cca7c,9,consistente,0.0,0.0,206.0,301.0,325.0,352.0
6a91c10b9e8341afbd387fb72bab3cf7,eaf8f2b0ccd04cf2a7bfcf357fe88ca2,9,consistente,0.1111,0.4444,12.0,195.0,261.0,303.4
4f22549f9d3a443cb041c0e55395dbf1,eaf8f2b0ccd04cf2a7bfcf357fe88ca2,9,consistente,0.0,0.0,182.0,238.0,595.0,595.6
e8dde9d26979498786c6ba5a82f70ad3,c150a834cbcc40d09aeed2f8703f4dd3,9,mixto,0.0,0.7778,31.0,36.0,55.0,276.0
2ae2ca1a377048a58815f54a432f8a21,347178b052294153af290d6a84589868,9,mixto,0.0,0.4444,28.0,107.0,115.0,317.2
123,e16bdf2168e144d396be917a93114bfa,9,consistente,0.0,0.0,639.0,688.0,930.0,933.2
d0b1e3a4c2434e65be47566dcc3e2ee0,c7d9f088b4be4e38924fcfa78a6b5496,9,consistente,0.0,0.6667,15.0,47.0,215.0,215.6
a7925c7ee6674a30ae9f3f4045785095,ef1dd1f1a5b94d0eacb669f7b3ec2911,9,consistente,0.0,0.1111,74.0,95.0,156.0,183.0
e5fafa0edd9e4c4586cebde1b6858ccd,d602a0071f3f4db8b37a87cffd89bf23,9,consistente,0.0,0.0,511.0,528.0,541.0,651.2
2ff516ac74a44ebfa3a522adbde28a0f,e49052056b49428b86e0e8972a273c89,9,consistente,0.0,0.0,749.0,780.0,891.0,891.6
2549b51828ce40af920a932dd2102217,de90d8af20f547aaa9b3300c76251188,9,consistente,0.0,0.0,105.0,105.0,106.0,106.0
eb838855f2344f65a4c925df80cdcad5,f2eaffaf45b84b9c8e39cc303a97e9d7,9,consistente,0.0,0.0,1107.0,1111.0,1140.0,1182.4
ef1dd1f1a5b94d0eacb669f7b3ec2911,dfd423dde87b47d382b736a15a36ac68,9,consistente,0.0,0.8889,16.0,16.0,16.0,320.2
03bd6e11bc9246339a1812eb74331dd6,ae4caa1cb2154cac89440f3fe18251cb,8,mixto,0.0,0.25,82.0,141.0,576.75,611.65
d602a0071f3f4db8b37a87cffd89bf23,8c2eff865c5f40dbae0d6ccbc47e1d9c,8,mixto,0.0,0.0,285.25,313.0,415.0,644.45
56da1c80cfea4a5b83326bfef271fc3e,08165f6182bc4dfc9dc1d7774508bbc6,8,mixto,0.0,0.125,230.5,324.0,597.75,1067.0
081c2c9f062a4293ae6d23a5b30e7c3e,d602a0071f3f4db8b37a87cffd89bf23,8,mixto,0.125,0.375,30.0,384.0,886.75,1123.0
e8dde9d26979498786c6ba5a82f70ad3,78d2a80a1628414097285e5ece0cab12,8,mixto,0.0,0.125,970.0,1246.5,1247.0,1247.0
209ce526160947f0b398566cd4cbfd0d,285f4ab87d9a4484a4e8fa6e7db43fe6,8,mixto,0.125,0.75,13.5,31.0,86.0,507.05
3346db58cd2d474fbcf63e827462b85d,c5b83bbfa22c4c31a5743485b4c6e524,8,mixto,0.0,0.125,171.0,301.0,650.25,970.95
2549b51828ce40af920a932dd2102217,8ccf6c97b6eb4670bafec186fbe64f85,8,mixto,0.125,0.125,83.5,184.0,352.25,738.05
c567f19e4b0b409491faa28b331bf1d3,08165f6182bc4dfc9dc1d7774508bbc6,8,mixto,0.0,0.5,21.5,79.5,166.75,257.8
888fb026b62d4a75920fe44a0af43ad4,c82f84bf3f2b451393445a0cb6883665,8,mixto,0.0,0.375,8.25,293.5,642.25,644.95
c52ceac3693c4644bb20f07dd8aa7103,5492b6e4db6948aca469c21d05b18721,8,mixto,0.0,0.125,162.5,221.5,266.0,401.4
e7c03dd9e5044ca7a0945b6bbe4be826,e8dde9d26979498786c6ba5a82f70ad3,8,mixto,0.125,0.75,14.25,25.0,249.5,860.0
2ff516ac74a44ebfa3a522adbde28a0f,ef1dd1f1a5b94d0eacb669f7b3ec2911,8,mixto,0.0,0.5,48.25,66.5,94.25,301.9
9f88dc88029e42d3a5b082ab396be6d3,67339e06f4b44f78994ff4785178807a,8,mixto,0.0,0.0,93.5,136.5,141.5,150.8
d602a0071f3f4db8b37a87cffd89bf23,80d8324451a74ae887a93c2bee8b5d3d,8,mixto,0.0,0.375,33.75,82.0,160.5,761.95
c82f84bf3f2b451393445a0cb6883665,4f22549f9d3a443cb041c0e55395dbf1,8,mixto,0.0,0.375,49.25,234.0,846.75,980.25
4a94478dd25f4430a0a023b87e11170d,a77e76b1e0eb4cc3ae3a1df547fbf4cb,8,consistente,0.0,0.0,1383.0,1387.5,1397.25,1414.3
347178b052294153af290d6a84589868,74e60dc3bc26493d81088e4d322b7c39,8,mixto,0.0,0.375,40.5,109.0,172.5,174.0
c5b83bbfa22c4c31a5743485b4c6e524,91f3f86897ff4ae39e50cbd7035fa8af,8,mixto,0.125,0.125,615.75,862.5,990.25,1038.7
9a76efc4c34e4bd7843206658dc45454,117d6d62a9844fd38fdb5d53e5cbc844,8,mixto,0.375,1.0,4.0,12.0,21.25,25.0
1bb1657eb2eb43808f0529810258aa3b,4a9c2f22f9d047569a0ceafcb9741033,8,mixto,0.0,0.0,236.75,387.5,441.5,771.45
ae4caa1cb2154cac89440f3fe18251cb,3e2a4d42827d43d0b90248199e58e98e,8,mixto,0.0,0.0,341.25,350.5,355.25,632.9
95b7bf6083634811b6ec1552e2ed5fad,c82f84bf3f2b451393445a0cb6883665,8,mixto,0.0,0.125,96.0,113.5,166.0,166.65
67eb30db49f240b08ab2b3f422f92cdf,62a5285108824e269a3fa09e9c233440,8,mixto,0.0,0.5,45.75,81.5,297.5,910.5
3d639e0a581e4afbbc3976eed669f5c6,ab2dd6e0890c4b5483973add6fa1b91b,8,mixto,0.0,1.0,18.5,21.0,31.25,47.9
4f4d89fa8ce34da19ecb340c1d267a3e,67eb30db49f240b08ab2b3f422f92cdf,8,mixto,0.0,0.25,61.75,306.0,664.75,694.1
67339e06f4b44f78994ff4785178807a,f31ed616d84449edb5fdd8cd332552b2,8,mixto,0.0,0.375,31.75,108.0,187.5,369.8
67eb30db49f240b08ab2b3f422f92cdf,b9e3f79c40594953af24e9a43eba4e0c,8,mixto,0.0,0.375,57.0,162.5,209.75,494.75
08165f6182bc4dfc9dc1d7774508bbc6,4f4d89fa8ce34da19ecb340c1d267a3e,8,mixto,0.0,0.75,18.75,25.5,63.75,82.95
68b13a1228424526b43e2f78716efd3b,2a4a00c47ac6468395984ee10ebc8dc3,8,mixto,0.0,0.25,172.5,248.5,281.75,304.05
5f686fded1294c02a7a5c3298f2eec5b,dcd0b6134a8846c1ac7171f8530945ab,8,mixto,0.0,0.0,305.25,582.5,857.5,978.2
ac8e668f620b403b9ccc6486c0e365c7,eaf8f2b0ccd04cf2a7bfcf357fe88ca2,8,mixto,0.0,0.25,59.25,141.5,182.5,188.55
9a76efc4c34e4bd7843206658dc45454,9321fceaab9d4b7c8b8eca8e30b0654d,8,mixto,0.375,0.75,3.0,6.5,37.0,86.3
ee00832abfba40b38335ce48a12981b5,2a4a00c47ac6468395984ee10ebc8dc3,8,consistente,0.0,0.125,157.0,591.5,1355.0,1355.65
fb74231009884254b2d13b0fd9056247,c82f84bf3f2b451393445a0cb6883665,8,consistente,0.0,0.25,603.75,787.0,789.0,789.0
1ad6835586034de0b29f4a402b182c6c,39efc8cccc114c25bf2da1413ecf51a6,8,consistente,0.125,1.0,8.25,10.5,13.25,18.3
9f88dc88029e42d3a5b082ab396be6d3,1ad6835586034de0b29f4a402b182c6c,8,mixto,0.0,0.0,163.75,175.0,177.25,178.65
5af89d91c7c74476ad4546b1db07c56c,c82f84bf3f2b451393445a0cb6883665,8,consistente,0.0,0.375,44.0,749.0,755.25,756.65
3af2d18b09e6443fa289e956fc10669f,347178b052294153af290d6a84589868,8,consistente,0.0,0.25,257.5,365.5,442.5,570.0
f44bedcfbdb64a818e717b872a002abd,91f3f86897ff4ae39e50cbd7035fa8af,8,consistente,0.0,0.0,265.25,311.5,417.5,597.3
9ae54d261e454c93ae1c2cdec0fd03e6,6a322ad743e3464bae56d2d9b180078a,8,mixto,0.0,0.625,16.75,33.5,370.25,476.65
1bb1657eb2eb43808f0529810258aa3b,035b14f7f84242ef8ca0e78b0352777d,8,mixto,0.0,0.125,186.25,292.0,594.75,1176.3
ee00832abfba40b38335ce48a12981b5,0f33ab6447034fe49d1629353a119e47,8,mixto,0.0,0.25,164.75,271.5,339.25,340.0
b1b009877e0c4e0790fd92559d853d69,2ae2ca1a377048a58815f54a432f8a21,8,mixto,0.0,0.5,21.25,57.0,122.0,841.55
c82f84bf3f2b451393445a0cb6883665,55c1817c84554dc881bc439a4b00abed,8,mixto,0.0,0.125,260.0,326.5,579.0,1224.95
7249a9adb1c343aba8db068dbe0c3795,209ce526160947f0b398566cd4cbfd0d,8,mixto,0.125,0.75,15.75,24.5,60.25,158.2
1e801411cdbd40aa92ad0dfc09000f69,ae412e532f1a48428bd0c5ad1f02f816,8,mixto,0.0,0.375,49.5,131.0,186.0,243.2
67339e06f4b44f78994ff4785178807a,7fb306ac5a6d4bbcb720e1de16336508,8,mixto,0.125,0.25,65.0,193.5,231.0,407.15
4a94478dd25f4430a0a023b87e11170d,14cc5dc0682d44fe99d2d91e1eaafac7,8,mixto,0.0,1.0,20.5,21.0,22.75,25.0
eaf8f2b0ccd04cf2a7bfcf357fe88ca2,c13d78fe65b94d05ad83b59494767b9f,8,mixto,0.0,0.375,54.0,102.5,172.25,363.5
4a94478dd25f4430a0a023b87e11170d,0dfdb4894c0e486faae2751590db44b8,8,consistente,0.0,0.0,84.0,241.5,453.75,618.0
fa2253c4c2274ef49d59c93e747deaa0,b972e814004e4624a566f308901cca7c,8,consistente,0.0,0.0,156.0,170.5,204.0,204.0
123,c150a834cbcc40d09aeed2f8703f4dd3,8,consistente,0.0,0.125,275.25,313.5,328.75,334.65
ffaec74bfd414f8394bab077a989e27f,888fb026b62d4a75920fe44a0af43ad4,8,mixto,0.0,0.0,207.75,213.5,217.25,219.3
9a76efc4c34e4bd7843206658dc45454,cd40ad229df147389504190c71de61f5,8,mixto,0.0,0.5,40.0,102.0,180.0,221.1
d602a0071f3f4db8b37a87cffd89bf23,5d23a1d87c58425e98816025d8157273,8,mixto,0.0,0.125,79.5,89.5,288.0,394.4
dcd0b6134a8846c1ac7171f8530945ab,f83678e2b4854792a356c72a255c0da4,8,mixto,0.375,0.375,3.5,85.0,98.5,581.0
d74a389b77734996ba37fa61a0d08341,5492b6e4db6948aca469c21d05b18721,8,consistente,0.0,0.125,189.5,243.0,297.5,300.3
ee1016d1de3347b79368186e86dfc2c2,558b533275bd41bca3094acb6a85113a,8,consistente,0.0,0.0,238.25,276.5,305.0,379.45
0e11736fc9c24dbea92c4f3a6453a160,123,8,mixto,0.0,0.0,95.0,448.0,796.5,1093.45
ffaec74bfd414f8394bab077a989e27f,55c1817c84554dc881bc439a4b00abed,8,mixto,0.125,0.625,20.5,41.0,190.25,340.3
6743ad379b094f98ad903d0f0304add1,67eb30db49f240b08ab2b3f422f92cdf,8,mixto,0.0,0.375,53.0,109.5,148.75,347.5
0faae9b6b5084555a1873eff484b4d9c,c82f84bf3f2b451393445a0cb6883665,8,mixto,0.0,0.25,238.5,595.5,1081.5,1190.9
2549b51828ce40af920a932dd2102217,44568175e9ff4fdcb98cd4e9d368ce11,8,mixto,0.0,0.25,93.25,318.0,448.0,541.6
fb944d98fea445bda57de000993d3e25,fdd7e5cf453e42d7b8cb2334d3a7bff9,8,mixto,0.0,0.75,16.5,22.5,118.25,392.75
ae4caa1cb2154cac89440f3fe18251cb,4f22549f9d3a443cb041c0e55395dbf1,8,mixto,0.125,0.25,50.75,82.5,173.5,213.75
b1b009877e0c4e0790fd92559d853d69,6a91c10b9e8341afbd387fb72bab3cf7,8,mixto,0.125,0.5,43.5,73.0,134.5,834.0
2ae2ca1a377048a58815f54a432f8a21,1e89b0b11b0e417bbd199a3aac7717ee,8,mixto,0.0,1.0,9.0,22.5,33.25,34.65
67339e06f4b44f78994ff4785178807a,01b56ab5b9be43e19fa06300994787ec,8,mixto,0.0,0.0,122.5,216.5,569.5,905.8
006b85a984e94ce88ddb035ec01b2d70,c6f7ed5bd4954356b00aac92c9fff41a,8,mixto,0.125,0.5,22.25,277.5,533.5,554.95
64d9be8046574fbfbc1fb14c9912afea,0f33ab6447034fe49d1629353a119e47,8,mixto,0.125,0.5,22.5,57.5,192.0,561.4
9a76efc4c34e4bd7843206658dc45454,b15e46acff6b4a7487ad18cdac3a21d0,8,mixto,0.25,0.25,52.25,148.5,303.5,747.95
c82f84bf3f2b451393445a0cb6883665,d766af3638194588bfaa68f745e5b24a,8,mixto,0.0,0.25,71.0,145.5,258.5,410.8
1ad6835586034de0b29f4a402b182c6c,dcd0b6134a8846c1ac7171f8530945ab,8,mixto,0.0,0.0,194.0,850.0,1227.0,1316.5
95299da5a5f449f09c2fdf131183b903,006b85a984e94ce88ddb035ec01b2d70,8,mixto,0.0,0.5,41.5,61.0,268.25,289.6
08165f6182bc4dfc9dc1d7774508bbc6,fb944d98fea445bda57de000993d3e25,8,mixto,0.125,0.875,27.0,30.5,34.75,80.55
de90d8af20f547aaa9b3300c76251188,fb3957569a8d49528c3571bcb4703f55,8,mixto,0.0,0.5,33.0,48.5,104.5,298.9
9f88dc88029e42d3a5b082ab396be6d3,67eb30db49f240b08ab2b3f422f92cdf,8,consistente,0.0,0.0,119.0,221.5,646.25,1076.6
ae4caa1cb2154cac89440f3fe18251cb,7f2c2c35a2de4624ad938147f73f271a,8,consistente,0.0,0.0,1001.75,1036.0,1047.0,1082.55
5492b6e4db6948aca469c21d05b18721,5235b9f356954973a226cb6fc12c9d6e,8,consistente,0.0,0.25,56.75,193.0,282.0,404.85
e423b8339a57485d8b524937d93e4f44,32f2a35e790544ec9e040345f8a364f3,8,consistente,0.0,0.875,47.5,51.5,54.25,264.95
9ae55707cfcb459f9dcb36f8719d9cfa,4a94478dd25f4430a0a023b87e11170d,8,consistente,0.0,0.75,18.75,21.0,53.0,145.6
285f4ab87d9a4484a4e8fa6e7db43fe6,4a94478dd25f4430a0a023b87e11170d,8,mixto,0.0,0.875,27.0,28.0,46.25,365.5
08165f6182bc4dfc9dc1d7774508bbc6,b34fe8a89b9a43189ec5be764c3b695c,8,mixto,0.0,0.75,23.5,28.0,44.0,90.75
91f3f86897ff4ae39e50cbd7035fa8af,a7709b21161d459298dc5dc58e77310b,8,mixto,0.0,0.375,42.0,360.0,680.75,684.3
2549b51828ce40af920a932dd2102217,b15e46acff6b4a7487ad18cdac3a21d0,8,mixto,0.0,0.0,668.5,716.0,875.25,1179.65
c13d78fe65b94d05ad83b59494767b9f,6d52b87b5a964c61ad7e28afd9499f18,8,mixto,0.0,0.25,58.5,311.0,357.0,542.25
dd02dca897074e77972f506652629762,ae4caa1cb2154cac89440f3fe18251cb,8,mixto,0.0,0.375,27.75,382.0,671.5,850.45
2549b51828ce40af920a932dd2102217,64b50202d6b74bfcb78c7342823e0f4f,8,mixto,0.125,0.625,10.5,25.0,223.0,566.85
74e60dc3bc26493d81088e4d322b7c39,56da1c80cfea4a5b83326bfef271fc3e,8,mixto,0.0,0.125,66.0,85.5,119.25,170.2
645a4f092abd49f0820b8a5507e3dea0,52449c34bb1e47fe81802bf322dae8ee,8,mixto,1.0,1.0,1.0,2.0,3.0,3.0
ee1016d1de3347b79368186e86dfc2c2,5f686fded1294c02a7a5c3298f2eec5b,8,mixto,0.0,0.25,60.25,78.5,326.5,851.7
cc892c05f6d94315be2b7539e45b9170,c82f84bf3f2b451393445a0cb6883665,8,mixto,0.125,0.125,122.5,164.5,276.75,536.75
94d27864f86d422faa68efccb908cc34,894c246eb00a482da371617f75149e30,8,mixto,0.0,0.625,35.0,39.0,60.75,63.0
a7925c7ee6674a30ae9f3f4045785095,1bb1657eb2eb43808f0529810258aa3b,8,mixto,0.0,0.0,213.5,236.0,284.0,331.3
dc821110e3f34bf3984d61955ced2e69,64d9be8046574fbfbc1fb14c9912afea,8,mixto,0.0,0.0,261.5,463.0,501.75,518.95
ffaec74bfd414f8394bab077a989e27f,30cee14d90f44924bfc69147c5f8b08f,8,mixto,0.125,0.5,22.0,62.0,118.0,146.1
3009f6f4befb498fbed7dbf1b189f47c,d602a0071f3f4db8b37a87cffd89bf23,8,mixto,0.0,0.125,203.0,283.0,354.25,381.7
c63d7e67e1f8454386089193582563ea,d602a0071f3f4db8b37a87cffd89bf23,8,mixto,0.0,0.5,25.0,53.5,172.0,526.9
6743ad379b094f98ad903d0f0304add1,2549b51828ce40af920a932dd2102217,8,mixto,0.125,0.25,107.25,168.5,496.5,783.2
9c9359fefd164d388f8a5edc2bac301e,cfa90dba533f41d6821aaecccdb0bfa3,8,mixto,0.0,0.0,155.75,207.0,235.25,305.85
209ce526160947f0b398566cd4cbfd0d,64b50202d6b74bfcb78c7342823e0f4f,8,mixto,0.375,0.75,3.5,6.5,50.75,243.75
eaf8f2b0ccd04cf2a7bfcf357fe88ca2,ab2dd6e0890c4b5483973add6fa1b91b,8,mixto,0.0,0.625,32.75,44.5,191.0,735.05
c52ceac3693c4644bb20f07dd8aa7103,eaf8f2b0ccd04cf2a7bfcf357fe88ca2,8,mixto,0.0,0.375,42.0,190.0,416.5,517.65
a7709b21161d459298dc5dc58e77310b,495c261c0f484bd08e232f7358452c4d,8,mixto,0.125,0.125,98.25,489.0,513.0,667.25
228ce6ed11d14e84ac2ae00cb5639515,67339e06f4b44f78994ff4785178807a,8,consistente,0.0,0.0,151.75,164.5,173.5,179.3
dcd0b6134a8846c1ac7171f8530945ab,43c343dfece141d18c16ef26fca862c7,8,consistente,0.0,0.75,26.75,36.5,49.75,68.3
43c343dfece141d18c16ef26fca862c7,2549b51828ce40af920a932dd2102217,8,consistente,0.0,0.875,29.25,42.5,52.25,59.25
558b533275bd41bca3094acb6a85113a,d602a0071f3f4db8b37a87cffd89bf23,8,mixto,0.25,0.375,6.25,161.0,288.5,643.25
c567f19e4b0b409491faa28b331bf1d3,94d27864f86d422faa68efccb908cc34,8,mixto,0.875,1.0,1.75,2.0,3.25,20.9
ae4caa1cb2154cac89440f3fe18251cb,ed6beff4035f49c6997be95df71e5544,8,mixto,0.0,0.5,19.75,94.5,214.75,910.55
2ff516ac74a44ebfa3a522adbde28a0f,d9d5abd8143543189c1befef73999834,8,consistente,0.0,0.0,1153.75,1165.0,1170.25,1172.3
eb6b584fde4141aea5dafddee3e7ad4e,91f3f86897ff4ae39e50cbd7035fa8af,8,consistente,0.0,0.0,94.25,423.0,807.5,988.45
ab2dd6e0890c4b5483973add6fa1b91b,123,8,mixto,0.0,0.5,53.5,114.0,310.25,729.15
295b6153828349ea914a9cda6020bafa,67339e06f4b44f78994ff4785178807a,8,mixto,0.125,0.25,64.5,99.5,258.0,390.7
94d27864f86d422faa68efccb908cc34,a7709b21161d459298dc5dc58e77310b,8,mixto,0.0,0.375,26.75,213.0,332.75,677.35
9a76efc4c34e4bd7843206658dc45454,067325b206034a09a16597b6c55d26a8,8,mixto,0.625,1.0,1.0,3.5,5.25,12.5
5492b6e4db6948aca469c21d05b18721,ae4caa1cb2154cac89440f3fe18251cb,8,mixto,0.0,0.125,102.5,242.0,386.25,463.3
2e0f9d54f6534336a19fffacd7b6af40,ae4caa1cb2154cac89440f3fe18251cb,8,mixto,0.125,1.0,15.5,21.5,23.0,24.3
e10304f95c2b40738695563eb9b8662c,9a76efc4c34e4bd7843206658dc45454,8,consistente,0.0,0.75,9.0,15.5,159.0,589.3
94d27864f86d422faa68efccb908cc34,6d52b87b5a964c61ad7e28afd9499f18,8,consistente,0.125,0.75,6.0,16.0,63.75,150.35
a647689891b84948871ff7099253a553,5af89d91c7c74476ad4546b1db07c56c,8,consistente,0.125,0.75,9.5,16.0,38.75,92.0
9b8e5105e75b4d77a3e416729122b83a,88d08ee1a5384a7fbe4bfddb8928ce82,8,mixto,0.0,0.0,186.5,257.0,291.5,299.0
74e60dc3bc26493d81088e4d322b7c39,b972e814004e4624a566f308901cca7c,8,mixto,0.0,0.25,152.75,399.5,801.25,974.7
495c261c0f484bd08e232f7358452c4d,01b56ab5b9be43e19fa06300994787ec,8,mixto,0.0,0.375,53.25,269.0,401.0,427.45
67339e06f4b44f78994ff4785178807a,b9e3f79c40594953af24e9a43eba4e0c,8,mixto,0.0,0.5,17.25,86.5,316.5,674.45
ed6beff4035f49c6997be95df71e5544,2549b51828ce40af920a932dd2102217,8,mixto,0.0,0.75,13.75,33.5,80.0,203.0
c82f84bf3f2b451393445a0cb6883665,8c1942e0cdce4f71b53f62474322f0b7,8,mixto,0.0,0.0,170.25,207.5,310.25,311.65
b15e46acff6b4a7487ad18cdac3a21d0,ffaec74bfd414f8394bab077a989e27f,8,mixto,0.0,0.0,112.75,114.0,115.25,170.6
67eb30db49f240b08ab2b3f422f92cdf,d0b1e3a4c2434e65be47566dcc3e2ee0,8,mixto,0.0,0.375,51.5,277.5,438.25,637.0
5492b6e4db6948aca469c21d05b18721,91f3f86897ff4ae39e50cbd7035fa8af,8,mixto,0.0,0.0,134.5,135.0,151.5,172.3
dd7629fec91f4599b3cf8c0dd0b984ac,ed6beff4035f49c6997be95df71e5544,8,mixto,0.0,0.5,41.0,73.5,156.0,323.65
d602a0071f3f4db8b37a87cffd89bf23,5aa1a66c9e844e18a4a41740ed4aa476,8,mixto,0.0,0.0,515.5,637.0,822.5,1125.85
b972e814004e4624a566f308901cca7c,08165f6182bc4dfc9dc1d7774508bbc6,8,mixto,0.125,0.125,91.75,140.0,193.25,296.85
6d52b87b5a964c61ad7e28afd9499f18,894c246eb00a482da371617f75149e30,8,mixto,0.125,0.125,137.0,184.5,243.25,382.05
08165f6182bc4dfc9dc1d7774508bbc6,c5b83bbfa22c4c31a5743485b4c6e524,8,mixto,0.0,0.125,199.75,592.0,934.5,941.85
c82f84bf3f2b451393445a0cb6883665,16ffe077cc1a4b11a19bea91abce6f9c,8,mixto,0.0,0.25,75.5,207.0,354.0,401.45
9a76efc4c34e4bd7843206658dc45454,5af89d91c7c74476ad4546b1db07c56c,8,mixto,0.25,1.0,5.25,6.5,9.5,24.65
c82f84bf3f2b451393445a0cb6883665,b785d3ec935248ff8a8fd358f7765463,8,mixto,0.0,0.0,281.75,310.0,310.25,311.0
9ae54d261e454c93ae1c2cdec0fd03e6,c5b83bbfa22c4c31a5743485b4c6e524,8,mixto,0.0,0.625,28.0,45.0,146.25,330.1
9a76efc4c34e4bd7843206658dc45454,51e1587ac2364f19bb4a9344841af223,8,mixto,0.375,1.0,1.75,5.0,10.0,30.45
67339e06f4b44f78994ff4785178807a,2ae2ca1a377048a58815f54a432f8a21,8,mixto,0.0,0.0,282.0,390.0,679.5,1143.65
b1b009877e0c4e0790fd92559d853d69,c13d78fe65b94d05ad83b59494767b9f,8,mixto,0.0,0.125,93.0,202.5,337.5,402.85
f31ed616d84449edb5fdd8cd332552b2,5f686fded1294c02a7a5c3298f2eec5b,8,mixto,0.0,0.25,154.5,377.0,465.75,1035.1
c52ceac3693c4644bb20f07dd8aa7103,e16bdf2168e144d396be917a93114bfa,8,mixto,0.0,0.125,118.75,157.0,292.5,511.25
5da266ab8604496a91de069694b067aa,638aea308ffb483198d5c1387e2cc017,8,mixto,0.0,0.375,40.5,843.0,1006.0,1277.4
0c3aa19bae964431babaa2dc28988f59,123,8,consistente,0.25,1.0,4.5,7.0,9.25,10.65
3346db58cd2d474fbcf63e827462b85d,1ad6835586034de0b29f4a402b182c6c,8,consistente,0.0,0.0,242.75,328.0,390.5,441.95
01b56ab5b9be43e19fa06300994787ec,ffaec74bfd414f8394bab077a989e27f,8,consistente,0.0,0.125,277.25,559.0,890.75,946.8
ed6beff4035f49c6997be95df71e5544,4a94478dd25f4430a0a023b87e11170d,8,mixto,0.0,0.25,96.25,385.0,477.5,878.75
6bcf44d8a73c473cb78f0cb92508a232,e8dde9d26979498786c6ba5a82f70ad3,8,consistente,0.0,0.0,109.5,111.0,182.25,401.95
43c343dfece141d18c16ef26fca862c7,94d27864f86d422faa68efccb908cc34,8,consistente,0.0,0.0,116.25,129.5,139.25,146.25
123,006b85a984e94ce88ddb035ec01b2d70,8,mixto,0.0,0.125,220.75,348.5,552.75,735.65
e5b8388e1275417395d526c566b0e1e8,4a94478dd25f4430a0a023b87e11170d,8,mixto,0.0,0.625,21.75,48.5,225.25,525.65
eaf8f2b0ccd04cf2a7bfcf357fe88ca2,ae54454684154c25bd33c6e04609652b,8,mixto,0.0,0.125,87.75,242.5,317.25,778.5
894c246eb00a482da371617f75149e30,6a322ad743e3464bae56d2d9b180078a,8,mixto,0.125,0.75,14.25,24.5,44.5,89.35
285f4ab87d9a4484a4e8fa6e7db43fe6,d602a0071f3f4db8b37a87cffd89bf23,8,mixto,0.125,0.375,33.75,146.5,380.75,612.5
08165f6182bc4dfc9dc1d7774508bbc6,b6a7ac98c6704aa6b6512efa5fa8dbfe,8,mixto,0.0,0.75,9.75,19.5,44.25,199.5
e8dde9d26979498786c6ba5a82f70ad3,1eec93924a1046efbad70c851782ab8a,8,mixto,0.0,0.0,198.5,652.5,1107.0,1111.95
b972e814004e4624a566f308901cca7c,4a9c2f22f9d047569a0ceafcb9741033,8,consistente,0.0,0.0,168.25,224.0,294.25,394.0
b972e814004e4624a566f308901cca7c,d6d4327ae40445518a3c8a6e62137cd6,8,mixto,0.0,0.125,115.75,200.0,282.5,401.05
e1ce4963b14f4377a473c48630795a8c,ab2dd6e0890c4b5483973add6fa1b91b,8,mixto,0.0,0.375,36.0,69.0,97.5,265.8
d5dac98442bb425ba884809990aa064d,f883bd6d70b043a09837e8b888fe3f65,8,mixto,0.0,0.125,114.25,127.5,232.25,406.1
4ef0ced873174ee9afc306e414132c72,ffaec74bfd414f8394bab077a989e27f,8,mixto,0.125,0.875,16.0,21.0,29.0,617.9
0e11736fc9c24dbea92c4f3a6453a160,d602a0071f3f4db8b37a87cffd89bf23,8,mixto,0.125,0.25,433.75,750.5,1184.25,1212.0
d74a389b77734996ba37fa61a0d08341,495c261c0f484bd08e232f7358452c4d,8,mixto,0.0,0.625,12.75,23.5,624.25,1211.95
ddf47b043bc04fa0bd7d61b8af3f9b2c,123,8,mixto,0.125,0.5,19.25,55.5,98.0,197.2
347178b052294153af290d6a84589868,ab2dd6e0890c4b5483973add6fa1b91b,8,mixto,0.0,0.0,271.25,283.5,287.5,290.95
91f3f86897ff4ae39e50cbd7035fa8af,638aea308ffb483198d5c1387e2cc017,7,mixto,0.0,0.0,423.5,491.0,570.0,631.7
d602a0071f3f4db8b37a87cffd89bf23,95299da5a5f449f09c2fdf131183b903,7,consistente,0.0,0.0,111.0,251.0,326.0,412.9
0dfdb4894c0e486faae2751590db44b8,d602a0071f3f4db8b37a87cffd89bf23,7,mixto,0.0,0.2857,201.5,429.0,646.5,775.2
91f3f86897ff4ae39e50cbd7035fa8af,fd595f24910c4126b7398b3e081af528,7,mixto,0.0,0.4286,34.0,71.0,190.5,254.1
0f33ab6447034fe49d1629353a119e47,c5b83bbfa22c4c31a5743485b4c6e524,7,mixto,0.0,0.2857,96.0,180.0,498.5,579.8
006b85a984e94ce88ddb035ec01b2d70,eaf8f2b0ccd04cf2a7bfcf357fe88ca2,7,mixto,0.0,0.0,165.0,631.0,739.0,835.0
c63d7e67e1f8454386089193582563ea,7249a9adb1c343aba8db068dbe0c3795,7,mixto,0.1429,0.1429,102.5,207.0,508.5,719.5
5f686fded1294c02a7a5c3298f2eec5b,671dca542e094f3d90cb15883bd89274,7,mixto,0.1429,0.4286,25.5,160.0,252.0,831.8
d8420be9114342368d9bc32882809746,88d08ee1a5384a7fbe4bfddb8928ce82,7,mixto,0.0,0.0,69.5,85.0,181.5,354.2
4ef0ced873174ee9afc306e414132c72,9ae54d261e454c93ae1c2cdec0fd03e6,7,mixto,0.0,0.1429,67.0,339.0,349.5,359.7
08165f6182bc4dfc9dc1d7774508bbc6,dcd0b6134a8846c1ac7171f8530945ab,7,mixto,0.0,0.0,553.5,1015.0,1049.0,1082.0
fb944d98fea445bda57de000993d3e25,ae4caa1cb2154cac89440f3fe18251cb,7,mixto,0.0,0.2857,54.5,382.0,467.5,931.0
75beb592846a4eb3a6859376d1e1063b,4a94478dd25f4430a0a023b87e11170d,7,mixto,0.0,0.1429,132.5,134.0,269.0,938.3
e8dde9d26979498786c6ba5a82f70ad3,fd595f24910c4126b7398b3e081af528,7,mixto,0.0,0.4286,23.5,86.0,751.5,1050.7
f2eaffaf45b84b9c8e39cc303a97e9d7,f5d8ddb9e3924b09901a9ce38dddc362,7,mixto,0.0,0.5714,30.0,40.0,122.0,156.3
894c246eb00a482da371617f75149e30,a6c839544c0440f5bf2ce98e7396613f,7,mixto,0.0,0.2857,81.0,390.0,406.0,470.0
b6a7ac98c6704aa6b6512efa5fa8dbfe,209ce526160947f0b398566cd4cbfd0d,7,mixto,0.0,0.7143,39.5,50.0,92.0,657.6
8ccf6c97b6eb4670bafec186fbe64f85,347178b052294153af290d6a84589868,7,mixto,0.1429,0.2857,65.0,108.0,262.0,819.6
cc892c05f6d94315be2b7539e45b9170,6daae6995cb245348bb2b5432ccc9948,7,mixto,0.0,0.0,161.5,341.0,562.0,567.0
d602a0071f3f4db8b37a87cffd89bf23,5af89d91c7c74476ad4546b1db07c56c,7,mixto,0.0,0.0,233.5,386.0,483.0,825.1
bca102f277434b31b59e4894d9eb5ef8,463f33b89c2c4f13aa89f8f5d5096d6a,7,mixto,0.0,0.1429,152.5,251.0,356.0,430.6
dd7629fec91f4599b3cf8c0dd0b984ac,7249a9adb1c343aba8db068dbe0c3795,7,mixto,0.4286,0.8571,3.0,5.0,30.5,177.3
9f3c39663dac4e6791811016adc217da,df1d0d0f4d624fe3acf5619e65ae348a,7,mixto,0.0,0.4286,32.0,114.0,444.5,846.5
b992e6a27eb249658efce6ca0cc286dc,61ac1fc1e3c848728e8b665f185e2355,7,mixto,0.0,0.0,440.5,544.0,770.0,990.7
d69a36460b0c4bee9cdc5fd2f58e6a0e,006b85a984e94ce88ddb035ec01b2d70,7,mixto,0.0,0.1429,93.5,102.0,165.0,334.9
b8386b6963a4492db355f0f70be3a3e2,347178b052294153af290d6a84589868,7,mixto,0.1429,1.0,6.5,12.0,15.5,23.3
d602a0071f3f4db8b37a87cffd89bf23,8da9d8af9600449089f527c248a96e4f,7,mixto,0.0,0.0,160.5,239.0,298.5,374.9
f96bf82e56594a91b22b01e54f9608ed,4a94478dd25f4430a0a023b87e11170d,7,mixto,0.0,0.0,185.0,402.0,588.0,843.0
86480a9f563349b1a2974d9f43548e59,0b145fb41bc84dc58a5beb5b4ef11b17,7,consistente,0.0,0.1429,61.5,77.0,80.5,83.7
d6d4327ae40445518a3c8a6e62137cd6,eedb69879966484fa0e1453188daeeb3,7,mixto,0.1429,0.2857,101.5,161.0,258.5,417.9
942d80695ebe4218af105e03e6622f49,9c9359fefd164d388f8a5edc2bac301e,7,consistente,0.0,0.0,237.0,241.0,326.5,378.8
239b1152a21a4cebb35b2a9dc02b10a9,d602a0071f3f4db8b37a87cffd89bf23,7,mixto,0.0,0.0,114.5,148.0,789.5,950.7
fe1194092c934e70b824f3014a2f020d,d602a0071f3f4db8b37a87cffd89bf23,7,mixto,0.0,0.7143,8.5,9.0,297.0,689.9
123,ed6beff4035f49c6997be95df71e5544,7,mixto,0.0,0.4286,52.5,220.0,1106.0,1275.7
cb9e2b9dd1cd44c5b7d4fdcfbbf3f5e0,94d27864f86d422faa68efccb908cc34,7,mixto,0.0,0.5714,31.0,55.0,853.5,1252.3
1ad6835586034de0b29f4a402b182c6c,2ff516ac74a44ebfa3a522adbde28a0f,7,mixto,0.0,0.5714,41.5,43.0,66.5,67.7
d901924d294640abb47dd412154610c7,d602a0071f3f4db8b37a87cffd89bf23,7,mixto,0.0,0.0,119.0,179.0,290.0,384.8
6743ad379b094f98ad903d0f0304add1,6d52b87b5a964c61ad7e28afd9499f18,7,mixto,0.0,0.2857,73.0,197.0,734.0,852.1
64d9be8046574fbfbc1fb14c9912afea,a1db7756e2d14a76baa79847773162a6,7,mixto,0.0,0.2857,56.0,70.0,153.0,374.1
2ae2ca1a377048a58815f54a432f8a21,08165f6182bc4dfc9dc1d7774508bbc6,7,mixto,0.0,0.4286,21.5,376.0,665.5,953.8
6743ad379b094f98ad903d0f0304add1,ae4caa1cb2154cac89440f3fe18251cb,7,mixto,0.1429,0.2857,40.5,134.0,226.5,833.6
2a4a00c47ac6468395984ee10ebc8dc3,ae4caa1cb2154cac89440f3fe18251cb,7,mixto,0.0,0.4286,45.5,83.0,85.0,85.7
eb6b584fde4141aea5dafddee3e7ad4e,d602a0071f3f4db8b37a87cffd89bf23,7,mixto,0.1429,0.5714,17.0,30.0,221.0,1061.5
dd7629fec91f4599b3cf8c0dd0b984ac,21411e9ba57846ee958313d9f2f81177,7,mixto,0.2857,0.8571,4.5,20.0,34.0,101.2
ea3b3bbfa0bd4b99ae4fd1176a22d13c,c82f84bf3f2b451393445a0cb6883665,7,mixto,0.1429,0.8571,7.5,14.0,33.5,201.9
3d639e0a581e4afbbc3976eed669f5c6,4a94478dd25f4430a0a023b87e11170d,7,mixto,0.0,0.2857,260.0,514.0,1169.5,1260.4
ad571b40258e4862b37b31fbbe2d8ab5,4a94478dd25f4430a0a023b87e11170d,7,mixto,0.0,0.0,177.5,332.0,342.0,649.8
d6d4327ae40445518a3c8a6e62137cd6,9ad41e803fff463bac913cedefca7796,7,mixto,0.1429,0.1429,103.0,149.0,217.5,297.5
8c2eff865c5f40dbae0d6ccbc47e1d9c,2549b51828ce40af920a932dd2102217,7,mixto,0.0,0.0,326.0,378.0,660.5,869.5
cd28f604c0b947398b97af66908be0b6,44db06efed134a91bffa7407f60d7979,7,consistente,0.0,0.7143,8.5,17.0,90.5,160.0
55c1817c84554dc881bc439a4b00abed,ae4caa1cb2154cac89440f3fe18251cb,7,consistente,0.1429,0.1429,709.0,713.0,1007.0,1043.5
ae09dafa2f8e427ba37c7a8afef6d154,ae412e532f1a48428bd0c5ad1f02f816,7,consistente,0.0,0.0,577.5,659.0,739.0,775.7
ded6aff9dd654f30a10ed9602e2c6004,1ad6835586034de0b29f4a402b182c6c,7,consistente,0.0,0.0,488.0,493.0,496.0,498.4
edd67e7adef0443982c72ffc4d55ca4a,ae4caa1cb2154cac89440f3fe18251cb,7,consistente,0.0,0.2857,152.0,314.0,716.0,1053.0
3e2a4d42827d43d0b90248199e58e98e,6e12533e73a048efa8bcc0a30f2b7684,7,consistente,0.0,0.4286,21.0,132.0,160.0,213.9
1eec93924a1046efbad70c851782ab8a,74e60dc3bc26493d81088e4d322b7c39,7,mixto,0.0,0.0,302.5,516.0,545.5,574.1
4060f34dc33042fda53efdfd0594b679,ae4caa1cb2154cac89440f3fe18251cb,7,mixto,0.0,0.2857,57.5,283.0,301.5,987.8
b972e814004e4624a566f308901cca7c,209ce526160947f0b398566cd4cbfd0d,7,mixto,0.0,0.0,83.0,213.0,358.0,460.1
6a322ad743e3464bae56d2d9b180078a,c13d78fe65b94d05ad83b59494767b9f,7,mixto,0.0,0.1429,119.0,651.0,844.5,967.1
55c1817c84554dc881bc439a4b00abed,e8dde9d26979498786c6ba5a82f70ad3,7,mixto,0.0,0.7143,31.0,49.0,63.5,267.7
ac8e668f620b403b9ccc6486c0e365c7,6e12533e73a048efa8bcc0a30f2b7684,7,mixto,0.0,1.0,17.5,20.0,24.0,28.4
2549b51828ce40af920a932dd2102217,ac7a1bf135744666be846c5bffff7cc8,7,consistente,0.0,0.5714,56.5,57.0,188.5,247.9
9a76efc4c34e4bd7843206658dc45454,3752375735a74ae09881a820a0b7d394,7,consistente,0.0,0.2857,313.5,608.0,624.0,654.0
ffaec74bfd414f8394bab077a989e27f,56da1c80cfea4a5b83326bfef271fc3e,7,consistente,0.0,0.0,592.0,766.0,832.5,912.9
4d9bca5f968e4facbe42c7b7cdc678f0,ae4caa1cb2154cac89440f3fe18251cb,7,consistente,0.0,0.4286,44.5,154.0,190.5,231.2
3af2d18b09e6443fa289e956fc10669f,1bb1657eb2eb43808f0529810258aa3b,7,consistente,0.0,0.2857,97.5,339.0,438.5,517.7
0b145fb41bc84dc58a5beb5b4ef11b17,500e21ae250c48c8b42452929d53ef90,7,mixto,0.0,0.2857,68.5,155.0,251.5,319.4
86480a9f563349b1a2974d9f43548e59,645a4f092abd49f0820b8a5507e3dea0,7,mixto,0.0,0.7143,42.5,43.0,136.0,405.8
91f3f86897ff4ae39e50cbd7035fa8af,6daae6995cb245348bb2b5432ccc9948,7,mixto,0.0,0.7143,13.0,32.0,227.5,403.7
e8dde9d26979498786c6ba5a82f70ad3,1bb1657eb2eb43808f0529810258aa3b,7,mixto,0.0,0.2857,107.0,194.0,853.5,999.8
209ce526160947f0b398566cd4cbfd0d,399e7fc266894562850261cfbc06b992,7,mixto,0.0,0.2857,75.5,202.0,205.0,225.6
f883bd6d70b043a09837e8b888fe3f65,6d52b87b5a964c61ad7e28afd9499f18,7,mixto,0.0,0.1429,101.5,176.0,225.0,761.2
f6567acfbec84378a76ccc3ea2f78b83,64d9be8046574fbfbc1fb14c9912afea,7,consistente,0.0,0.0,178.5,193.0,194.5,913.9
123,cf9f635066cc4f568e49c61638381b2e,7,consistente,0.0,0.8571,19.5,43.0,50.0,62.5
02f0f8beb94542deac503efd6a774262,c68583c7f0f3400fbc57c639a37ab30c,7,consistente,0.0,0.1429,434.0,610.0,626.5,753.3
ffaec74bfd414f8394bab077a989e27f,fdf0c4b762684098915b4fa4884af400,7,consistente,0.2857,0.8571,6.5,17.0,29.5,242.9
361255d70c09499891fecebec813f51a,67eb30db49f240b08ab2b3f422f92cdf,7,consistente,0.0,0.4286,12.5,60.0,187.5,435.1
035b14f7f84242ef8ca0e78b0352777d,ae412e532f1a48428bd0c5ad1f02f816,7,consistente,0.0,0.0,575.5,657.0,737.0,773.7
fb3957569a8d49528c3571bcb4703f55,08165f6182bc4dfc9dc1d7774508bbc6,7,mixto,0.0,0.1429,273.5,491.0,623.5,819.1
eb838855f2344f65a4c925df80cdcad5,2549b51828ce40af920a932dd2102217,7,mixto,0.0,0.2857,63.0,160.0,258.5,352.3
38b3f29fe39b4e87b5f7982165de8cf1,94d27864f86d422faa68efccb908cc34,7,mixto,0.1429,0.4286,15.0,137.0,366.5,628.1
209ce526160947f0b398566cd4cbfd0d,ea3b3bbfa0bd4b99ae4fd1176a22d13c,7,mixto,0.0,1.0,28.0,29.0,31.0,42.9
9ae54d261e454c93ae1c2cdec0fd03e6,79bvfghg9a0a8tm25d16sddg7d61d4710,7,mixto,0.1429,0.7143,19.0,44.0,105.0,165.7
1ad6835586034de0b29f4a402b182c6c,b785d3ec935248ff8a8fd358f7765463,7,mixto,0.1429,0.8571,16.0,38.0,42.0,370.1
79bvfghg9a0a8tm25d16sddg7d61d4710,347178b052294153af290d6a84589868,7,mixto,0.0,0.7143,17.0,37.0,75.0,173.5
5492b6e4db6948aca469c21d05b18721,e8dde9d26979498786c6ba5a82f70ad3,7,mixto,0.0,0.0,195.0,281.0,301.0,328.9
cb9e2b9dd1cd44c5b7d4fdcfbbf3f5e0,495c261c0f484bd08e232f7358452c4d,7,mixto,0.0,0.2857,182.5,383.0,946.5,988.5
b972e814004e4624a566f308901cca7c,95299da5a5f449f09c2fdf131183b903,7,mixto,0.0,0.0,125.5,205.0,294.5,375.6
4bb573e349504824b5b5a050a83e094d,2549b51828ce40af920a932dd2102217,7,mixto,0.0,0.4286,17.0,75.0,235.5,425.6
585115d181ea4a77bf361f06a32100ea,91f3f86897ff4ae39e50cbd7035fa8af,7,mixto,0.0,0.1429,87.5,118.0,134.5,237.6
0335e32e61b248ae8ab98cb955f915dd,b972e814004e4624a566f308901cca7c,7,mixto,0.0,0.4286,46.5,117.0,154.5,228.8
0faae9b6b5084555a1873eff484b4d9c,dc821110e3f34bf3984d61955ced2e69,7,mixto,0.1429,0.2857,123.5,299.0,722.0,841.5
91f3f86897ff4ae39e50cbd7035fa8af,fb3957569a8d49528c3571bcb4703f55,7,mixto,0.0,0.2857,90.0,427.0,714.5,1003.4
c13d78fe65b94d05ad83b59494767b9f,9a76efc4c34e4bd7843206658dc45454,7,mixto,0.2857,0.7143,4.5,32.0,191.0,341.9
d602a0071f3f4db8b37a87cffd89bf23,be89c84ae27c40c3a5ee2840d95e5d5d,7,mixto,0.0,0.2857,85.0,123.0,429.0,502.1
638aea308ffb483198d5c1387e2cc017,94d27864f86d422faa68efccb908cc34,7,mixto,0.4286,0.5714,3.5,20.0,318.0,684.7
6743ad379b094f98ad903d0f0304add1,347178b052294153af290d6a84589868,7,consistente,0.1429,0.4286,16.5,108.0,717.5,729.6
fdd7e5cf453e42d7b8cb2334d3a7bff9,5af89d91c7c74476ad4546b1db07c56c,7,consistente,0.5714,1.0,2.0,2.0,24.5,25.0
c5b83bbfa22c4c31a5743485b4c6e524,79bvfghg9a0a8tm25d16sddg7d61d4710,7,consistente,0.1429,0.4286,35.5,103.0,161.5,426.9
4a94478dd25f4430a0a023b87e11170d,efc2ff990ea34f39b9cc691bfe733130,7,consistente,0.0,0.0,207.5,208.0,904.0,1133.2
495c261c0f484bd08e232f7358452c4d,285f4ab87d9a4484a4e8fa6e7db43fe6,7,mixto,0.0,0.5714,42.5,43.0,70.0,147.7
c82f84bf3f2b451393445a0cb6883665,0f09709c70c441b59a6fe616f84a5302,7,mixto,0.0,0.4286,19.5,139.0,142.0,145.8
4a94478dd25f4430a0a023b87e11170d,7f2c2c35a2de4624ad938147f73f271a,7,mixto,0.0,0.0,134.0,134.0,135.0,139.2
387ff07354a74657a44369e05d83234a,eaf8f2b0ccd04cf2a7bfcf357fe88ca2,7,mixto,0.0,0.4286,36.0,222.0,355.0,842.1
2549b51828ce40af920a932dd2102217,02f0f8beb94542deac503efd6a774262,7,mixto,0.0,0.0,316.0,339.0,623.0,647.8
4830b97416a14d1485ccb85c9f9baa4e,91f3f86897ff4ae39e50cbd7035fa8af,7,mixto,0.0,0.0,187.5,271.0,278.0,639.2
123,a647689891b84948871ff7099253a553,7,mixto,0.0,0.7143,14.5,16.0,39.5,65.2
123,a4db025d032f42578306d5461abdda40,7,mixto,0.0,0.1429,62.0,199.0,413.0,642.1
02f0f8beb94542deac503efd6a774262,b15e46acff6b4a7487ad18cdac3a21d0,7,mixto,0.5714,0.8571,2.0,2.0,21.5,117.0
818d938a32ad4dc19cfd13f6575ddc5a,2549b51828ce40af920a932dd2102217,7,mixto,0.2857,0.8571,6.5,12.0,39.0,60.0
15a67718e1784a67bc978ca0dc6bc2df,d602a0071f3f4db8b37a87cffd89bf23,7,mixto,0.1429,0.2857,104.0,386.0,851.0,1126.1
1bc562c35b2a4313b0ed6b282b92d9a1,9a76efc4c34e4bd7843206658dc45454,7,mixto,0.2857,1.0,4.0,6.0,7.0,7.0
eaf8f2b0ccd04cf2a7bfcf357fe88ca2,8ba6d7f9bb7445ff96ffd06af5fa8c1e,7,mixto,0.0,0.4286,54.5,103.0,252.5,286.8
eaf8f2b0ccd04cf2a7bfcf357fe88ca2,2ae2ca1a377048a58815f54a432f8a21,7,mixto,0.0,0.2857,70.5,101.0,281.5,919.1
ae54454684154c25bd33c6e04609652b,209ce526160947f0b398566cd4cbfd0d,7,mixto,0.0,0.0,476.0,497.0,504.0,515.2
f883bd6d70b043a09837e8b888fe3f65,4bb573e349504824b5b5a050a83e094d,7,mixto,0.0,0.1429,141.0,234.0,266.0,381.2
fd595f24910c4126b7398b3e081af528,14cc5dc0682d44fe99d2d91e1eaafac7,7,mixto,0.0,0.1429,86.5,101.0,175.5,233.7
fe1194092c934e70b824f3014a2f020d,9a76efc4c34e4bd7843206658dc45454,7,mixto,0.0,0.5714,36.5,45.0,227.5,239.9
d74a389b77734996ba37fa61a0d08341,67eb30db49f240b08ab2b3f422f92cdf,7,mixto,0.0,0.0,228.0,248.0,857.0,891.1
6a322ad743e3464bae56d2d9b180078a,006b85a984e94ce88ddb035ec01b2d70,7,mixto,0.0,0.0,256.0,412.0,960.5,1026.8
2e0f9d54f6534336a19fffacd7b6af40,4830b97416a14d1485ccb85c9f9baa4e,7,mixto,0.1429,1.0,8.0,10.0,17.0,43.2
209ce526160947f0b398566cd4cbfd0d,b4206ac5e3224dfd900588a8f7caf95e,7,mixto,0.0,0.5714,31.0,31.0,152.0,426.1
f2eaffaf45b84b9c8e39cc303a97e9d7,2549b51828ce40af920a932dd2102217,7,mixto,0.0,0.4286,31.5,267.0,616.0,693.0
08165f6182bc4dfc9dc1d7774508bbc6,2629fabfb8e7428bb34e3d4f43ffdc9b,7,mixto,0.0,1.0,14.0,16.0,27.0,30.0
3346db58cd2d474fbcf63e827462b85d,e8dde9d26979498786c6ba5a82f70ad3,7,mixto,0.1429,0.2857,57.0,95.0,465.0,688.1
dcd0b6134a8846c1ac7171f8530945ab,e8dde9d26979498786c6ba5a82f70ad3,7,mixto,0.0,0.4286,56.0,80.0,130.5,174.1
123,4060f34dc33042fda53efdfd0594b679,7,mixto,0.1429,0.2857,50.5,746.0,899.0,1065.0
b1b009877e0c4e0790fd92559d853d69,209ce526160947f0b398566cd4cbfd0d,7,mixto,0.0,0.0,101.0,104.0,211.0,947.1
67eb30db49f240b08ab2b3f422f92cdf,239b1152a21a4cebb35b2a9dc02b10a9,7,mixto,0.0,0.1429,81.5,209.0,284.0,605.9
209ce526160947f0b398566cd4cbfd0d,d0b1e3a4c2434e65be47566dcc3e2ee0,7,consistente,0.0,0.0,370.5,449.0,636.5,896.1
9a76efc4c34e4bd7843206658dc45454,be09a0ddbb9b4c4aaf78903e0ca27a75,7,consistente,0.2857,1.0,4.0,13.0,22.5,33.8
ae4caa1cb2154cac89440f3fe18251cb,dfd423dde87b47d382b736a15a36ac68,7,consistente,0.0,0.7143,33.5,44.0,130.5,208.4
88d08ee1a5384a7fbe4bfddb8928ce82,0335e32e61b248ae8ab98cb955f915dd,7,consistente,0.0,0.2857,110.0,280.0,382.0,419.2
64d9be8046574fbfbc1fb14c9912afea,fd595f24910c4126b7398b3e081af528,7,consistente,0.0,0.4286,45.5,161.0,167.0,173.2
4060f34dc33042fda53efdfd0594b679,c5b83bbfa22c4c31a5743485b4c6e524,7,mixto,0.0,0.1429,78.0,87.0,605.0,744.2
713f93125f6242069f9df14b7988ec8f,ae4caa1cb2154cac89440f3fe18251cb,7,mixto,0.0,0.1429,102.0,135.0,397.5,452.6
eae6a8d122774db4ba88162a875db6a6,0335e32e61b248ae8ab98cb955f915dd,7,mixto,0.1429,0.5714,28.5,59.0,134.0,166.4
2549b51828ce40af920a932dd2102217,5aa1a66c9e844e18a4a41740ed4aa476,7,mixto,0.0,0.0,174.0,247.0,628.5,886.0
67339e06f4b44f78994ff4785178807a,d16fad3dcdb14d69b5d82776d09bb796,7,mixto,0.0,0.0,294.5,517.0,896.5,1160.7
9a76efc4c34e4bd7843206658dc45454,eae6a8d122774db4ba88162a875db6a6,7,mixto,0.1429,0.4286,18.0,75.0,226.0,369.5
e8dde9d26979498786c6ba5a82f70ad3,fdd7e5cf453e42d7b8cb2334d3a7bff9,7,mixto,0.1429,0.2857,181.0,492.0,705.5,891.4
8c89546c8e524777bc61ee8b984e29e0,d602a0071f3f4db8b37a87cffd89bf23,7,mixto,0.0,0.0,242.5,248.0,306.5,418.0
dcd0b6134a8846c1ac7171f8530945ab,209ce526160947f0b398566cd4cbfd0d,7,mixto,0.0,0.4286,20.5,137.0,539.5,855.0
e97e596e2e0e4682937b4b8979328608,64d9be8046574fbfbc1fb14c9912afea,7,mixto,0.0,0.5714,30.5,58.0,258.5,428.7
0a0b41b45e2143ad8d97436f8561b1ca,b972e814004e4624a566f308901cca7c,7,mixto,0.0,0.4286,28.5,78.0,274.0,380.3
dc821110e3f34bf3984d61955ced2e69,6e12533e73a048efa8bcc0a30f2b7684,7,mixto,0.0,0.4286,42.5,143.0,384.5,793.2
55c1817c84554dc881bc439a4b00abed,c5b83bbfa22c4c31a5743485b4c6e524,7,mixto,0.0,0.4286,53.0,95.0,405.0,974.5
d602a0071f3f4db8b37a87cffd89bf23,0a750e36725e495ba32bd43a5f170724,7,mixto,0.0,0.0,429.5,644.0,648.5,731.9
b972e814004e4624a566f308901cca7c,495c261c0f484bd08e232f7358452c4d,7,mixto,0.0,0.1429,96.0,128.0,361.0,879.9
d74a389b77734996ba37fa61a0d08341,ffaec74bfd414f8394bab077a989e27f,7,mixto,0.0,0.1429,1019.0,1058.0,1062.0,1065.4
4a94478dd25f4430a0a023b87e11170d,d6d4327ae40445518a3c8a6e62137cd6,7,mixto,0.0,0.0,180.0,208.0,225.0,297.8
eaf8f2b0ccd04cf2a7bfcf357fe88ca2,f883bd6d70b043a09837e8b888fe3f65,7,mixto,0.0,0.0,313.0,596.0,1086.0,1199.5
38b3f29fe39b4e87b5f7982165de8cf1,dd7629fec91f4599b3cf8c0dd0b984ac,7,mixto,0.0,0.5714,27.0,44.0,98.0,99.4
3346db58cd2d474fbcf63e827462b85d,347178b052294153af290d6a84589868,7,mixto,0.0,0.1429,112.5,139.0,176.5,243.5
1eab1f316fa94a29bceec6dc6d84f0bd,f83678e2b4854792a356c72a255c0da4,7,mixto,0.0,0.4286,22.0,118.0,251.5,314.7
9a76efc4c34e4bd7843206658dc45454,9f88dc88029e42d3a5b082ab396be6d3,7,mixto,0.2857,1.0,6.5,11.0,19.5,26.1
5f686fded1294c02a7a5c3298f2eec5b,fea91b9f08cc4f54a295711a70734a22,7,mixto,0.0,0.1429,107.5,178.0,625.5,1062.7
d254feea701346a399887b9fe59ac61a,2549b51828ce40af920a932dd2102217,7,mixto,0.0,0.1429,126.5,240.0,276.0,805.9
4234d86a351e4a7e9ea293e33836ae45,64d9be8046574fbfbc1fb14c9912afea,7,mixto,0.0,0.5714,30.0,55.0,171.5,449.9
5f686fded1294c02a7a5c3298f2eec5b,67339e06f4b44f78994ff4785178807a,7,mixto,0.0,0.5714,15.0,53.0,319.0,465.4
2549b51828ce40af920a932dd2102217,3009f6f4befb498fbed7dbf1b189f47c,7,mixto,0.0,0.2857,65.5,79.0,93.5,107.9
56da1c80cfea4a5b83326bfef271fc3e,165139dad00243e695f7f3a695563ae2,7,mixto,0.0,0.0,99.0,218.0,250.5,372.6
5492b6e4db6948aca469c21d05b18721,347178b052294153af290d6a84589868,7,mixto,0.0,0.2857,49.0,133.0,167.5,186.1
95b7bf6083634811b6ec1552e2ed5fad,91f3f86897ff4ae39e50cbd7035fa8af,7,mixto,0.0,0.0,272.0,736.0,743.5,786.0
9f88dc88029e42d3a5b082ab396be6d3,4a94478dd25f4430a0a023b87e11170d,7,mixto,0.0,0.4286,15.5,148.0,493.5,822.4
d602a0071f3f4db8b37a87cffd89bf23,a53d759fed7840a1b00e8d903669e8a1,7,mixto,0.1429,0.5714,31.5,53.0,265.0,408.6
01b56ab5b9be43e19fa06300994787ec,ea62071feb644e4e81394dfa5c500ff3,7,mixto,0.0,0.0,133.5,227.0,720.5,1064.0
40fc9588a8e04b28852ec1163528bb8a,2549b51828ce40af920a932dd2102217,7,mixto,0.1429,0.4286,36.0,1275.0,1299.5,1313.7
ef1dd1f1a5b94d0eacb669f7b3ec2911,eaf8f2b0ccd04cf2a7bfcf357fe88ca2,7,mixto,0.1429,0.4286,38.5,80.0,411.0,973.6
08165f6182bc4dfc9dc1d7774508bbc6,ae54454684154c25bd33c6e04609652b,7,mixto,0.0,0.5714,34.5,40.0,248.0,387.2
123,7d0c4697a4f849e38021ccb192e0b4a7,7,mixto,0.0,0.1429,117.5,202.0,876.0,876.0
67339e06f4b44f78994ff4785178807a,a6c839544c0440f5bf2ce98e7396613f,7,mixto,0.0,0.0,615.0,852.0,853.0,982.5
9ae54d261e454c93ae1c2cdec0fd03e6,209ce526160947f0b398566cd4cbfd0d,7,mixto,0.0,0.5714,17.5,56.0,123.5,234.6
fb3957569a8d49528c3571bcb4703f55,ef1dd1f1a5b94d0eacb669f7b3ec2911,7,mixto,0.0,0.4286,31.5,65.0,174.5,436.6
e10304f95c2b40738695563eb9b8662c,ae4caa1cb2154cac89440f3fe18251cb,7,mixto,0.0,0.2857,98.5,653.0,762.5,870.8
1bc562c35b2a4313b0ed6b282b92d9a1,6e12533e73a048efa8bcc0a30f2b7684,7,mixto,0.0,0.2857,77.5,103.0,107.5,163.9
fb3957569a8d49528c3571bcb4703f55,dd02dca897074e77972f506652629762,7,mixto,0.2857,0.7143,4.5,5.0,166.0,456.8
e8dde9d26979498786c6ba5a82f70ad3,4f22549f9d3a443cb041c0e55395dbf1,7,mixto,0.0,0.2857,60.0,104.0,278.5,598.6
86144f0d3b814c1d8c013f7aade6c55d,dc821110e3f34bf3984d61955ced2e69,7,mixto,0.0,0.1429,187.5,216.0,442.5,722.4
67339e06f4b44f78994ff4785178807a,ab2dd6e0890c4b5483973add6fa1b91b,7,mixto,0.0,0.0,88.0,184.0,188.0,834.4
ffaec74bfd414f8394bab077a989e27f,dfd423dde87b47d382b736a15a36ac68,7,mixto,0.0,0.1429,88.0,241.0,393.0,931.3
4060f34dc33042fda53efdfd0594b679,c82f84bf3f2b451393445a0cb6883665,7,mixto,0.0,0.1429,166.0,170.0,526.5,1087.9
56da1c80cfea4a5b83326bfef271fc3e,9a76efc4c34e4bd7843206658dc45454,7,mixto,0.0,0.0,104.5,139.0,243.0,982.9
c6f7ed5bd4954356b00aac92c9fff41a,c52ceac3693c4644bb20f07dd8aa7103,7,mixto,0.0,0.0,199.5,208.0,260.0,329.3
c82f84bf3f2b451393445a0cb6883665,117d6d62a9844fd38fdb5d53e5cbc844,7,mixto,0.4286,0.4286,1.0,130.0,736.0,1195.3
9a76efc4c34e4bd7843206658dc45454,d254feea701346a399887b9fe59ac61a,7,mixto,1.0,1.0,1.5,2.0,3.0,3.0
2e0f9d54f6534336a19fffacd7b6af40,d602a0071f3f4db8b37a87cffd89bf23,7,mixto,0.0,0.2857,42.5,87.0,240.0,305.1
ae54454684154c25bd33c6e04609652b,bf676d9b342d438d8bd0b02c718133af,7,mixto,0.0,0.4286,53.0,75.0,136.5,255.3
88d08ee1a5384a7fbe4bfddb8928ce82,ae54454684154c25bd33c6e04609652b,7,mixto,0.0,0.1429,156.0,177.0,213.0,374.0
9a76efc4c34e4bd7843206658dc45454,78d2a80a1628414097285e5ece0cab12,7,mixto,0.1429,0.4286,31.0,467.0,1248.5,1249.0
d44f2fafe10b4397ac7557cd13747bd2,ffaec74bfd414f8394bab077a989e27f,7,mixto,0.0,1.0,21.0,21.0,22.5,43.3
d602a0071f3f4db8b37a87cffd89bf23,cce309a83d0f482a829a610f1695bfee,7,mixto,0.0,0.0,318.5,455.0,873.0,1291.0
dc821110e3f34bf3984d61955ced2e69,8c1942e0cdce4f71b53f62474322f0b7,7,mixto,0.0,0.1429,343.5,582.0,812.5,1042.1
0a750e36725e495ba32bd43a5f170724,67eb30db49f240b08ab2b3f422f92cdf,7,mixto,0.0,0.0,187.0,983.0,1024.0,1049.7
38b3f29fe39b4e87b5f7982165de8cf1,f883bd6d70b043a09837e8b888fe3f65,7,mixto,0.0,0.2857,75.5,118.0,254.0,418.6
7f2c2c35a2de4624ad938147f73f271a,6daae6995cb245348bb2b5432ccc9948,7,consistente,0.0,0.0,75.5,77.0,262.5,441.4
b7c988fa6132435480b57f66696827fd,6a322ad743e3464bae56d2d9b180078a,7,consistente,0.0,0.0,239.0,640.0,641.5,642.0
b785d3ec935248ff8a8fd358f7765463,6daae6995cb245348bb2b5432ccc9948,7,consistente,0.1429,0.5714,7.0,10.0,316.0,568.4
b1b009877e0c4e0790fd92559d853d69,b4206ac5e3224dfd900588a8f7caf95e,7,consistente,0.0,0.5714,28.0,28.0,105.0,105.0
c2f8201a4d224d81babdcea072e5cec4,4a94478dd25f4430a0a023b87e11170d,7,consistente,0.0,0.0,73.0,925.0,931.0,935.4
9a76efc4c34e4bd7843206658dc45454,26ce850e25c04398a2da12f4478e7597,6,consistente,0.6667,0.8333,2.0,2.5,6.0,565.0
0b145fb41bc84dc58a5beb5b4ef11b17,ee00832abfba40b38335ce48a12981b5,6,consistente,0.1667,0.3333,28.25,112.0,144.75,1012.75
94d27864f86d422faa68efccb908cc34,006b85a984e94ce88ddb035ec01b2d70,6,mixto,0.0,0.1667,115.5,213.5,287.5,317.0
14cc5dc0682d44fe99d2d91e1eaafac7,56da1c80cfea4a5b83326bfef271fc3e,6,consistente,0.0,0.0,578.5,700.5,784.25,895.5
d74a389b77734996ba37fa61a0d08341,4f22549f9d3a443cb041c0e55395dbf1,6,consistente,0.0,0.0,125.0,125.0,125.75,126.0
64b50202d6b74bfcb78c7342823e0f4f,6e12533e73a048efa8bcc0a30f2b7684,6,consistente,0.0,0.0,72.0,78.5,254.5,313.75
c52ceac3693c4644bb20f07dd8aa7103,8ccf6c97b6eb4670bafec186fbe64f85,6,consistente,0.0,0.0,279.25,306.5,403.5,503.25
f2eaffaf45b84b9c8e39cc303a97e9d7,495c261c0f484bd08e232f7358452c4d,6,consistente,0.0,1.0,7.25,8.0,8.0,8.0
e5b8388e1275417395d526c566b0e1e8,f883bd6d70b043a09837e8b888fe3f65,6,consistente,0.0,0.0,771.25,895.5,954.5,1138.5
83b5865df3ba4e0a9855e3af5a41f9aa,123,6,mixto,0.0,0.1667,452.5,459.0,461.0,467.75
eaf8f2b0ccd04cf2a7bfcf357fe88ca2,dcd0b6134a8846c1ac7171f8530945ab,6,mixto,0.0,0.0,125.75,134.0,169.25,407.5
209ce526160947f0b398566cd4cbfd0d,52449c34bb1e47fe81802bf322dae8ee,6,mixto,0.0,0.6667,13.0,29.0,99.0,120.75
a647689891b84948871ff7099253a553,3346db58cd2d474fbcf63e827462b85d,6,mixto,0.0,0.0,352.75,711.0,783.5,860.5
c82f84bf3f2b451393445a0cb6883665,7d0c4697a4f849e38021ccb192e0b4a7,6,mixto,0.0,0.0,362.0,555.5,1019.75,1172.0
b7c988fa6132435480b57f66696827fd,ea3b3bbfa0bd4b99ae4fd1176a22d13c,6,mixto,0.0,0.6667,28.75,32.0,294.0,382.5
ee00832abfba40b38335ce48a12981b5,01b56ab5b9be43e19fa06300994787ec,6,mixto,0.0,0.0,357.75,666.5,967.0,970.75
3322cab8a5164377ad7d8958407c68f7,7fe316acf65941599252e923db155612,6,mixto,0.3333,1.0,5.0,12.5,16.25,31.25
5492b6e4db6948aca469c21d05b18721,94d27864f86d422faa68efccb908cc34,6,mixto,0.0,0.0,238.75,263.0,282.0,700.5
3752375735a74ae09881a820a0b7d394,c82f84bf3f2b451393445a0cb6883665,6,mixto,0.0,0.3333,186.0,579.0,812.25,890.0
2549b51828ce40af920a932dd2102217,91db38a7754a48c7913292b4c2a5237c,6,mixto,0.1667,0.6667,13.25,38.5,294.0,380.5
95299da5a5f449f09c2fdf131183b903,b2b6ee18cee746a8a706aad74e14adce,6,mixto,0.0,0.1667,302.75,335.0,406.25,663.0
ee1016d1de3347b79368186e86dfc2c2,94d27864f86d422faa68efccb908cc34,6,mixto,0.0,0.6667,42.0,53.0,60.25,89.0
1bb1657eb2eb43808f0529810258aa3b,8ccf6c97b6eb4670bafec186fbe64f85,6,consistente,0.0,0.1667,98.5,154.0,647.5,827.25
91f3f86897ff4ae39e50cbd7035fa8af,117d6d62a9844fd38fdb5d53e5cbc844,6,consistente,0.0,0.0,313.5,344.5,374.75,375.0
d8420be9114342368d9bc32882809746,d254feea701346a399887b9fe59ac61a,6,mixto,0.0,0.1667,125.5,217.0,413.5,563.0
c13d78fe65b94d05ad83b59494767b9f,347178b052294153af290d6a84589868,6,mixto,0.0,0.0,238.25,383.0,461.0,593.5
a4db025d032f42578306d5461abdda40,08165f6182bc4dfc9dc1d7774508bbc6,6,consistente,0.0,0.1667,137.0,158.5,159.75,427.0
4060f34dc33042fda53efdfd0594b679,8c1942e0cdce4f71b53f62474322f0b7,6,consistente,0.0,0.1667,142.75,225.0,276.5,327.5
b6a7ac98c6704aa6b6512efa5fa8dbfe,ef1dd1f1a5b94d0eacb669f7b3ec2911,6,consistente,0.0,0.0,1331.25,1332.0,1334.25,1335.0
eaf8f2b0ccd04cf2a7bfcf357fe88ca2,558b533275bd41bca3094acb6a85113a,6,consistente,0.0,0.5,33.0,111.0,300.75,1035.0
6daae6995cb245348bb2b5432ccc9948,6e12533e73a048efa8bcc0a30f2b7684,6,consistente,0.0,0.3333,54.5,66.0,87.25,99.0
645a4f092abd49f0820b8a5507e3dea0,cd40ad229df147389504190c71de61f5,6,consistente,0.0,1.0,29.0,35.5,36.75,37.75
558b533275bd41bca3094acb6a85113a,67339e06f4b44f78994ff4785178807a,6,consistente,0.0,1.0,7.0,10.5,19.25,22.75
6daae6995cb245348bb2b5432ccc9948,e5b8388e1275417395d526c566b0e1e8,6,mixto,0.0,0.1667,101.5,158.5,211.0,288.5
344f2a7e91d741f69c8e638468150260,d74a389b77734996ba37fa61a0d08341,6,consistente,0.0,0.0,157.25,286.5,415.75,416.75
34acd5e31fc14060a1a96777113872bd,4a94478dd25f4430a0a023b87e11170d,6,consistente,0.0,0.0,517.0,517.5,518.0,518.0
1ad6835586034de0b29f4a402b182c6c,4461c788433345b8a4a296b35aa9499d,6,mixto,0.0,0.8333,13.75,19.0,23.5,172.5
1ad6835586034de0b29f4a402b182c6c,38b3f29fe39b4e87b5f7982165de8cf1,6,mixto,0.0,0.5,17.0,99.5,194.75,202.25
d602a0071f3f4db8b37a87cffd89bf23,1006a34f43ad4c308f0a57736ffd4eeb,6,mixto,0.0,0.3333,92.25,210.5,557.5,688.0
4a94478dd25f4430a0a023b87e11170d,88d08ee1a5384a7fbe4bfddb8928ce82,6,mixto,0.1667,0.3333,68.25,174.5,251.5,572.5
b9e3f79c40594953af24e9a43eba4e0c,4f4d89fa8ce34da19ecb340c1d267a3e,6,consistente,0.0,0.6667,23.0,31.5,76.75,127.0
b3b9221510904977b1c9f12ea7108119,fd595f24910c4126b7398b3e081af528,6,consistente,0.0,0.0,219.75,389.0,422.5,439.5
209ce526160947f0b398566cd4cbfd0d,239b1152a21a4cebb35b2a9dc02b10a9,6,mixto,0.0,0.0,760.5,864.5,969.25,1001.0
d153a909f976493a80fa3192b02d6a9d,91f3f86897ff4ae39e50cbd7035fa8af,6,mixto,0.0,0.1667,93.5,183.5,300.5,332.5
2549b51828ce40af920a932dd2102217,fe1194092c934e70b824f3014a2f020d,6,mixto,0.0,0.3333,64.0,219.5,414.0,939.75
ddf47b043bc04fa0bd7d61b8af3f9b2c,d602a0071f3f4db8b37a87cffd89bf23,6,mixto,0.0,0.1667,139.25,223.5,793.75,1219.25
eb838855f2344f65a4c925df80cdcad5,025eebbc74ba4738b90c87e459ea29de,6,mixto,0.0,0.0,101.0,111.0,125.5,138.5
4234d86a351e4a7e9ea293e33836ae45,3009f6f4befb498fbed7dbf1b189f47c,6,mixto,0.0,0.1667,70.25,143.5,300.0,394.75
209ce526160947f0b398566cd4cbfd0d,d6d4327ae40445518a3c8a6e62137cd6,6,mixto,0.0,0.3333,52.0,61.5,62.75,63.75
495c261c0f484bd08e232f7358452c4d,02f0f8beb94542deac503efd6a774262,6,mixto,0.0,0.0,565.75,637.5,742.25,856.5
c63d7e67e1f8454386089193582563ea,123,6,mixto,0.0,0.6667,17.0,26.5,120.0,552.5
123,dd02dca897074e77972f506652629762,6,mixto,0.0,0.1667,82.75,239.5,391.0,574.0
14cc5dc0682d44fe99d2d91e1eaafac7,2549b51828ce40af920a932dd2102217,6,mixto,0.0,1.0,8.25,9.0,11.25,27.75
d602a0071f3f4db8b37a87cffd89bf23,f9894051ee6e40ad91d0cd53b2a8efc0,6,mixto,0.0,0.0,149.75,164.5,276.75,314.0
3d639e0a581e4afbbc3976eed669f5c6,67339e06f4b44f78994ff4785178807a,6,mixto,0.0,0.0,561.25,622.5,629.0,632.25
0c94663f003341f285926fff9ef02495,463f33b89c2c4f13aa89f8f5d5096d6a,6,mixto,0.0,0.3333,93.75,236.0,361.75,486.25
d602a0071f3f4db8b37a87cffd89bf23,151290e5c9e641ab8b70cf2628c2c32b,6,mixto,0.0,0.0,589.75,651.0,785.75,1137.0
03bd6e11bc9246339a1812eb74331dd6,6d52b87b5a964c61ad7e28afd9499f18,6,mixto,0.0,0.1667,77.5,185.0,282.0,318.25
38b3f29fe39b4e87b5f7982165de8cf1,cd28f604c0b947398b97af66908be0b6,6,mixto,0.0,0.0,167.5,205.5,239.0,247.5
79bvfghg9a0a8tm25d16sddg7d61d4710,3e2a4d42827d43d0b90248199e58e98e,6,mixto,0.0,0.6667,43.5,51.5,64.0,85.25
9c9359fefd164d388f8a5edc2bac301e,e8dde9d26979498786c6ba5a82f70ad3,6,mixto,0.0,0.0,227.25,233.5,312.5,374.0
3d639e0a581e4afbbc3976eed669f5c6,e8dde9d26979498786c6ba5a82f70ad3,6,mixto,0.0,0.5,25.75,78.5,867.75,1152.25
2549b51828ce40af920a932dd2102217,ac8fac68f21540539f02e8fd2a44f651,6,mixto,0.1667,0.8333,5.5,12.0,26.0,395.0
621f2d0c79d0499eb8e6a538feb08e37,b972e814004e4624a566f308901cca7c,6,mixto,0.1667,0.3333,32.75,97.5,218.5,305.25
08165f6182bc4dfc9dc1d7774508bbc6,ef1dd1f1a5b94d0eacb669f7b3ec2911,6,mixto,0.0,0.6667,41.0,47.0,383.0,888.25
88d08ee1a5384a7fbe4bfddb8928ce82,d254feea701346a399887b9fe59ac61a,6,mixto,0.1667,0.1667,132.0,276.0,420.0,743.25
9c9359fefd164d388f8a5edc2bac301e,fd595f24910c4126b7398b3e081af528,6,mixto,0.0,0.0,136.0,151.0,166.75,175.5
bf676d9b342d438d8bd0b02c718133af,d602a0071f3f4db8b37a87cffd89bf23,6,mixto,0.0,0.3333,75.0,149.0,216.25,241.75
9b9d3e3ece844158b34a416ddcfd686b,9c9359fefd164d388f8a5edc2bac301e,6,mixto,0.0,0.1667,113.25,166.0,221.75,368.25
eaf8f2b0ccd04cf2a7bfcf357fe88ca2,3f4344ca761e46d7ad97528d511e5566,6,consistente,0.0,0.5,23.75,235.5,466.0,482.25
74e60dc3bc26493d81088e4d322b7c39,3752375735a74ae09881a820a0b7d394,6,consistente,0.0,0.3333,187.0,691.5,776.0,848.5
7f2c2c35a2de4624ad938147f73f271a,1eec93924a1046efbad70c851782ab8a,6,consistente,0.0,0.0,286.5,296.5,302.0,310.5
123,e9793e137f8c4928980c8de4aeb9e473,6,consistente,0.0,0.6667,18.5,21.0,53.5,73.0
2ff516ac74a44ebfa3a522adbde28a0f,8da9d8af9600449089f527c248a96e4f,6,mixto,0.0,0.0,78.0,121.0,203.0,231.5
209ce526160947f0b398566cd4cbfd0d,638aea308ffb483198d5c1387e2cc017,6,mixto,0.0,0.1667,763.75,890.0,891.75,892.0
399e7fc266894562850261cfbc06b992,2ff516ac74a44ebfa3a522adbde28a0f,6,consistente,0.1667,0.5,24.75,51.0,90.75,130.75
b4206ac5e3224dfd900588a8f7caf95e,79bvfghg9a0a8tm25d16sddg7d61d4710,6,consistente,0.1667,0.5,11.5,47.5,86.5,102.0
0de46482bc4d409c86f652534e4b47eb,91f3f86897ff4ae39e50cbd7035fa8af,6,consistente,0.0,0.0,803.0,806.5,808.5,879.5
fb944d98fea445bda57de000993d3e25,2549b51828ce40af920a932dd2102217,6,mixto,0.0,0.1667,390.5,419.0,613.25,701.0
21da73257dca4eb5bc4ba33b435c386b,91f3f86897ff4ae39e50cbd7035fa8af,6,mixto,0.0,0.0,742.5,765.5,832.0,854.75
f738a88353104bfab9174aa8e0b3c94b,d602a0071f3f4db8b37a87cffd89bf23,6,mixto,0.0,0.1667,264.75,479.0,514.75,521.5
e10304f95c2b40738695563eb9b8662c,e8dde9d26979498786c6ba5a82f70ad3,6,mixto,0.0,0.5,16.0,89.5,678.25,857.75
e9c87bd5f69f4f86afe073f6e04f7d5b,d9d5abd8143543189c1befef73999834,6,mixto,0.1667,0.3333,38.0,243.5,711.5,825.75
f883bd6d70b043a09837e8b888fe3f65,60e6aea28c294af4822614682c0a316b,6,mixto,0.1667,0.5,32.75,70.0,319.5,436.5
95b7bf6083634811b6ec1552e2ed5fad,ae4caa1cb2154cac89440f3fe18251cb,6,mixto,0.0,0.0,133.75,198.0,339.5,521.25
9e57f3868c2e44c5bb7f68029dfe1c7c,5aa6e3bc0b7f4c63b247ac04ca400129,6,mixto,0.0,0.0,121.75,172.5,299.0,445.5
123,0b145fb41bc84dc58a5beb5b4ef11b17,6,mixto,0.0,0.6667,33.25,38.5,65.5,478.25
b3eb39eeec084dcd92806f5f6081e175,b972e814004e4624a566f308901cca7c,6,mixto,0.0,0.0,126.25,171.5,348.75,410.25
6daae6995cb245348bb2b5432ccc9948,1eec93924a1046efbad70c851782ab8a,6,mixto,0.1667,0.6667,11.0,29.0,427.25,857.75
be09a0ddbb9b4c4aaf78903e0ca27a75,123,6,mixto,0.0,0.1667,112.0,421.0,643.0,644.75
6d52b87b5a964c61ad7e28afd9499f18,209ce526160947f0b398566cd4cbfd0d,6,mixto,0.0,0.0,476.5,1070.5,1227.25,1255.0
0335e32e61b248ae8ab98cb955f915dd,9c9359fefd164d388f8a5edc2bac301e,6,mixto,0.0,0.1667,73.75,110.0,126.0,249.25
3af2d18b09e6443fa289e956fc10669f,dd7629fec91f4599b3cf8c0dd0b984ac,6,mixto,0.0,0.0,65.0,65.0,133.25,324.0
67eb30db49f240b08ab2b3f422f92cdf,6d252a9b7f244a0180f6c2a1ff39d2fe,6,mixto,0.0,0.6667,13.75,17.5,134.5,183.5
b31017b848694be1b92f15c6dad1ca2c,4a94478dd25f4430a0a023b87e11170d,6,mixto,0.0,0.0,201.5,433.0,438.0,715.75
e8dde9d26979498786c6ba5a82f70ad3,006b85a984e94ce88ddb035ec01b2d70,6,mixto,0.0,0.0,1069.0,1095.0,1133.75,1230.25
eaf8f2b0ccd04cf2a7bfcf357fe88ca2,b6a7ac98c6704aa6b6512efa5fa8dbfe,6,mixto,0.0,0.3333,55.0,73.0,264.25,419.75
eaf8f2b0ccd04cf2a7bfcf357fe88ca2,399e7fc266894562850261cfbc06b992,6,consistente,0.0,0.1667,109.25,150.5,269.0,306.5
1eec93924a1046efbad70c851782ab8a,4f22549f9d3a443cb041c0e55395dbf1,6,consistente,0.0,0.0,117.0,119.0,122.5,123.0
44568175e9ff4fdcb98cd4e9d368ce11,9a76efc4c34e4bd7843206658dc45454,6,mixto,0.0,0.0,90.25,140.5,312.25,404.25
6e12533e73a048efa8bcc0a30f2b7684,6a322ad743e3464bae56d2d9b180078a,6,mixto,0.3333,0.3333,31.25,219.0,325.0,468.25
9c9359fefd164d388f8a5edc2bac301e,ffaec74bfd414f8394bab077a989e27f,6,mixto,0.0,0.1667,105.75,134.0,256.75,394.0
ad571b40258e4862b37b31fbbe2d8ab5,123,6,consistente,0.0,0.0,279.75,363.5,364.0,431.5
0b145fb41bc84dc58a5beb5b4ef11b17,b31017b848694be1b92f15c6dad1ca2c,6,consistente,0.1667,0.3333,57.25,103.5,174.5,426.25
8ba6d7f9bb7445ff96ffd06af5fa8c1e,64d9be8046574fbfbc1fb14c9912afea,6,consistente,0.0,0.3333,39.5,144.0,226.0,260.5
2ae2ca1a377048a58815f54a432f8a21,cb9e2b9dd1cd44c5b7d4fdcfbbf3f5e0,6,consistente,0.0,0.1667,82.0,82.5,83.0,669.5
bf676d9b342d438d8bd0b02c718133af,cb9e2b9dd1cd44c5b7d4fdcfbbf3f5e0,6,consistente,0.1667,0.1667,166.25,233.0,302.0,326.5
2a1ad7012aa3426ab2592dd06689329b,67eb30db49f240b08ab2b3f422f92cdf,6,mixto,0.0,0.0,606.25,826.0,841.0,849.5
dcd0b6134a8846c1ac7171f8530945ab,671dca542e094f3d90cb15883bd89274,6,mixto,0.0,0.3333,70.0,188.0,391.5,487.75
38b3f29fe39b4e87b5f7982165de8cf1,b972e814004e4624a566f308901cca7c,6,mixto,0.0,0.1667,74.5,195.0,311.0,349.5
ae4caa1cb2154cac89440f3fe18251cb,4461c788433345b8a4a296b35aa9499d,6,mixto,0.0,0.6667,30.75,37.0,145.25,567.75
c7d9f088b4be4e38924fcfa78a6b5496,8af63e063a2a42098caed55eeb24acf0,6,mixto,0.0,0.1667,74.0,93.0,107.5,1078.5
8b6597a56ec4424ca8d71fdfd2827ff9,2549b51828ce40af920a932dd2102217,6,mixto,0.1667,0.6667,14.75,40.0,59.25,111.0
4f22549f9d3a443cb041c0e55395dbf1,6a322ad743e3464bae56d2d9b180078a,6,mixto,0.1667,0.1667,74.25,659.0,1291.75,1309.0
d602a0071f3f4db8b37a87cffd89bf23,d16fad3dcdb14d69b5d82776d09bb796,6,mixto,0.0,0.1667,84.0,148.5,204.0,228.5
5af89d91c7c74476ad4546b1db07c56c,465d39a118f84dcca1751c69cccc4f3f,6,mixto,0.1667,0.3333,323.0,1191.0,1222.0,1254.5
ee1016d1de3347b79368186e86dfc2c2,86144f0d3b814c1d8c013f7aade6c55d,6,mixto,0.0,0.1667,185.75,314.5,358.5,933.75
86144f0d3b814c1d8c013f7aade6c55d,1e801411cdbd40aa92ad0dfc09000f69,6,mixto,0.0,0.0,399.75,469.0,506.75,563.25
c82f84bf3f2b451393445a0cb6883665,b6a7ac98c6704aa6b6512efa5fa8dbfe,6,mixto,0.0,0.1667,154.0,299.5,487.75,553.25
4830b97416a14d1485ccb85c9f9baa4e,94d27864f86d422faa68efccb908cc34,6,mixto,0.0,0.6667,28.0,53.0,139.5,174.5
6a322ad743e3464bae56d2d9b180078a,0b145fb41bc84dc58a5beb5b4ef11b17,6,mixto,0.0,0.8333,30.25,35.0,41.25,123.75
ea62071feb644e4e81394dfa5c500ff3,edd67e7adef0443982c72ffc4d55ca4a,6,mixto,0.1667,0.6667,22.5,36.5,63.25,361.5
209ce526160947f0b398566cd4cbfd0d,4830b97416a14d1485ccb85c9f9baa4e,6,mixto,0.1667,0.5,22.75,133.0,520.75,625.0
f5d8ddb9e3924b09901a9ce38dddc362,64d9be8046574fbfbc1fb14c9912afea,6,mixto,0.1667,0.6667,15.0,43.5,91.5,109.25
86144f0d3b814c1d8c013f7aade6c55d,c5b83bbfa22c4c31a5743485b4c6e524,6,mixto,0.1667,0.1667,144.75,251.0,448.75,951.5
67eb30db49f240b08ab2b3f422f92cdf,8c1942e0cdce4f71b53f62474322f0b7,6,mixto,0.0,0.0,331.25,399.5,451.25,499.5
2e0f9d54f6534336a19fffacd7b6af40,08165f6182bc4dfc9dc1d7774508bbc6,6,mixto,0.0,0.6667,15.0,19.5,207.0,307.0
9a76efc4c34e4bd7843206658dc45454,3d639e0a581e4afbbc3976eed669f5c6,6,mixto,0.1667,0.6667,7.75,26.5,65.5,611.5
41da80f6154c4d918166fc43862f5d78,eaf8f2b0ccd04cf2a7bfcf357fe88ca2,6,mixto,0.0,0.5,36.25,65.5,199.75,368.5
64d9be8046574fbfbc1fb14c9912afea,f31ed616d84449edb5fdd8cd332552b2,6,mixto,0.1667,0.8333,12.5,29.0,31.25,386.75
0f33ab6447034fe49d1629353a119e47,9c9359fefd164d388f8a5edc2bac301e,6,mixto,0.0,0.3333,56.75,123.0,212.5,299.25
86144f0d3b814c1d8c013f7aade6c55d,ee00832abfba40b38335ce48a12981b5,6,mixto,0.0,0.1667,224.25,487.5,846.0,959.0
6bcf44d8a73c473cb78f0cb92508a232,c82f84bf3f2b451393445a0cb6883665,6,mixto,0.0,0.5,10.75,99.5,251.25,274.75
6bcf44d8a73c473cb78f0cb92508a232,d602a0071f3f4db8b37a87cffd89bf23,6,mixto,0.0,0.1667,248.25,441.5,454.0,791.75
b6a7ac98c6704aa6b6512efa5fa8dbfe,ab2dd6e0890c4b5483973add6fa1b91b,6,mixto,0.0,0.1667,123.0,189.5,777.25,1084.5
f15bd4421f604ffbae3d627bef601546,347178b052294153af290d6a84589868,6,mixto,0.0,0.5,19.0,138.0,351.5,389.0
cc892c05f6d94315be2b7539e45b9170,74e60dc3bc26493d81088e4d322b7c39,6,mixto,0.0,0.1667,88.5,96.5,97.75,380.0
67339e06f4b44f78994ff4785178807a,b4206ac5e3224dfd900588a8f7caf95e,6,mixto,0.0,0.0,185.5,395.5,460.0,487.75
2549b51828ce40af920a932dd2102217,a6c839544c0440f5bf2ce98e7396613f,6,mixto,0.0,0.3333,43.25,84.0,106.0,388.25
6d252a9b7f244a0180f6c2a1ff39d2fe,67339e06f4b44f78994ff4785178807a,6,mixto,0.0,0.1667,165.25,373.5,534.5,582.5
67339e06f4b44f78994ff4785178807a,c540003954c9411cbcf7836bdce30311,6,mixto,0.0,0.0,77.25,155.5,377.0,492.0
eb6b584fde4141aea5dafddee3e7ad4e,123,6,mixto,0.0,0.6667,20.25,22.0,74.75,94.25
94d27864f86d422faa68efccb908cc34,a53d759fed7840a1b00e8d903669e8a1,6,consistente,0.0,0.5,17.0,49.5,169.0,464.5
b4206ac5e3224dfd900588a8f7caf95e,91f3f86897ff4ae39e50cbd7035fa8af,6,mixto,0.0,0.0,167.5,304.5,473.75,496.0
399e7fc266894562850261cfbc06b992,41da80f6154c4d918166fc43862f5d78,6,mixto,0.0,0.5,35.0,125.5,323.25,456.25
9f5eb34dc330412990d7da2fd1db9e64,b972e814004e4624a566f308901cca7c,6,mixto,0.1667,0.3333,148.5,580.5,641.25,663.25
d602a0071f3f4db8b37a87cffd89bf23,ea62071feb644e4e81394dfa5c500ff3,6,mixto,0.0,0.1667,97.5,406.0,875.0,970.0
b1b009877e0c4e0790fd92559d853d69,495c261c0f484bd08e232f7358452c4d,6,mixto,0.3333,0.8333,3.0,26.5,48.5,212.75
3af2d18b09e6443fa289e956fc10669f,94d27864f86d422faa68efccb908cc34,6,mixto,0.0,0.0,151.25,213.5,929.0,1150.25
1c6f1fdb9e7544aaac5f4daf9243ca1e,d602a0071f3f4db8b37a87cffd89bf23,6,mixto,0.0,0.5,20.0,105.5,233.0,392.0
c39e8d94c06848008c0f7db6d3708af9,fb3957569a8d49528c3571bcb4703f55,6,mixto,0.3333,0.5,5.0,37.5,706.75,1274.0
d6d4327ae40445518a3c8a6e62137cd6,123,6,mixto,0.3333,0.8333,4.25,5.0,7.25,116.75
56da1c80cfea4a5b83326bfef271fc3e,894c246eb00a482da371617f75149e30,6,mixto,0.0,0.0,191.5,274.0,372.25,401.75
64d9be8046574fbfbc1fb14c9912afea,cb9e2b9dd1cd44c5b7d4fdcfbbf3f5e0,6,mixto,0.0,0.1667,184.75,355.0,367.0,443.0
5ad019e5f0e445e8b37fc4ed60a3447c,67eb30db49f240b08ab2b3f422f92cdf,6,mixto,0.0,0.6667,44.5,56.5,105.25,133.75
67eb30db49f240b08ab2b3f422f92cdf,b7c988fa6132435480b57f66696827fd,6,mixto,0.0,0.5,9.25,109.0,208.75,209.75
0b145fb41bc84dc58a5beb5b4ef11b17,ae4caa1cb2154cac89440f3fe18251cb,6,mixto,0.0,1.0,10.5,12.0,14.25,15.0
209ce526160947f0b398566cd4cbfd0d,6743ad379b094f98ad903d0f0304add1,6,mixto,0.0,0.1667,107.75,165.0,262.75,865.0
74e60dc3bc26493d81088e4d322b7c39,4f4d89fa8ce34da19ecb340c1d267a3e,6,mixto,0.0,0.6667,23.25,41.5,101.75,575.75
558b533275bd41bca3094acb6a85113a,b972e814004e4624a566f308901cca7c,6,mixto,0.0,0.0,281.25,290.5,321.5,364.5
6f7b8ef5a7204c4b92d0ca778317d790,c52ceac3693c4644bb20f07dd8aa7103,6,mixto,0.0,0.3333,42.75,134.0,153.25,653.5
6743ad379b094f98ad903d0f0304add1,6a322ad743e3464bae56d2d9b180078a,6,mixto,0.0,0.0,377.5,731.0,861.0,956.0
86144f0d3b814c1d8c013f7aade6c55d,9c9359fefd164d388f8a5edc2bac301e,6,mixto,0.0,0.0,115.5,292.0,689.75,914.5
2a4a00c47ac6468395984ee10ebc8dc3,9a76efc4c34e4bd7843206658dc45454,6,mixto,0.1667,0.3333,61.25,330.0,657.25,731.0
f44bedcfbdb64a818e717b872a002abd,94d27864f86d422faa68efccb908cc34,6,mixto,0.0,0.6667,31.5,39.0,111.0,238.5
64d9be8046574fbfbc1fb14c9912afea,eae6a8d122774db4ba88162a875db6a6,6,mixto,0.0,0.0,117.5,270.5,331.25,368.0
9f5eb34dc330412990d7da2fd1db9e64,2549b51828ce40af920a932dd2102217,6,mixto,0.0,0.3333,37.75,112.0,199.75,263.75
123,18bec3e707784a978d9d89f2967f87de,6,mixto,0.0,0.3333,51.25,90.0,169.25,280.75
5f686fded1294c02a7a5c3298f2eec5b,2549b51828ce40af920a932dd2102217,6,mixto,0.1667,0.1667,191.5,737.0,962.25,1015.75
3346db58cd2d474fbcf63e827462b85d,86144f0d3b814c1d8c013f7aade6c55d,6,mixto,0.1667,0.3333,47.75,96.5,181.25,300.75
9ae54d261e454c93ae1c2cdec0fd03e6,2e0f9d54f6534336a19fffacd7b6af40,6,mixto,0.1667,0.8333,8.5,10.0,28.75,126.5
399e7fc266894562850261cfbc06b992,91f3f86897ff4ae39e50cbd7035fa8af,6,mixto,0.0,0.0,167.5,628.5,1011.5,1032.0
56da1c80cfea4a5b83326bfef271fc3e,dd7629fec91f4599b3cf8c0dd0b984ac,6,mixto,0.0,0.0,179.75,254.0,292.25,349.5
2ae2ca1a377048a58815f54a432f8a21,95b7bf6083634811b6ec1552e2ed5fad,6,mixto,0.0,0.5,21.0,48.0,134.25,416.0
0e11736fc9c24dbea92c4f3a6453a160,209ce526160947f0b398566cd4cbfd0d,6,mixto,0.0,0.0,154.75,486.0,788.75,924.25
dc821110e3f34bf3984d61955ced2e69,0f33ab6447034fe49d1629353a119e47,6,mixto,0.1667,0.1667,425.0,582.5,761.0,822.25
c63d7e67e1f8454386089193582563ea,2549b51828ce40af920a932dd2102217,6,mixto,0.0,0.0,118.0,210.5,421.5,770.25
78d2a80a1628414097285e5ece0cab12,c82f84bf3f2b451393445a0cb6883665,6,mixto,0.1667,0.3333,34.25,119.5,457.5,994.25
4f22549f9d3a443cb041c0e55395dbf1,01b56ab5b9be43e19fa06300994787ec,6,mixto,0.1667,0.1667,219.25,253.0,254.5,274.5
ef1dd1f1a5b94d0eacb669f7b3ec2911,dc821110e3f34bf3984d61955ced2e69,6,mixto,0.0,0.1667,206.25,496.0,530.75,947.75
d602a0071f3f4db8b37a87cffd89bf23,d9d5abd8143543189c1befef73999834,6,mixto,0.0,0.1667,146.25,457.5,675.0,760.5
c52ceac3693c4644bb20f07dd8aa7103,399e7fc266894562850261cfbc06b992,6,consistente,0.0,0.3333,104.75,306.0,347.5,394.5
38b3f29fe39b4e87b5f7982165de8cf1,91f3f86897ff4ae39e50cbd7035fa8af,6,mixto,0.0,0.0,248.75,294.0,484.75,560.5
5aa6e3bc0b7f4c63b247ac04ca400129,6d52b87b5a964c61ad7e28afd9499f18,6,mixto,0.0,0.0,163.25,414.0,482.5,595.75
6d52b87b5a964c61ad7e28afd9499f18,01b56ab5b9be43e19fa06300994787ec,6,mixto,0.0,0.0,232.5,519.5,520.0,520.75
e8dde9d26979498786c6ba5a82f70ad3,e423b8339a57485d8b524937d93e4f44,6,mixto,0.0,0.0,217.0,574.0,934.75,1034.25
a4db025d032f42578306d5461abdda40,20acab350ddf489c931028b7a6a1ff99,6,mixto,0.0,0.0,338.25,342.0,342.0,342.0
b972e814004e4624a566f308901cca7c,f15bd4421f604ffbae3d627bef601546,6,mixto,0.0,0.3333,64.0,109.5,137.75,168.0
d0b1e3a4c2434e65be47566dcc3e2ee0,eb838855f2344f65a4c925df80cdcad5,6,mixto,0.0,0.3333,64.75,171.5,181.5,361.5
8c1942e0cdce4f71b53f62474322f0b7,d602a0071f3f4db8b37a87cffd89bf23,6,mixto,0.1667,0.3333,49.5,361.5,697.5,776.5
64d9be8046574fbfbc1fb14c9912afea,0335e32e61b248ae8ab98cb955f915dd,6,mixto,0.0,0.0,204.25,284.0,368.25,376.0
6a322ad743e3464bae56d2d9b180078a,5235b9f356954973a226cb6fc12c9d6e,6,mixto,0.1667,0.3333,57.5,150.0,182.5,325.5
465d39a118f84dcca1751c69cccc4f3f,d602a0071f3f4db8b37a87cffd89bf23,6,mixto,0.0,0.0,325.5,601.5,787.5,936.75
41da80f6154c4d918166fc43862f5d78,e8dde9d26979498786c6ba5a82f70ad3,6,mixto,0.1667,0.1667,98.25,190.5,372.75,444.25
1bb1657eb2eb43808f0529810258aa3b,ae54454684154c25bd33c6e04609652b,6,mixto,0.0,0.1667,69.5,103.0,159.75,180.0
67339e06f4b44f78994ff4785178807a,f2eaffaf45b84b9c8e39cc303a97e9d7,6,mixto,0.0,0.0,422.25,426.0,527.25,629.75
2549b51828ce40af920a932dd2102217,7249a9adb1c343aba8db068dbe0c3795,6,mixto,0.0,0.5,10.0,43.5,136.25,163.75
1bb1657eb2eb43808f0529810258aa3b,6d52b87b5a964c61ad7e28afd9499f18,6,mixto,0.0,0.0,198.5,257.0,409.25,460.0
6e12533e73a048efa8bcc0a30f2b7684,b972e814004e4624a566f308901cca7c,6,mixto,0.0,0.0,492.25,571.0,724.0,806.0
9c9359fefd164d388f8a5edc2bac301e,7d0c4697a4f849e38021ccb192e0b4a7,6,mixto,0.0,0.0,101.75,116.5,159.75,221.0
5235b9f356954973a226cb6fc12c9d6e,c5b83bbfa22c4c31a5743485b4c6e524,6,mixto,0.0,0.5,33.75,261.0,474.0,537.75
123,cd40ad229df147389504190c71de61f5,6,mixto,0.0,0.5,41.25,137.5,758.0,937.75
b6a7ac98c6704aa6b6512efa5fa8dbfe,ee00832abfba40b38335ce48a12981b5,6,mixto,0.0,0.1667,65.75,68.0,95.75,128.25
c82f84bf3f2b451393445a0cb6883665,be4240b37c354311af26b2846acba9c7,6,mixto,0.0,0.0,172.0,221.5,270.25,883.0
6e12533e73a048efa8bcc0a30f2b7684,4060f34dc33042fda53efdfd0594b679,6,mixto,0.0,0.0,304.75,337.0,402.25,525.25
b972e814004e4624a566f308901cca7c,0de46482bc4d409c86f652534e4b47eb,6,mixto,0.0,0.0,158.75,203.5,255.0,755.75
67eb30db49f240b08ab2b3f422f92cdf,e49052056b49428b86e0e8972a273c89,6,mixto,0.0,0.0,879.25,907.0,907.0,907.75
62a5285108824e269a3fa09e9c233440,c82f84bf3f2b451393445a0cb6883665,6,mixto,0.0,0.0,357.5,640.5,892.75,1088.75
7249a9adb1c343aba8db068dbe0c3795,08165f6182bc4dfc9dc1d7774508bbc6,6,mixto,0.0,0.0,136.0,140.5,149.5,163.25
0dfdb4894c0e486faae2751590db44b8,0de46482bc4d409c86f652534e4b47eb,6,mixto,0.0,0.5,52.5,64.5,96.0,108.5
c82f84bf3f2b451393445a0cb6883665,8ba6d7f9bb7445ff96ffd06af5fa8c1e,6,mixto,0.0,0.6667,7.25,8.5,56.25,318.0
7f2c2c35a2de4624ad938147f73f271a,eaf8f2b0ccd04cf2a7bfcf357fe88ca2,6,mixto,0.0,0.1667,90.0,262.5,392.25,1075.75
a6c839544c0440f5bf2ce98e7396613f,b972e814004e4624a566f308901cca7c,6,mixto,0.0,0.3333,70.5,126.0,182.25,201.0
d6d4327ae40445518a3c8a6e62137cd6,64d9be8046574fbfbc1fb14c9912afea,6,mixto,0.1667,1.0,8.75,18.0,25.0,28.5
cb9e2b9dd1cd44c5b7d4fdcfbbf3f5e0,6daae6995cb245348bb2b5432ccc9948,6,mixto,0.0,0.0,127.75,163.5,571.25,956.75
b31017b848694be1b92f15c6dad1ca2c,c82f84bf3f2b451393445a0cb6883665,6,mixto,0.0,0.3333,30.75,73.5,123.75,601.0
80d8324451a74ae887a93c2bee8b5d3d,123,6,mixto,0.0,0.0,214.75,221.0,227.25,585.75
9f5eb34dc330412990d7da2fd1db9e64,c82f84bf3f2b451393445a0cb6883665,6,mixto,0.0,0.0,141.25,212.5,254.5,352.5
4060f34dc33042fda53efdfd0594b679,67eb30db49f240b08ab2b3f422f92cdf,6,mixto,0.0,0.0,88.0,114.0,153.5,697.25
dcd0b6134a8846c1ac7171f8530945ab,ffaec74bfd414f8394bab077a989e27f,6,mixto,0.0,0.0,448.0,742.0,827.5,1020.75
347178b052294153af290d6a84589868,c2f8201a4d224d81babdcea072e5cec4,6,mixto,0.0,0.3333,72.25,548.5,986.5,1019.5
cc28da1df13d4147b5420ccc231a458e,1ad6835586034de0b29f4a402b182c6c,6,mixto,0.0,1.0,23.75,26.5,31.5,34.5
638aea308ffb483198d5c1387e2cc017,86144f0d3b814c1d8c013f7aade6c55d,6,mixto,0.0,0.3333,52.0,100.5,187.25,361.5
b4206ac5e3224dfd900588a8f7caf95e,ae4caa1cb2154cac89440f3fe18251cb,6,mixto,0.0,0.3333,76.0,285.5,851.25,1150.75
abf4698b03984acfb21f239abb1a3907,67339e06f4b44f78994ff4785178807a,6,mixto,0.0,0.1667,116.75,162.5,227.0,258.25
02f0f8beb94542deac503efd6a774262,6a322ad743e3464bae56d2d9b180078a,6,mixto,0.0,0.1667,105.5,190.5,364.75,628.75
6d52b87b5a964c61ad7e28afd9499f18,e8dde9d26979498786c6ba5a82f70ad3,6,mixto,0.0,0.3333,47.0,84.5,106.25,124.0
d74a389b77734996ba37fa61a0d08341,dc821110e3f34bf3984d61955ced2e69,6,mixto,0.0,0.0,166.0,783.5,1287.75,1289.75
9f3c39663dac4e6791811016adc217da,2549b51828ce40af920a932dd2102217,6,mixto,0.1667,0.1667,149.0,466.5,985.75,1089.5
ffaec74bfd414f8394bab077a989e27f,399e7fc266894562850261cfbc06b992,6,mixto,0.0,0.6667,21.75,27.0,164.25,1011.5
d5dac98442bb425ba884809990aa064d,ae4caa1cb2154cac89440f3fe18251cb,6,mixto,0.0,0.0,86.0,125.5,179.25,316.75
d602a0071f3f4db8b37a87cffd89bf23,ee1016d1de3347b79368186e86dfc2c2,6,mixto,0.3333,0.5,3.75,74.5,705.5,1066.25
74ed652f9a9242c590651fe4cff0d492,d74a389b77734996ba37fa61a0d08341,6,mixto,0.0,0.0,683.25,1335.5,1336.75,1338.5
123,0335e32e61b248ae8ab98cb955f915dd,6,mixto,0.0,0.0,139.0,139.0,156.25,185.25
56da1c80cfea4a5b83326bfef271fc3e,495c261c0f484bd08e232f7358452c4d,6,mixto,0.0,0.0,96.25,130.0,143.5,292.0
b3b9221510904977b1c9f12ea7108119,d602a0071f3f4db8b37a87cffd89bf23,6,mixto,0.0,0.1667,107.5,225.5,264.0,287.5
3d639e0a581e4afbbc3976eed669f5c6,123,6,mixto,0.0,0.8333,12.25,20.0,40.5,771.25
20acab350ddf489c931028b7a6a1ff99,6a322ad743e3464bae56d2d9b180078a,6,mixto,0.0,0.5,18.25,317.0,650.25,672.25
c5b83bbfa22c4c31a5743485b4c6e524,1ad6835586034de0b29f4a402b182c6c,6,mixto,0.3333,0.3333,35.0,129.0,229.75,584.75
648a73c3ab2a48b1ac046802df52be11,b972e814004e4624a566f308901cca7c,6,mixto,0.0,0.3333,55.5,111.5,316.0,442.0
894c246eb00a482da371617f75149e30,67339e06f4b44f78994ff4785178807a,6,mixto,0.1667,0.3333,52.75,150.0,186.5,431.25
440a0887178449a3a43e65954490a658,fb944d98fea445bda57de000993d3e25,6,mixto,0.3333,1.0,3.25,9.5,12.75,16.75
67339e06f4b44f78994ff4785178807a,d69a36460b0c4bee9cdc5fd2f58e6a0e,6,mixto,0.0,0.0,103.75,152.0,160.5,196.25
d74a389b77734996ba37fa61a0d08341,94d27864f86d422faa68efccb908cc34,6,mixto,0.0,0.0,222.75,270.5,564.25,647.75
495c261c0f484bd08e232f7358452c4d,88d08ee1a5384a7fbe4bfddb8928ce82,6,mixto,0.0,0.1667,109.0,174.0,221.0,270.25
1eec93924a1046efbad70c851782ab8a,08165f6182bc4dfc9dc1d7774508bbc6,6,mixto,0.0,0.3333,53.25,95.0,141.25,276.25
8c1942e0cdce4f71b53f62474322f0b7,dd7629fec91f4599b3cf8c0dd0b984ac,6,mixto,0.0,0.0,226.25,231.5,351.5,529.5
86144f0d3b814c1d8c013f7aade6c55d,d901924d294640abb47dd412154610c7,6,mixto,0.0,0.1667,78.75,129.0,306.75,369.5
f5d8ddb9e3924b09901a9ce38dddc362,888fb026b62d4a75920fe44a0af43ad4,6,mixto,0.0,0.1667,107.25,132.5,616.75,1033.0
ae4caa1cb2154cac89440f3fe18251cb,dcd0b6134a8846c1ac7171f8530945ab,6,mixto,0.0,0.1667,207.25,300.5,426.75,833.0
4830b97416a14d1485ccb85c9f9baa4e,1ad6835586034de0b29f4a402b182c6c,6,consistente,0.0,0.0,883.75,1207.5,1226.0,1258.25
abf4698b03984acfb21f239abb1a3907,ae54454684154c25bd33c6e04609652b,6,consistente,0.0,0.0,269.5,470.0,671.25,673.5
fb3957569a8d49528c3571bcb4703f55,ee00832abfba40b38335ce48a12981b5,6,consistente,0.0,0.6667,22.25,28.0,60.0,87.0
59dd121f53ac44ddb03bf52488eec671,2549b51828ce40af920a932dd2102217,6,consistente,0.0,0.0,117.25,146.0,216.0,230.75
fdd7e5cf453e42d7b8cb2334d3a7bff9,95b7bf6083634811b6ec1552e2ed5fad,6,consistente,0.3333,0.5,5.25,61.5,154.5,230.25
a3d2f5bccc104cf6bdd3817c86236b0e,209ce526160947f0b398566cd4cbfd0d,6,consistente,0.0,0.1667,106.5,249.0,349.5,410.75
4a94478dd25f4430a0a023b87e11170d,645a4f092abd49f0820b8a5507e3dea0,6,consistente,0.0,0.3333,140.75,518.5,519.0,519.75
f6aab18a7d0947f08867efae57e7d5b4,6d52b87b5a964c61ad7e28afd9499f18,6,consistente,0.0,0.3333,64.5,198.0,312.0,350.0
be09a0ddbb9b4c4aaf78903e0ca27a75,91f3f86897ff4ae39e50cbd7035fa8af,6,consistente,0.0,0.0,879.5,884.5,885.75,889.0
94d27864f86d422faa68efccb908cc34,9f5eb34dc330412990d7da2fd1db9e64,6,consistente,0.0,0.1667,174.75,360.0,436.5,1003.0
eaf8f2b0ccd04cf2a7bfcf357fe88ca2,eb838855f2344f65a4c925df80cdcad5,6,consistente,0.0,0.0,264.5,365.0,411.5,427.0
95299da5a5f449f09c2fdf131183b903,2549b51828ce40af920a932dd2102217,6,consistente,0.0,0.0,401.75,457.5,494.5,555.25
3346db58cd2d474fbcf63e827462b85d,08165f6182bc4dfc9dc1d7774508bbc6,6,consistente,0.0,0.1667,212.0,243.5,437.75,507.75
67339e06f4b44f78994ff4785178807a,c765193a11274b73b1ffa97efd6fbc3b,6,consistente,0.0,0.1667,338.0,338.0,338.75,339.0
2c12290764aa4f67ba25e9cf801bd06c,c82f84bf3f2b451393445a0cb6883665,6,consistente,0.0,0.0,66.25,67.5,269.0,336.0
dd7629fec91f4599b3cf8c0dd0b984ac,edd67e7adef0443982c72ffc4d55ca4a,6,consistente,0.0,0.5,45.5,184.5,553.75,1018.0
ffaec74bfd414f8394bab077a989e27f,02f0f8beb94542deac503efd6a774262,6,consistente,0.1667,0.1667,264.5,342.0,548.5,599.75
55e045879c5c4db3bf493540d9dc0d17,ef1dd1f1a5b94d0eacb669f7b3ec2911,6,consistente,0.0,0.0,268.25,269.0,274.25,276.0
1bb1657eb2eb43808f0529810258aa3b,2ff516ac74a44ebfa3a522adbde28a0f,6,consistente,0.0,0.3333,73.0,119.5,284.5,344.75
279bdc4889564edba8ec3d808a74db1a,123,6,consistente,0.0,0.3333,60.5,165.0,241.75,268.5
67339e06f4b44f78994ff4785178807a,b7c988fa6132435480b57f66696827fd,6,consistente,0.0,0.6667,32.5,34.5,290.75,379.75
40fc9588a8e04b28852ec1163528bb8a,894c246eb00a482da371617f75149e30,6,consistente,0.0,0.6667,13.0,15.0,61.25,79.0
d74a389b77734996ba37fa61a0d08341,1ad6835586034de0b29f4a402b182c6c,6,consistente,0.0,0.0,324.75,955.0,1229.0,1229.75
2a4a00c47ac6468395984ee10ebc8dc3,495c261c0f484bd08e232f7358452c4d,6,consistente,0.1667,0.1667,86.25,331.0,658.25,732.0
b4206ac5e3224dfd900588a8f7caf95e,387ff07354a74657a44369e05d83234a,6,consistente,0.3333,1.0,2.25,7.0,10.25,29.75
ae5cbc3811f145059eb8c1eaa0209154,dd7629fec91f4599b3cf8c0dd0b984ac,6,consistente,0.0,1.0,44.75,48.0,53.5,55.0
67339e06f4b44f78994ff4785178807a,f9894051ee6e40ad91d0cd53b2a8efc0,6,consistente,0.0,0.1667,139.0,271.0,493.75,524.0
7249a9adb1c343aba8db068dbe0c3795,2ff516ac74a44ebfa3a522adbde28a0f,6,consistente,0.0,0.0,199.5,210.5,218.5,227.5
7249a9adb1c343aba8db068dbe0c3795,6a322ad743e3464bae56d2d9b180078a,6,consistente,0.0,0.0,357.75,428.0,433.0,804.25
88d08ee1a5384a7fbe4bfddb8928ce82,dc821110e3f34bf3984d61955ced2e69,5,consistente,0.0,0.0,311.0,335.0,589.0,650.6
67eb30db49f240b08ab2b3f422f92cdf,78d2a80a1628414097285e5ece0cab12,5,consistente,0.0,0.0,211.0,245.0,367.0,390.2
18bec3e707784a978d9d89f2967f87de,eaf8f2b0ccd04cf2a7bfcf357fe88ca2,5,consistente,0.0,0.4,29.0,62.0,63.0,222.2
94d27864f86d422faa68efccb908cc34,44568175e9ff4fdcb98cd4e9d368ce11,5,consistente,0.0,0.0,534.0,575.0,606.0,636.4
2ff516ac74a44ebfa3a522adbde28a0f,6daae6995cb245348bb2b5432ccc9948,5,consistente,0.0,0.0,772.0,986.0,1038.0,1151.6
2e0f9d54f6534336a19fffacd7b6af40,fdd7e5cf453e42d7b8cb2334d3a7bff9,5,consistente,0.0,0.2,697.0,712.0,727.0,736.6
d74a389b77734996ba37fa61a0d08341,399e7fc266894562850261cfbc06b992,5,mixto,0.0,0.0,371.0,410.0,730.0,742.0
463f33b89c2c4f13aa89f8f5d5096d6a,6d52b87b5a964c61ad7e28afd9499f18,5,mixto,0.0,0.4,37.0,400.0,493.0,518.6
02f0f8beb94542deac503efd6a774262,dd7629fec91f4599b3cf8c0dd0b984ac,5,mixto,0.0,0.0,124.0,190.0,203.0,258.2
6a91c10b9e8341afbd387fb72bab3cf7,7249a9adb1c343aba8db068dbe0c3795,5,mixto,0.0,0.0,235.0,376.0,424.0,964.8
91f3f86897ff4ae39e50cbd7035fa8af,7f2c2c35a2de4624ad938147f73f271a,5,mixto,0.0,0.2,63.0,372.0,719.0,1031.0
9a76efc4c34e4bd7843206658dc45454,b34fe8a89b9a43189ec5be764c3b695c,5,mixto,0.2,0.6,8.0,8.0,126.0,126.8
c5b83bbfa22c4c31a5743485b4c6e524,c7d9f088b4be4e38924fcfa78a6b5496,5,mixto,0.0,0.4,40.0,130.0,132.0,222.4
c82f84bf3f2b451393445a0cb6883665,df28ab4cee16458d8bf66d7c75905dca,5,mixto,0.0,0.2,166.0,166.0,166.0,166.0
d69a36460b0c4bee9cdc5fd2f58e6a0e,88d08ee1a5384a7fbe4bfddb8928ce82,5,mixto,0.0,0.0,105.0,170.0,184.0,317.6
841ec603883c444691473efa7a657b01,123,5,mixto,0.0,1.0,6.0,10.0,10.0,16.4
7d0c4697a4f849e38021ccb192e0b4a7,4a94478dd25f4430a0a023b87e11170d,5,mixto,0.0,0.4,45.0,107.0,231.0,240.6
d69a36460b0c4bee9cdc5fd2f58e6a0e,ae4caa1cb2154cac89440f3fe18251cb,5,mixto,0.0,0.8,29.0,33.0,37.0,189.8
95b7bf6083634811b6ec1552e2ed5fad,dd7629fec91f4599b3cf8c0dd0b984ac,5,mixto,0.0,0.0,178.0,211.0,289.0,438.6
0335e32e61b248ae8ab98cb955f915dd,94d27864f86d422faa68efccb908cc34,5,mixto,0.2,0.4,39.0,75.0,248.0,352.0
67339e06f4b44f78994ff4785178807a,361255d70c09499891fecebec813f51a,5,mixto,0.0,0.2,243.0,289.0,448.0,484.8
dab6b8ce23604fa7b9ace2c2121d943e,fe447d5ca733434bbf33b0c6092787c5,5,mixto,0.0,0.2,93.0,237.0,254.0,289.2
209ce526160947f0b398566cd4cbfd0d,ddf47b043bc04fa0bd7d61b8af3f9b2c,5,mixto,0.0,0.0,120.0,217.0,248.0,293.6
bf676d9b342d438d8bd0b02c718133af,2a1ad7012aa3426ab2592dd06689329b,5,mixto,0.0,0.2,111.0,132.0,167.0,186.2
4ef0ced873174ee9afc306e414132c72,399e7fc266894562850261cfbc06b992,5,mixto,0.8,1.0,1.0,1.0,1.0,30.6
64b50202d6b74bfcb78c7342823e0f4f,9a76efc4c34e4bd7843206658dc45454,5,mixto,0.0,0.0,489.0,527.0,531.0,537.4
94d27864f86d422faa68efccb908cc34,6a91c10b9e8341afbd387fb72bab3cf7,5,mixto,0.4,0.6,2.0,27.0,67.0,94.2
01b56ab5b9be43e19fa06300994787ec,ef1dd1f1a5b94d0eacb669f7b3ec2911,5,mixto,0.0,0.6,15.0,54.0,203.0,207.8
ee1016d1de3347b79368186e86dfc2c2,e8dde9d26979498786c6ba5a82f70ad3,5,mixto,0.0,0.4,57.0,158.0,166.0,176.4
e8dde9d26979498786c6ba5a82f70ad3,dd02dca897074e77972f506652629762,5,mixto,0.0,0.0,423.0,709.0,1355.0,1355.8
64d9be8046574fbfbc1fb14c9912afea,41da80f6154c4d918166fc43862f5d78,5,mixto,0.0,0.2,106.0,213.0,341.0,413.8
c150a834cbcc40d09aeed2f8703f4dd3,64d9be8046574fbfbc1fb14c9912afea,5,mixto,0.2,0.2,122.0,279.0,286.0,323.6
0f33ab6447034fe49d1629353a119e47,2ff516ac74a44ebfa3a522adbde28a0f,5,mixto,0.0,0.2,289.0,290.0,425.0,535.4
bf676d9b342d438d8bd0b02c718133af,5ad019e5f0e445e8b37fc4ed60a3447c,5,mixto,0.0,0.2,71.0,232.0,272.0,313.6
5235b9f356954973a226cb6fc12c9d6e,209ce526160947f0b398566cd4cbfd0d,5,mixto,0.0,0.0,444.0,468.0,468.0,483.2
4a94478dd25f4430a0a023b87e11170d,c150a834cbcc40d09aeed2f8703f4dd3,5,mixto,0.0,0.4,41.0,870.0,910.0,912.4
123,78b147a9c73f4d6d8f6d1e0f0b082556,5,mixto,0.0,0.6,12.0,14.0,256.0,257.6
b34fe8a89b9a43189ec5be764c3b695c,387ff07354a74657a44369e05d83234a,5,mixto,0.0,1.0,27.0,30.0,38.0,39.6
94d27864f86d422faa68efccb908cc34,02f0f8beb94542deac503efd6a774262,5,mixto,0.0,0.0,195.0,293.0,293.0,1007.4
b1b009877e0c4e0790fd92559d853d69,67eb30db49f240b08ab2b3f422f92cdf,5,mixto,0.0,0.2,410.0,476.0,476.0,583.2
91f3f86897ff4ae39e50cbd7035fa8af,55c1817c84554dc881bc439a4b00abed,5,mixto,0.0,0.4,57.0,106.0,142.0,441.2
2549b51828ce40af920a932dd2102217,a53d759fed7840a1b00e8d903669e8a1,5,mixto,0.0,0.0,337.0,827.0,1092.0,1225.6
ae412e532f1a48428bd0c5ad1f02f816,c82f84bf3f2b451393445a0cb6883665,5,mixto,0.0,0.0,243.0,315.0,391.0,399.0
c82f84bf3f2b451393445a0cb6883665,f44bedcfbdb64a818e717b872a002abd,5,mixto,0.0,0.8,56.0,56.0,57.0,73.8
ee00832abfba40b38335ce48a12981b5,9c9359fefd164d388f8a5edc2bac301e,5,mixto,0.0,0.4,50.0,355.0,392.0,439.2
1ad6835586034de0b29f4a402b182c6c,ab2dd6e0890c4b5483973add6fa1b91b,5,mixto,0.2,1.0,7.0,9.0,14.0,14.8
e8dde9d26979498786c6ba5a82f70ad3,399e7fc266894562850261cfbc06b992,5,mixto,0.0,0.0,84.0,217.0,277.0,453.8
f15bd4421f604ffbae3d627bef601546,a7709b21161d459298dc5dc58e77310b,5,mixto,0.2,0.4,34.0,132.0,158.0,237.2
64d9be8046574fbfbc1fb14c9912afea,01b56ab5b9be43e19fa06300994787ec,5,mixto,0.0,0.0,162.0,292.0,381.0,485.0
67eb30db49f240b08ab2b3f422f92cdf,64b50202d6b74bfcb78c7342823e0f4f,5,mixto,0.2,0.6,5.0,8.0,635.0,675.0
f2eaffaf45b84b9c8e39cc303a97e9d7,888fb026b62d4a75920fe44a0af43ad4,5,mixto,0.2,0.8,5.0,7.0,10.0,194.8
8c2eff865c5f40dbae0d6ccbc47e1d9c,b992e6a27eb249658efce6ca0cc286dc,5,mixto,0.0,0.0,397.0,706.0,887.0,1183.8
239b1152a21a4cebb35b2a9dc02b10a9,e8dde9d26979498786c6ba5a82f70ad3,5,mixto,0.0,0.4,31.0,110.0,156.0,552.0
dd7629fec91f4599b3cf8c0dd0b984ac,ae412e532f1a48428bd0c5ad1f02f816,5,mixto,0.0,0.0,308.0,669.0,710.0,955.6
d602a0071f3f4db8b37a87cffd89bf23,ed07316d9d6344a9ab11e8a41fdc413a,5,mixto,0.2,0.4,59.0,97.0,140.0,140.8
8af63e063a2a42098caed55eeb24acf0,91f3f86897ff4ae39e50cbd7035fa8af,5,mixto,0.0,0.0,224.0,242.0,246.0,262.0
b31017b848694be1b92f15c6dad1ca2c,2549b51828ce40af920a932dd2102217,5,mixto,0.0,0.2,261.0,366.0,370.0,941.2
ae4caa1cb2154cac89440f3fe18251cb,b992e6a27eb249658efce6ca0cc286dc,5,mixto,0.0,0.0,335.0,446.0,576.0,590.4
9c9359fefd164d388f8a5edc2bac301e,894c246eb00a482da371617f75149e30,5,mixto,0.0,0.2,278.0,313.0,398.0,426.0
64b50202d6b74bfcb78c7342823e0f4f,dd7629fec91f4599b3cf8c0dd0b984ac,5,mixto,0.0,0.4,58.0,173.0,266.0,266.0
67eb30db49f240b08ab2b3f422f92cdf,52449c34bb1e47fe81802bf322dae8ee,5,mixto,0.2,0.6,11.0,33.0,176.0,372.8
123,66a493258641428ea9797fbe33fc8b27,5,mixto,0.4,1.0,4.0,10.0,22.0,22.8
c13d78fe65b94d05ad83b59494767b9f,ffaec74bfd414f8394bab077a989e27f,5,mixto,0.2,0.6,10.0,10.0,160.0,704.8
0a0b41b45e2143ad8d97436f8561b1ca,6a322ad743e3464bae56d2d9b180078a,5,mixto,0.2,0.8,40.0,44.0,49.0,57.8
e16bdf2168e144d396be917a93114bfa,ae412e532f1a48428bd0c5ad1f02f816,5,consistente,0.0,0.2,91.0,166.0,333.0,419.4
6a322ad743e3464bae56d2d9b180078a,b992e6a27eb249658efce6ca0cc286dc,5,mixto,0.0,0.0,82.0,89.0,492.0,680.8
67339e06f4b44f78994ff4785178807a,7249a9adb1c343aba8db068dbe0c3795,5,mixto,0.0,0.2,69.0,198.0,564.0,568.0
41da80f6154c4d918166fc43862f5d78,91f3f86897ff4ae39e50cbd7035fa8af,5,consistente,0.0,0.6,20.0,28.0,296.0,296.8
5cb622f7d39d4c06aa879b224170b552,625c85747d2c430d8b68c06d2cab9566,5,consistente,0.0,0.2,190.0,268.0,367.0,429.4
c150a834cbcc40d09aeed2f8703f4dd3,d6aaaa2099844868bb6a77f7e9567c91,5,consistente,0.0,0.0,1167.0,1171.0,1189.0,1225.8
006b85a984e94ce88ddb035ec01b2d70,dd7629fec91f4599b3cf8c0dd0b984ac,5,consistente,0.0,0.2,112.0,285.0,432.0,492.8
4a94478dd25f4430a0a023b87e11170d,dd53a3b5cb47459482a47afc5202b516,5,consistente,0.0,0.6,58.0,58.0,71.0,71.0
86144f0d3b814c1d8c013f7aade6c55d,9ae54d261e454c93ae1c2cdec0fd03e6,5,consistente,0.0,0.8,24.0,30.0,38.0,638.8
ac8e668f620b403b9ccc6486c0e365c7,495c261c0f484bd08e232f7358452c4d,5,consistente,0.0,0.0,1185.0,1186.0,1190.0,1193.2
14cc5dc0682d44fe99d2d91e1eaafac7,c52ceac3693c4644bb20f07dd8aa7103,5,consistente,0.0,1.0,54.0,57.0,58.0,58.0
01b56ab5b9be43e19fa06300994787ec,cb9e2b9dd1cd44c5b7d4fdcfbbf3f5e0,5,mixto,0.0,0.4,49.0,123.0,346.0,353.2
ffaec74bfd414f8394bab077a989e27f,c567f19e4b0b409491faa28b331bf1d3,5,mixto,0.0,0.4,55.0,380.0,794.0,799.6
b8386b6963a4492db355f0f70be3a3e2,79bvfghg9a0a8tm25d16sddg7d61d4710,5,mixto,0.0,0.4,27.0,72.0,142.0,191.6
1c6f1fdb9e7544aaac5f4daf9243ca1e,ae412e532f1a48428bd0c5ad1f02f816,5,mixto,0.0,0.4,57.0,123.0,134.0,208.4
e16bdf2168e144d396be917a93114bfa,3346db58cd2d474fbcf63e827462b85d,5,mixto,0.0,0.2,238.0,263.0,318.0,395.6
91f3f86897ff4ae39e50cbd7035fa8af,40fc9588a8e04b28852ec1163528bb8a,5,mixto,0.0,0.2,108.0,162.0,203.0,267.8
5203dc45b8344a35a122f3446c13331f,eb838855f2344f65a4c925df80cdcad5,5,mixto,0.8,1.0,1.0,2.0,3.0,25.4
fd595f24910c4126b7398b3e081af528,495c261c0f484bd08e232f7358452c4d,5,mixto,0.0,0.6,47.0,49.0,180.0,208.8
d7396a68ce174871a828310e28b57848,ee1016d1de3347b79368186e86dfc2c2,5,mixto,0.0,0.2,150.0,273.0,438.0,442.8
67eb30db49f240b08ab2b3f422f92cdf,2cad72181d644ee4870bf5357def945f,5,consistente,0.0,0.0,272.0,295.0,318.0,334.8
0de46482bc4d409c86f652534e4b47eb,209ce526160947f0b398566cd4cbfd0d,5,consistente,0.0,0.0,307.0,354.0,354.0,602.8
fdd7e5cf453e42d7b8cb2334d3a7bff9,94d27864f86d422faa68efccb908cc34,5,mixto,0.0,0.2,108.0,253.0,290.0,311.6
495c261c0f484bd08e232f7358452c4d,52449c34bb1e47fe81802bf322dae8ee,5,mixto,0.0,0.6,17.0,44.0,105.0,205.8
88d08ee1a5384a7fbe4bfddb8928ce82,94d27864f86d422faa68efccb908cc34,5,mixto,0.0,0.0,79.0,82.0,216.0,221.6
86144f0d3b814c1d8c013f7aade6c55d,d74a389b77734996ba37fa61a0d08341,5,mixto,0.0,0.6,55.0,56.0,263.0,266.2
64d9be8046574fbfbc1fb14c9912afea,1ad6835586034de0b29f4a402b182c6c,5,mixto,0.0,0.4,17.0,94.0,486.0,486.8
ffaec74bfd414f8394bab077a989e27f,7f9d0d109ac24874abc6c40f0a612f90,5,mixto,0.0,0.0,285.0,502.0,504.0,1141.6
dcd0b6134a8846c1ac7171f8530945ab,dd7629fec91f4599b3cf8c0dd0b984ac,5,mixto,0.0,0.6,34.0,45.0,117.0,313.8
ffaec74bfd414f8394bab077a989e27f,ac8e668f620b403b9ccc6486c0e365c7,5,mixto,0.0,0.6,36.0,39.0,410.0,412.4
eae6a8d122774db4ba88162a875db6a6,495c261c0f484bd08e232f7358452c4d,5,consistente,0.0,0.0,183.0,199.0,345.0,357.8
3009f6f4befb498fbed7dbf1b189f47c,91f3f86897ff4ae39e50cbd7035fa8af,5,consistente,0.0,0.0,169.0,171.0,171.0,172.6
b972e814004e4624a566f308901cca7c,80d8324451a74ae887a93c2bee8b5d3d,5,consistente,0.0,0.2,113.0,184.0,253.0,283.4
387ff07354a74657a44369e05d83234a,4a94478dd25f4430a0a023b87e11170d,5,consistente,0.0,0.4,38.0,537.0,620.0,622.4
80d8324451a74ae887a93c2bee8b5d3d,2549b51828ce40af920a932dd2102217,5,consistente,0.0,0.0,89.0,135.0,199.0,1060.6
d6d4327ae40445518a3c8a6e62137cd6,627ac9455953497b8a19f1996a74b1e6,5,consistente,0.2,0.2,204.0,226.0,254.0,438.0
02f0f8beb94542deac503efd6a774262,2ae2ca1a377048a58815f54a432f8a21,5,consistente,0.0,0.0,543.0,653.0,679.0,683.0
b7c988fa6132435480b57f66696827fd,cb9e2b9dd1cd44c5b7d4fdcfbbf3f5e0,5,consistente,0.0,0.6,8.0,19.0,146.0,750.8
b2ace35bc76642f495f04addfca9e3aa,ae4caa1cb2154cac89440f3fe18251cb,5,consistente,0.0,0.0,876.0,960.0,960.0,961.6
123,eb838855f2344f65a4c925df80cdcad5,5,consistente,0.0,1.0,8.0,10.0,14.0,30.8
2ae2ca1a377048a58815f54a432f8a21,97c4ca6968044bd0b8b151e7d41ef060,5,consistente,0.0,0.6,35.0,39.0,384.0,400.0
cb9e2b9dd1cd44c5b7d4fdcfbbf3f5e0,08165f6182bc4dfc9dc1d7774508bbc6,5,consistente,0.0,0.0,359.0,544.0,1072.0,1168.8
4830b97416a14d1485ccb85c9f9baa4e,cb9e2b9dd1cd44c5b7d4fdcfbbf3f5e0,5,consistente,0.0,0.4,9.0,74.0,253.0,253.0
347178b052294153af290d6a84589868,a7709b21161d459298dc5dc58e77310b,5,consistente,0.0,0.0,1008.0,1008.0,1008.0,1008.0
bf676d9b342d438d8bd0b02c718133af,6daae6995cb245348bb2b5432ccc9948,5,consistente,0.0,0.0,241.0,294.0,348.0,404.0
4a94478dd25f4430a0a023b87e11170d,86480a9f563349b1a2974d9f43548e59,5,consistente,0.0,0.0,193.0,194.0,195.0,200.6
be09a0ddbb9b4c4aaf78903e0ca27a75,e8dde9d26979498786c6ba5a82f70ad3,5,mixto,0.0,0.4,8.0,206.0,220.0,220.8
c567f19e4b0b409491faa28b331bf1d3,0335e32e61b248ae8ab98cb955f915dd,5,mixto,0.0,0.0,151.0,184.0,404.0,859.2
74e60dc3bc26493d81088e4d322b7c39,eaf8f2b0ccd04cf2a7bfcf357fe88ca2,5,consistente,0.0,0.4,30.0,233.0,240.0,243.2
88d08ee1a5384a7fbe4bfddb8928ce82,1ad6835586034de0b29f4a402b182c6c,5,consistente,0.0,0.4,35.0,240.0,449.0,616.2
123,64b1afe9206b4eb885878aafb4be1dae,5,consistente,0.0,0.0,261.0,262.0,263.0,271.8
c7d9f088b4be4e38924fcfa78a6b5496,347178b052294153af290d6a84589868,5,consistente,0.2,1.0,6.0,18.0,20.0,36.8
9728891232324c3cb03aa5382847d19d,67339e06f4b44f78994ff4785178807a,5,consistente,0.0,0.0,130.0,173.0,234.0,268.4
2ad4912955564809a967e35f45df29fc,c82f84bf3f2b451393445a0cb6883665,5,consistente,0.0,0.6,31.0,32.0,161.0,659.4
d74a389b77734996ba37fa61a0d08341,3af2d18b09e6443fa289e956fc10669f,5,consistente,0.0,0.0,784.0,1031.0,1040.0,1042.4
cc24befdf2774590868faf92c745d561,dd7629fec91f4599b3cf8c0dd0b984ac,5,consistente,0.0,0.0,273.0,277.0,284.0,286.4
32f2a35e790544ec9e040345f8a364f3,1bb1657eb2eb43808f0529810258aa3b,5,mixto,0.4,1.0,3.0,8.0,22.0,34.8
9ae54d261e454c93ae1c2cdec0fd03e6,08165f6182bc4dfc9dc1d7774508bbc6,5,mixto,0.2,1.0,7.0,12.0,16.0,29.6
eaf8f2b0ccd04cf2a7bfcf357fe88ca2,d0b1e3a4c2434e65be47566dcc3e2ee0,5,mixto,0.0,0.2,97.0,122.0,189.0,487.4
d602a0071f3f4db8b37a87cffd89bf23,ab2dd6e0890c4b5483973add6fa1b91b,5,mixto,0.0,0.4,26.0,67.0,88.0,259.2
94d27864f86d422faa68efccb908cc34,ae412e532f1a48428bd0c5ad1f02f816,5,mixto,0.0,0.2,103.0,171.0,205.0,281.8
94d27864f86d422faa68efccb908cc34,9ad41e803fff463bac913cedefca7796,5,mixto,0.0,0.0,82.0,216.0,216.0,274.4
4830b97416a14d1485ccb85c9f9baa4e,16b1032179824088a8d42a4107c6a8f4,5,consistente,0.0,0.0,149.0,149.0,150.0,150.0
399e7fc266894562850261cfbc06b992,496bbab1df6444cb9490051281608749,5,consistente,0.0,0.0,600.0,604.0,617.0,879.4
ef1dd1f1a5b94d0eacb669f7b3ec2911,64d9be8046574fbfbc1fb14c9912afea,5,mixto,0.2,0.4,5.0,297.0,303.0,609.4
9a76efc4c34e4bd7843206658dc45454,b3b9221510904977b1c9f12ea7108119,5,mixto,0.0,0.6,25.0,53.0,467.0,826.2
eaf8f2b0ccd04cf2a7bfcf357fe88ca2,68b13a1228424526b43e2f78716efd3b,5,mixto,0.0,0.2,461.0,477.0,491.0,498.2
b3b9221510904977b1c9f12ea7108119,ae4caa1cb2154cac89440f3fe18251cb,5,mixto,0.4,0.4,4.0,178.0,196.0,254.4
bf676d9b342d438d8bd0b02c718133af,61ac1fc1e3c848728e8b665f185e2355,5,mixto,0.0,0.4,56.0,226.0,323.0,371.8
387ff07354a74657a44369e05d83234a,67eb30db49f240b08ab2b3f422f92cdf,5,mixto,0.0,0.2,84.0,117.0,136.0,733.6
6d52b87b5a964c61ad7e28afd9499f18,91f3f86897ff4ae39e50cbd7035fa8af,5,mixto,0.2,0.2,150.0,616.0,617.0,1206.6
4a94478dd25f4430a0a023b87e11170d,e49052056b49428b86e0e8972a273c89,5,mixto,0.0,0.8,42.0,44.0,45.0,76.2
fd595f24910c4126b7398b3e081af528,3346db58cd2d474fbcf63e827462b85d,5,mixto,0.0,0.4,50.0,66.0,141.0,281.0
9899614f0851477e80bbe21a9a30dd63,ae4caa1cb2154cac89440f3fe18251cb,5,consistente,0.0,0.0,177.0,184.0,197.0,373.8
f9894051ee6e40ad91d0cd53b2a8efc0,64d9be8046574fbfbc1fb14c9912afea,5,consistente,0.0,0.0,518.0,704.0,862.0,1002.0
78d2a80a1628414097285e5ece0cab12,4a94478dd25f4430a0a023b87e11170d,5,consistente,0.0,0.0,305.0,697.0,1015.0,1015.8
52449c34bb1e47fe81802bf322dae8ee,e5b8388e1275417395d526c566b0e1e8,5,consistente,0.0,1.0,16.0,17.0,22.0,22.0
eb838855f2344f65a4c925df80cdcad5,91f3f86897ff4ae39e50cbd7035fa8af,5,consistente,0.0,0.0,394.0,397.0,398.0,398.8
eaf8f2b0ccd04cf2a7bfcf357fe88ca2,4830b97416a14d1485ccb85c9f9baa4e,5,consistente,0.0,0.0,394.0,440.0,441.0,447.4
21411e9ba57846ee958313d9f2f81177,209ce526160947f0b398566cd4cbfd0d,5,consistente,0.0,0.2,93.0,188.0,250.0,421.2
44568175e9ff4fdcb98cd4e9d368ce11,123,5,consistente,0.2,0.2,770.0,775.0,820.0,822.4
645a4f092abd49f0820b8a5507e3dea0,40fc9588a8e04b28852ec1163528bb8a,5,consistente,0.0,0.0,799.0,822.0,910.0,928.4
fea91b9f08cc4f54a295711a70734a22,025eebbc74ba4738b90c87e459ea29de,5,consistente,0.0,0.0,139.0,506.0,562.0,591.6
495c261c0f484bd08e232f7358452c4d,f44bedcfbdb64a818e717b872a002abd,5,mixto,0.0,0.4,25.0,188.0,348.0,374.4
671dca542e094f3d90cb15883bd89274,d602a0071f3f4db8b37a87cffd89bf23,5,mixto,0.0,0.2,446.0,446.0,446.0,446.0
279bdc4889564edba8ec3d808a74db1a,006b85a984e94ce88ddb035ec01b2d70,5,mixto,0.2,0.2,196.0,279.0,391.0,392.6
0a750e36725e495ba32bd43a5f170724,e8dde9d26979498786c6ba5a82f70ad3,5,consistente,0.0,0.6,26.0,29.0,89.0,112.2
1ad6835586034de0b29f4a402b182c6c,6a91c10b9e8341afbd387fb72bab3cf7,5,consistente,0.2,0.8,7.0,10.0,16.0,590.4
d901924d294640abb47dd412154610c7,ae4caa1cb2154cac89440f3fe18251cb,5,consistente,0.0,0.4,43.0,98.0,355.0,398.2
9ae54d261e454c93ae1c2cdec0fd03e6,173651d19b3e492cb6c27f74b9b1fe7e,5,consistente,0.0,0.6,23.0,25.0,760.0,761.6
64d9be8046574fbfbc1fb14c9912afea,f15bd4421f604ffbae3d627bef601546,5,consistente,0.0,0.2,200.0,200.0,231.0,406.2
5235b9f356954973a226cb6fc12c9d6e,6d52b87b5a964c61ad7e28afd9499f18,5,consistente,0.0,0.2,976.0,1213.0,1213.0,1218.6
b604d9c8d263477ba41af4264639c206,123,5,consistente,0.0,0.0,97.0,107.0,125.0,140.2
8af63e063a2a42098caed55eeb24acf0,e8dde9d26979498786c6ba5a82f70ad3,5,consistente,0.0,0.6,11.0,47.0,168.0,175.2
f5d8ddb9e3924b09901a9ce38dddc362,123,5,mixto,0.0,0.4,29.0,240.0,361.0,433.8
2549b51828ce40af920a932dd2102217,be4240b37c354311af26b2846acba9c7,5,mixto,0.0,0.2,140.0,288.0,319.0,363.0
67339e06f4b44f78994ff4785178807a,78d2a80a1628414097285e5ece0cab12,5,mixto,0.0,0.4,27.0,650.0,672.0,876.0
67eb30db49f240b08ab2b3f422f92cdf,ee1016d1de3347b79368186e86dfc2c2,5,mixto,0.0,0.0,210.0,270.0,348.0,436.0
6a322ad743e3464bae56d2d9b180078a,88d08ee1a5384a7fbe4bfddb8928ce82,5,mixto,0.0,0.0,347.0,404.0,610.0,815.6
d602a0071f3f4db8b37a87cffd89bf23,f96bf82e56594a91b22b01e54f9608ed,5,mixto,0.0,0.4,16.0,526.0,529.0,1031.4
abd6ab0229c643338812eb3a1707c053,b972e814004e4624a566f308901cca7c,5,mixto,0.0,0.2,165.0,186.0,339.0,374.2
495c261c0f484bd08e232f7358452c4d,cd40ad229df147389504190c71de61f5,5,mixto,0.0,0.8,28.0,34.0,39.0,150.2
2ff516ac74a44ebfa3a522adbde28a0f,620c600471844207a3826707fe3e8e8e,5,consistente,0.0,0.0,82.0,88.0,95.0,98.2
2ff516ac74a44ebfa3a522adbde28a0f,7fe316acf65941599252e923db155612,5,consistente,0.0,0.0,346.0,352.0,359.0,362.2
0b145fb41bc84dc58a5beb5b4ef11b17,c82f84bf3f2b451393445a0cb6883665,5,mixto,0.0,0.2,140.0,147.0,147.0,239.0
20acab350ddf489c931028b7a6a1ff99,67339e06f4b44f78994ff4785178807a,5,mixto,0.0,0.0,163.0,213.0,219.0,535.8
79bvfghg9a0a8tm25d16sddg7d61d4710,dc821110e3f34bf3984d61955ced2e69,5,mixto,0.0,0.2,291.0,389.0,548.0,695.2
942d80695ebe4218af105e03e6622f49,59dd121f53ac44ddb03bf52488eec671,5,mixto,0.0,0.0,282.0,354.0,406.0,450.0
d8420be9114342368d9bc32882809746,42fe5e61820647849d3cda4c6141b8d7,5,mixto,0.0,0.0,182.0,194.0,254.0,287.6
c68583c7f0f3400fbc57c639a37ab30c,9c9359fefd164d388f8a5edc2bac301e,5,mixto,0.0,0.2,68.0,255.0,285.0,286.6
64d9be8046574fbfbc1fb14c9912afea,cfc948365da84e26975c4f6726f1c30f,5,mixto,0.0,1.0,11.0,11.0,12.0,15.2
91f3f86897ff4ae39e50cbd7035fa8af,a96e622271484df9b5df5d32e8d67c67,5,mixto,0.0,0.0,427.0,427.0,428.0,704.0
ffaec74bfd414f8394bab077a989e27f,d0b1e3a4c2434e65be47566dcc3e2ee0,5,mixto,0.0,0.2,95.0,435.0,437.0,437.8
8c1942e0cdce4f71b53f62474322f0b7,08165f6182bc4dfc9dc1d7774508bbc6,5,consistente,0.0,0.0,330.0,393.0,766.0,770.0
1c6f1fdb9e7544aaac5f4daf9243ca1e,b972e814004e4624a566f308901cca7c,5,mixto,0.0,0.4,25.0,111.0,130.0,385.2
dcd0b6134a8846c1ac7171f8530945ab,65a7c85f21154e9ab4ca00675da7bfa1,5,consistente,0.0,0.8,10.0,35.0,43.0,87.8
ae4caa1cb2154cac89440f3fe18251cb,be4240b37c354311af26b2846acba9c7,5,consistente,0.0,0.0,129.0,327.0,328.0,1172.0
9a76efc4c34e4bd7843206658dc45454,3d6941a46f8b4441973872f1f209bdec,5,consistente,0.8,1.0,4.0,4.0,4.0,7.2
c52ceac3693c4644bb20f07dd8aa7103,c7898e94d376496db2a6d220f486db47,5,mixto,0.0,0.2,88.0,274.0,278.0,484.4
123,a4b6a99bdf274e679d55747b64987bc5,5,mixto,0.0,0.6,36.0,40.0,97.0,298.6
6a322ad743e3464bae56d2d9b180078a,5492b6e4db6948aca469c21d05b18721,5,mixto,0.0,0.4,23.0,139.0,181.0,213.8
88d08ee1a5384a7fbe4bfddb8928ce82,2ae2ca1a377048a58815f54a432f8a21,5,mixto,0.2,0.2,273.0,274.0,351.0,351.8
8c89546c8e524777bc61ee8b984e29e0,ae4caa1cb2154cac89440f3fe18251cb,5,mixto,0.0,0.0,262.0,315.0,334.0,423.6
4a94478dd25f4430a0a023b87e11170d,dcd0b6134a8846c1ac7171f8530945ab,5,mixto,0.0,0.2,259.0,260.0,771.0,773.4
0f33ab6447034fe49d1629353a119e47,fb3957569a8d49528c3571bcb4703f55,5,mixto,0.0,0.8,20.0,23.0,24.0,369.6
d74a389b77734996ba37fa61a0d08341,ee00832abfba40b38335ce48a12981b5,5,mixto,0.0,0.0,805.0,814.0,816.0,1236.8
4d03d39d09be4f3e8729c63f71edae8f,d602a0071f3f4db8b37a87cffd89bf23,5,mixto,0.2,1.0,25.0,25.0,39.0,39.0
ed07316d9d6344a9ab11e8a41fdc413a,3fe452aaa8d34bc58594aa37cfec3113,5,mixto,0.0,0.4,45.0,260.0,276.0,301.6
ae4caa1cb2154cac89440f3fe18251cb,83b5865df3ba4e0a9855e3af5a41f9aa,5,mixto,0.0,0.0,119.0,128.0,144.0,145.6
5235b9f356954973a226cb6fc12c9d6e,91f3f86897ff4ae39e50cbd7035fa8af,5,mixto,0.0,0.4,52.0,201.0,426.0,429.2
cc892c05f6d94315be2b7539e45b9170,5492b6e4db6948aca469c21d05b18721,5,mixto,0.0,0.4,58.0,169.0,587.0,712.6
be09a0ddbb9b4c4aaf78903e0ca27a75,ae4caa1cb2154cac89440f3fe18251cb,5,mixto,0.0,0.2,671.0,671.0,886.0,886.0
38b3f29fe39b4e87b5f7982165de8cf1,2ae2ca1a377048a58815f54a432f8a21,5,mixto,0.0,0.6,16.0,18.0,123.0,571.0
94d27864f86d422faa68efccb908cc34,41da80f6154c4d918166fc43862f5d78,5,mixto,0.0,0.2,91.0,221.0,222.0,224.4
ab2dd6e0890c4b5483973add6fa1b91b,f883bd6d70b043a09837e8b888fe3f65,5,mixto,0.0,0.2,113.0,683.0,901.0,959.4
7249a9adb1c343aba8db068dbe0c3795,b972e814004e4624a566f308901cca7c,5,mixto,0.0,0.0,135.0,170.0,236.0,268.8
3a631284571347bf8acba49209e63034,6d52b87b5a964c61ad7e28afd9499f18,5,mixto,0.0,0.0,107.0,120.0,121.0,169.8
239b1152a21a4cebb35b2a9dc02b10a9,c63d7e67e1f8454386089193582563ea,5,consistente,0.0,0.0,183.0,215.0,218.0,242.8
c52ceac3693c4644bb20f07dd8aa7103,1ad6835586034de0b29f4a402b182c6c,5,consistente,0.0,0.0,398.0,400.0,401.0,515.4
b785d3ec935248ff8a8fd358f7765463,64d9be8046574fbfbc1fb14c9912afea,5,consistente,0.0,0.0,835.0,835.0,836.0,836.0
d602a0071f3f4db8b37a87cffd89bf23,569c7b3055084660b7d89fe87a1d6d37,5,mixto,0.2,0.2,60.0,77.0,783.0,796.6
ee1016d1de3347b79368186e86dfc2c2,29c30f56f89e411091836b8d999123ea,5,mixto,0.0,0.0,99.0,130.0,177.0,234.6
1eec93924a1046efbad70c851782ab8a,91f3f86897ff4ae39e50cbd7035fa8af,5,mixto,0.0,0.2,117.0,125.0,747.0,749.4
fba5ab8c38d3426492c31c99ad569bdb,2549b51828ce40af920a932dd2102217,5,mixto,0.0,0.4,39.0,686.0,811.0,816.6
d602a0071f3f4db8b37a87cffd89bf23,de90d8af20f547aaa9b3300c76251188,5,mixto,0.0,0.6,42.0,42.0,222.0,364.4
dd53a3b5cb47459482a47afc5202b516,a6c534b36789447fbed6b8d4f60d3d1a,5,mixto,0.6,1.0,3.0,3.0,6.0,37.2
67eb30db49f240b08ab2b3f422f92cdf,4754db520fae46a49ac8373cd57bb10e,5,mixto,0.0,1.0,17.0,20.0,45.0,50.6
6a322ad743e3464bae56d2d9b180078a,fd595f24910c4126b7398b3e081af528,5,mixto,0.4,0.8,3.0,14.0,46.0,630.0
9ae54d261e454c93ae1c2cdec0fd03e6,495c261c0f484bd08e232f7358452c4d,5,mixto,0.0,0.2,429.0,545.0,546.0,549.2
2549b51828ce40af920a932dd2102217,95b7bf6083634811b6ec1552e2ed5fad,5,mixto,0.0,0.0,110.0,180.0,431.0,619.0
dcd0b6134a8846c1ac7171f8530945ab,86144f0d3b814c1d8c013f7aade6c55d,5,mixto,0.0,0.2,320.0,477.0,1235.0,1235.0
b15e46acff6b4a7487ad18cdac3a21d0,ae4caa1cb2154cac89440f3fe18251cb,5,mixto,0.0,0.4,22.0,251.0,472.0,674.4
18bec3e707784a978d9d89f2967f87de,67339e06f4b44f78994ff4785178807a,5,mixto,0.0,0.4,43.0,94.0,100.0,146.4
dc821110e3f34bf3984d61955ced2e69,b972e814004e4624a566f308901cca7c,5,mixto,0.0,0.0,548.0,755.0,954.0,1104.4
c82f84bf3f2b451393445a0cb6883665,ad571b40258e4862b37b31fbbe2d8ab5,5,mixto,0.0,0.4,59.0,259.0,338.0,586.0
cc892c05f6d94315be2b7539e45b9170,6a322ad743e3464bae56d2d9b180078a,5,mixto,0.0,0.4,32.0,100.0,221.0,543.4
14cc5dc0682d44fe99d2d91e1eaafac7,4060f34dc33042fda53efdfd0594b679,5,mixto,0.2,0.4,5.0,178.0,418.0,418.8
399e7fc266894562850261cfbc06b992,32f2a35e790544ec9e040345f8a364f3,5,mixto,0.0,1.0,17.0,17.0,23.0,23.8
d602a0071f3f4db8b37a87cffd89bf23,ea3b3bbfa0bd4b99ae4fd1176a22d13c,5,mixto,0.0,0.2,251.0,626.0,734.0,874.0
de90d8af20f547aaa9b3300c76251188,209ce526160947f0b398566cd4cbfd0d,5,mixto,0.0,0.2,154.0,164.0,168.0,1048.8
c82f84bf3f2b451393445a0cb6883665,cd40ad229df147389504190c71de61f5,5,mixto,0.0,0.4,49.0,154.0,219.0,247.0
b7c988fa6132435480b57f66696827fd,2ff516ac74a44ebfa3a522adbde28a0f,5,mixto,0.0,0.0,134.0,178.0,342.0,342.0
15a67718e1784a67bc978ca0dc6bc2df,c82f84bf3f2b451393445a0cb6883665,5,mixto,0.0,0.2,107.0,124.0,131.0,471.8
4ef0ced873174ee9afc306e414132c72,4a94478dd25f4430a0a023b87e11170d,5,mixto,0.0,0.0,418.0,579.0,579.0,579.0
55c1817c84554dc881bc439a4b00abed,67339e06f4b44f78994ff4785178807a,5,mixto,0.0,0.2,155.0,278.0,372.0,408.8
818d938a32ad4dc19cfd13f6575ddc5a,9a76efc4c34e4bd7843206658dc45454,5,mixto,0.0,1.0,6.0,10.0,11.0,43.0
5235b9f356954973a226cb6fc12c9d6e,e8dde9d26979498786c6ba5a82f70ad3,5,mixto,0.0,0.0,251.0,253.0,254.0,361.2
67339e06f4b44f78994ff4785178807a,a3c2ead0fc68405f90176c9920439001,5,mixto,0.2,0.4,15.0,139.0,259.0,346.2
e10304f95c2b40738695563eb9b8662c,67339e06f4b44f78994ff4785178807a,5,mixto,0.0,0.0,668.0,671.0,823.0,976.6
c6f7ed5bd4954356b00aac92c9fff41a,bf676d9b342d438d8bd0b02c718133af,5,mixto,0.0,0.2,164.0,229.0,806.0,819.6
20acab350ddf489c931028b7a6a1ff99,c82f84bf3f2b451393445a0cb6883665,5,mixto,0.0,0.6,30.0,30.0,144.0,280.8
6a322ad743e3464bae56d2d9b180078a,86480a9f563349b1a2974d9f43548e59,5,mixto,0.0,0.6,33.0,36.0,424.0,524.8
67eb30db49f240b08ab2b3f422f92cdf,b15e46acff6b4a7487ad18cdac3a21d0,5,mixto,0.0,0.6,38.0,57.0,609.0,635.4
2549b51828ce40af920a932dd2102217,c52ceac3693c4644bb20f07dd8aa7103,5,mixto,0.0,0.2,84.0,193.0,193.0,204.2
f883bd6d70b043a09837e8b888fe3f65,4060f34dc33042fda53efdfd0594b679,5,mixto,0.0,0.2,164.0,914.0,915.0,954.2
d602a0071f3f4db8b37a87cffd89bf23,ad571b40258e4862b37b31fbbe2d8ab5,5,mixto,0.0,0.2,102.0,502.0,656.0,956.0
1ad6835586034de0b29f4a402b182c6c,08165f6182bc4dfc9dc1d7774508bbc6,5,mixto,0.0,0.4,23.0,404.0,410.0,497.2
78d2a80a1628414097285e5ece0cab12,b972e814004e4624a566f308901cca7c,5,mixto,0.0,0.2,67.0,188.0,250.0,308.4
b972e814004e4624a566f308901cca7c,9a8b89a81b6a4af6a344229958ea3cdf,5,mixto,0.0,0.2,98.0,128.0,203.0,219.8
40fc9588a8e04b28852ec1163528bb8a,ffaec74bfd414f8394bab077a989e27f,5,mixto,0.2,0.6,13.0,31.0,80.0,124.0
6d52b87b5a964c61ad7e28afd9499f18,dcd0b6134a8846c1ac7171f8530945ab,5,mixto,0.0,0.0,160.0,193.0,277.0,869.0
38b3f29fe39b4e87b5f7982165de8cf1,4a94478dd25f4430a0a023b87e11170d,5,mixto,0.0,0.4,52.0,83.0,166.0,168.4
113bcf3fa4d04d64abbdd055953e4b17,68244c73eb7a429a9c70a3dbf247293f,5,mixto,0.0,0.6,21.0,22.0,209.0,325.0
b6a7ac98c6704aa6b6512efa5fa8dbfe,79bvfghg9a0a8tm25d16sddg7d61d4710,5,mixto,0.0,0.6,39.0,39.0,76.0,100.8
d254feea701346a399887b9fe59ac61a,f3da6bdb17764ec18651b6bb17eff9cd,5,mixto,0.0,0.4,38.0,186.0,267.0,351.8
94d27864f86d422faa68efccb908cc34,399e7fc266894562850261cfbc06b992,5,mixto,0.0,0.0,166.0,348.0,409.0,457.0
ae4caa1cb2154cac89440f3fe18251cb,5235b9f356954973a226cb6fc12c9d6e,5,mixto,0.0,0.0,326.0,913.0,914.0,918.0
4a94478dd25f4430a0a023b87e11170d,2ad4912955564809a967e35f45df29fc,5,mixto,0.0,0.0,80.0,88.0,103.0,110.2
f883bd6d70b043a09837e8b888fe3f65,d74a389b77734996ba37fa61a0d08341,5,mixto,0.0,0.0,1198.0,1205.0,1214.0,1219.6
dd7629fec91f4599b3cf8c0dd0b984ac,20acab350ddf489c931028b7a6a1ff99,5,mixto,0.2,1.0,5.0,7.0,22.0,23.6
bf676d9b342d438d8bd0b02c718133af,2549b51828ce40af920a932dd2102217,5,mixto,0.0,0.4,47.0,231.0,288.0,320.0
5af95b4c9eec408dad00e7b5a2a16b92,123,5,mixto,0.0,0.2,324.0,325.0,330.0,634.8
3346db58cd2d474fbcf63e827462b85d,94d27864f86d422faa68efccb908cc34,5,mixto,0.0,0.0,99.0,132.0,219.0,229.4
1ad6835586034de0b29f4a402b182c6c,3e2a4d42827d43d0b90248199e58e98e,5,mixto,0.0,0.6,12.0,57.0,137.0,137.8
32f2a35e790544ec9e040345f8a364f3,c82f84bf3f2b451393445a0cb6883665,5,mixto,0.0,0.4,43.0,222.0,228.0,359.2
e8dde9d26979498786c6ba5a82f70ad3,4060f34dc33042fda53efdfd0594b679,5,mixto,0.0,0.0,78.0,184.0,259.0,259.8
d602a0071f3f4db8b37a87cffd89bf23,47aa9e97586847beab9491320e05cdab,5,mixto,0.0,0.2,113.0,168.0,241.0,313.0
b2ace35bc76642f495f04addfca9e3aa,d602a0071f3f4db8b37a87cffd89bf23,5,mixto,0.0,0.0,709.0,835.0,1271.0,1323.0
6d52b87b5a964c61ad7e28afd9499f18,a3c2ead0fc68405f90176c9920439001,5,mixto,0.0,0.0,202.0,240.0,295.0,349.4
f883bd6d70b043a09837e8b888fe3f65,18bec3e707784a978d9d89f2967f87de,5,mixto,0.0,0.0,131.0,150.0,440.0,455.2
c7d9f088b4be4e38924fcfa78a6b5496,d602a0071f3f4db8b37a87cffd89bf23,5,mixto,0.0,0.2,124.0,201.0,873.0,875.4
1eec93924a1046efbad70c851782ab8a,495c261c0f484bd08e232f7358452c4d,5,mixto,0.0,0.2,83.0,165.0,165.0,165.0
8b6597a56ec4424ca8d71fdfd2827ff9,d602a0071f3f4db8b37a87cffd89bf23,5,mixto,0.0,0.2,98.0,329.0,332.0,340.0
eb838855f2344f65a4c925df80cdcad5,7f2c2c35a2de4624ad938147f73f271a,5,mixto,0.0,0.6,20.0,53.0,146.0,554.8
d254feea701346a399887b9fe59ac61a,67339e06f4b44f78994ff4785178807a,5,mixto,0.0,0.0,326.0,328.0,329.0,442.6
0335e32e61b248ae8ab98cb955f915dd,dd7629fec91f4599b3cf8c0dd0b984ac,5,mixto,0.0,0.0,309.0,336.0,341.0,343.4
b972e814004e4624a566f308901cca7c,d79e1235e359463180867d42f31f8e8a,5,mixto,0.0,0.2,84.0,107.0,163.0,297.4
a647689891b84948871ff7099253a553,c5b83bbfa22c4c31a5743485b4c6e524,5,mixto,0.0,0.0,184.0,355.0,548.0,998.4
3e2a4d42827d43d0b90248199e58e98e,a77e76b1e0eb4cc3ae3a1df547fbf4cb,5,mixto,0.0,1.0,5.0,23.0,26.0,26.0
1eec93924a1046efbad70c851782ab8a,64d9be8046574fbfbc1fb14c9912afea,5,mixto,0.0,0.4,10.0,490.0,513.0,785.8
1ad6835586034de0b29f4a402b182c6c,ef1dd1f1a5b94d0eacb669f7b3ec2911,5,mixto,0.4,0.6,4.0,5.0,70.0,70.8
9ae54d261e454c93ae1c2cdec0fd03e6,67339e06f4b44f78994ff4785178807a,5,mixto,0.0,0.2,103.0,111.0,379.0,403.0
8af63e063a2a42098caed55eeb24acf0,c82f84bf3f2b451393445a0cb6883665,5,mixto,0.0,0.4,47.0,62.0,274.0,281.2
67339e06f4b44f78994ff4785178807a,5ad019e5f0e445e8b37fc4ed60a3447c,5,mixto,0.0,0.2,100.0,157.0,347.0,475.8
64d9be8046574fbfbc1fb14c9912afea,b6a7ac98c6704aa6b6512efa5fa8dbfe,5,mixto,0.0,0.4,35.0,288.0,1359.0,1375.0
02f0f8beb94542deac503efd6a774262,95b7bf6083634811b6ec1552e2ed5fad,5,mixto,0.0,0.2,66.0,67.0,98.0,232.4
0de46482bc4d409c86f652534e4b47eb,dcd0b6134a8846c1ac7171f8530945ab,5,mixto,0.0,0.8,35.0,49.0,50.0,445.2
9a76efc4c34e4bd7843206658dc45454,e5b8388e1275417395d526c566b0e1e8,5,mixto,0.2,0.8,26.0,26.0,33.0,183.4
3af2d18b09e6443fa289e956fc10669f,ae4caa1cb2154cac89440f3fe18251cb,5,mixto,0.0,0.4,29.0,73.0,462.0,501.2
9a76efc4c34e4bd7843206658dc45454,b6a7ac98c6704aa6b6512efa5fa8dbfe,5,mixto,0.2,0.4,48.0,76.0,101.0,894.6
6743ad379b094f98ad903d0f0304add1,4830b97416a14d1485ccb85c9f9baa4e,5,mixto,0.0,0.0,410.0,640.0,659.0,1130.2
4234d86a351e4a7e9ea293e33836ae45,ae4caa1cb2154cac89440f3fe18251cb,5,mixto,0.2,0.4,23.0,65.0,300.0,424.0
a7709b21161d459298dc5dc58e77310b,638aea308ffb483198d5c1387e2cc017,5,consistente,0.0,0.2,850.0,851.0,1195.0,1195.8
a96e622271484df9b5df5d32e8d67c67,309b72a99d154079a6ab5d23444fd7dd,5,consistente,0.4,0.8,1.0,8.0,54.0,175.6
209ce526160947f0b398566cd4cbfd0d,c567f19e4b0b409491faa28b331bf1d3,5,consistente,0.0,1.0,14.0,14.0,17.0,26.6
4a94478dd25f4430a0a023b87e11170d,eae6a8d122774db4ba88162a875db6a6,5,consistente,0.0,0.0,396.0,913.0,917.0,923.4
74ed652f9a9242c590651fe4cff0d492,6a322ad743e3464bae56d2d9b180078a,5,consistente,0.0,0.2,68.0,145.0,225.0,226.6
d6d4327ae40445518a3c8a6e62137cd6,d878a9b71bd6473c90e7ecf31a72f2f6,5,consistente,0.4,1.0,2.0,5.0,16.0,28.0
fdd7e5cf453e42d7b8cb2334d3a7bff9,fb3957569a8d49528c3571bcb4703f55,5,consistente,0.0,0.4,39.0,134.0,612.0,620.8
3346db58cd2d474fbcf63e827462b85d,c52ceac3693c4644bb20f07dd8aa7103,5,mixto,0.0,0.2,104.0,134.0,142.0,310.8
2ae2ca1a377048a58815f54a432f8a21,f26d1b7657924c61b3e519cbacf36c34,5,consistente,0.0,1.0,37.0,38.0,40.0,40.0
78d2a80a1628414097285e5ece0cab12,94d27864f86d422faa68efccb908cc34,5,consistente,0.0,0.0,530.0,645.0,1012.0,1017.6
2ff516ac74a44ebfa3a522adbde28a0f,2629fabfb8e7428bb34e3d4f43ffdc9b,5,consistente,0.0,1.0,16.0,20.0,23.0,42.2
9c503a3a614d483f8feb0de5edd9a9ba,5aa1a66c9e844e18a4a41740ed4aa476,5,consistente,0.2,0.2,125.0,297.0,436.0,509.6
399e7fc266894562850261cfbc06b992,dc821110e3f34bf3984d61955ced2e69,5,consistente,0.0,0.0,102.0,155.0,157.0,275.4
eb838855f2344f65a4c925df80cdcad5,d74a389b77734996ba37fa61a0d08341,5,consistente,0.0,0.2,300.0,300.0,301.0,301.0
32f2a35e790544ec9e040345f8a364f3,2a4a00c47ac6468395984ee10ebc8dc3,5,consistente,0.0,1.0,31.0,35.0,39.0,40.6
4a94478dd25f4430a0a023b87e11170d,b3b9221510904977b1c9f12ea7108119,5,consistente,0.0,0.0,157.0,258.0,272.0,364.0
5492b6e4db6948aca469c21d05b18721,9a76efc4c34e4bd7843206658dc45454,5,mixto,0.0,0.2,67.0,369.0,369.0,429.8
6a322ad743e3464bae56d2d9b180078a,3d639e0a581e4afbbc3976eed669f5c6,5,mixto,0.0,0.6,42.0,57.0,82.0,230.0
638aea308ffb483198d5c1387e2cc017,3d639e0a581e4afbbc3976eed669f5c6,5,mixto,0.2,1.0,5.0,12.0,26.0,27.6
67eb30db49f240b08ab2b3f422f92cdf,ae412e532f1a48428bd0c5ad1f02f816,5,consistente,0.0,0.2,175.0,317.0,317.0,386.6
e8dde9d26979498786c6ba5a82f70ad3,ae412e532f1a48428bd0c5ad1f02f816,5,consistente,0.0,0.2,173.0,315.0,315.0,384.6
ea3b3bbfa0bd4b99ae4fd1176a22d13c,ae4caa1cb2154cac89440f3fe18251cb,5,consistente,0.2,1.0,17.0,17.0,22.0,22.0
d44f2fafe10b4397ac7557cd13747bd2,94d27864f86d422faa68efccb908cc34,5,consistente,0.2,0.2,115.0,136.0,1050.0,1178.0
dd7629fec91f4599b3cf8c0dd0b984ac,4f22549f9d3a443cb041c0e55395dbf1,5,consistente,0.0,0.0,150.0,297.0,619.0,1016.6
f883bd6d70b043a09837e8b888fe3f65,0de46482bc4d409c86f652534e4b47eb,5,mixto,0.0,0.2,80.0,335.0,442.0,787.6
08165f6182bc4dfc9dc1d7774508bbc6,399e7fc266894562850261cfbc06b992,5,mixto,0.0,0.0,699.0,702.0,703.0,1125.4
ae5b803c779a4b38b70f9e4b6d33dc26,f883bd6d70b043a09837e8b888fe3f65,5,mixto,0.0,0.6,22.0,31.0,210.0,230.8
d153a909f976493a80fa3192b02d6a9d,67339e06f4b44f78994ff4785178807a,5,mixto,0.0,0.0,277.0,279.0,280.0,393.6
ef1dd1f1a5b94d0eacb669f7b3ec2911,52449c34bb1e47fe81802bf322dae8ee,5,mixto,0.0,0.2,282.0,340.0,349.0,352.2
2549b51828ce40af920a932dd2102217,b3b9221510904977b1c9f12ea7108119,5,mixto,0.0,0.2,332.0,333.0,372.0,372.8
ffaec74bfd414f8394bab077a989e27f,ea62071feb644e4e81394dfa5c500ff3,5,mixto,0.6,1.0,3.0,4.0,6.0,6.0
0a750e36725e495ba32bd43a5f170724,3e2a4d42827d43d0b90248199e58e98e,5,mixto,0.0,0.8,13.0,14.0,16.0,181.6
a7709b21161d459298dc5dc58e77310b,209ce526160947f0b398566cd4cbfd0d,5,consistente,0.0,0.2,79.0,81.0,84.0,84.8
e8dde9d26979498786c6ba5a82f70ad3,331cb18d7d51484fb07794a30ddbef6e,5,consistente,0.0,0.6,51.0,52.0,75.0,86.2
0dfdb4894c0e486faae2751590db44b8,78d2a80a1628414097285e5ece0cab12,5,mixto,0.0,0.4,14.0,84.0,842.0,1105.2
585115d181ea4a77bf361f06a32100ea,eaf8f2b0ccd04cf2a7bfcf357fe88ca2,5,mixto,0.0,0.2,153.0,153.0,153.0,413.8
dc821110e3f34bf3984d61955ced2e69,40fc9588a8e04b28852ec1163528bb8a,5,mixto,0.0,0.6,20.0,33.0,100.0,726.4
6743ad379b094f98ad903d0f0304add1,123,5,mixto,0.0,0.4,50.0,109.0,120.0,121.6
8af63e063a2a42098caed55eeb24acf0,d602a0071f3f4db8b37a87cffd89bf23,5,mixto,0.2,0.2,158.0,352.0,373.0,381.0
b992e6a27eb249658efce6ca0cc286dc,dd7629fec91f4599b3cf8c0dd0b984ac,5,mixto,0.0,0.0,290.0,310.0,724.0,724.0
ae4caa1cb2154cac89440f3fe18251cb,fdf0c4b762684098915b4fa4884af400,5,mixto,0.0,0.2,587.0,587.0,683.0,1132.6
6d52b87b5a964c61ad7e28afd9499f18,88d08ee1a5384a7fbe4bfddb8928ce82,5,mixto,0.0,0.4,25.0,142.0,251.0,296.6
0faae9b6b5084555a1873eff484b4d9c,55c1817c84554dc881bc439a4b00abed,5,mixto,0.0,0.4,18.0,62.0,310.0,762.0
cb9e2b9dd1cd44c5b7d4fdcfbbf3f5e0,fdd7e5cf453e42d7b8cb2334d3a7bff9,5,consistente,0.0,0.0,372.0,374.0,375.0,377.4
b972e814004e4624a566f308901cca7c,e423b8339a57485d8b524937d93e4f44,5,consistente,0.0,0.0,280.0,539.0,596.0,608.8
8ccf6c97b6eb4670bafec186fbe64f85,86144f0d3b814c1d8c013f7aade6c55d,5,consistente,0.0,0.0,165.0,215.0,416.0,475.2
b15e46acff6b4a7487ad18cdac3a21d0,495c261c0f484bd08e232f7358452c4d,5,consistente,0.0,0.4,21.0,71.0,85.0,132.2
08165f6182bc4dfc9dc1d7774508bbc6,18bec3e707784a978d9d89f2967f87de,5,consistente,0.0,0.0,211.0,217.0,268.0,272.0
4a94478dd25f4430a0a023b87e11170d,035b14f7f84242ef8ca0e78b0352777d,5,mixto,0.0,0.2,225.0,227.0,419.0,419.8
9c9359fefd164d388f8a5edc2bac301e,02f0f8beb94542deac503efd6a774262,5,mixto,0.2,0.2,156.0,193.0,253.0,291.4
4060f34dc33042fda53efdfd0594b679,9a76efc4c34e4bd7843206658dc45454,5,mixto,0.0,0.0,214.0,247.0,247.0,267.8
123,8c89546c8e524777bc61ee8b984e29e0,5,mixto,0.2,0.6,12.0,14.0,394.0,418.8
88d08ee1a5384a7fbe4bfddb8928ce82,ffaec74bfd414f8394bab077a989e27f,5,mixto,0.0,0.0,281.0,283.0,284.0,439.2
7249a9adb1c343aba8db068dbe0c3795,ef1dd1f1a5b94d0eacb669f7b3ec2911,5,mixto,0.0,0.2,191.0,191.0,191.0,191.0
70c26dae53774888aa5bdccfcf6aa387,228ce6ed11d14e84ac2ae00cb5639515,5,consistente,0.2,0.2,90.0,118.0,329.0,377.8
01b56ab5b9be43e19fa06300994787ec,31050e1a1dcb4c9899ba77be32449e54,5,consistente,0.0,0.0,1141.0,1159.0,1197.0,1254.6
d0b1e3a4c2434e65be47566dcc3e2ee0,dc821110e3f34bf3984d61955ced2e69,5,mixto,0.2,0.6,7.0,12.0,138.0,453.2
2ae2ca1a377048a58815f54a432f8a21,2ff516ac74a44ebfa3a522adbde28a0f,5,mixto,0.0,0.2,175.0,180.0,244.0,248.0
e9d3577612dd49c3b62b654e33dccefb,d602a0071f3f4db8b37a87cffd89bf23,5,consistente,0.0,0.4,58.0,287.0,778.0,778.8
9a76efc4c34e4bd7843206658dc45454,f9894051ee6e40ad91d0cd53b2a8efc0,5,consistente,0.6,1.0,0.0,1.0,14.0,16.4
b992e6a27eb249658efce6ca0cc286dc,1ad6835586034de0b29f4a402b182c6c,5,consistente,0.0,0.0,879.0,893.0,985.0,1062.6
c82f84bf3f2b451393445a0cb6883665,fe1194092c934e70b824f3014a2f020d,5,consistente,0.0,0.2,80.0,234.0,401.0,1125.0
67339e06f4b44f78994ff4785178807a,2ba6ef9107bf4a2ebd7c662f80966bf7,5,mixto,0.0,0.2,98.0,101.0,102.0,104.4
e10304f95c2b40738695563eb9b8662c,c82f84bf3f2b451393445a0cb6883665,5,mixto,0.0,0.4,47.0,329.0,524.0,865.6
bf676d9b342d438d8bd0b02c718133af,6a322ad743e3464bae56d2d9b180078a,4,mixto,0.0,0.5,31.75,70.0,114.25,138.85
b8386b6963a4492db355f0f70be3a3e2,1ad6835586034de0b29f4a402b182c6c,4,mixto,0.25,1.0,6.25,10.0,12.25,12.85
fb3957569a8d49528c3571bcb4703f55,6d52b87b5a964c61ad7e28afd9499f18,4,mixto,0.0,0.0,123.0,326.0,529.25,529.85
b8386b6963a4492db355f0f70be3a3e2,4f22549f9d3a443cb041c0e55395dbf1,4,mixto,0.5,0.75,3.75,9.5,56.75,156.95
ae4caa1cb2154cac89440f3fe18251cb,d0b1e3a4c2434e65be47566dcc3e2ee0,4,mixto,0.0,0.0,94.25,390.5,703.0,758.2
9a76efc4c34e4bd7843206658dc45454,f44bedcfbdb64a818e717b872a002abd,4,mixto,0.5,0.75,2.0,12.0,143.0,433.4
3322cab8a5164377ad7d8958407c68f7,f31ed616d84449edb5fdd8cd332552b2,4,mixto,0.25,0.75,13.0,25.0,95.5,245.5
6d52b87b5a964c61ad7e28afd9499f18,495c261c0f484bd08e232f7358452c4d,4,mixto,0.25,0.75,11.75,21.0,96.0,261.6
c82f84bf3f2b451393445a0cb6883665,daa56f929b2c4c61a04a016533364752,4,mixto,0.0,0.0,99.0,99.5,107.75,126.35
c82f84bf3f2b451393445a0cb6883665,061230af8491491e8777333096d1d6de,4,mixto,0.0,0.5,37.5,52.5,152.25,356.85
ee00832abfba40b38335ce48a12981b5,fd595f24910c4126b7398b3e081af528,4,mixto,0.75,1.0,3.5,4.0,5.25,8.25
9a76efc4c34e4bd7843206658dc45454,55c1817c84554dc881bc439a4b00abed,4,mixto,0.5,1.0,3.5,22.0,40.25,40.85
ea62071feb644e4e81394dfa5c500ff3,173651d19b3e492cb6c27f74b9b1fe7e,4,mixto,0.0,1.0,8.0,13.5,23.0,35.0
8c1942e0cdce4f71b53f62474322f0b7,94d27864f86d422faa68efccb908cc34,4,mixto,0.0,0.25,254.0,387.5,442.25,442.85
08165f6182bc4dfc9dc1d7774508bbc6,79bvfghg9a0a8tm25d16sddg7d61d4710,4,mixto,0.0,0.25,102.0,210.5,301.75,313.15
81f1112efb014b568c2dbd217ad2407b,9c9359fefd164d388f8a5edc2bac301e,4,mixto,0.0,0.25,324.0,426.5,427.25,427.85
2549b51828ce40af920a932dd2102217,dfd423dde87b47d382b736a15a36ac68,4,mixto,0.0,0.0,118.75,125.0,131.5,132.7
94d27864f86d422faa68efccb908cc34,c2f8201a4d224d81babdcea072e5cec4,4,mixto,0.0,0.5,38.25,60.5,112.5,197.7
67eb30db49f240b08ab2b3f422f92cdf,3d639e0a581e4afbbc3976eed669f5c6,4,mixto,0.0,0.5,23.75,158.5,293.25,305.85
a7709b21161d459298dc5dc58e77310b,cb9e2b9dd1cd44c5b7d4fdcfbbf3f5e0,4,mixto,0.0,0.5,17.75,181.0,348.25,365.65
c82f84bf3f2b451393445a0cb6883665,5af95b4c9eec408dad00e7b5a2a16b92,4,mixto,0.0,0.25,210.75,335.5,392.25,392.85
54d69d2bfc1d455185885b56eed7d514,c82f84bf3f2b451393445a0cb6883665,4,mixto,0.0,0.25,290.5,445.0,524.75,531.35
209ce526160947f0b398566cd4cbfd0d,9f88dc88029e42d3a5b082ab396be6d3,4,mixto,0.25,0.25,687.25,924.0,1030.5,1264.5
b972e814004e4624a566f308901cca7c,e1669d0517f14a979d9a93159b4906b0,4,mixto,0.0,0.25,64.25,100.5,146.75,191.75
1eec93924a1046efbad70c851782ab8a,2ff516ac74a44ebfa3a522adbde28a0f,4,mixto,0.0,0.0,94.25,188.5,273.0,273.0
6a91c10b9e8341afbd387fb72bab3cf7,b972e814004e4624a566f308901cca7c,4,mixto,0.0,0.5,6.75,125.0,251.25,271.05
b3b9221510904977b1c9f12ea7108119,c82f84bf3f2b451393445a0cb6883665,4,mixto,0.0,0.5,46.75,90.5,134.0,134.0
c82f84bf3f2b451393445a0cb6883665,2a4a00c47ac6468395984ee10ebc8dc3,4,mixto,0.0,0.5,43.0,100.5,220.25,376.85
86144f0d3b814c1d8c013f7aade6c55d,3af2d18b09e6443fa289e956fc10669f,4,mixto,0.0,0.25,58.5,100.0,175.75,297.55
91f3f86897ff4ae39e50cbd7035fa8af,fdd7e5cf453e42d7b8cb2334d3a7bff9,4,mixto,0.0,0.5,17.25,416.5,812.0,812.0
e1669d0517f14a979d9a93159b4906b0,5492b6e4db6948aca469c21d05b18721,4,mixto,0.0,0.5,56.75,129.5,233.25,308.25
e8dde9d26979498786c6ba5a82f70ad3,fb74231009884254b2d13b0fd9056247,4,mixto,0.0,0.0,221.25,555.0,887.25,887.85
67eb30db49f240b08ab2b3f422f92cdf,8af63e063a2a42098caed55eeb24acf0,4,mixto,0.0,0.25,136.0,193.5,215.25,227.85
b1b009877e0c4e0790fd92559d853d69,dc821110e3f34bf3984d61955ced2e69,4,mixto,0.0,0.0,260.0,354.5,431.5,432.7
fb944d98fea445bda57de000993d3e25,91f3f86897ff4ae39e50cbd7035fa8af,4,mixto,0.0,0.5,25.0,102.0,179.0,181.4
dd7629fec91f4599b3cf8c0dd0b984ac,ad571b40258e4862b37b31fbbe2d8ab5,4,mixto,0.25,0.25,60.0,338.5,636.5,728.9
0de46482bc4d409c86f652534e4b47eb,347178b052294153af290d6a84589868,4,mixto,0.0,0.5,20.25,207.0,392.5,393.7
0f33ab6447034fe49d1629353a119e47,cd40ad229df147389504190c71de61f5,4,mixto,0.0,0.5,51.25,120.5,199.5,231.9
478deb22cecd489eb3ed2dcc954a975b,94d27864f86d422faa68efccb908cc34,4,mixto,0.0,0.0,202.0,280.0,507.75,970.35
b972e814004e4624a566f308901cca7c,5aa6e3bc0b7f4c63b247ac04ca400129,4,mixto,0.0,0.0,207.75,261.0,299.0,301.4
3d6941a46f8b4441973872f1f209bdec,e8dde9d26979498786c6ba5a82f70ad3,4,mixto,0.25,0.5,9.0,35.5,60.0,60.0
2549b51828ce40af920a932dd2102217,ef7f52e241e04cc69c0fad85a88599bc,4,mixto,0.0,1.0,23.0,33.5,44.0,44.0
5235b9f356954973a226cb6fc12c9d6e,38b3f29fe39b4e87b5f7982165de8cf1,4,mixto,0.0,0.0,62.25,243.0,423.75,425.55
1ad6835586034de0b29f4a402b182c6c,6d52b87b5a964c61ad7e28afd9499f18,4,mixto,0.0,0.0,599.0,636.5,674.0,674.0
5ad019e5f0e445e8b37fc4ed60a3447c,2549b51828ce40af920a932dd2102217,4,mixto,0.0,0.5,23.0,47.0,92.25,157.65
ed07316d9d6344a9ab11e8a41fdc413a,006b85a984e94ce88ddb035ec01b2d70,4,mixto,0.0,0.0,595.0,606.5,607.25,607.85
2549b51828ce40af920a932dd2102217,585115d181ea4a77bf361f06a32100ea,4,mixto,0.0,0.5,20.25,177.0,379.75,499.15
b2b6ee18cee746a8a706aad74e14adce,720865f1a985416ca1076be43c145b34,4,mixto,0.0,0.25,223.0,505.0,790.75,943.75
94d27864f86d422faa68efccb908cc34,bca102f277434b31b59e4894d9eb5ef8,4,mixto,0.0,0.0,223.0,297.0,343.25,348.65
585115d181ea4a77bf361f06a32100ea,0f33ab6447034fe49d1629353a119e47,4,mixto,0.0,0.0,100.0,133.0,166.0,168.4
209ce526160947f0b398566cd4cbfd0d,68244c73eb7a429a9c70a3dbf247293f,4,mixto,0.0,0.75,26.75,33.5,46.5,76.5
638aea308ffb483198d5c1387e2cc017,4a94478dd25f4430a0a023b87e11170d,4,mixto,0.0,0.25,59.75,60.5,61.75,63.55
279bdc4889564edba8ec3d808a74db1a,02f0f8beb94542deac503efd6a774262,4,mixto,0.0,0.25,91.25,117.0,142.75,168.55
9a76efc4c34e4bd7843206658dc45454,a647689891b84948871ff7099253a553,4,mixto,0.25,0.25,46.75,178.0,479.75,923.15
c13d78fe65b94d05ad83b59494767b9f,91f3f86897ff4ae39e50cbd7035fa8af,4,mixto,0.0,0.0,185.0,253.5,327.5,357.5
d602a0071f3f4db8b37a87cffd89bf23,3d6941a46f8b4441973872f1f209bdec,4,mixto,0.0,0.0,163.75,436.0,743.0,891.8
0b145fb41bc84dc58a5beb5b4ef11b17,9a76efc4c34e4bd7843206658dc45454,4,mixto,0.0,0.25,162.75,205.0,212.25,224.85
209ce526160947f0b398566cd4cbfd0d,9f3c39663dac4e6791811016adc217da,4,mixto,0.0,0.0,213.0,353.5,607.5,939.9
67339e06f4b44f78994ff4785178807a,ae5b803c779a4b38b70f9e4b6d33dc26,4,mixto,0.0,0.0,247.25,311.5,462.75,805.35
3d639e0a581e4afbbc3976eed669f5c6,ee00832abfba40b38335ce48a12981b5,4,mixto,0.0,0.75,24.75,30.5,159.75,459.15
7d0c4697a4f849e38021ccb192e0b4a7,b972e814004e4624a566f308901cca7c,4,mixto,0.0,0.0,230.25,248.5,270.25,304.45
3346db58cd2d474fbcf63e827462b85d,fb944d98fea445bda57de000993d3e25,4,mixto,0.0,0.0,355.0,415.0,415.25,415.85
dd7629fec91f4599b3cf8c0dd0b984ac,fb74231009884254b2d13b0fd9056247,4,mixto,0.0,0.5,26.0,113.5,300.25,543.25
2ff516ac74a44ebfa3a522adbde28a0f,ae412e532f1a48428bd0c5ad1f02f816,4,mixto,0.0,0.0,87.0,189.0,291.0,293.4
38b3f29fe39b4e87b5f7982165de8cf1,88d08ee1a5384a7fbe4bfddb8928ce82,4,mixto,0.0,0.0,692.75,731.5,844.75,1026.55
638aea308ffb483198d5c1387e2cc017,c13d78fe65b94d05ad83b59494767b9f,4,mixto,0.0,0.0,189.25,277.5,344.5,379.3
6daae6995cb245348bb2b5432ccc9948,dd7629fec91f4599b3cf8c0dd0b984ac,4,mixto,0.0,0.0,309.25,436.5,710.75,1206.95
347178b052294153af290d6a84589868,38b3f29fe39b4e87b5f7982165de8cf1,4,mixto,0.0,0.0,167.25,255.0,431.25,695.85
2549b51828ce40af920a932dd2102217,40dd6d22197543669fba285cd158079f,4,mixto,0.0,0.25,94.25,215.0,331.75,355.15
8af63e063a2a42098caed55eeb24acf0,d0b1e3a4c2434e65be47566dcc3e2ee0,4,mixto,0.0,0.0,88.5,252.0,408.25,408.85
edd67e7adef0443982c72ffc4d55ca4a,01b56ab5b9be43e19fa06300994787ec,4,mixto,0.0,0.0,247.0,331.0,425.5,469.9
0a0b41b45e2143ad8d97436f8561b1ca,f72815499f1b4b018cd1792d91e81249,4,mixto,0.0,0.0,246.25,309.5,328.75,354.55
123,9fd20d626db942aeb4d84f9c475d3bea,4,mixto,0.0,0.25,72.75,179.5,269.0,269.0
94d27864f86d422faa68efccb908cc34,b1b009877e0c4e0790fd92559d853d69,4,mixto,0.0,0.25,59.0,175.5,383.5,627.1
d6d4327ae40445518a3c8a6e62137cd6,c52ceac3693c4644bb20f07dd8aa7103,4,mixto,0.25,0.75,7.5,29.0,275.5,819.1
b34fe8a89b9a43189ec5be764c3b695c,9ae54d261e454c93ae1c2cdec0fd03e6,4,mixto,0.0,1.0,27.25,33.0,39.75,48.75
3af2d18b09e6443fa289e956fc10669f,3346db58cd2d474fbcf63e827462b85d,4,mixto,0.0,0.0,82.75,84.0,85.25,85.85
b1b009877e0c4e0790fd92559d853d69,9c9359fefd164d388f8a5edc2bac301e,4,mixto,0.0,0.25,176.5,230.0,232.75,239.35
cc892c05f6d94315be2b7539e45b9170,f883bd6d70b043a09837e8b888fe3f65,4,mixto,0.0,0.0,318.25,389.5,397.75,411.55
d602a0071f3f4db8b37a87cffd89bf23,0062dc8c31ca4560b766f7063181eaab,4,mixto,0.0,0.0,250.0,289.0,340.25,417.65
44568175e9ff4fdcb98cd4e9d368ce11,4a94478dd25f4430a0a023b87e11170d,4,mixto,0.0,0.5,57.5,59.5,61.5,62.7
347178b052294153af290d6a84589868,4461c788433345b8a4a296b35aa9499d,4,mixto,0.0,0.0,871.75,1069.5,1131.25,1131.85
5492b6e4db6948aca469c21d05b18721,f883bd6d70b043a09837e8b888fe3f65,4,mixto,0.0,0.0,110.25,231.0,342.5,343.7
ffaec74bfd414f8394bab077a989e27f,1bb1657eb2eb43808f0529810258aa3b,4,mixto,0.0,0.25,239.0,761.0,1223.0,1223.0
86144f0d3b814c1d8c013f7aade6c55d,fdd7e5cf453e42d7b8cb2334d3a7bff9,4,mixto,0.0,0.0,548.0,637.0,637.0,637.0
b7c988fa6132435480b57f66696827fd,048ab3a7acb54da88960434d9783879f,4,mixto,0.0,0.75,19.5,20.5,262.25,841.25
67339e06f4b44f78994ff4785178807a,f44bedcfbdb64a818e717b872a002abd,4,mixto,0.0,0.0,301.5,436.0,570.5,583.7
9ae54d261e454c93ae1c2cdec0fd03e6,ee00832abfba40b38335ce48a12981b5,4,mixto,0.0,0.5,15.0,58.5,290.25,746.85
a7925c7ee6674a30ae9f3f4045785095,cb9e2b9dd1cd44c5b7d4fdcfbbf3f5e0,4,mixto,0.0,0.0,338.75,363.5,388.25,388.85
2629fabfb8e7428bb34e3d4f43ffdc9b,d602a0071f3f4db8b37a87cffd89bf23,4,mixto,0.0,0.25,101.0,151.0,204.25,272.05
79bvfghg9a0a8tm25d16sddg7d61d4710,fb3957569a8d49528c3571bcb4703f55,4,mixto,0.0,0.0,258.75,626.0,1054.5,1319.7
f2eaffaf45b84b9c8e39cc303a97e9d7,ffaec74bfd414f8394bab077a989e27f,4,mixto,0.5,1.0,3.5,8.0,13.25,16.25
6a91c10b9e8341afbd387fb72bab3cf7,79bvfghg9a0a8tm25d16sddg7d61d4710,4,mixto,0.75,1.0,1.0,1.5,3.0,5.4
67eb30db49f240b08ab2b3f422f92cdf,68b13a1228424526b43e2f78716efd3b,4,mixto,0.0,0.25,241.5,313.0,320.25,320.85
b1b009877e0c4e0790fd92559d853d69,6e12533e73a048efa8bcc0a30f2b7684,4,mixto,0.0,0.5,40.25,87.0,133.25,155.45
64b50202d6b74bfcb78c7342823e0f4f,ae4caa1cb2154cac89440f3fe18251cb,4,mixto,0.0,0.25,283.0,375.5,583.0,1079.8
ae5b803c779a4b38b70f9e4b6d33dc26,123,4,mixto,0.0,1.0,11.75,13.5,18.5,29.3
c52ceac3693c4644bb20f07dd8aa7103,6d52b87b5a964c61ad7e28afd9499f18,4,mixto,0.0,0.25,199.25,343.0,460.5,514.5
dd7629fec91f4599b3cf8c0dd0b984ac,2a4a00c47ac6468395984ee10ebc8dc3,4,mixto,0.0,0.25,90.0,113.5,131.0,150.2
9a76efc4c34e4bd7843206658dc45454,ae412e532f1a48428bd0c5ad1f02f816,4,mixto,0.0,0.5,12.0,41.0,73.75,87.55
b15e46acff6b4a7487ad18cdac3a21d0,dd7629fec91f4599b3cf8c0dd0b984ac,4,mixto,0.0,0.25,217.5,314.5,457.75,723.55
4830b97416a14d1485ccb85c9f9baa4e,638aea308ffb483198d5c1387e2cc017,4,mixto,0.0,0.25,62.25,485.5,899.0,915.8
2ae2ca1a377048a58815f54a432f8a21,6e12533e73a048efa8bcc0a30f2b7684,4,mixto,0.0,0.75,10.5,11.5,188.75,612.95
6f7b8ef5a7204c4b92d0ca778317d790,94d27864f86d422faa68efccb908cc34,4,mixto,0.0,0.25,116.25,195.5,265.75,310.75
18bec3e707784a978d9d89f2967f87de,67eb30db49f240b08ab2b3f422f92cdf,4,mixto,0.0,0.75,33.25,41.0,70.0,137.2
123,cc892c05f6d94315be2b7539e45b9170,4,mixto,0.5,0.5,2.25,456.0,915.0,929.4
67339e06f4b44f78994ff4785178807a,b785d3ec935248ff8a8fd358f7765463,4,mixto,0.0,0.25,448.5,596.0,669.75,846.75
5235b9f356954973a226cb6fc12c9d6e,ae54454684154c25bd33c6e04609652b,4,mixto,0.0,0.25,127.0,161.5,313.25,676.25
b1b009877e0c4e0790fd92559d853d69,894c246eb00a482da371617f75149e30,4,mixto,0.0,0.25,71.0,90.0,127.25,216.65
67eb30db49f240b08ab2b3f422f92cdf,8c2eff865c5f40dbae0d6ccbc47e1d9c,4,mixto,0.25,0.5,4.5,150.5,305.25,327.45
a53d759fed7840a1b00e8d903669e8a1,c82f84bf3f2b451393445a0cb6883665,4,mixto,0.75,0.75,2.75,3.5,320.75,1080.95
347178b052294153af290d6a84589868,9f88dc88029e42d3a5b082ab396be6d3,4,mixto,0.0,0.25,78.0,91.5,199.0,443.8
a7709b21161d459298dc5dc58e77310b,6d52b87b5a964c61ad7e28afd9499f18,4,mixto,0.0,0.25,113.0,142.0,249.75,508.35
a647689891b84948871ff7099253a553,347178b052294153af290d6a84589868,4,mixto,0.25,0.5,16.25,304.5,648.0,792.0
9a76efc4c34e4bd7843206658dc45454,478deb22cecd489eb3ed2dcc954a975b,4,mixto,0.0,0.25,132.25,237.5,404.0,641.6
162c7417de9b4554bcc6be93e006b7a1,2e0f9d54f6534336a19fffacd7b6af40,4,mixto,0.25,0.75,9.75,18.0,33.75,57.15
6a322ad743e3464bae56d2d9b180078a,6f7b8ef5a7204c4b92d0ca778317d790,4,mixto,0.25,0.25,87.75,211.0,322.25,363.65
d9d5abd8143543189c1befef73999834,7d0c4697a4f849e38021ccb192e0b4a7,4,mixto,0.0,0.0,644.75,842.5,975.75,1051.95
6e12533e73a048efa8bcc0a30f2b7684,be4240b37c354311af26b2846acba9c7,4,mixto,0.0,0.0,602.0,869.5,999.25,1064.65
ae4caa1cb2154cac89440f3fe18251cb,51e1587ac2364f19bb4a9344841af223,4,mixto,0.0,0.75,30.25,39.0,140.0,375.2
d602a0071f3f4db8b37a87cffd89bf23,3752375735a74ae09881a820a0b7d394,4,mixto,0.0,0.0,106.0,129.5,169.75,229.15
67339e06f4b44f78994ff4785178807a,52449c34bb1e47fe81802bf322dae8ee,4,mixto,0.0,0.0,94.5,101.0,136.75,208.15
2e0f9d54f6534336a19fffacd7b6af40,0f33ab6447034fe49d1629353a119e47,4,mixto,0.0,1.0,8.5,12.5,22.5,38.1
b4206ac5e3224dfd900588a8f7caf95e,eaf8f2b0ccd04cf2a7bfcf357fe88ca2,4,mixto,0.0,0.0,133.25,253.0,552.75,1000.95
c7d9f088b4be4e38924fcfa78a6b5496,6a322ad743e3464bae56d2d9b180078a,4,mixto,0.25,0.25,102.0,171.0,219.0,247.8
9a76efc4c34e4bd7843206658dc45454,6bcf44d8a73c473cb78f0cb92508a232,4,mixto,0.5,1.0,2.5,5.0,9.75,16.35
41da80f6154c4d918166fc43862f5d78,01b56ab5b9be43e19fa06300994787ec,4,mixto,0.0,0.25,60.75,97.5,142.75,197.35
9a76efc4c34e4bd7843206658dc45454,781903276b2548499891c4c91c5d278b,4,mixto,0.25,0.75,7.5,9.5,24.75,60.15
0a750e36725e495ba32bd43a5f170724,123,4,mixto,0.0,0.75,7.75,9.0,69.25,211.45
ee1016d1de3347b79368186e86dfc2c2,2549b51828ce40af920a932dd2102217,4,mixto,0.25,0.5,22.75,67.0,178.0,353.2
08165f6182bc4dfc9dc1d7774508bbc6,cd40ad229df147389504190c71de61f5,4,mixto,0.0,0.0,202.0,202.5,203.0,203.0
f6aa209f0860477380c878df96de1c84,c82f84bf3f2b451393445a0cb6883665,4,mixto,0.25,0.25,51.25,128.0,265.75,449.95
40dd6d22197543669fba285cd158079f,5f686fded1294c02a7a5c3298f2eec5b,4,mixto,0.0,0.75,18.0,35.0,112.0,263.2
ab2dd6e0890c4b5483973add6fa1b91b,ae4caa1cb2154cac89440f3fe18251cb,4,mixto,0.0,1.0,11.0,12.5,14.75,18.95
3d639e0a581e4afbbc3976eed669f5c6,f883bd6d70b043a09837e8b888fe3f65,4,mixto,0.25,0.5,30.25,83.5,220.5,442.5
64d9be8046574fbfbc1fb14c9912afea,9ae54d261e454c93ae1c2cdec0fd03e6,4,mixto,0.0,0.25,80.0,91.0,153.5,296.3
b972e814004e4624a566f308901cca7c,cc892c05f6d94315be2b7539e45b9170,4,mixto,0.0,0.0,79.25,108.5,137.75,144.35
a4db025d032f42578306d5461abdda40,ae4caa1cb2154cac89440f3fe18251cb,4,mixto,0.0,0.5,16.75,258.0,499.75,501.55
bf676d9b342d438d8bd0b02c718133af,558b533275bd41bca3094acb6a85113a,4,mixto,0.0,0.25,56.5,85.5,109.0,128.2
fba5ab8c38d3426492c31c99ad569bdb,91f3f86897ff4ae39e50cbd7035fa8af,4,mixto,0.0,0.0,297.0,437.5,561.25,561.85
dcd0b6134a8846c1ac7171f8530945ab,f31ed616d84449edb5fdd8cd332552b2,4,mixto,0.25,1.0,13.0,36.5,57.0,57.0
67eb30db49f240b08ab2b3f422f92cdf,e423b8339a57485d8b524937d93e4f44,4,mixto,0.0,0.0,131.75,149.5,172.75,186.55
67339e06f4b44f78994ff4785178807a,500e21ae250c48c8b42452929d53ef90,4,mixto,0.0,0.5,38.25,81.0,122.75,126.95
ae4caa1cb2154cac89440f3fe18251cb,5ad019e5f0e445e8b37fc4ed60a3447c,4,mixto,0.0,0.25,88.0,240.5,544.25,940.85
2549b51828ce40af920a932dd2102217,b992e6a27eb249658efce6ca0cc286dc,4,mixto,0.0,0.0,434.5,623.5,730.75,785.35
f883bd6d70b043a09837e8b888fe3f65,01b56ab5b9be43e19fa06300994787ec,4,mixto,0.0,0.0,867.5,900.5,973.0,1085.8
12fbf29cc3ab474a8d3a1b2357dbb20b,83b5865df3ba4e0a9855e3af5a41f9aa,4,mixto,0.25,1.0,4.75,8.0,11.0,11.0
067325b206034a09a16597b6c55d26a8,c82f84bf3f2b451393445a0cb6883665,4,mixto,0.0,0.0,166.0,277.0,524.0,855.2
c82f84bf3f2b451393445a0cb6883665,74ed652f9a9242c590651fe4cff0d492,4,mixto,0.0,0.5,18.75,181.5,347.5,365.5
239b1152a21a4cebb35b2a9dc02b10a9,dd7629fec91f4599b3cf8c0dd0b984ac,4,mixto,0.0,0.0,148.25,194.5,240.75,252.15
123,b15e46acff6b4a7487ad18cdac3a21d0,4,mixto,0.25,1.0,16.0,21.5,23.25,23.85
de90d8af20f547aaa9b3300c76251188,ffaec74bfd414f8394bab077a989e27f,4,mixto,0.0,0.5,23.25,516.5,1072.0,1223.2
6a322ad743e3464bae56d2d9b180078a,e10304f95c2b40738695563eb9b8662c,4,mixto,0.0,1.0,9.75,18.5,28.5,32.1
ae4caa1cb2154cac89440f3fe18251cb,b8386b6963a4492db355f0f70be3a3e2,4,mixto,0.0,0.5,48.0,306.5,564.25,567.25
14cc5dc0682d44fe99d2d91e1eaafac7,dd7629fec91f4599b3cf8c0dd0b984ac,4,mixto,0.0,0.75,8.25,11.0,57.25,163.45
56e402379e664e8e960b328f5ad9c21f,2549b51828ce40af920a932dd2102217,4,mixto,0.0,0.75,5.75,19.0,87.75,221.55
7fe316acf65941599252e923db155612,f31ed616d84449edb5fdd8cd332552b2,4,mixto,0.0,0.5,27.25,229.5,425.0,425.0
c7d9f088b4be4e38924fcfa78a6b5496,239b1152a21a4cebb35b2a9dc02b10a9,4,mixto,0.5,0.5,3.0,89.0,175.0,175.0
4a94478dd25f4430a0a023b87e11170d,51e1587ac2364f19bb4a9344841af223,4,mixto,0.0,0.0,581.0,731.0,793.5,794.7
cb9e2b9dd1cd44c5b7d4fdcfbbf3f5e0,6a91c10b9e8341afbd387fb72bab3cf7,4,mixto,0.0,0.25,779.75,1038.0,1079.25,1178.25
8c1942e0cdce4f71b53f62474322f0b7,ffaec74bfd414f8394bab077a989e27f,4,mixto,0.0,0.25,208.25,564.0,859.0,859.0
3e2a4d42827d43d0b90248199e58e98e,2549b51828ce40af920a932dd2102217,4,mixto,0.25,0.75,6.25,8.5,29.0,74.6
1eec93924a1046efbad70c851782ab8a,478deb22cecd489eb3ed2dcc954a975b,4,mixto,0.0,0.0,395.0,642.5,881.5,882.7
209ce526160947f0b398566cd4cbfd0d,e7c03dd9e5044ca7a0945b6bbe4be826,4,mixto,0.0,0.75,7.0,24.0,314.25,970.05
cc892c05f6d94315be2b7539e45b9170,88d08ee1a5384a7fbe4bfddb8928ce82,4,mixto,0.0,0.0,166.75,209.0,294.0,435.6
344f2a7e91d741f69c8e638468150260,a0184360dccb433cb80deb1830c74ae6,4,mixto,0.0,0.0,283.5,316.0,348.5,349.7
e9c87bd5f69f4f86afe073f6e04f7d5b,b972e814004e4624a566f308901cca7c,4,mixto,0.0,0.0,144.5,182.5,251.0,378.2
6d52b87b5a964c61ad7e28afd9499f18,edd67e7adef0443982c72ffc4d55ca4a,4,mixto,0.0,0.0,207.0,406.0,579.0,579.0
347178b052294153af290d6a84589868,dfd423dde87b47d382b736a15a36ac68,4,mixto,0.0,0.25,51.25,138.0,330.5,610.1
818d938a32ad4dc19cfd13f6575ddc5a,d602a0071f3f4db8b37a87cffd89bf23,4,mixto,0.0,0.0,329.5,369.0,493.25,755.45
888fb026b62d4a75920fe44a0af43ad4,94d27864f86d422faa68efccb908cc34,4,mixto,0.0,0.0,386.5,448.0,509.5,522.7
fdd7e5cf453e42d7b8cb2334d3a7bff9,6a322ad743e3464bae56d2d9b180078a,4,mixto,0.0,0.0,745.75,833.5,887.75,1007.15
7249a9adb1c343aba8db068dbe0c3795,eaf8f2b0ccd04cf2a7bfcf357fe88ca2,4,mixto,0.0,0.0,113.25,142.0,261.0,489.0
32f2a35e790544ec9e040345f8a364f3,b8386b6963a4492db355f0f70be3a3e2,4,mixto,0.0,0.25,65.25,83.5,104.25,150.45
7d07ecb8e72f4eb1b69ceea29e91be14,67eb30db49f240b08ab2b3f422f92cdf,4,mixto,0.75,1.0,1.75,2.0,7.5,20.7
2549b51828ce40af920a932dd2102217,0faae9b6b5084555a1873eff484b4d9c,4,mixto,0.0,0.0,113.75,120.0,126.5,127.7
fdd7e5cf453e42d7b8cb2334d3a7bff9,3af2d18b09e6443fa289e956fc10669f,4,mixto,0.0,0.25,59.5,97.0,134.5,135.7
d602a0071f3f4db8b37a87cffd89bf23,6d252a9b7f244a0180f6c2a1ff39d2fe,4,mixto,0.0,0.5,41.25,107.5,173.75,180.35
01b56ab5b9be43e19fa06300994787ec,e5b8388e1275417395d526c566b0e1e8,4,mixto,0.0,0.0,332.75,334.0,335.25,335.85
006b85a984e94ce88ddb035ec01b2d70,3346db58cd2d474fbcf63e827462b85d,4,mixto,0.0,0.5,27.5,96.5,162.5,163.7
9c9359fefd164d388f8a5edc2bac301e,e1669d0517f14a979d9a93159b4906b0,4,mixto,0.0,0.25,91.5,104.5,118.5,148.5
02f0f8beb94542deac503efd6a774262,c82f84bf3f2b451393445a0cb6883665,4,mixto,0.0,0.0,695.0,912.5,977.25,1033.05
c39e8d94c06848008c0f7db6d3708af9,dcd0b6134a8846c1ac7171f8530945ab,4,mixto,0.5,1.0,3.75,9.5,15.5,16.7
e7c03dd9e5044ca7a0945b6bbe4be826,ffaec74bfd414f8394bab077a989e27f,4,mixto,0.0,0.75,14.75,30.0,291.75,883.95
4060f34dc33042fda53efdfd0594b679,6d52b87b5a964c61ad7e28afd9499f18,4,mixto,0.0,0.0,121.0,206.0,300.5,335.3
4bb573e349504824b5b5a050a83e094d,4060f34dc33042fda53efdfd0594b679,4,mixto,0.0,1.0,9.25,19.0,30.0,34.8
ea62071feb644e4e81394dfa5c500ff3,123,4,mixto,0.0,0.0,211.0,232.5,396.25,788.05
abd6ab0229c643338812eb3a1707c053,67339e06f4b44f78994ff4785178807a,4,mixto,0.0,0.5,28.5,232.5,432.25,432.85
a7709b21161d459298dc5dc58e77310b,2ae2ca1a377048a58815f54a432f8a21,4,mixto,0.0,0.5,42.0,57.0,64.25,72.05
1510fbeac5394ee69a53cf64a7a093db,d602a0071f3f4db8b37a87cffd89bf23,4,mixto,0.25,0.5,6.25,40.5,116.5,218.5
94d27864f86d422faa68efccb908cc34,fd595f24910c4126b7398b3e081af528,4,mixto,0.0,0.75,40.5,49.5,57.5,63.5
dd7629fec91f4599b3cf8c0dd0b984ac,c63d7e67e1f8454386089193582563ea,4,mixto,0.0,0.0,538.25,542.0,545.5,553.9
fb3957569a8d49528c3571bcb4703f55,c5b83bbfa22c4c31a5743485b4c6e524,4,mixto,0.0,0.0,151.5,194.0,428.25,949.65
94d27864f86d422faa68efccb908cc34,b4206ac5e3224dfd900588a8f7caf95e,4,mixto,0.25,1.0,34.75,46.0,47.25,47.85
79bvfghg9a0a8tm25d16sddg7d61d4710,7f2c2c35a2de4624ad938147f73f271a,4,mixto,0.0,0.5,35.75,516.0,1003.25,1030.25
cc892c05f6d94315be2b7539e45b9170,91f3f86897ff4ae39e50cbd7035fa8af,4,mixto,0.0,0.0,87.25,205.0,403.5,599.1
fcba6a53824845da9d6330719f43a430,9c38d644320148d7a94a9a54f16e3431,4,mixto,0.0,0.25,182.5,275.5,466.0,821.2
1eab1f316fa94a29bceec6dc6d84f0bd,2a1ad7012aa3426ab2592dd06689329b,4,mixto,0.25,0.75,14.5,20.0,42.75,94.95
f883bd6d70b043a09837e8b888fe3f65,b1b009877e0c4e0790fd92559d853d69,4,mixto,0.0,0.0,137.0,174.5,211.5,239.1
4a94478dd25f4430a0a023b87e11170d,ded6aff9dd654f30a10ed9602e2c6004,4,mixto,0.0,0.0,568.75,569.5,570.0,570.0
4ef0ced873174ee9afc306e414132c72,347178b052294153af290d6a84589868,4,mixto,0.5,1.0,4.0,6.0,18.0,42.0
fd595f24910c4126b7398b3e081af528,6daae6995cb245348bb2b5432ccc9948,4,mixto,0.25,0.25,358.25,492.0,508.0,510.4
0faae9b6b5084555a1873eff484b4d9c,4a94478dd25f4430a0a023b87e11170d,4,mixto,0.25,0.75,4.75,6.0,87.25,279.85
dc821110e3f34bf3984d61955ced2e69,1510fbeac5394ee69a53cf64a7a093db,4,mixto,0.0,0.25,61.0,115.5,174.5,223.7
be89c84ae27c40c3a5ee2840d95e5d5d,3346db58cd2d474fbcf63e827462b85d,4,mixto,0.0,0.0,127.75,149.0,155.5,156.7
31050e1a1dcb4c9899ba77be32449e54,209ce526160947f0b398566cd4cbfd0d,4,mixto,0.0,0.0,78.0,128.0,279.75,528.75
d602a0071f3f4db8b37a87cffd89bf23,ded6aff9dd654f30a10ed9602e2c6004,4,mixto,0.0,0.0,68.0,102.0,151.0,189.4
006b85a984e94ce88ddb035ec01b2d70,942d80695ebe4218af105e03e6622f49,4,mixto,0.0,0.0,171.5,253.5,316.0,316.0
88d08ee1a5384a7fbe4bfddb8928ce82,1e801411cdbd40aa92ad0dfc09000f69,4,mixto,0.0,0.0,80.75,158.0,274.25,375.65
e9d3577612dd49c3b62b654e33dccefb,ee00832abfba40b38335ce48a12981b5,4,mixto,0.0,0.5,33.75,339.0,642.25,642.85
52449c34bb1e47fe81802bf322dae8ee,dd7629fec91f4599b3cf8c0dd0b984ac,4,mixto,0.0,0.5,44.5,81.0,304.0,755.2
3e2a4d42827d43d0b90248199e58e98e,209ce526160947f0b398566cd4cbfd0d,4,mixto,0.0,0.0,198.5,203.5,262.0,401.2
79bvfghg9a0a8tm25d16sddg7d61d4710,86144f0d3b814c1d8c013f7aade6c55d,4,mixto,0.0,0.0,174.0,237.0,297.0,318.6
67339e06f4b44f78994ff4785178807a,7f2c2c35a2de4624ad938147f73f271a,4,mixto,0.0,0.5,42.5,69.5,116.25,184.05
4a94478dd25f4430a0a023b87e11170d,eb6b584fde4141aea5dafddee3e7ad4e,4,mixto,0.0,0.0,167.75,180.0,182.0,182.0
4a94478dd25f4430a0a023b87e11170d,0b145fb41bc84dc58a5beb5b4ef11b17,4,mixto,0.0,0.0,366.75,399.0,400.25,400.85
c82f84bf3f2b451393445a0cb6883665,30cee14d90f44924bfc69147c5f8b08f,4,mixto,0.0,0.75,35.75,42.0,65.5,121.9
67eb30db49f240b08ab2b3f422f92cdf,e1a6055d78bf444e905bb069bae9b363,4,mixto,0.0,0.0,186.25,343.5,500.75,514.55
6d52b87b5a964c61ad7e28afd9499f18,e1669d0517f14a979d9a93159b4906b0,4,mixto,0.0,0.25,93.0,151.5,210.0,260.4
e9d3577612dd49c3b62b654e33dccefb,2ff516ac74a44ebfa3a522adbde28a0f,4,mixto,0.5,1.0,2.0,7.5,18.5,31.7
cb9e2b9dd1cd44c5b7d4fdcfbbf3f5e0,638aea308ffb483198d5c1387e2cc017,4,mixto,0.0,0.25,134.5,222.5,270.0,270.0
d6aaaa2099844868bb6a77f7e9567c91,67eb30db49f240b08ab2b3f422f92cdf,4,mixto,0.0,0.75,37.5,44.0,52.0,66.4
d602a0071f3f4db8b37a87cffd89bf23,621f2d0c79d0499eb8e6a538feb08e37,4,mixto,0.0,0.0,160.0,229.5,418.25,704.45
1e801411cdbd40aa92ad0dfc09000f69,2549b51828ce40af920a932dd2102217,4,mixto,0.25,0.5,14.5,62.0,120.5,157.7
eaf8f2b0ccd04cf2a7bfcf357fe88ca2,645a4f092abd49f0820b8a5507e3dea0,4,mixto,0.0,0.75,16.75,19.0,287.25,931.05
0380e726a53e4770ac2a9c8e94a0a0cd,b972e814004e4624a566f308901cca7c,4,mixto,0.0,0.0,110.75,202.5,294.75,332.55
123,68b13a1228424526b43e2f78716efd3b,4,mixto,0.0,0.75,32.0,41.0,54.25,81.25
e8dde9d26979498786c6ba5a82f70ad3,b785d3ec935248ff8a8fd358f7765463,4,mixto,0.0,0.0,795.25,1021.5,1039.25,1044.65
dc821110e3f34bf3984d61955ced2e69,7249a9adb1c343aba8db068dbe0c3795,4,mixto,0.25,0.25,786.25,1047.0,1047.25,1047.85
638aea308ffb483198d5c1387e2cc017,ef1dd1f1a5b94d0eacb669f7b3ec2911,4,mixto,0.0,1.0,35.75,38.5,41.25,41.85
2549b51828ce40af920a932dd2102217,9f88dc88029e42d3a5b082ab396be6d3,4,mixto,0.0,0.5,47.25,62.5,384.0,1128.0
2549b51828ce40af920a932dd2102217,f5d8ddb9e3924b09901a9ce38dddc362,4,mixto,0.0,0.0,115.5,135.5,199.25,319.85
20acab350ddf489c931028b7a6a1ff99,2549b51828ce40af920a932dd2102217,4,mixto,0.0,0.25,87.75,257.0,433.0,500.2
347178b052294153af290d6a84589868,ef1dd1f1a5b94d0eacb669f7b3ec2911,4,mixto,0.0,0.75,20.0,31.0,302.0,926.0
894c246eb00a482da371617f75149e30,ee00832abfba40b38335ce48a12981b5,4,mixto,0.25,0.5,15.75,93.0,190.25,248.45
80d8324451a74ae887a93c2bee8b5d3d,eaf8f2b0ccd04cf2a7bfcf357fe88ca2,4,mixto,0.0,0.0,279.75,350.0,438.25,566.05
1c6f1fdb9e7544aaac5f4daf9243ca1e,7d0c4697a4f849e38021ccb192e0b4a7,4,mixto,0.25,0.25,75.75,100.0,123.0,178.2
780fb7c030e043f7bd9f40ca4ab06bd4,9c9359fefd164d388f8a5edc2bac301e,4,mixto,0.0,0.25,59.5,60.0,100.5,197.7
94d27864f86d422faa68efccb908cc34,4f22549f9d3a443cb041c0e55395dbf1,4,mixto,0.0,0.0,145.25,213.0,268.5,269.7
671dca542e094f3d90cb15883bd89274,2549b51828ce40af920a932dd2102217,4,mixto,0.0,0.5,28.0,200.0,438.75,601.35
1ad6835586034de0b29f4a402b182c6c,a7709b21161d459298dc5dc58e77310b,4,mixto,0.0,0.0,79.0,80.0,81.0,83.4
ddf47b043bc04fa0bd7d61b8af3f9b2c,9a76efc4c34e4bd7843206658dc45454,4,mixto,0.0,0.75,9.0,15.5,81.25,223.45
2ae2ca1a377048a58815f54a432f8a21,ad571b40258e4862b37b31fbbe2d8ab5,4,mixto,0.0,0.25,407.75,562.5,597.0,616.2
209ce526160947f0b398566cd4cbfd0d,be09a0ddbb9b4c4aaf78903e0ca27a75,4,mixto,0.0,0.5,8.25,58.0,109.0,113.8
818d938a32ad4dc19cfd13f6575ddc5a,e8dde9d26979498786c6ba5a82f70ad3,4,mixto,0.0,0.0,176.25,261.5,419.75,603.95
6a91c10b9e8341afbd387fb72bab3cf7,c5b83bbfa22c4c31a5743485b4c6e524,4,mixto,0.0,0.75,21.75,26.0,256.5,807.3
d16fad3dcdb14d69b5d82776d09bb796,3346db58cd2d474fbcf63e827462b85d,4,mixto,0.0,0.5,28.0,135.0,297.75,433.95
b6a7ac98c6704aa6b6512efa5fa8dbfe,4a94478dd25f4430a0a023b87e11170d,4,mixto,0.0,0.5,48.75,499.5,945.25,945.85
2ae2ca1a377048a58815f54a432f8a21,1bb1657eb2eb43808f0529810258aa3b,4,mixto,0.0,0.0,1033.75,1062.0,1090.25,1090.85
2ae2ca1a377048a58815f54a432f8a21,1006a34f43ad4c308f0a57736ffd4eeb,4,mixto,0.75,1.0,3.0,3.0,4.0,6.4
e9b4ca99b7054bc986bb0a057cf4e2e5,e8dde9d26979498786c6ba5a82f70ad3,4,mixto,0.0,0.25,60.25,123.0,178.0,178.0
c5b83bbfa22c4c31a5743485b4c6e524,3d639e0a581e4afbbc3976eed669f5c6,4,mixto,0.0,0.0,261.0,477.5,683.0,704.6
dcd0b6134a8846c1ac7171f8530945ab,8b6597a56ec4424ca8d71fdfd2827ff9,4,mixto,0.0,1.0,12.0,29.5,49.75,56.35
ae4caa1cb2154cac89440f3fe18251cb,cd28f604c0b947398b97af66908be0b6,4,mixto,0.5,0.5,2.0,311.0,621.25,624.25
e423b8339a57485d8b524937d93e4f44,2549b51828ce40af920a932dd2102217,4,mixto,0.0,0.0,243.75,244.0,244.25,244.85
6daae6995cb245348bb2b5432ccc9948,74e60dc3bc26493d81088e4d322b7c39,4,mixto,0.25,0.5,6.25,35.5,151.25,363.05
2549b51828ce40af920a932dd2102217,4ef0ced873174ee9afc306e414132c72,4,mixto,0.0,0.0,99.5,336.0,565.25,565.85
b1b009877e0c4e0790fd92559d853d69,31050e1a1dcb4c9899ba77be32449e54,4,mixto,0.0,0.0,885.0,885.5,886.0,886.0
ae54454684154c25bd33c6e04609652b,1ad6835586034de0b29f4a402b182c6c,4,mixto,0.0,0.0,1158.0,1159.5,1161.0,1161.0
dc821110e3f34bf3984d61955ced2e69,cb9e2b9dd1cd44c5b7d4fdcfbbf3f5e0,4,mixto,0.0,0.0,184.25,284.0,527.5,903.1
2e0f9d54f6534336a19fffacd7b6af40,d74a389b77734996ba37fa61a0d08341,4,mixto,0.0,0.0,376.5,409.0,441.5,442.7
3009f6f4befb498fbed7dbf1b189f47c,5492b6e4db6948aca469c21d05b18721,4,mixto,0.0,0.0,109.5,165.5,279.0,442.2
ef1dd1f1a5b94d0eacb669f7b3ec2911,74e60dc3bc26493d81088e4d322b7c39,4,mixto,0.0,0.25,144.5,238.0,524.75,1064.15
fdd7e5cf453e42d7b8cb2334d3a7bff9,67eb30db49f240b08ab2b3f422f92cdf,4,mixto,0.0,0.0,880.5,902.5,907.75,914.35
eb6b584fde4141aea5dafddee3e7ad4e,9a76efc4c34e4bd7843206658dc45454,4,mixto,0.0,0.5,47.0,177.5,308.0,317.6
edd67e7adef0443982c72ffc4d55ca4a,d602a0071f3f4db8b37a87cffd89bf23,4,mixto,0.25,0.25,145.75,194.0,346.5,712.5
62a5285108824e269a3fa09e9c233440,67339e06f4b44f78994ff4785178807a,4,mixto,0.25,0.25,70.0,109.0,151.5,212.7
3a631284571347bf8acba49209e63034,c82f84bf3f2b451393445a0cb6883665,4,mixto,0.0,0.0,114.5,219.0,445.75,759.55
123,a6c534b36789447fbed6b8d4f60d3d1a,4,mixto,0.0,1.0,10.5,12.5,14.5,15.7
495c261c0f484bd08e232f7358452c4d,6a91c10b9e8341afbd387fb72bab3cf7,4,mixto,0.0,0.0,267.25,448.0,725.5,1072.3
ed6beff4035f49c6997be95df71e5544,fb3957569a8d49528c3571bcb4703f55,4,mixto,0.0,0.25,288.25,428.5,581.75,828.35
3e2a4d42827d43d0b90248199e58e98e,67339e06f4b44f78994ff4785178807a,4,mixto,0.0,0.0,218.0,291.5,320.75,336.95
f96bf82e56594a91b22b01e54f9608ed,123,4,mixto,0.0,0.0,150.75,157.0,457.25,1163.45
a3c2ead0fc68405f90176c9920439001,d602a0071f3f4db8b37a87cffd89bf23,4,mixto,0.0,0.25,95.5,133.0,248.75,471.35
035b14f7f84242ef8ca0e78b0352777d,fdd7e5cf453e42d7b8cb2334d3a7bff9,4,mixto,0.0,1.0,34.25,36.0,37.25,37.85
6daae6995cb245348bb2b5432ccc9948,b31017b848694be1b92f15c6dad1ca2c,4,mixto,0.0,0.25,77.25,124.5,280.75,558.55
648a73c3ab2a48b1ac046802df52be11,67339e06f4b44f78994ff4785178807a,4,mixto,0.0,0.25,132.5,224.5,326.0,436.4
0de46482bc4d409c86f652534e4b47eb,495c261c0f484bd08e232f7358452c4d,4,mixto,0.25,0.25,84.5,149.0,297.5,565.1
eaf8f2b0ccd04cf2a7bfcf357fe88ca2,6daae6995cb245348bb2b5432ccc9948,4,mixto,0.0,0.0,202.0,213.5,225.0,225.0
2549b51828ce40af920a932dd2102217,ddf47b043bc04fa0bd7d61b8af3f9b2c,4,mixto,0.0,0.0,238.0,495.5,847.75,1125.55
d602a0071f3f4db8b37a87cffd89bf23,025eebbc74ba4738b90c87e459ea29de,4,mixto,0.0,0.25,53.75,140.5,255.75,358.35
6a322ad743e3464bae56d2d9b180078a,55c1817c84554dc881bc439a4b00abed,4,mixto,0.0,0.25,196.5,261.0,516.5,1122.5
9a76efc4c34e4bd7843206658dc45454,c567f19e4b0b409491faa28b331bf1d3,4,mixto,0.75,1.0,2.75,3.5,4.25,4.85
0a750e36725e495ba32bd43a5f170724,94d27864f86d422faa68efccb908cc34,4,mixto,0.0,0.0,117.5,143.0,200.0,288.8
dd53a3b5cb47459482a47afc5202b516,123,4,mixto,0.0,0.0,137.75,138.5,139.25,139.85
b972e814004e4624a566f308901cca7c,67eb30db49f240b08ab2b3f422f92cdf,4,mixto,0.0,0.0,313.5,418.0,482.75,527.75
51e1587ac2364f19bb4a9344841af223,64d9be8046574fbfbc1fb14c9912afea,4,mixto,0.0,0.0,79.75,167.0,254.0,261.2
1bb1657eb2eb43808f0529810258aa3b,44568175e9ff4fdcb98cd4e9d368ce11,4,mixto,0.0,0.0,138.75,191.5,241.25,258.65
88d08ee1a5384a7fbe4bfddb8928ce82,02f0f8beb94542deac503efd6a774262,4,mixto,0.0,0.25,83.0,517.0,989.25,1107.45
c13d78fe65b94d05ad83b59494767b9f,495c261c0f484bd08e232f7358452c4d,4,mixto,0.5,0.5,3.0,163.0,329.75,345.95
b6a7ac98c6704aa6b6512efa5fa8dbfe,d74a389b77734996ba37fa61a0d08341,4,mixto,0.0,0.0,421.25,422.0,423.0,425.4
02f0f8beb94542deac503efd6a774262,0faae9b6b5084555a1873eff484b4d9c,4,mixto,0.0,0.0,191.75,257.0,385.0,634.6
fb944d98fea445bda57de000993d3e25,209ce526160947f0b398566cd4cbfd0d,4,mixto,0.0,0.5,41.0,95.0,172.25,240.05
6a322ad743e3464bae56d2d9b180078a,18bec3e707784a978d9d89f2967f87de,4,mixto,0.0,0.0,218.5,298.0,381.5,461.9
62a5285108824e269a3fa09e9c233440,209ce526160947f0b398566cd4cbfd0d,4,mixto,0.0,0.0,403.75,542.5,724.75,896.95
ef1dd1f1a5b94d0eacb669f7b3ec2911,c5b83bbfa22c4c31a5743485b4c6e524,4,mixto,0.0,0.25,50.5,71.5,99.75,142.35
6a91c10b9e8341afbd387fb72bab3cf7,bf676d9b342d438d8bd0b02c718133af,4,mixto,0.0,0.5,45.25,67.0,87.75,115.95
67eb30db49f240b08ab2b3f422f92cdf,fb944d98fea445bda57de000993d3e25,4,mixto,0.0,0.75,49.5,52.5,56.25,64.05
123,3a631284571347bf8acba49209e63034,4,mixto,0.0,0.25,58.25,72.5,86.75,95.75
2549b51828ce40af920a932dd2102217,a7925c7ee6674a30ae9f3f4045785095,4,mixto,0.0,0.0,153.0,201.0,256.75,308.95
67339e06f4b44f78994ff4785178807a,0faae9b6b5084555a1873eff484b4d9c,4,mixto,0.0,0.0,235.75,385.5,535.25,535.85
006b85a984e94ce88ddb035ec01b2d70,6f7b8ef5a7204c4b92d0ca778317d790,4,mixto,0.0,0.25,169.0,265.0,315.25,335.05
d254feea701346a399887b9fe59ac61a,64d9be8046574fbfbc1fb14c9912afea,4,mixto,0.0,0.5,26.25,268.0,505.0,509.8
abd6ab0229c643338812eb3a1707c053,6d52b87b5a964c61ad7e28afd9499f18,4,mixto,0.0,0.25,64.0,154.5,291.75,413.55
e10304f95c2b40738695563eb9b8662c,123,4,mixto,0.0,0.0,251.5,593.0,921.0,921.0
2549b51828ce40af920a932dd2102217,55c1817c84554dc881bc439a4b00abed,4,mixto,0.0,0.25,156.25,191.0,352.5,735.3
eaf8f2b0ccd04cf2a7bfcf357fe88ca2,1eec93924a1046efbad70c851782ab8a,4,mixto,0.0,0.0,144.75,219.5,294.25,294.85
ac8e668f620b403b9ccc6486c0e365c7,6a322ad743e3464bae56d2d9b180078a,4,mixto,0.25,1.0,6.25,9.0,11.75,13.55
ae4caa1cb2154cac89440f3fe18251cb,894c246eb00a482da371617f75149e30,4,mixto,0.0,0.0,333.25,373.5,374.25,374.85
e7c03dd9e5044ca7a0945b6bbe4be826,c82f84bf3f2b451393445a0cb6883665,4,mixto,0.0,0.25,70.25,83.0,336.5,942.5
d74a389b77734996ba37fa61a0d08341,4a94478dd25f4430a0a023b87e11170d,4,mixto,0.0,0.0,342.0,353.5,365.0,365.0
67eb30db49f240b08ab2b3f422f92cdf,285f4ab87d9a4484a4e8fa6e7db43fe6,4,mixto,0.0,1.0,23.0,35.0,47.0,47.0
347178b052294153af290d6a84589868,7d0c4697a4f849e38021ccb192e0b4a7,4,mixto,0.0,0.0,185.75,243.0,300.25,312.85
3d53606b24144d12b360d33834a62638,9c9359fefd164d388f8a5edc2bac301e,4,mixto,0.0,0.5,38.25,72.5,153.0,287.4
b15e46acff6b4a7487ad18cdac3a21d0,e8dde9d26979498786c6ba5a82f70ad3,4,mixto,0.0,0.0,435.5,632.5,837.75,957.15
2629fabfb8e7428bb34e3d4f43ffdc9b,2549b51828ce40af920a932dd2102217,4,mixto,0.0,1.0,14.75,29.0,45.25,55.45
006b85a984e94ce88ddb035ec01b2d70,64d9be8046574fbfbc1fb14c9912afea,4,mixto,0.0,0.0,112.5,181.0,238.75,254.95
209ce526160947f0b398566cd4cbfd0d,8c1942e0cdce4f71b53f62474322f0b7,4,mixto,0.25,0.5,6.75,44.5,108.0,172.8
123,c06dcb061aed4e85bfb713760c77034b,4,mixto,0.0,1.0,5.75,7.5,10.75,14.95
eaf8f2b0ccd04cf2a7bfcf357fe88ca2,cc892c05f6d94315be2b7539e45b9170,4,mixto,0.0,0.0,197.75,253.5,401.75,701.15
55c1817c84554dc881bc439a4b00abed,ee00832abfba40b38335ce48a12981b5,4,mixto,0.0,0.0,125.5,144.0,174.5,206.9
c5b83bbfa22c4c31a5743485b4c6e524,ab2dd6e0890c4b5483973add6fa1b91b,4,mixto,0.0,0.25,89.0,125.5,179.25,259.05
4a94478dd25f4430a0a023b87e11170d,c7d9f088b4be4e38924fcfa78a6b5496,4,mixto,0.0,0.25,61.25,675.5,1289.75,1301.15
fdd7e5cf453e42d7b8cb2334d3a7bff9,ee00832abfba40b38335ce48a12981b5,4,mixto,0.0,0.25,225.5,528.5,775.25,780.65
ad571b40258e4862b37b31fbbe2d8ab5,e8dde9d26979498786c6ba5a82f70ad3,4,mixto,0.0,0.25,168.75,281.0,541.75,1023.55
efc2ff990ea34f39b9cc691bfe733130,123,4,mixto,0.0,0.0,315.75,464.0,612.0,612.0
95b7bf6083634811b6ec1552e2ed5fad,4a94478dd25f4430a0a023b87e11170d,4,mixto,0.0,0.0,147.0,163.5,213.0,292.2
209ce526160947f0b398566cd4cbfd0d,585115d181ea4a77bf361f06a32100ea,4,mixto,0.0,0.25,73.0,98.5,420.75,1185.75
9a8b89a81b6a4af6a344229958ea3cdf,44568175e9ff4fdcb98cd4e9d368ce11,4,mixto,0.0,0.0,185.75,211.5,236.5,259.3
9a76efc4c34e4bd7843206658dc45454,cc24befdf2774590868faf92c745d561,4,mixto,0.0,1.0,16.0,25.0,33.75,35.55
c13d78fe65b94d05ad83b59494767b9f,ea62071feb644e4e81394dfa5c500ff3,4,mixto,0.25,0.25,81.0,282.0,549.0,769.8
dfd423dde87b47d382b736a15a36ac68,dc821110e3f34bf3984d61955ced2e69,4,mixto,0.25,0.75,28.25,39.0,69.75,138.75
b972e814004e4624a566f308901cca7c,374a9a2f750b45b0b6fcb95978f22039,4,mixto,0.0,0.5,44.0,101.0,313.75,699.55
8ccf6c97b6eb4670bafec186fbe64f85,123,4,mixto,0.0,0.0,275.75,341.5,439.0,669.4
b972e814004e4624a566f308901cca7c,1eec93924a1046efbad70c851782ab8a,4,mixto,0.0,0.0,197.5,320.0,442.5,482.1
94d27864f86d422faa68efccb908cc34,cc892c05f6d94315be2b7539e45b9170,4,mixto,0.0,0.25,79.5,120.5,163.0,218.2
9a76efc4c34e4bd7843206658dc45454,b8386b6963a4492db355f0f70be3a3e2,4,mixto,0.25,0.5,22.0,78.5,147.0,190.2
4f22549f9d3a443cb041c0e55395dbf1,dc821110e3f34bf3984d61955ced2e69,4,mixto,0.0,0.75,12.5,30.0,53.5,73.9
c765193a11274b73b1ffa97efd6fbc3b,94d27864f86d422faa68efccb908cc34,4,mixto,0.0,1.0,30.0,30.5,31.0,31.0
d5dac98442bb425ba884809990aa064d,68b13a1228424526b43e2f78716efd3b,4,mixto,0.0,0.0,108.75,180.5,246.0,262.8
44db06efed134a91bffa7407f60d7979,ae5b803c779a4b38b70f9e4b6d33dc26,4,mixto,0.0,0.5,20.5,93.0,165.5,166.7
be89c84ae27c40c3a5ee2840d95e5d5d,67339e06f4b44f78994ff4785178807a,4,mixto,0.0,0.0,295.0,370.5,394.75,444.55
3af2d18b09e6443fa289e956fc10669f,495c261c0f484bd08e232f7358452c4d,4,mixto,0.0,0.25,148.5,394.5,617.0,665.0
8ccf6c97b6eb4670bafec186fbe64f85,fba5ab8c38d3426492c31c99ad569bdb,4,mixto,0.0,0.0,180.75,192.0,254.0,376.4
309b72a99d154079a6ab5d23444fd7dd,b972e814004e4624a566f308901cca7c,4,mixto,0.25,0.25,66.0,129.5,189.5,231.5
31050e1a1dcb4c9899ba77be32449e54,95b7bf6083634811b6ec1552e2ed5fad,4,mixto,0.0,0.25,64.75,209.0,353.25,368.25
dd7629fec91f4599b3cf8c0dd0b984ac,51e1587ac2364f19bb4a9344841af223,4,mixto,0.0,0.0,678.25,912.0,979.5,995.1
b6a7ac98c6704aa6b6512efa5fa8dbfe,dc821110e3f34bf3984d61955ced2e69,4,mixto,0.0,0.5,33.0,80.0,309.5,766.7
86144f0d3b814c1d8c013f7aade6c55d,ef1dd1f1a5b94d0eacb669f7b3ec2911,4,mixto,0.25,0.25,204.0,792.5,1314.25,1314.85
4f22549f9d3a443cb041c0e55395dbf1,6daae6995cb245348bb2b5432ccc9948,4,mixto,0.0,0.0,297.75,331.5,494.0,851.6
ae412e532f1a48428bd0c5ad1f02f816,780fb7c030e043f7bd9f40ca4ab06bd4,4,mixto,0.0,0.0,197.25,232.5,273.75,361.95
c82f84bf3f2b451393445a0cb6883665,e423b8339a57485d8b524937d93e4f44,4,mixto,0.0,0.5,13.75,56.5,287.25,739.05
136c7b7db74f4354ae8721ced4db4e39,006b85a984e94ce88ddb035ec01b2d70,4,mixto,0.0,0.0,898.75,965.5,1032.25,1032.85
08165f6182bc4dfc9dc1d7774508bbc6,818d938a32ad4dc19cfd13f6575ddc5a,4,mixto,0.0,0.0,734.75,848.0,970.75,1030.15
1bb1657eb2eb43808f0529810258aa3b,ee00832abfba40b38335ce48a12981b5,3,mixto,0.0,0.0,431.5,633.0,761.5,864.3
347178b052294153af290d6a84589868,fd595f24910c4126b7398b3e081af528,3,mixto,0.0,0.3333,65.0,84.0,104.5,120.9
495c261c0f484bd08e232f7358452c4d,d0b1e3a4c2434e65be47566dcc3e2ee0,3,mixto,0.0,0.0,172.5,174.0,206.0,231.6
6a91c10b9e8341afbd387fb72bab3cf7,e9793e137f8c4928980c8de4aeb9e473,3,mixto,0.0,0.6667,32.0,51.0,58.5,64.5
123,527213d7d4294edebe57db0d54f838f8,3,mixto,0.0,0.0,785.0,786.0,788.5,790.5
31050e1a1dcb4c9899ba77be32449e54,6743ad379b094f98ad903d0f0304add1,3,mixto,0.0,0.3333,208.5,409.0,443.0,470.2
6e12533e73a048efa8bcc0a30f2b7684,b7c988fa6132435480b57f66696827fd,3,mixto,0.0,0.3333,138.0,266.0,631.5,923.9
6e12533e73a048efa8bcc0a30f2b7684,387ff07354a74657a44369e05d83234a,3,mixto,0.0,0.3333,55.5,63.0,74.5,83.7
2549b51828ce40af920a932dd2102217,9a8b89a81b6a4af6a344229958ea3cdf,3,mixto,0.0,0.6667,21.0,31.0,77.0,113.8
449f058c212e48fd816264e10ee2d594,8af63e063a2a42098caed55eeb24acf0,3,mixto,0.0,1.0,30.5,32.0,34.5,36.5
dfd423dde87b47d382b736a15a36ac68,1bb1657eb2eb43808f0529810258aa3b,3,mixto,0.0,0.0,237.5,287.0,298.0,306.8
67eb30db49f240b08ab2b3f422f92cdf,eae6a8d122774db4ba88162a875db6a6,3,mixto,0.0,0.0,237.0,241.0,251.0,259.0
ffaec74bfd414f8394bab077a989e27f,6bcf44d8a73c473cb78f0cb92508a232,3,mixto,0.3333,0.6667,9.0,17.0,220.0,382.4
9ae54d261e454c93ae1c2cdec0fd03e6,9c9359fefd164d388f8a5edc2bac301e,3,mixto,0.0,0.0,135.5,142.0,179.5,209.5
9a76efc4c34e4bd7843206658dc45454,a4b6a99bdf274e679d55747b64987bc5,3,mixto,0.0,1.0,5.0,5.0,5.5,5.9
117d6d62a9844fd38fdb5d53e5cbc844,123,3,mixto,0.0,1.0,15.0,22.0,23.5,24.7
0e11736fc9c24dbea92c4f3a6453a160,fb74231009884254b2d13b0fd9056247,3,mixto,0.0,0.3333,46.5,66.0,66.0,66.0
5492b6e4db6948aca469c21d05b18721,c13d78fe65b94d05ad83b59494767b9f,3,mixto,0.0,0.6667,28.0,31.0,65.0,92.2
2549b51828ce40af920a932dd2102217,0335e32e61b248ae8ab98cb955f915dd,3,mixto,0.0,0.3333,56.0,76.0,152.0,212.8
67eb30db49f240b08ab2b3f422f92cdf,4461c788433345b8a4a296b35aa9499d,3,mixto,0.0,0.3333,93.0,139.0,153.5,165.1
eaf8f2b0ccd04cf2a7bfcf357fe88ca2,5af95b4c9eec408dad00e7b5a2a16b92,3,mixto,0.0,0.0,214.0,216.0,310.5,386.1
ae54454684154c25bd33c6e04609652b,38b3f29fe39b4e87b5f7982165de8cf1,3,mixto,0.0,0.0,307.0,366.0,413.5,451.5
d602a0071f3f4db8b37a87cffd89bf23,eb838855f2344f65a4c925df80cdcad5,3,mixto,0.0,0.0,214.5,221.0,340.5,436.1
b7c988fa6132435480b57f66696827fd,ae4caa1cb2154cac89440f3fe18251cb,3,mixto,0.0,0.3333,91.5,124.0,727.5,1210.3
ddf47b043bc04fa0bd7d61b8af3f9b2c,c5b83bbfa22c4c31a5743485b4c6e524,3,mixto,0.0,1.0,17.5,18.0,27.5,35.1
b2ace35bc76642f495f04addfca9e3aa,eaf8f2b0ccd04cf2a7bfcf357fe88ca2,3,mixto,0.0,0.3333,148.0,240.0,255.5,267.9
3af2d18b09e6443fa289e956fc10669f,eaf8f2b0ccd04cf2a7bfcf357fe88ca2,3,mixto,0.0,0.3333,281.5,508.0,517.0,524.2
dd7629fec91f4599b3cf8c0dd0b984ac,9b5aaa3a004344fb87124fb7fbc9f49c,3,mixto,0.3333,1.0,15.0,28.0,34.5,39.7
4f4d89fa8ce34da19ecb340c1d267a3e,64d9be8046574fbfbc1fb14c9912afea,3,mixto,0.3333,0.3333,85.5,170.0,170.5,170.9
f883bd6d70b043a09837e8b888fe3f65,d0b1e3a4c2434e65be47566dcc3e2ee0,3,mixto,0.0,0.3333,96.0,187.0,212.5,232.9
26ce850e25c04398a2da12f4478e7597,eaf8f2b0ccd04cf2a7bfcf357fe88ca2,3,mixto,0.0,0.6667,49.5,57.0,117.0,165.0
dd7629fec91f4599b3cf8c0dd0b984ac,de90d8af20f547aaa9b3300c76251188,3,mixto,0.0,0.0,586.0,869.0,1120.0,1320.8
3346db58cd2d474fbcf63e827462b85d,0f33ab6447034fe49d1629353a119e47,3,mixto,0.0,0.0,196.5,332.0,443.0,531.8
94d27864f86d422faa68efccb908cc34,b6a7ac98c6704aa6b6512efa5fa8dbfe,3,mixto,0.0,0.0,125.5,141.0,278.5,388.5
f2eaffaf45b84b9c8e39cc303a97e9d7,67eb30db49f240b08ab2b3f422f92cdf,3,mixto,0.0,0.3333,99.0,159.0,298.5,410.1
2549b51828ce40af920a932dd2102217,03bd6e11bc9246339a1812eb74331dd6,3,mixto,0.0,0.0,255.0,373.0,422.5,462.1
ae54454684154c25bd33c6e04609652b,4830b97416a14d1485ccb85c9f9baa4e,3,mixto,0.0,0.0,134.5,135.0,198.0,248.4
2ff516ac74a44ebfa3a522adbde28a0f,fba5ab8c38d3426492c31c99ad569bdb,3,mixto,0.0,0.6667,8.5,9.0,602.5,1077.3
6e12533e73a048efa8bcc0a30f2b7684,4a94478dd25f4430a0a023b87e11170d,3,mixto,0.0,0.0,696.0,920.0,920.5,920.9
3d639e0a581e4afbbc3976eed669f5c6,eaf8f2b0ccd04cf2a7bfcf357fe88ca2,3,mixto,0.0,0.0,335.5,485.0,511.5,532.7
d74a389b77734996ba37fa61a0d08341,cb9e2b9dd1cd44c5b7d4fdcfbbf3f5e0,3,mixto,0.0,0.0,342.5,344.0,344.5,344.9
1eec93924a1046efbad70c851782ab8a,b9e3f79c40594953af24e9a43eba4e0c,3,mixto,0.0,1.0,39.5,44.0,44.5,44.9
f883bd6d70b043a09837e8b888fe3f65,ef1dd1f1a5b94d0eacb669f7b3ec2911,3,mixto,0.0,0.3333,77.5,134.0,137.5,140.3
ef1dd1f1a5b94d0eacb669f7b3ec2911,2ae2ca1a377048a58815f54a432f8a21,3,mixto,0.0,0.3333,59.5,84.0,245.0,373.8
6a322ad743e3464bae56d2d9b180078a,d0b1e3a4c2434e65be47566dcc3e2ee0,3,mixto,0.0,0.0,259.0,259.0,260.5,261.7
ef1dd1f1a5b94d0eacb669f7b3ec2911,6a91c10b9e8341afbd387fb72bab3cf7,3,mixto,0.0,1.0,21.0,21.0,33.0,42.6
d78965c7cc7241de9494df4348e86691,b972e814004e4624a566f308901cca7c,3,mixto,0.0,0.0,198.5,199.0,214.0,226.0
5492b6e4db6948aca469c21d05b18721,8c4b94e7835b495e90eeca57d62cd1ff,3,mixto,0.0,0.0,146.5,150.0,163.5,174.3
2549b51828ce40af920a932dd2102217,b3eb39eeec084dcd92806f5f6081e175,3,mixto,0.0,0.0,386.0,631.0,733.5,815.5
c39e8d94c06848008c0f7db6d3708af9,4a94478dd25f4430a0a023b87e11170d,3,mixto,0.0,0.0,777.5,781.0,816.0,844.0
2549b51828ce40af920a932dd2102217,c567f19e4b0b409491faa28b331bf1d3,3,mixto,0.0,0.3333,46.5,77.0,99.0,116.6
b4206ac5e3224dfd900588a8f7caf95e,6e12533e73a048efa8bcc0a30f2b7684,3,mixto,0.0,1.0,15.5,17.0,20.0,22.4
4060f34dc33042fda53efdfd0594b679,0f33ab6447034fe49d1629353a119e47,3,mixto,0.0,0.3333,42.0,77.0,128.5,169.7
123,463f33b89c2c4f13aa89f8f5d5096d6a,3,mixto,0.0,0.6667,44.5,59.0,136.0,197.6
9c503a3a614d483f8feb0de5edd9a9ba,d602a0071f3f4db8b37a87cffd89bf23,3,mixto,0.3333,1.0,6.0,11.0,17.0,21.8
4a94478dd25f4430a0a023b87e11170d,6bcf44d8a73c473cb78f0cb92508a232,3,mixto,0.0,0.6667,24.0,31.0,69.5,100.3
e8dde9d26979498786c6ba5a82f70ad3,40fc9588a8e04b28852ec1163528bb8a,3,mixto,0.0,0.3333,415.0,801.0,822.0,838.8
c39e8d94c06848008c0f7db6d3708af9,9a76efc4c34e4bd7843206658dc45454,3,mixto,0.3333,1.0,4.5,5.0,7.0,8.6
7fe316acf65941599252e923db155612,5f686fded1294c02a7a5c3298f2eec5b,3,mixto,0.0,0.0,960.5,1320.0,1325.5,1329.9
c5b83bbfa22c4c31a5743485b4c6e524,7ed3e9e974dc459dbb5d5526953d17c6,3,mixto,0.0,0.3333,320.5,617.0,957.0,1229.0
edd67e7adef0443982c72ffc4d55ca4a,c82f84bf3f2b451393445a0cb6883665,3,mixto,0.0,0.0,540.5,541.0,849.0,1095.4
c765193a11274b73b1ffa97efd6fbc3b,f883bd6d70b043a09837e8b888fe3f65,3,mixto,0.0,0.0,103.0,144.0,230.5,299.7
780fb7c030e043f7bd9f40ca4ab06bd4,9a76efc4c34e4bd7843206658dc45454,3,mixto,0.6667,0.6667,2.5,3.0,132.5,236.1
eaf8f2b0ccd04cf2a7bfcf357fe88ca2,fe1194092c934e70b824f3014a2f020d,3,mixto,0.0,0.0,165.5,194.0,369.0,509.0
67339e06f4b44f78994ff4785178807a,a7925c7ee6674a30ae9f3f4045785095,3,mixto,0.0,0.0,119.5,143.0,276.0,382.4
5ad019e5f0e445e8b37fc4ed60a3447c,6d252a9b7f244a0180f6c2a1ff39d2fe,3,mixto,0.0,1.0,16.5,20.0,20.0,20.0
74ed652f9a9242c590651fe4cff0d492,123,3,mixto,0.0,0.3333,154.0,303.0,306.5,309.3
9b9d3e3ece844158b34a416ddcfd686b,006b85a984e94ce88ddb035ec01b2d70,3,mixto,0.0,0.0,102.5,129.0,168.0,199.2
cce309a83d0f482a829a610f1695bfee,c2f8201a4d224d81babdcea072e5cec4,3,mixto,0.0,0.0,302.0,329.0,342.0,352.4
86480a9f563349b1a2974d9f43548e59,a4db025d032f42578306d5461abdda40,3,mixto,0.0,0.0,719.5,795.0,988.0,1142.4
91f3f86897ff4ae39e50cbd7035fa8af,387ff07354a74657a44369e05d83234a,3,mixto,0.0,1.0,15.0,18.0,25.0,30.6
123,c599d10f1d6a441b9a1a297073d5bd31,3,mixto,0.0,0.0,149.0,155.0,175.5,191.9
3346db58cd2d474fbcf63e827462b85d,638aea308ffb483198d5c1387e2cc017,3,mixto,0.0,0.0,133.0,164.0,212.0,250.4
7f2c2c35a2de4624ad938147f73f271a,86144f0d3b814c1d8c013f7aade6c55d,3,mixto,0.0,0.3333,168.5,299.0,339.5,371.9
59dd121f53ac44ddb03bf52488eec671,5492b6e4db6948aca469c21d05b18721,3,mixto,0.0,0.3333,92.5,148.0,181.0,207.4
b03b7030f1014eb2bbc31b681f8ae2d7,347178b052294153af290d6a84589868,3,mixto,0.0,0.3333,59.0,89.0,103.0,114.2
ffaec74bfd414f8394bab077a989e27f,34acd5e31fc14060a1a96777113872bd,3,mixto,0.0,1.0,9.0,12.0,17.0,21.0
495c261c0f484bd08e232f7358452c4d,5235b9f356954973a226cb6fc12c9d6e,3,mixto,0.0,0.0,1178.0,1178.0,1179.0,1179.8
a3d2f5bccc104cf6bdd3817c86236b0e,88d08ee1a5384a7fbe4bfddb8928ce82,3,mixto,0.0,0.3333,153.5,266.0,276.0,284.0
4f22549f9d3a443cb041c0e55395dbf1,cb9e2b9dd1cd44c5b7d4fdcfbbf3f5e0,3,mixto,0.0,0.6667,44.5,47.0,73.5,94.7
0f33ab6447034fe49d1629353a119e47,9ae54d261e454c93ae1c2cdec0fd03e6,3,mixto,0.0,0.3333,52.0,70.0,376.0,620.8
9f3c39663dac4e6791811016adc217da,123,3,mixto,0.0,0.6667,23.5,39.0,234.0,390.0
9f88dc88029e42d3a5b082ab396be6d3,fb3957569a8d49528c3571bcb4703f55,3,mixto,0.3333,1.0,12.0,22.0,22.0,22.0
ae09dafa2f8e427ba37c7a8afef6d154,2ae2ca1a377048a58815f54a432f8a21,3,mixto,0.0,0.6667,29.0,42.0,56.0,67.2
123,331cb18d7d51484fb07794a30ddbef6e,3,mixto,0.0,0.3333,55.0,92.0,95.5,98.3
8af63e063a2a42098caed55eeb24acf0,0e11736fc9c24dbea92c4f3a6453a160,3,mixto,0.3333,1.0,14.0,26.0,26.0,26.0
856e64720e4f47afa86454cee150efd5,6d52b87b5a964c61ad7e28afd9499f18,3,mixto,0.0,0.6667,26.0,37.0,48.5,57.7
f31ed616d84449edb5fdd8cd332552b2,025eebbc74ba4738b90c87e459ea29de,3,mixto,0.0,0.3333,142.0,277.0,673.5,990.7
e423b8339a57485d8b524937d93e4f44,2a4a00c47ac6468395984ee10ebc8dc3,3,mixto,0.0,1.0,8.5,9.0,14.5,18.9
006b85a984e94ce88ddb035ec01b2d70,209ce526160947f0b398566cd4cbfd0d,3,mixto,0.6667,0.6667,3.5,4.0,108.5,192.1
91f3f86897ff4ae39e50cbd7035fa8af,894c246eb00a482da371617f75149e30,3,mixto,0.0,0.0,449.0,806.0,876.0,932.0
c41ab43393dc4726a332cda4062bd83e,9a76efc4c34e4bd7843206658dc45454,3,mixto,0.0,1.0,12.5,19.0,19.5,19.9
52449c34bb1e47fe81802bf322dae8ee,347178b052294153af290d6a84589868,3,mixto,0.0,0.3333,411.5,817.0,822.5,826.9
347178b052294153af290d6a84589868,c765193a11274b73b1ffa97efd6fbc3b,3,mixto,0.0,0.0,658.0,658.0,658.0,658.0
0b145fb41bc84dc58a5beb5b4ef11b17,08165f6182bc4dfc9dc1d7774508bbc6,3,mixto,0.0,1.0,25.0,43.0,46.0,48.4
620c600471844207a3826707fe3e8e8e,2549b51828ce40af920a932dd2102217,3,mixto,0.0,0.6667,13.0,17.0,223.5,388.7
0f33ab6447034fe49d1629353a119e47,5492b6e4db6948aca469c21d05b18721,3,mixto,0.0,0.3333,217.5,408.0,442.0,469.2
856e64720e4f47afa86454cee150efd5,4461c788433345b8a4a296b35aa9499d,3,mixto,0.0,0.6667,34.0,53.0,129.0,189.8
3f5b60933b964357b7cdc0c3077ae24d,9963de59629c454c9b3eb0d426338fcf,3,mixto,0.0,0.6667,37.0,57.0,446.5,758.1
94d27864f86d422faa68efccb908cc34,31050e1a1dcb4c9899ba77be32449e54,3,mixto,0.0,0.0,269.5,389.0,856.0,1229.6
035b14f7f84242ef8ca0e78b0352777d,91f3f86897ff4ae39e50cbd7035fa8af,3,mixto,0.0,0.3333,55.5,89.0,137.5,176.3
123,16ffe077cc1a4b11a19bea91abce6f9c,3,mixto,0.0,0.0,95.5,113.0,170.5,216.5
41da80f6154c4d918166fc43862f5d78,638aea308ffb483198d5c1387e2cc017,3,mixto,0.0,0.6667,45.0,56.0,253.5,411.5
3a631284571347bf8acba49209e63034,dd7629fec91f4599b3cf8c0dd0b984ac,3,mixto,0.0,0.0,118.0,133.0,310.0,451.6
5cb622f7d39d4c06aa879b224170b552,9c9359fefd164d388f8a5edc2bac301e,3,mixto,0.0,0.0,190.5,251.0,319.5,374.3
1ad6835586034de0b29f4a402b182c6c,b31017b848694be1b92f15c6dad1ca2c,3,mixto,0.0,1.0,7.5,8.0,9.0,9.8
b6a7ac98c6704aa6b6512efa5fa8dbfe,74e60dc3bc26493d81088e4d322b7c39,3,mixto,0.0,0.6667,16.0,17.0,46.5,70.1
347178b052294153af290d6a84589868,ddf47b043bc04fa0bd7d61b8af3f9b2c,3,mixto,0.0,0.0,264.5,271.0,271.0,271.0
347178b052294153af290d6a84589868,a7925c7ee6674a30ae9f3f4045785095,3,mixto,0.0,0.0,487.0,650.0,708.5,755.3
2ae2ca1a377048a58815f54a432f8a21,75beb592846a4eb3a6859376d1e1063b,3,mixto,0.0,0.6667,33.5,34.0,171.0,280.6
6d52b87b5a964c61ad7e28afd9499f18,ae412e532f1a48428bd0c5ad1f02f816,3,mixto,0.0,0.0,156.5,164.0,187.0,205.4
3e2a4d42827d43d0b90248199e58e98e,eaf8f2b0ccd04cf2a7bfcf357fe88ca2,3,mixto,0.0,0.3333,59.5,100.0,350.5,550.9
80d8324451a74ae887a93c2bee8b5d3d,ae4caa1cb2154cac89440f3fe18251cb,3,mixto,0.0,0.0,84.0,107.0,134.5,156.5
295b6153828349ea914a9cda6020bafa,9c9359fefd164d388f8a5edc2bac301e,3,mixto,0.0,0.3333,81.0,147.0,307.0,435.0
03bd6e11bc9246339a1812eb74331dd6,bc82f932b75d45728359269b4c43409d,3,mixto,0.0,0.0,724.5,803.0,866.5,917.3
0f33ab6447034fe49d1629353a119e47,20acab350ddf489c931028b7a6a1ff99,3,mixto,0.0,0.3333,215.0,400.0,675.0,895.0
88d08ee1a5384a7fbe4bfddb8928ce82,942d80695ebe4218af105e03e6622f49,3,mixto,0.0,0.0,174.0,174.0,178.0,181.2
56da1c80cfea4a5b83326bfef271fc3e,9c9359fefd164d388f8a5edc2bac301e,3,mixto,0.0,0.0,178.5,179.0,210.5,235.7
4a94478dd25f4430a0a023b87e11170d,5aa6e3bc0b7f4c63b247ac04ca400129,3,mixto,0.0,0.3333,81.5,154.0,205.0,245.8
fd595f24910c4126b7398b3e081af528,ae54454684154c25bd33c6e04609652b,3,mixto,0.0,0.6667,10.5,16.0,426.0,754.0
2549b51828ce40af920a932dd2102217,dab6b8ce23604fa7b9ace2c2121d943e,3,mixto,0.0,0.0,159.0,173.0,309.0,417.8
888fb026b62d4a75920fe44a0af43ad4,d602a0071f3f4db8b37a87cffd89bf23,3,mixto,0.0,0.0,145.5,157.0,287.5,391.9
5aa6e3bc0b7f4c63b247ac04ca400129,02f0f8beb94542deac503efd6a774262,3,mixto,0.0,0.3333,47.0,76.0,192.0,284.8
5235b9f356954973a226cb6fc12c9d6e,67eb30db49f240b08ab2b3f422f92cdf,3,mixto,0.0,0.0,438.0,512.0,512.0,512.0
c82f84bf3f2b451393445a0cb6883665,44568175e9ff4fdcb98cd4e9d368ce11,3,mixto,0.0,0.3333,266.5,475.0,475.0,475.0
4f22549f9d3a443cb041c0e55395dbf1,67339e06f4b44f78994ff4785178807a,3,mixto,0.0,0.0,339.5,340.0,694.5,978.1
03bd6e11bc9246339a1812eb74331dd6,b972e814004e4624a566f308901cca7c,3,mixto,0.0,0.6667,8.0,10.0,186.5,327.7
b15e46acff6b4a7487ad18cdac3a21d0,6a322ad743e3464bae56d2d9b180078a,3,mixto,0.0,1.0,6.0,7.0,13.0,17.8
228ce6ed11d14e84ac2ae00cb5639515,e1669d0517f14a979d9a93159b4906b0,3,mixto,0.0,0.0,135.5,193.0,196.5,199.3
295b6153828349ea914a9cda6020bafa,c52ceac3693c4644bb20f07dd8aa7103,3,mixto,0.3333,0.3333,134.5,266.0,271.0,275.0
4461c788433345b8a4a296b35aa9499d,ffaec74bfd414f8394bab077a989e27f,3,mixto,0.0,0.0,260.5,277.0,640.0,930.4
0dfdb4894c0e486faae2751590db44b8,2549b51828ce40af920a932dd2102217,3,mixto,0.0,1.0,11.5,18.0,28.0,36.0
64d9be8046574fbfbc1fb14c9912afea,68b13a1228424526b43e2f78716efd3b,3,mixto,0.0,0.0,238.0,245.0,245.5,245.9
067325b206034a09a16597b6c55d26a8,495c261c0f484bd08e232f7358452c4d,3,mixto,0.0,0.0,513.0,535.0,885.0,1165.0
209ce526160947f0b398566cd4cbfd0d,387ff07354a74657a44369e05d83234a,3,mixto,0.0,0.0,605.0,1127.0,1142.5,1154.9
671dca542e094f3d90cb15883bd89274,fa2253c4c2274ef49d59c93e747deaa0,3,mixto,0.3333,0.6667,25.0,50.0,347.0,584.6
a7925c7ee6674a30ae9f3f4045785095,ae412e532f1a48428bd0c5ad1f02f816,3,mixto,0.0,0.3333,61.0,104.0,127.5,146.3
0c9b4939dda942a09aff8e8b1db03917,c82f84bf3f2b451393445a0cb6883665,3,mixto,0.0,0.6667,48.5,50.0,497.5,855.5
9f3c39663dac4e6791811016adc217da,c82f84bf3f2b451393445a0cb6883665,3,mixto,0.0,0.0,201.0,219.0,671.0,1032.6
9a76efc4c34e4bd7843206658dc45454,a77e76b1e0eb4cc3ae3a1df547fbf4cb,3,mixto,0.6667,1.0,2.5,4.0,4.5,4.9
4f22549f9d3a443cb041c0e55395dbf1,f883bd6d70b043a09837e8b888fe3f65,3,mixto,0.0,1.0,28.0,29.0,30.0,30.8
2ff516ac74a44ebfa3a522adbde28a0f,638aea308ffb483198d5c1387e2cc017,3,mixto,0.0,0.6667,35.5,36.0,56.0,72.0
c5b83bbfa22c4c31a5743485b4c6e524,b1b009877e0c4e0790fd92559d853d69,3,mixto,0.0,0.0,534.5,889.0,985.0,1061.8
2ae2ca1a377048a58815f54a432f8a21,f883bd6d70b043a09837e8b888fe3f65,3,mixto,0.0,0.0,170.5,280.0,543.5,754.3
75f9d382b18d402fae4a2061eb768169,123,3,mixto,0.0,0.3333,136.0,260.0,382.5,480.5
dc821110e3f34bf3984d61955ced2e69,68b13a1228424526b43e2f78716efd3b,3,mixto,0.0,0.0,410.0,624.0,627.0,629.4
d602a0071f3f4db8b37a87cffd89bf23,c7898e94d376496db2a6d220f486db47,3,mixto,0.0,0.3333,145.0,238.0,247.5,255.1
9c9359fefd164d388f8a5edc2bac301e,1c6f1fdb9e7544aaac5f4daf9243ca1e,3,mixto,0.0,0.3333,48.5,74.0,101.0,122.6
c52ceac3693c4644bb20f07dd8aa7103,fe447d5ca733434bbf33b0c6092787c5,3,mixto,0.0,0.0,205.0,237.0,256.0,271.2
3752375735a74ae09881a820a0b7d394,67eb30db49f240b08ab2b3f422f92cdf,3,mixto,0.0,0.6667,39.0,53.0,315.0,524.6
3009f6f4befb498fbed7dbf1b189f47c,6d252a9b7f244a0180f6c2a1ff39d2fe,3,mixto,0.0,1.0,8.0,9.0,22.5,33.3
dd53a3b5cb47459482a47afc5202b516,64d9be8046574fbfbc1fb14c9912afea,3,mixto,0.0,1.0,12.0,14.0,19.5,23.9
ee00832abfba40b38335ce48a12981b5,645a4f092abd49f0820b8a5507e3dea0,3,mixto,0.0,0.6667,50.5,51.0,200.0,319.2
5492b6e4db6948aca469c21d05b18721,88d08ee1a5384a7fbe4bfddb8928ce82,3,mixto,0.0,0.0,178.5,197.0,245.5,284.3
95b7bf6083634811b6ec1552e2ed5fad,d8420be9114342368d9bc32882809746,3,mixto,0.0,0.3333,61.0,105.0,202.5,280.5
4f4d89fa8ce34da19ecb340c1d267a3e,1eec93924a1046efbad70c851782ab8a,3,mixto,0.0,1.0,13.5,16.0,16.5,16.9
d602a0071f3f4db8b37a87cffd89bf23,5af95b4c9eec408dad00e7b5a2a16b92,3,mixto,0.0,0.0,334.0,335.0,335.0,335.0
08165f6182bc4dfc9dc1d7774508bbc6,6e12533e73a048efa8bcc0a30f2b7684,3,mixto,0.0,1.0,23.0,29.0,38.0,45.2
0f33ab6447034fe49d1629353a119e47,ef1dd1f1a5b94d0eacb669f7b3ec2911,3,mixto,0.0,0.0,838.5,844.0,856.5,866.5
239b1152a21a4cebb35b2a9dc02b10a9,ae4caa1cb2154cac89440f3fe18251cb,3,mixto,0.0,0.3333,61.0,92.0,107.0,119.0
239b1152a21a4cebb35b2a9dc02b10a9,80d8324451a74ae887a93c2bee8b5d3d,3,mixto,0.0,1.0,35.0,36.0,37.0,37.8
9ae54d261e454c93ae1c2cdec0fd03e6,ef1dd1f1a5b94d0eacb669f7b3ec2911,3,mixto,0.0,0.3333,33.5,60.0,118.5,165.3
123,edd67e7adef0443982c72ffc4d55ca4a,3,mixto,0.0,0.3333,231.5,411.0,424.0,434.4
6d52b87b5a964c61ad7e28afd9499f18,d69a36460b0c4bee9cdc5fd2f58e6a0e,3,mixto,0.0,0.3333,148.0,267.0,284.5,298.5
0f33ab6447034fe49d1629353a119e47,b785d3ec935248ff8a8fd358f7765463,3,mixto,0.0,0.0,320.5,561.0,582.0,598.8
4f22549f9d3a443cb041c0e55395dbf1,91f3f86897ff4ae39e50cbd7035fa8af,3,mixto,0.0,0.3333,89.5,160.0,162.5,164.5
01b56ab5b9be43e19fa06300994787ec,c52ceac3693c4644bb20f07dd8aa7103,3,mixto,0.0,0.3333,96.5,176.0,544.0,838.4
4830b97416a14d1485ccb85c9f9baa4e,fd595f24910c4126b7398b3e081af528,3,mixto,0.0,1.0,15.0,20.0,20.5,20.9
94d27864f86d422faa68efccb908cc34,cd40ad229df147389504190c71de61f5,3,mixto,0.0,0.3333,80.5,144.0,577.0,923.4
c82f84bf3f2b451393445a0cb6883665,eb6b584fde4141aea5dafddee3e7ad4e,3,mixto,0.3333,0.6667,14.5,27.0,55.0,77.4
6daae6995cb245348bb2b5432ccc9948,ee00832abfba40b38335ce48a12981b5,3,mixto,0.0,0.3333,97.5,142.0,259.5,353.5
209ce526160947f0b398566cd4cbfd0d,b992e6a27eb249658efce6ca0cc286dc,3,mixto,0.0,0.3333,73.5,94.0,152.0,198.4
0de46482bc4d409c86f652534e4b47eb,67339e06f4b44f78994ff4785178807a,3,mixto,0.0,0.0,426.0,434.0,440.0,444.8
f2eaffaf45b84b9c8e39cc303a97e9d7,f883bd6d70b043a09837e8b888fe3f65,3,mixto,0.0,0.0,184.5,185.0,201.5,214.7
0b145fb41bc84dc58a5beb5b4ef11b17,ffaec74bfd414f8394bab077a989e27f,3,mixto,0.0,0.6667,22.5,23.0,106.5,173.3
478deb22cecd489eb3ed2dcc954a975b,67339e06f4b44f78994ff4785178807a,3,mixto,0.0,0.3333,81.5,136.0,172.0,200.8
eb6b584fde4141aea5dafddee3e7ad4e,ffaec74bfd414f8394bab077a989e27f,3,mixto,0.3333,0.6667,12.5,22.0,74.5,116.5
495c261c0f484bd08e232f7358452c4d,dcd0b6134a8846c1ac7171f8530945ab,3,mixto,0.0,0.6667,19.0,26.0,328.0,569.6
0de46482bc4d409c86f652534e4b47eb,e8dde9d26979498786c6ba5a82f70ad3,3,mixto,0.0,0.0,653.5,949.0,949.5,949.9
52449c34bb1e47fe81802bf322dae8ee,79bvfghg9a0a8tm25d16sddg7d61d4710,3,mixto,0.0,0.6667,39.0,42.0,89.0,126.6
ae4caa1cb2154cac89440f3fe18251cb,d254feea701346a399887b9fe59ac61a,3,mixto,0.0,0.3333,111.5,199.0,223.0,242.2
0335e32e61b248ae8ab98cb955f915dd,495c261c0f484bd08e232f7358452c4d,3,mixto,0.0,0.0,150.0,151.0,151.0,151.0
15a67718e1784a67bc978ca0dc6bc2df,ffaec74bfd414f8394bab077a989e27f,3,mixto,0.0,0.3333,61.0,66.0,88.5,106.5
79bvfghg9a0a8tm25d16sddg7d61d4710,f883bd6d70b043a09837e8b888fe3f65,3,mixto,0.3333,0.6667,19.0,34.0,364.0,628.0
08165f6182bc4dfc9dc1d7774508bbc6,38b3f29fe39b4e87b5f7982165de8cf1,3,mixto,0.0,0.0,809.0,811.0,981.0,1117.0
05877e8556fa4c0ca458d131265ffd99,d602a0071f3f4db8b37a87cffd89bf23,3,mixto,0.0,0.3333,114.0,207.0,370.0,500.4
9a76efc4c34e4bd7843206658dc45454,a7925c7ee6674a30ae9f3f4045785095,3,mixto,0.6667,1.0,3.0,3.0,4.5,5.7
ae54454684154c25bd33c6e04609652b,5492b6e4db6948aca469c21d05b18721,3,mixto,0.0,0.0,411.5,743.0,768.5,788.9
2a4a00c47ac6468395984ee10ebc8dc3,eaf8f2b0ccd04cf2a7bfcf357fe88ca2,3,mixto,0.0,0.6667,25.5,31.0,111.5,175.9
6a91c10b9e8341afbd387fb72bab3cf7,d6d4327ae40445518a3c8a6e62137cd6,3,mixto,0.6667,0.6667,1.5,2.0,188.0,336.8
7f2c2c35a2de4624ad938147f73f271a,2ae2ca1a377048a58815f54a432f8a21,3,mixto,0.0,0.3333,107.0,187.0,188.0,188.8
b3b9221510904977b1c9f12ea7108119,123,3,mixto,0.0,0.0,386.5,431.0,432.5,433.7
ae4caa1cb2154cac89440f3fe18251cb,5af95b4c9eec408dad00e7b5a2a16b92,3,mixto,0.0,0.0,339.0,345.0,350.0,354.0
d0b1e3a4c2434e65be47566dcc3e2ee0,ae412e532f1a48428bd0c5ad1f02f816,3,mixto,0.0,0.6667,16.5,18.0,159.0,271.8
209ce526160947f0b398566cd4cbfd0d,5492b6e4db6948aca469c21d05b18721,3,mixto,0.0,0.0,118.5,174.0,177.0,179.4
3e2a4d42827d43d0b90248199e58e98e,9f88dc88029e42d3a5b082ab396be6d3,3,mixto,0.0,0.6667,15.0,15.0,62.0,99.6
d0b1e3a4c2434e65be47566dcc3e2ee0,dd7629fec91f4599b3cf8c0dd0b984ac,3,mixto,0.0,0.0,769.5,784.0,869.0,937.0
6d52b87b5a964c61ad7e28afd9499f18,86144f0d3b814c1d8c013f7aade6c55d,3,mixto,0.0,0.0,171.0,209.0,275.0,327.8
d16fad3dcdb14d69b5d82776d09bb796,ae412e532f1a48428bd0c5ad1f02f816,3,mixto,0.0,0.0,114.5,151.0,175.0,194.2
5ad019e5f0e445e8b37fc4ed60a3447c,64d9be8046574fbfbc1fb14c9912afea,3,mixto,0.0,0.0,220.0,307.0,307.0,307.0
55c1817c84554dc881bc439a4b00abed,dc821110e3f34bf3984d61955ced2e69,3,mixto,0.0,0.3333,188.5,369.0,395.0,415.8
0335e32e61b248ae8ab98cb955f915dd,5af95b4c9eec408dad00e7b5a2a16b92,3,mixto,0.0,0.0,253.0,332.0,343.5,352.7
83b5865df3ba4e0a9855e3af5a41f9aa,c82f84bf3f2b451393445a0cb6883665,3,mixto,0.3333,0.6667,25.5,48.0,59.0,67.8
62a5285108824e269a3fa09e9c233440,2549b51828ce40af920a932dd2102217,3,mixto,0.3333,0.3333,120.0,238.0,246.0,252.4
5f686fded1294c02a7a5c3298f2eec5b,74e60dc3bc26493d81088e4d322b7c39,3,mixto,0.0,0.0,195.5,270.0,301.0,325.8
08165f6182bc4dfc9dc1d7774508bbc6,88d08ee1a5384a7fbe4bfddb8928ce82,3,mixto,0.3333,0.6667,4.0,7.0,59.0,100.6
a7925c7ee6674a30ae9f3f4045785095,e8dde9d26979498786c6ba5a82f70ad3,3,mixto,0.0,0.6667,33.5,50.0,388.0,658.4
dd7629fec91f4599b3cf8c0dd0b984ac,0b145fb41bc84dc58a5beb5b4ef11b17,3,mixto,0.0,0.6667,20.0,20.0,44.0,63.2
6638e8be97b54a8a917c20284ee6082d,2549b51828ce40af920a932dd2102217,3,mixto,0.0,0.6667,6.0,6.0,145.5,257.1
ac8fac68f21540539f02e8fd2a44f651,ee00832abfba40b38335ce48a12981b5,3,mixto,0.0,1.0,24.0,24.0,30.0,34.8
b4206ac5e3224dfd900588a8f7caf95e,9c9359fefd164d388f8a5edc2bac301e,3,mixto,0.0,0.0,230.5,242.0,257.0,269.0
c82f84bf3f2b451393445a0cb6883665,b992e6a27eb249658efce6ca0cc286dc,3,mixto,0.0,0.0,352.5,571.0,571.0,571.0
