client_id,nombre_app,institucion,sector
c903547270494f4faf739d1f3df256e2,.:: #YoTeAyudoMilVeces - INJUV ::.,Instituto Nacional de la Juventud,Ministerio de Desarrollo Social y Familia
fc12644f5114443884845052a193f028,.:: ACCESO - INJUV ::.,Instituto Nacional de la Juventud,Ministerio de Desarrollo Social y Familia
00205f8dceca421a9cf184e0bfbf49fd,.:: Alianza del Pacifico ::.,Instituto Nacional de la Juventud,Ministerio de Desarrollo Social y Familia
fb3581b21db747ca865a4b7809339752,.:: Bolsa de Talleristas 3 - INJUV ::.,Instituto Nacional de la Juventud,Ministerio de Desarrollo Social y Familia
cf2523621e474ed1bea4b24cae6e4d50,.:: Campus INJUV ::.,Instituto Nacional de la Juventud,Ministerio de Desarrollo Social y Familia
4e9fb41da1fc4a82b87bbdb2cd16c8f2,.:: Casa Taller | INJUV ::.,Instituto Nacional de la Juventud,Ministerio de Desarrollo Social y Familia
f9650909947a4180a07302110ab8a324,.:: Concurso 3 Mil Veces ::.,Instituto Nacional de la Juventud,Ministerio de Desarrollo Social y Familia
213976d789c94692a5c1799c0c95c7e1,.:: Concurso Encuentros Regionales Creamos ::.,Instituto Nacional de la Juventud,Ministerio de Desarrollo Social y Familia
ccced35f6e76450d8ee16b164b1478ca,.:: Concurso Tesis - INJUV ::.,Instituto Nacional de la Juventud,Ministerio de Desarrollo Social y Familia
5dd1fa3410c54f68bff82a35a895c82f,.:: Día del Patrimonio - INJUV ::.,Instituto Nacional de la Juventud,Ministerio de Desarrollo Social y Familia
ff8e7bbfdb4c4d0794502e2ebbdbb609,.:: Emprende Joven - INJUV ::.,Instituto Nacional de la Juventud,Ministerio de Desarrollo Social y Familia
7761002c1bdf48018203b7486ba1fe78,.:: Escuela INHUB ::. INJUV 2020,Instituto Nacional de la Juventud,Ministerio de Desarrollo Social y Familia
d1c4142f09f44921b1ffe380c89218d0,.:: Firma Digital - INJUV ::.,Instituto Nacional de la Juventud,Ministerio de Desarrollo Social y Familia
d425d1b632334d40a0f370aeba1c1a0b,.:: Mercado Joven - INJUV ::.,Instituto Nacional de la Juventud,Ministerio de Desarrollo Social y Familia
f26b289041b74f44a34c9948ee819fb2,.:: Mi Emprendimiento ::.,Instituto Nacional de la Juventud,Ministerio de Desarrollo Social y Familia
7be34ebb265a4a7cb9ba796f4bab7aa5,.:: OIRS - INJUV ::.,Instituto Nacional de la Juventud,Ministerio de Desarrollo Social y Familia
7cd17cd0f8524f60b491c7692006dd82,.:: Red Nacional de Organizaciones - INJUV ::.,Instituto Nacional de la Juventud,Ministerio de Desarrollo Social y Familia
dfd8629588744588b72e351c6c1780e6,.:: Tarjeta Joven - INJUV ::.,Instituto Nacional de la Juventud,Ministerio de Desarrollo Social y Familia
59dd121f53ac44ddb03bf52488eec671,.SCSE.,Subsecretaría de Hacienda,Ministerio de Hacienda
2301589ed68c4bc2885b07a37bfd6011,[DIP - Testing] - Sistema de declaraciones de Intereses y Patrimonio,Contraloría General de la República,Contraloría
d5c70a190e8d47fd9dce04ddfdfe040d,[DIP] - Sistema de declaraciones de Intereses y Patrimonio,Contraloría General de la República,Contraloría
f738a88353104bfab9174aa8e0b3c94b,1TA-Sistema Gestión de Causas,Primer Tribunal Ambiental,Otros Poderes
afc401635c6a4ec38b2973b67acf68e6,2da Consulta sobre Discriminación en Chile,Ministerio Secretaría General de Gobierno,Ministerio Secretaría General de Gobierno
e14510f75a2a488c98edf1c88b445540,Academia INE,Instituto Nacional de Estadísticas,"Ministerio de Economía, Fomento y Turismo"
fb944d98fea445bda57de000993d3e25,Accede a tu Portal Paciente,Servicio de Salud Maule,Ministerio de Salud
54d69d2bfc1d455185885b56eed7d514,Acceso ANiD,Agencia Nacional de Investigación y Desarrollo,"Ministerio de Ciencia, Tecnología, Conocimiento e Innovación"
8af63e063a2a42098caed55eeb24acf0,Acceso Clave Unica UFRO,Universidad de La Frontera,Ministerio de Educación
111473a515ef420197e4759462901f12,Acceso Municipalidad de Santiago,Municipalidad de Santiago,Municipalidad
11ff5bf0de1546fab6292d28181bf701,Acceso Unico,Acceso Unico,Test
902b942268e4467d93f5515bc38d0848,Acceso Unificado IPS,Instituto de Previsión Social,Ministerio del Trabajo y Previsión Social
6a20caeb9e2647d1978fd385efbada88,ACCION,Agencia de Sustentabilidad y Cambio Climático,"Ministerio de Economía, Fomento y Turismo"
2badb2213b864c8ca35187359570cf0c,ACEPTA,ACEPTA.COM S.A.,Empresa Privada
60f1f4845c734e939a40be10be0b361c,ACL (capacitación),Subsecretaría de Salud Pública,Ministerio de Salud
1a23edd8603542e9bef8d3d29d11d8f0,ACTA DE COMPROMISO PROGRAMA,Fondo de Solidaridad e Inversión Social,Ministerio de Desarrollo Social y Familia
8be8c6cea95d4e28a90558288d8f262b,Actas de mediación en línea,Subsecretaría de Justicia,Ministerio de Justicia y Derechos Humanos
289dffeecdf4446ba61c5647e359e250,Activaciones Regionales HDT,Instituto Nacional de la Juventud,Ministerio de Desarrollo Social y Familia
a9c881f2281c4197aba45746ed7a7a22,ACV,Ministerio de Salud,Ministerio de Salud
7f3b043b66334d12a3e14513e23c0e6d,Admin Ozerks,Subsecretaría General de la Presidencia de la República,Ministerio Secretaría General de la Presidencia de la República
126a833cff3b4a21bf95e1b8e9441d4c,Administración de Usuarios RE,Subsecretaría de Salud Pública,Ministerio de Salud
33aad758bece47b0bd610874b5a767da,Administración Proddar,Instituto Nacional de Deportes de Chile,Ministerio del Deporte
10bba19af23b44419ccb400ecc5d4fa8,Administrador Server Central,Secretaría de Gobierno Digital,Ministerio de Hacienda
16e0386785cb4b819bfe1c8f3b357e89,Admisión y Matrícula ULagos,Universidad de Los Lagos,Ministerio de Educación
5da266ab8604496a91de069694b067aa,aei,Superintendencia de Insolvencia y Reemprendimiento,"Ministerio de Economía, Fomento y Turismo"
c53530ec6ae845db978d8fb2de69e179,Afiliación e inscripción en atención primaria en línea,Fondo Nacional de Salud,Ministerio de Salud
78b147a9c73f4d6d8f6d1e0f0b082556,Afiliación voluntaria en AFC,Sociedad Administradora de Fondos de Cesantía de Chile S.A.,Empresa Privada
449f058c212e48fd816264e10ee2d594,Agencia de Calidad de la Educación,Agencia de Calidad de la Educación,Ministerio de Educación
239b1152a21a4cebb35b2a9dc02b10a9,Agencia de Calidad de la Educación 2,Ministerio de Educación,Ministerio de Educación
6ff654c360c240d38914fbc00a2193da,Agencia Nacional de Ciberseguridad,Agencia Nacional de Ciberseguridad,Ministerio del Interior y Seguridad Pública
e1669d0517f14a979d9a93159b4906b0,Agenda Casino,Presidencia de la República,Presidencia de la República
c818ed2d5acc4228970ee8fee77af21a,Agenda Digital 2020,Secretaría de Gobierno Digital,Ministerio de Hacienda
efc2ff990ea34f39b9cc691bfe733130,Agenda Municipalidad de Puente Alto,Municipalidad de Puente Alto,Municipalidad
76f7fe7d1a254857a6f6ba019cb2cbe4,Agenda Pública,Subsecretaría de Prevención del Delito,Ministerio del Interior y Seguridad Pública
165139dad00243e695f7f3a695563ae2,Agendamiento EIVG,Ministerio Público,Autónomo
0faae9b6b5084555a1873eff484b4d9c,Agendamiento Licencia Conducir,Municipalidad de Puente Alto,Municipalidad
ec6256fdfd1641029a97452e1c1ec8c1,Agendamiento Remoto 0,Altiuz,Empresa Privada
059377ce35e742a6bb18d0e6bede872d,Agendamiento Remoto,Ministerio de Salud,Ministerio de Salud
160970e749cd4acdb184cf711136266b,Agendamiento Remoto 2,Ministerio de Salud,Ministerio de Salud
4a7b21ebada84c12bbcefb86b3710dbf,Ampliación RPA,Servicio Nacional de Pesca y Acuicultura,"Ministerio de Economía, Fomento y Turismo"
dc093b8df15344f183752472f7f81e34,Anatomia H. San Pablo,Servicio de Salud Coquimbo,Ministerio de Salud
705b78c3d59c4e1bbeaec3123c0f6de2,ApelaciónbeneficiosEstudiantil,Subsecretaría de Educación,Ministerio de Educación
da0938bcedaf423aa68ea86255b40d6e,API Receta Medica,Subsecretaría de Salud Pública,Ministerio de Salud
91f3f86897ff4ae39e50cbd7035fa8af,APIs Receta Electrónica,Subsecretaría de Salud Pública,Ministerio de Salud
78b34efb4c294414a050d14797a48efe,Aplicativo Gobierno Regional de Aysén,Gobierno Regional de la Región Aysén del General Carlos Ibáñez del Campo,Ministerio del Interior y Seguridad Pública
4fe1997e335a42bebada2226c38050dd,Aplicativo Licencia Digital,Subsecretaría de Transportes,Ministerio de Transportes y Telecomunicaciones
9ae55707cfcb459f9dcb36f8719d9cfa,Apolo Salud,Servicio de Salud Antofagasta,Ministerio de Salud
b2df2131754740578d280211e1658445,Apoyo Emergencia,Subsecretaría de Evaluación Social,Ministerio de Desarrollo Social y Familia
0110799749e340c2a80a51e792e58694,App Coronavirus,Secretaría de Gobierno Digital,Ministerio de Hacienda
e56c6642c4174e18879062852eca4837,App Fomento Pinto,Municipalidad de Pinto,Municipalidad
780fb7c030e043f7bd9f40ca4ab06bd4,App Funcionarios La Florida,Municipalidad de La Florida,Municipalidad
dfd423dde87b47d382b736a15a36ac68,App La Florida,Municipalidad de La Florida,Municipalidad
74e8137eef1c4b5f8a3a358f4e8b5264,APPCAPREDENA,Caja de Previsión de la Defensa Nacional,Ministerio de Defensa Nacional
46dcd2e1b5ef4e01814e0929e2fd6885,AppSocial,Ministerio de Desarrollo Social y Familia,Ministerio de Desarrollo Social y Familia
4c209200868244bcbebe9314417d5d64,Aprende Turismo,Servicio Nacional de Turismo,"Ministerio de Economía, Fomento y Turismo"
6420f4699e704603b90df684e30899b3,Araucania Apps,Gobierno Regional de la Región de la Araucanía,Ministerio del Interior y Seguridad Pública
32b77c2c25bc41c2a2bbdbed43b42cdd,Araucanía Participa,Gobierno Regional de la Región de la Araucanía,Ministerio del Interior y Seguridad Pública
464e1e6fd76545548612d41bac094817,Arriendo en línea,Ministerio de Vivienda y Urbanismo,Ministerio de Vivienda y Urbanismo
64d9be8046574fbfbc1fb14c9912afea,ASDigital,Ministerio de Salud,Ministerio de Salud
7d8c828a4733437f868d97e1da57d4e2,Asistente de compras,Dirección de Compras y Contratación Pública,Ministerio de Hacienda
be622303b8e34a3e8d5fe57e43b11c9a,Asuntos Marítimos,Subsecretaría para las Fuerzas Armadas,Ministerio de Defensa Nacional
d45a60c22ada4e1398498eb38446eb03,Atención Vecino Santo Domingo,Municipalidad de Santo Domingo,Municipalidad
cee98b6d669c4f7c9bde634407658c31,ATG Sernageomin,Servicio Nacional de Geología y Minería,Ministerio de Minería
8a479cfcc0a24cd49aabd1f7b427b8d5,Atlas SNGM,Servicio Nacional de Geología y Minería,Ministerio de Minería
5fc09a074d0d467c9bf0e1f0ee26ec45,Aula Previsional,Subsecretaría de Previsión Social,Ministerio del Trabajo y Previsión Social
a6c839544c0440f5bf2ce98e7396613f,Aula Virtual CEA,Contraloría General de la República,Contraloría
5b2dab60a7894c96ac90b92f7c673def,Aula Virtual Registro Civil,Servicio de Registro Civil e Identificación,Ministerio de Justicia y Derechos Humanos
87da54901083486bb174fca1f06ce402,Aula Virtual SENAME,Servicio Nacional de Menores,Ministerio de Justicia y Derechos Humanos
be7886a9f72d472e8ef4f671a7526a1d,Aula virtual Sernac,Servicio Nacional del Consumidor,"Ministerio de Economía, Fomento y Turismo"
146626a8e3914f21958d0e28091cbcfe,aula.fosis.gob.cl,Fondo de Solidaridad e Inversión Social,Ministerio de Desarrollo Social y Familia
f06ee509ce99497fb236ed84f0835d00,auntoque,Municipalidad de Natales,Municipalidad
0c3aa19bae964431babaa2dc28988f59,auntoque 2,Municipalidad de Zapallar,Municipalidad
0b721b7465a040609607798f002c8950,Auntoque Municipios,Municipalidad de Peñaflor,Municipalidad
6d7091b14a034cde98fefcf31c9dbbc8,AutAUT,NCHELE,Test
ee00832abfba40b38335ce48a12981b5,Autenticacion Nube  Privada,Servicio de Impuestos Internos,Ministerio de Hacienda
ef7f52e241e04cc69c0fad85a88599bc,Autenticación SII,Servicio de Impuestos Internos,Ministerio de Hacienda
1bb1657eb2eb43808f0529810258aa3b,Autenticación Sistemas DPP,Defensoría Penal Pública,Ministerio de Justicia y Derechos Humanos
9b4850c676834809858e3bcee027a27f,Autenticación TGR,Servicio de Tesorerías,Ministerio de Hacienda
ddf47b043bc04fa0bd7d61b8af3f9b2c,Autenticacion UChile,Universidad de Chile,Ministerio de Educación
e9d3577612dd49c3b62b654e33dccefb,AutenticacionAccesoParaFirma,Certinet S.A.,Empresa Privada
006d384713634e34915490c02379b0a4,Autenticador INE,Sociedad Administradora de Fondos de Cesantía de Chile S.A.,Empresa Privada
4bea51c8732a4b6d84a0f98b123d07c7,Autentificación de Honorarios Maipu,Municipalidad de Maipú,Municipalidad
bcc76e40db52490da3322ae4879f333b,Auth Municipalidad de Rancagua,Municipalidad de Rancagua,Municipalidad
c6c0e0151ecd46939d46692130b2c06a,Auto Reporte C19,Subsecretaría de Salud Pública,Ministerio de Salud
a647689891b84948871ff7099253a553,Autoconsulta SSASUR,Servicio de Salud Araucanía Sur,Ministerio de Salud
177e60fc7d4d441aa635b7c613dfe1ec,Autorización de construcción de depósitos de relave,Servicio Nacional de Geología y Minería,Ministerio de Minería
51f3d5f6f2bc4bf39a5c9e4079971b4f,Autorizaciones - Fonasa,Fondo Nacional de Salud,Ministerio de Salud
f95e14617a63412e90d346365976b74e,AUTOTEST VIH,Subsecretaría de Salud Pública,Ministerio de Salud
3893694f8b3c40d9b9bc7bb2a8bf22b4,Ayuda,MetricArts,Empresa Privada
c55f758e1eb348a9a5d5a8c9fb6128fc,AyudaGob,Secretaría de Gobierno Digital,Ministerio de Hacienda
42b90805b8fa47b2a2688964eb15e7a8,AyudaGobapp,MetricArts,Empresa Privada
3f8e54628a0d4200a36f6cca32dba405,Backend Solicitudes Ciudadanas,Municipalidad de Temuco,Municipalidad
15fd49e7f00a4e7290700469cea0cfad,BackOffice ClaveÚnica v2,Secretaría de Gobierno Digital,Ministerio de Hacienda
21aaea492a294d48b7615bac94ab1c2b,Backoffice de ClaveÚnica,Secretaría de Gobierno Digital,Ministerio de Hacienda
713f93125f6242069f9df14b7988ec8f,BackOffice Tramites Jurídico,Dirección del Trabajo,Ministerio del Trabajo y Previsión Social
c4b75bc3a54a4376a7c3d0355ca9c8ca,Balance de Gestión Integral,Dirección de Presupuestos,Ministerio de Hacienda
52449c34bb1e47fe81802bf322dae8ee,bcm2.sii.cl,Servicio de Impuestos Internos,Ministerio de Hacienda
bedb01e27b6646f2bc7db70aef869df9,Beca Concejo Municipal Castro,Municipalidad de Castro,Municipalidad
53a1ac7073fc42508ccf8bd6b24c601e,Becas Fondo Concursable SENCE,Instituto Nacional de la Juventud,Ministerio de Desarrollo Social y Familia
c13d78fe65b94d05ad83b59494767b9f,Beneficios Personal,Gendarmería de Chile,Ministerio de Justicia y Derechos Humanos
b41708ce3423428aa7e172a6a575a519,beta.fed.gob.cl,Ministerio Secretaría General de la Presidencia de la República,Ministerio Secretaría General de la Presidencia de la República
64a47493be064546bd385b2351007b9d,Biblioteca Digital,Ministerio Secretaría General de la Presidencia de la República,Ministerio Secretaría General de la Presidencia de la República
c78acca09c10486f851bf7a57b75631c,Biblioteca Digital Chile,Gobierno Regional de la Región Metropolitana de Santiago,Ministerio del Interior y Seguridad Pública
a1b347d50adc4315b9d360f160c59a06,Bienestar GORE Aysén,Gobierno Regional de la Región Aysén del General Carlos Ibáñez del Campo,Ministerio del Interior y Seguridad Pública
acdc34e34b964946b70e164b5b39b90d,Bienvenido al Portal Ciudadano,Municipalidad de Casablanca,Municipalidad
01b56ab5b9be43e19fa06300994787ec,Bitácora Web,Ministerio Público,Autónomo
1a84541348a944beb97640e38b7c6da8,Biznet,Biznet IT,Empresa Privada
39efc8cccc114c25bf2da1413ecf51a6,Bloqueo de pasaporte en el Exterior,Ministerio de Relaciones Exteriores,Ministerio de Relaciones Exteriores
113bcf3fa4d04d64abbdd055953e4b17,Bolsa nacional de empleo 0,Subsecretaría del Trabajo,Ministerio del Trabajo y Previsión Social
68244c73eb7a429a9c70a3dbf247293f,Bolsa nacional de empleo 1,Subsecretaría del Trabajo,Ministerio del Trabajo y Previsión Social
c5b83bbfa22c4c31a5743485b4c6e524,Bolsa Nacional de Empleo 2,Subsecretaría del Trabajo,Ministerio del Trabajo y Previsión Social
31050e1a1dcb4c9899ba77be32449e54,Bono electrónico y LME,Superintendencia de Seguridad Social,Ministerio del Trabajo y Previsión Social
ea3b3bbfa0bd4b99ae4fd1176a22d13c,Bono Logro Escolar,Subsecretaría de Servicios Sociales,Ministerio de Desarrollo Social y Familia
f5db09caf5a34ae79efd09b1f7beb429,Bono para Trabajadoras y Trabajadores Culturales,Subsecretaría de las Culturas y las Artes,"Ministerio de las Culturas, las Artes y el Patrimonio"
03bd6e11bc9246339a1812eb74331dd6,Buscador de Juicios,Contraloría General de la República,Contraloría
8ccf6c97b6eb4670bafec186fbe64f85,Buscador de Jurisprudencia,Poder Judicial,Otros Poderes
d66ded24eebc49c0966da852e278649f,Buscador Patentes,Instituto Nacional de Propiedad Industrial,"Ministerio de Economía, Fomento y Turismo"
92cc198fd5a84779bf85498b7abdcb6a,C19,Ministerio de Salud,Ministerio de Salud
6a2251c68dba48659c46874d209b6c8a,CAJ Región Biobío,Corporación de Asistencia Judicial de la Región del Biobío,Ministerio de Justicia y Derechos Humanos
2b27d60540534c228b2a3a29258b2797,Calculadora,Comisión Nacional de Riego,Ministerio de Agricultura
e69a86f37fa94bd6b766d7c09c973ade,Calificación de Trabajo Pesado,Superintendencia de Pensiones,Ministerio del Trabajo y Previsión Social
48c00243a9b5493f80bc974209e0e41a,Calificaciones MSGG,Subsecretaría General de Gobierno,Ministerio Secretaría General de Gobierno
4a9c2f22f9d047569a0ceafcb9741033,Campus Servicio Civil,Dirección Nacional del Servicio Civil,Ministerio de Hacienda
c63d7e67e1f8454386089193582563ea,Campus Virtual,Subsecretaría de Evaluación Social,Ministerio de Desarrollo Social y Familia
cc28da1df13d4147b5420ccc231a458e,Canal de denuncias,Poder Judicial,Otros Poderes
b34fe8a89b9a43189ec5be764c3b695c,Canales Digitales AFP UNO,AFP Uno,Empresa Privada
e22c65a41fbf4ff689d49576ff976483,Candidaturas,Servicio Electoral,Autónomo
85f0545e36304467a0fbcc7c5a320f20,CañeteParticipa,Municipalidad de Cañete,Municipalidad
c4476d6aef6b4902a03b1326e16d83ad,Capacitación  SPD,Subsecretaría de Prevención del Delito,Ministerio del Interior y Seguridad Pública
4060f34dc33042fda53efdfd0594b679,Capacitación ChileCompra,Dirección de Compras y Contratación Pública,Ministerio de Hacienda
ac8fac68f21540539f02e8fd2a44f651,CapacitaSII,Servicio de Impuestos Internos,Ministerio de Hacienda
a4db025d032f42578306d5461abdda40,CAPREDENApp,Redin,Empresa Privada
f8ceda9e2e5a4edbb90c3c8d22e00ed7,Carabineros de Chile,Carabineros de Chile,Ministerio del Interior y Seguridad Pública
4ef0ced873174ee9afc306e414132c72,Carabineros de Chile - Cerofilas,Carabineros de Chile,Ministerio del Interior y Seguridad Pública
fb74231009884254b2d13b0fd9056247,Carrera Docente CPEIP,Subsecretaría de Educación,Ministerio de Educación
0fed1f352e78482888a1d501deb68593,Casilla Digital,ACEPTA.COM S.A.,Empresa Privada
a53d759fed7840a1b00e8d903669e8a1,CasillaÚnica,Subsecretaría de Hacienda,Ministerio de Hacienda
c48448a9fe0b4a2d813d47252ee98b1d,CasillaÚnica Demo,Subsecretaría de Hacienda,Ministerio de Hacienda
942d80695ebe4218af105e03e6622f49,Catálogo CPAT,Secretaría de Gobierno Digital,Ministerio de Hacienda
762fe611ffd74465a55f721f6f956281,Catalogo de Oferta Exportable,Dirección General de Promoción de Exportaciones,Ministerio de Relaciones Exteriores
c50cee0429604f53a66a3f9a43c1e844,Catálogo digital,Subsecretaría de las Culturas y las Artes,"Ministerio de las Culturas, las Artes y el Patrimonio"
176fe485412740d589cc0f127dff0353,Catálogo Textos Escolares,Subsecretaría de Educación,Ministerio de Educación
8bdf2e73dbe646cda882d71f6842f0a8,Catalogo Tramites del Estado,Secretaría de Gobierno Digital,Ministerio de Hacienda
3ffa30fe60364b79817bfcee9ba39a64,Catastro,Subsecretaría de Bienes Nacionales,Ministerio de Bienes Nacionales
b2e6a9a525cc44cebd968cafaa44aebe,Catastro de Medios Regionales,Ministerio Secretaría General de Gobierno,Ministerio Secretaría General de Gobierno
2400eeae20ee4cfdaaff2320521c3032,Catastro de Organizaciones de Interés Público,Ministerio Secretaría General de Gobierno,Ministerio Secretaría General de Gobierno
e9c6970149fd4170a4e403d441ffb0fa,CCHEN OIRS,Comisión Chilena de Energía Nuclear,Ministerio de Energía
1ac9ef8b638c49d5a4eafceb1d6123b7,CECAPRO,Policía de Investigaciones de Chile,Ministerio del Interior y Seguridad Pública
eb838855f2344f65a4c925df80cdcad5,Cero Filas SAG,Servicio Agrícola y Ganadero,Ministerio de Agricultura
423c0056613f4ee5bc5a2b1544926ed1,Cero Papel,Municipalidad de Mejillones,Municipalidad
c5887967069740efbae781fe8fc3e637,cerofilas k8s test,Secretaría de Gobierno Digital,Ministerio de Hacienda
c41ab43393dc4726a332cda4062bd83e,CeroFilas Subtrans,Subsecretaría de Transportes,Ministerio de Transportes y Telecomunicaciones
a3c2ead0fc68405f90176c9920439001,ceropapel,Municipalidad de Taltal,Municipalidad
9bc53cf8cf2249cb8eedb7f048f1a6bc,Ceropapel,Subsecretaría de Pesca y Acuicultura,"Ministerio de Economía, Fomento y Turismo"
4754db520fae46a49ac8373cd57bb10e,Cert. de Indisponibilidad DT,Dirección del Trabajo,Ministerio del Trabajo y Previsión Social
59eb3d7b277b45e8a38ba66d37469c1d,Certificado Capacitación,Instituto de Salud Pública de Chile,Ministerio de Salud
71f7c8bdd35144d0880e3ddde29f4a1a,Certificados Estudios Online,Armada de Chile,Ministerio de Defensa Nacional
64b50202d6b74bfcb78c7342823e0f4f,Cesantía,Comisión Administradora del Sistema de Créditos para Estudios Superiores,Servicio
67757bf5d4864089a6babe3f12a93123,Cesantía 2,Comisión Administradora del Sistema de Créditos para Estudios Superiores,Servicio
7334b50fca124ff4a9a68bcb86eb3582,CFT Estatal Tarapaca,Centro de Formación Técnica de la Región de Tarapacá,Ministerio de Educación
70fd978d824c4fdc909e815f04cbb466,CGR,Contraloría General de la República,Contraloría
1f1e9708d7004f8c838ab1eba1d8460a,chanco.powerdocs.cl,Municipalidad de Chanco,Municipalidad
97b8b2e1c99e417cb891f653e7f874dd,Chat Salud Digital,Subsecretaría de Redes Asistenciales,Ministerio de Salud
e1ce4963b14f4377a473c48630795a8c,Chequeo Digital,Subsecretaría de Economía y Empresas de Menor Tamaño,"Ministerio de Economía, Fomento y Turismo"
7f629294ed8c447bb8b6e5c6a07744c2,Chile Atiende en el Exterior,Secretaría de Gobierno Digital,Ministerio de Hacienda
296594dab1cb4ff5bfcc6c2085c10db0,Chile Atiende en el Exterior,Secretaría de Gobierno Digital,Ministerio de Hacienda
3616e57471f54d9a9f56a28a61d07201,Chile Patrimonios,Subsecretaría del Patrimonio Cultural,"Ministerio de las Culturas, las Artes y el Patrimonio"
66a493258641428ea9797fbe33fc8b27,ChileAtiende,Instituto de Previsión Social,Ministerio del Trabajo y Previsión Social
a4f85f52345a4a36b8453d4dbc768211,ChileAtiende 2,Instituto de Previsión Social,Ministerio del Trabajo y Previsión Social
3b73e41e1ad8446daaf873d6ab4ece48,ChileAtiende 3,Instituto de Previsión Social,Ministerio del Trabajo y Previsión Social
0d9311646b4f47ccb352ac53eeb1d847,ChileAtiende 4,Instituto de Previsión Social,Ministerio del Trabajo y Previsión Social
e91245001db443b89e1bd4ba9c990ebb,ChileAtiende 5,Secretaría de Gobierno Digital,Ministerio de Hacienda
e2eaf95c2e394dc588f1f5e272aff43d,ChileAtiende Test,Instituto de Previsión Social,Ministerio del Trabajo y Previsión Social
df1ee21c38dd419ca54654562bc285ff,chileatiende test 2,Secretaría de Gobierno Digital,Ministerio de Hacienda
d73213463d8a4eacbb6d6905a607c5ce,ChileAtiendeBeta,Instituto de Previsión Social,Ministerio del Trabajo y Previsión Social
4bb573e349504824b5b5a050a83e094d,ChileCompra - Centro de Ayuda,Dirección de Compras y Contratación Pública,Ministerio de Hacienda
95221aafd854445babe7c42b2b437a03,Clase Media Protegida,Ministerio de Desarrollo Social y Familia,Ministerio de Desarrollo Social y Familia
a760384d0e81439387ffe0b798286a4d,Clave Única Cert,Subsecretaría General de la Presidencia de la República,Ministerio Secretaría General de la Presidencia de la República
1740ec3c032b413ab6e25807d399b71e,Clave Unica Externa,Subsecretaría de Prevención del Delito,Ministerio del Interior y Seguridad Pública
1b036219ed03481faa0c474f8e897078,Clave Única IIE,Universidad de La Frontera,Ministerio de Educación
162c7417de9b4554bcc6be93e006b7a1,Clave Única UNO afp,AFP Uno,Empresa Privada
be4240b37c354311af26b2846acba9c7,Clave Única USACH,Universidad de Santiago de Chile,Ministerio de Educación
b1614aedadad49c7a75c20377f3de119,clave-unica-7oc,TOC,Empresa Privada
57f761e271504f89a905c6de22629ed4,ClaveUnica,ExperTI,Empresa Privada
bdf64f07aa3a4a7a8d9d8c37ccbea2c3,claveunica,Junta Nacional de Auxilio Escolar y Becas,Ministerio de Educación
fdb3b1812a504d65bb91da49faa9eb83,ClaveUnica - development,Secretaría de Gobierno Digital,Ministerio de Hacienda
d81efcbca24f44c394cb7f68280def94,ClaveUnica BO,ClaveÚnica BO,Test
20b113312e0b48bc8f03ad165f871109,ClaveUnica Interno,Celula ClaveÚnica,Test
b1efb5556ff8415c8459c9b57b15008f,ClaveUnica Interno 3,Celula ClaveUnica,Test
38e8688fe76d433d8f9a39debce4f90c,ClaveUnica Interno 4,Celula ClaveÚnica,Test
dce62c3eb0c64f86852275ce5e3e623d,CMS Interoperabilidad,Subsecretaría de Hacienda,Ministerio de Hacienda
4b8748cf710849ec8ceb4b545e162c7d,CNR,Comisión Nacional de Riego,Ministerio de Agricultura
cce309a83d0f482a829a610f1695bfee,CNTV Denuncias,Consejo Nacional de Televisión,Ministerio Secretaría General de Gobierno
fdda06ec9a5b4f3aa2ac01e1778e074b,CNTV Play,Consejo Nacional de Televisión,Ministerio Secretaría General de Gobierno
f9f791351c554034b397e4ee279c65cd,Codificador,Subsecretaría General de la Presidencia de la República,Ministerio Secretaría General de la Presidencia de la República
9b973345ca7443199dcae2cc0c8ea17d,Colecciones de Patrimonio,Dirección de Arquitectura,Ministerio de Obras Públicas
1ad6835586034de0b29f4a402b182c6c,Comisaría Virtual,Carabineros de Chile,Ministerio del Interior y Seguridad Pública
4f22549f9d3a443cb041c0e55395dbf1,Comisaría Virtual 2,Carabineros de Chile,Ministerio del Interior y Seguridad Pública
a2e46ce2ee1e4150954d6c6864c54578,Comisaría Virtual 3,Carabineros de Chile,Ministerio del Interior y Seguridad Pública
4e87bc93e64f42d1bf678f670865c585,Comisaría Virtual 4,Carabineros de Chile,Ministerio del Interior y Seguridad Pública
bc55fc87c21e47869f2c71d5773bc503,Comisaría Virtual 5,Carabineros de Chile,Ministerio del Interior y Seguridad Pública
9de3d28661c84c6a92f3749320e52473,Comisaría Virtual 6,Carabineros de Chile,Ministerio del Interior y Seguridad Pública
ccb0008ff3804c8c8ccb8fbd99548826,Comisaría Virtual 7,Ministerio de Interior y Seguridad Pública,Ministerio del Interior y Seguridad Pública
ff285fb343284c5c98bae7c21bec6ff2,Comisaría Virtual 8,Secretaría de Gobierno Digital,Ministerio de Hacienda
6f984abd983a497eab1900252b0b3e8e,Comisaría Virtual 9,Secretaría de Gobierno Digital,Ministerio de Hacienda
fb304721c8334ba285d175178b984182,Comisaria Virtual - K8S,Comisaria Virtual - K8S,Ministerio del Interior y Seguridad Pública
ea2d056ab4444542a09e1efd01bc28f1,Comisión 38 bis,Subsecretaría de Hacienda,Ministerio de Hacienda
e13a8aa3241b4b7682650b9ae4ce423b,Comisión Chilena de Energía Nuclear - Portal de Trámites Digitales,Comisión Chilena de Energía Nuclear,Ministerio de Energía
33178a4b199a455884aaaeb2f1f2e65b,Comisión Chilena de Energía Nuclear - SIMPLE Cerofilas,Comisión Chilena de Energía Nuclear,Ministerio de Energía
3f3a386edc47490db43ed02c41c48d02,Comision Chilena del Cobre,Comisión Chilena del Cobre,Ministerio de Minería
aaf43bb57af546a7941c1c078ce48dcc,Comisión de Medicina Preventiva e Invalidez,Subsecretaría de Salud Pública,Ministerio de Salud
6a91c10b9e8341afbd387fb72bab3cf7,Comisión de Medicina Preventiva e Invalidez 2,Subsecretaría de Salud Pública,Ministerio de Salud
68d4624347ba4cfc950a5b3caa1b0bdf,Comisión Nacional de Energía - Cerofilas,Comisión Nacional de Energía,Ministerio de Energía
9c503a3a614d483f8feb0de5edd9a9ba,COMPIN Licencias Medicas,Subsecretaría de Salud Pública,Ministerio de Salud
02fa254b6e77444da96cf2eb745513a6,ComplejoDeportivoIntegral-UTA,Universidad de Tarapacá,Ministerio de Educación
276278bee7694a94a3dbd6dabd0ff2c9,Compromiso Joven Comunal,Instituto Nacional de la Juventud,Ministerio de Desarrollo Social y Familia
0c94663f003341f285926fff9ef02495,Comunidad IMVallenar,Municipalidad de Vallenar,Municipalidad
048ab3a7acb54da88960434d9783879f,Comunidad Joven,Instituto Nacional de la Juventud,Ministerio de Desarrollo Social y Familia
509bec47f6f648fd8f994cb1e868bce8,Comunidad Organizaciones,Subsecretaría del Interior,Ministerio del Interior y Seguridad Pública
377c3f08350946b6afef7fd981f6393d,Conadi - ClaveUnica,Corporación Nacional de Desarrollo Indígena,Ministerio de Desarrollo Social y Familia
dd32dd54eaf74bea922e2284cd6e2f81,CONADI - REI,Corporación Nacional de Desarrollo Indígena,Ministerio de Desarrollo Social y Familia
6d89bb0e29674fd7a82f5c811db28f83,Concesión de Acuicultura,Subsecretaría de Pesca y Acuicultura,"Ministerio de Economía, Fomento y Turismo"
ebdc01aed2cd4839bad55c99f79a17d7,Concesiones Acuícolas,Subsecretaría para las Fuerzas Armadas,Ministerio de Defensa Nacional
61ac1fc1e3c848728e8b665f185e2355,Concesiones Marítimas,Subsecretaría para las Fuerzas Armadas,Ministerio de Defensa Nacional
d6cf2b851517457f8ee24f42ab129458,Concurso de Ilustraciones,Instituto Nacional de la Juventud,Ministerio de Desarrollo Social y Familia
13edcd85aeda4c3c8017658d2aa0db89,Concurso MET,Servicio Nacional de Turismo,"Ministerio de Economía, Fomento y Turismo"
16931f2249a2478490299a34d7d966df,Concurso Microrrelatos,Instituto Nacional de la Juventud,Ministerio de Desarrollo Social y Familia
09af79b343454e6c85a08d82660c4733,Concurso Programa CREAMOS,Instituto Nacional de la Juventud,Ministerio de Desarrollo Social y Familia
c939fa514ba044bd94d1697a733f8a84,Congreso Virtual,Senado,Otros Poderes
e49052056b49428b86e0e8972a273c89,Consejo de Defensa del Estado,Consejo de Defensa del Estado,Autónomo
1f676220d5314b9eb23be7624b5fda57,Consejo de la Sociedad Civil de la Niñez,Ministerio de Desarrollo Social y Familia,Ministerio de Desarrollo Social y Familia
2c82301b3057486f93755150c05fd5c2,Consejo Nacional de Televisión - Cerofilas,Consejo Nacional de Televisión,Ministerio Secretaría General de Gobierno
747e937b8fcb4b918094cbfdcfaf9c2e,Consejo Niñez,Subsecretaría de Evaluación Social,Ministerio de Desarrollo Social y Familia
e679739cb28a4a299b88a1441fd1db87,Consola Test 2,Secretaría de Gobierno Digital,Ministerio de Hacienda
79275bffd6514f5c826d1a34526c8326,Consulta Ciudadana,Ministerio del Medio Ambiente,Ministerio del Medio Ambiente
f197642c61c749f0b2e22ea21ff7f1b9,Consulta Ciudadana,Universidad de Chile,Ministerio de Educación
6ceddbb3ac314edcbabbe22047ffc6cb,Consulta Ciudadana - SUBREI,Subsecretaría de Relaciones Económicas Internacionales,Ministerio de Relaciones Exteriores
9c652722e3f542e9ba148d8b6347606b,Consulta ciudadana migraciones,Departamento de Extranjería y Migración,Ministerio del Interior y Seguridad Pública
cbdc232cb87f48f5aa38d7fff1540df1,Consulta DDHH,Subsecretaría de Derechos Humanos,Ministerio de Justicia y Derechos Humanos
2f9ded193ab441239a729f4fbf883f40,Consulta de Documentos,Subsecretaría de Obras Públicas,Ministerio de Obras Públicas
6638e8be97b54a8a917c20284ee6082d,Consulta Honorarios,Universidad de Antofagasta,Ministerio de Educación
8bad0e01746b4a279c0bdbe59d7c44ee,Consulta Inhabilitados,Servicio Electoral,Autónomo
f8cbd961846c4129925434e0ce646b8b,Consulta Legal INJUV,Instituto Nacional de la Juventud,Ministerio de Desarrollo Social y Familia
acd84915b6404811abacafb700801235,Consulta Prais,Servicio de Salud Metropolitano Sur,Ministerio de Salud
914d81d2e6c548fb96124820816b6ce7,Consulta Proveedores,Dirección de Contabilidad y Finanzas,Ministerio de Obras Públicas
c49c6441bb14407fb2697ac78505d2e2,Consulta Web Personas,Dirección General de Movilización Nacional,Ministerio de Defensa Nacional
7b17251d8d30426b99ad6f8e2b641abb,Consultas RPTI CONADI,Corporación Nacional de Desarrollo Indígena,Ministerio de Desarrollo Social y Familia
ee4fd0c8a0294ee5a1c7755401e304f3,Consultor La Copiapó,Servicio de Salud Atacama,Ministerio de Salud
b3b9221510904977b1c9f12ea7108119,Contactanos DT,Dirección del Trabajo,Ministerio del Trabajo y Previsión Social
be09a0ddbb9b4c4aaf78903e0ca27a75,Contingencia,Comisión Administradora del Sistema de Créditos para Estudios Superiores,Servicio
9c9359fefd164d388f8a5edc2bac301e,Contraloría,Contraloría General de la República,Contraloría
894c246eb00a482da371617f75149e30,Contraloria General de la Republica,Contraloría General de la República,Contraloría
6caf4c7c95d84811bce4256a409a7ce8,Contraloria General de la Republica - Test,Contraloría General de la República,Contraloría
dbc3de69546243e48121124f1033cff8,Contrataciones Censo 2024,Instituto Nacional de Estadísticas,"Ministerio de Economía, Fomento y Turismo"
3235596265744d06b53ff9f6b5592f74,Contrataciones San Joaquín,Municipalidad de San Joaquín,Municipalidad
dcc8f54404414435aceae4b578ff1027,Contratos SNGM,Servicio Nacional de Geología y Minería,Ministerio de Minería
6243e5b1b2ff4d228b046414bfa8aafe,CONTROL DE PRESERVATIVOS,Instituto Nacional de la Juventud,Ministerio de Desarrollo Social y Familia
adaff1b007c6451e8090c7d2da7009c7,Control Presupuestario - INJUV,Instituto Nacional de la Juventud,Ministerio de Desarrollo Social y Familia
b03b7030f1014eb2bbc31b681f8ae2d7,Control Presupuesto,Instituto Nacional de la Juventud,Ministerio de Desarrollo Social y Familia
47819e43ea0d4ac38c0aa19d95d9cc0d,Convención Constitucional,Universidad de Chile,Ministerio de Educación
ac579f23fa48472da19b00916ca2915a,Convenios Institucionales,Consejo de Defensa del Estado,Autónomo
32ecc042ab1941e5b76b647607defb8a,Convenios Salud Stgo,Municipalidad de Santiago,Municipalidad
70c9fcc9a5524494b62fad6ffe9733a4,Coordinación Donaciones MSGG,Subsecretaría General de Gobierno,Ministerio Secretaría General de Gobierno
b6a7ac98c6704aa6b6512efa5fa8dbfe,Corfo,Corporación de Fomento de la Producción,"Ministerio de Economía, Fomento y Turismo"
1a792fcecb5e4eaba9746ba1efacde8d,Corfo EE,Corporación de Fomento de la Producción,"Ministerio de Economía, Fomento y Turismo"
64516e430c3345a6829c42383bfd9e05,Corporacion Nacional Forestal,Corporación Nacional Forestal y de Protección de Recursos Naturales Renovables,Ministerio de Agricultura
c796258de8d149f5a4a152187997364f,Corporacion Nacional Forestal 2,Corporación Nacional Forestal y de Protección de Recursos Naturales Renovables,Ministerio de Agricultura
62e14f7307b349c3a04007133387d68f,Corporación Nacional Forestal - Cerofilas,Corporación Nacional Forestal y de Protección de Recursos Naturales Renovables,Ministerio de Agricultura
c347aeab77a545a58a07bc77d5e4a9f7,Correos Masivos,Subsecretaría General de Gobierno,Ministerio Secretaría General de Gobierno
987cb5e341b04c9d861fcf6e2eb925c9,COSOC INJUV,Instituto Nacional de la Juventud,Ministerio de Desarrollo Social y Familia
c9a5882d5d4642c3be57c53824deb881,CPAT,Subsecretaría General de la Presidencia de la República,Ministerio Secretaría General de la Presidencia de la República
551c6a1c674f493cb4d39f11a3997adc,Crear cuenta al Registro de Directores,Superintendencia de Pensiones,Ministerio del Trabajo y Previsión Social
72066929049d4fb9be97be599684ddd7,Crédito Funcionario,Caja de Previsión de la Defensa Nacional,Ministerio de Defensa Nacional
47aa9e97586847beab9491320e05cdab,CRM-INDH,Instituto Nacional de Derechos Humanos,Autónomo
fdb3b1812a504d65bb91da49faa91234,CU Francisco,Secretaría de Gobierno Digital,Ministerio de Hacienda
31e35cfbfff248299914aa685ae4ac1e,Cuenta Emprende,Cuenta Emprende,Empresa Pública
a2982eaff1894d2ba5936e438b2506c3,cuenta2abenis,Secretaría de Gobierno Digital,Ministerio de Hacienda
e56493a7907640a5b3ce4c2ff89b246b,Cuidados Conectados,Subsecretaría de Servicios Sociales,Ministerio de Desarrollo Social y Familia
cebab3b6fa494c08b41065e47772611a,CURSO VOLUNTARIADO RESPONSABLE,Instituto Nacional de la Juventud,Ministerio de Desarrollo Social y Familia
5e2119b5bbf846caaae1a57549740519,Cursos CCS,Servicio Nacional de Geología y Minería,Ministerio de Minería
0bde2938580e438ea12691b2c521b575,D-CODE,Municipalidad de Petorca,Municipalidad
11c1fed23cb24322bb2a02334af07e4d,DataWebSign,Soc. de Computación DataSoft S.A.,Empresa Privada
d2c7708b9067468cb1ca35f46ac447fd,Dato PRO,Servicio Nacional de Capacitación y Empleo,Ministerio del Trabajo y Previsión Social
369ce6efd83a455abd5087022c81b7e0,Datos Abiertos,Subsecretaría General de la Presidencia de la República,Ministerio Secretaría General de la Presidencia de la República
36641925df854dd5aac232802e0a17ec,Decide Aysén,Gobierno Regional de la Región Aysén del General Carlos Ibáñez del Campo,Ministerio del Interior y Seguridad Pública
c153ae6cdb92435ab1cb9dfe6e8c3058,Declaracion de Patrimonio e Intereses,Subsecretaría General de la Presidencia de la República,Ministerio Secretaría General de la Presidencia de la República
8198669878224a47b743149ad102e0a7,Declaracion Jurada,Dirección de Compras y Contratación Pública,Ministerio de Hacienda
d74a389b77734996ba37fa61a0d08341,DECLARACION JURADA,Servicio Agrícola y Ganadero,Ministerio de Agricultura
2e3c12ac8ce443249dd385f85f4d6c56,Declaración Jurada,Instituto Nacional de Deportes de Chile,Ministerio del Deporte
91495aa8ded34aa793b84c80358e1f2d,Declaración Minera,Servicio Nacional de Geología y Minería,Ministerio de Minería
0b02bcb195c44928b02cb9d6e08b50f1,Declaración No Conflicto,Dirección de Vialidad,Ministerio de Obras Públicas
bdd514d10e9e4401bc3979b0e06d3ab6,declaracionesplebiscito,Servicio Electoral,Autónomo
840f9565dc7f4c2eaec9a6e2a0531e0a,Defensa Civil de Chile,Defensa Civil de Chile,Ministerio de Defensa Nacional
c0bca91d5b664bd889eabcee73ac4a1c,Defensa Civil de Chile 2,Defensa Civil de Chile,Ministerio de Defensa Nacional
c42f4e4bd6884948b02fa54a322846c4,Defensa Civil de Chile - Cerofilas,Defensa Civil de Chile,Ministerio de Defensa Nacional
91db38a7754a48c7913292b4c2a5237c,Defensoría del Contribuyente,Subsecretaría de Hacienda,Ministerio de Hacienda
32f2a35e790544ec9e040345f8a364f3,Defensoría Penal Pública,Defensoría Penal Pública,Ministerio de Justicia y Derechos Humanos
78bbbed6baad48d083f51cfc43d2880a,Demo Ministerio de Justicia,Simple,Ministerio de Justicia y Derechos Humanos
bba121483b0d4860bbedd43842123123,Demo Sence,Dirección General de Movilización Nacional,Ministerio de Defensa Nacional
90d5bc1fa2415791ccaf96daba592005,Demo Sernageomin,Servicio Nacional de Geología y Minería,Ministerio de Minería
952ef96435454a28a8ea7a332bdc8702,Demostracion,DEMOSTRACION,Test
399e7fc266894562850261cfbc06b992,Denuncia en Linea,Ministerio Público,Autónomo
de170209a7844ab8b7ec8ffaea1f1374,Denuncias MINDEP,Subsecretaría del Deporte,Ministerio del Deporte
b1ce69efafe649a2a2c9bcfcad5da311,Departamento de Extranjería y Migración,Secretaría de Gobierno Digital,Ministerio de Hacienda
22826d4e95ea421a9a6eec0f272acc2b,Derechos ARCO CPLT,Consejo para la Transparencia,Autónomo
0c4f1c6d51e446fbabf104291f7c90f2,Desarrollo El Chile que queremos,Local Encuesta ciudadana,Ministerio Secretaría General de la Presidencia de la República
31bb76de8e9d4fdfabb0d1c24bb5fc92,Descuentos Previsionales - IPS,Instituto de Previsión Social,Ministerio del Trabajo y Previsión Social
c91bdc6759d9475ea1b196f2f9710ed2,DEV Interoperabilidad,Secretaría de Gobierno Digital,Ministerio de Hacienda
fdb3b1812a504d65bb91da49faa9eb84,DEV Sebastian,Secretaría de Gobierno Digital,Ministerio de Hacienda
3d6941a46f8b4441973872f1f209bdec,Devolución de Pagos en excesos,Fondo Nacional de Salud,Ministerio de Salud
87548542d5624bd2a454a1b467ee9f52,dgd,Secretaría de Gobierno Digital,Ministerio de Hacienda
8862b08cc1894046ad479753e51b05a8,DGD CeroFilas,Secretaría de Gobierno Digital,Ministerio de Hacienda
9a7f10b16366422cb336db617e2ea0fe,DGD CeroFilas 2,Secretaría de Gobierno Digital,Ministerio de Hacienda
9f5991a6cb1d47c79269e80ff93faa5c,DGD-SIMPLE,Secretaría de Gobierno Digital,Ministerio de Hacienda
b2016d5326c1448783c52b0d9a1b0cb9,DGD-SIMPLE-Automatizacion,Secretaría de Gobierno Digital,Ministerio de Hacienda
3d5eea82452d4e6e934d646f6506a341,Día de los patrimonios,Instituto Nacional de la Juventud,Ministerio de Desarrollo Social y Familia
b3e2c8163145420fbcf35954a286fdeb,Dialogos Autoconvocados SPC,Universidad de Chile,Ministerio de Educación
00d9f332504d46fbae7377ae60949d1b,DIBAM Sandbox,Servicio Nacional del Patrimonio Cultural,"Ministerio de las Culturas, las Artes y el Patrimonio"
69db11a4d9664dd18f8085f2c1d693ca,Digitalización,Secretaría de Gobierno Digital,Ministerio de Hacienda
787fb1f2607c4309844a1b470cbab0c2,Digitalización de Trámites CMN,Servicio Nacional del Patrimonio Cultural,"Ministerio de las Culturas, las Artes y el Patrimonio"
cc24385d938340dc895797ea9f3c7e3c,DIPRECA,Dirección de Previsión de Carabineros de Chile,Ministerio del Interior y Seguridad Pública
ea62071feb644e4e81394dfa5c500ff3,DIPRECA 2,Dirección de Previsión de Carabineros de Chile,Ministerio del Interior y Seguridad Pública
a7709b21161d459298dc5dc58e77310b,DIPRECA 3,Dirección de Previsión de Carabineros de Chile,Ministerio del Interior y Seguridad Pública
10cd2809c6ab49089aeaf14bcf0c5db5,Direccion ChileCompra,Dirección de Compras y Contratación Pública,Ministerio de Hacienda
92b957e1a81c4784b708cf3c750799e9,Direccion ChileCompra 2,Dirección de Compras y Contratación Pública,Ministerio de Hacienda
4115b8d6a1b441249a960d9b37d6e317,Dirección de Fronteras y Límites del Estado - Cerofilas,Dirección Nacional de Fronteras y Límites del Estado,Ministerio de Relaciones Exteriores
44d210d5c6904407b19da72f13d735bd,Direccion de Obras Hidraulicas,Dirección de Obras Hidráulicas,Ministerio de Obras Públicas
1874aa8f695842ceb319a3993dc8ecab,Direccion de Prevision de Carabineros de Chile,Dirección de Previsión de Carabineros de Chile,Ministerio del Interior y Seguridad Pública
22f8999f6e544db4809cce0b5c8007e3,Direccion de Vialidad,Dirección de Vialidad,Ministerio de Obras Públicas
264d11674856483d8da09625069e06e4,Direccion de Vialidad 2,Dirección de Vialidad,Ministerio de Obras Públicas
8c2eff865c5f40dbae0d6ccbc47e1d9c,Direccion del Trabajo,Dirección del Trabajo,Ministerio del Trabajo y Previsión Social
2001f287b97944c6999676fdd2df7cdd,Dirección General de Aeronáutica Civil - Cerofilas,Dirección General de Aeronáutica Civil,Ministerio de Defensa Nacional
e8f20a6f15744485ab78c9b82647d9b4,Direccion General de Aeronautica Civil - Dev,Dirección General de Aeronáutica Civil,Ministerio de Defensa Nacional
1c21425b1a244afab5350c9d042757b8,Direccion General de Aeronautica Civil - QA,Dirección General de Aeronáutica Civil,Ministerio de Defensa Nacional
2a6395122bfc4c0fb94461512bdfac55,Direccion General de Aguas,Dirección General de Aguas,Ministerio de Obras Públicas
7f6d03a09f28451cad269fae12f74268,Direccion General de Aguas 2,Dirección General de Aguas,Ministerio de Obras Públicas
73e7b5a0c9d94dd48a8a932b2db2efc6,Direccion General de Movilizacion Nacional,Dirección General de Movilización Nacional,Ministerio de Defensa Nacional
c03b73483b0d4860bbedd438424895c7,Direccion General de Movilizacion Nacional 2,Dirección General de Movilización Nacional,Ministerio de Defensa Nacional
ad5184d0babb49858b38fec683847c9e,Direccion General de Movilizacion Nacional 3,Dirección General de Movilización Nacional,Ministerio de Defensa Nacional
6e12533e73a048efa8bcc0a30f2b7684,Dirección General de Movilización Nacional 4,Dirección General de Movilización Nacional,Ministerio de Defensa Nacional
736c489dda394b64ac3be96ed3c45ec9,Dirección General de Movilización Nacional 5,Dirección General de Movilización Nacional,Ministerio de Defensa Nacional
519694ed8f8e4719bf157bc877bdd8a1,Direccion Nacional de Fronteras y Limites del Estado,Dirección Nacional de Fronteras y Límites del Estado,Ministerio de Relaciones Exteriores
bc715e0da4664165a7d40761a9146fe8,Direccion Nacional de Fronteras y Limites del Estado 1,Dirección Nacional de Fronteras y Límites del Estado,Ministerio de Relaciones Exteriores
6daae6995cb245348bb2b5432ccc9948,DIRECTEMAR,Dirección General del Territorio Marítimo y de Marina Mercante,Ministerio de Defensa Nacional
c7d9f088b4be4e38924fcfa78a6b5496,Directores para Chile,Dirección Nacional del Servicio Civil,Ministerio de Hacienda
f8575d38619d4e6cb6f339e4545ae2b8,DISEÑO FORMULACIÓN DE PROYECTO,Instituto Nacional de la Juventud,Ministerio de Desarrollo Social y Familia
ea7bf5b55e3644179cba8d24e2d68eb3,Dispensación (capacitación),Subsecretaría de Salud Pública,Ministerio de Salud
30b2e0459c83401d863b9e75965e730c,Dispensación de medicamentos,Subsecretaría de Salud Pública,Ministerio de Salud
c001214aaa0d4860bbedd43842123ccc,División de Gobierno Digital,Dirección General de Movilización Nacional,Ministerio de Defensa Nacional
742521491f624a78a2b81aaf331eca4c,DJ Simple,Servicio Agrícola y Ganadero,Ministerio de Agricultura
ce19b460f56c478e8caa1ccf18c1e221,doc.test.digital,Javiera Saldaña,Test
279bdc4889564edba8ec3d808a74db1a,docdigital,docdigital,Test
15f5cc01e1644291a05ac50544c948d6,DocDigital,DocDigital,Test
0ced53360b2144438ae2d0fa3d7a81f0,DocDigital 2,Secretaría de Gobierno Digital,Ministerio de Hacienda
c60f5fdef7774ef9a32ccf8eecb7e9b7,docdigital 3.5 desarrollo,Subsecretaría de Hacienda,Ministerio de Hacienda
f337a463ea764a44976bd50605ad727f,DocDigital Devel,Secretaría de Gobierno Digital,Ministerio de Hacienda
fd8e04d04e07496aa9cbc9243b1fafb2,DocDigital v3,Subsecretaría General de la Presidencia de la República,Ministerio Secretaría General de la Presidencia de la República
a49e87f91f154bb2acaa6207553eff38,DocDigital v3 Cert,Subsecretaría General de la Presidencia de la República,Ministerio Secretaría General de la Presidencia de la República
3401a4277b99482cb0daac31696d91e3,DocDigital Validador-DEMO,Secretaría de Gobierno Digital,Ministerio de Hacienda
b972e814004e4624a566f308901cca7c,DocDigital Versión 3,Subsecretaría General de la Presidencia de la República,Ministerio Secretaría General de la Presidencia de la República
9bd98cd7364c4e72b682247051fcf757,DocDigital-Demo,Secretaría de Gobierno Digital,Ministerio de Hacienda
6aa2d7ba9fb34f22b3f0ae117853868d,DocDigitalTest_Validador,DocDigitalTest_Validador,Test
6797cd1f6826411b80d7265a424dbad0,DocDigitalv3,Secretaría de Gobierno Digital,Ministerio de Hacienda
fc731733e4ea4015b53c20078d440dce,DocDigitalv3 Stress,Subsecretaría General de la Presidencia de la República,Ministerio Secretaría General de la Presidencia de la República
331cb18d7d51484fb07794a30ddbef6e,Docentes para Chile,Subsecretaría de Educación,Ministerio de Educación
0de46482bc4d409c86f652534e4b47eb,documentos - cyberdocs,Servicio Nacional del Patrimonio Cultural,"Ministerio de las Culturas, las Artes y el Patrimonio"
58cd425af1eb4f34bb5b1bbd483f2811,Documentos MSGG,Subsecretaría General de Gobierno,Ministerio Secretaría General de Gobierno
503379eac0004ef3a6c2babdd8ba0834,Documentos Muni Lautaro,Municipalidad de Lautaro,Municipalidad
954ca9eef0794ca7a9f08eec0b25ac5c,DOM Digital,Ilustre Municipalidad de Lago Ranco,Municipalidad
be7c85c2a11840ba8a398a1817291987,DOM Digital,Municipalidad de Cerro Navia,Municipalidad
fa2253c4c2274ef49d59c93e747deaa0,DOM Digital,Municipalidad de Coronel,Municipalidad
10af8f7212f145989661a1e4dc9cbe63,DOM Digital,Municipalidad de Corral,Municipalidad
8b6597a56ec4424ca8d71fdfd2827ff9,DOM Digital,Municipalidad de Curicó,Municipalidad
9899614f0851477e80bbe21a9a30dd63,DOM Digital,Municipalidad de la Reina,Municipalidad
43c343dfece141d18c16ef26fca862c7,DOM Digital,Municipalidad de Llanquihue,Municipalidad
f6567acfbec84378a76ccc3ea2f78b83,DOM Digital,Municipalidad de Los Angeles,Municipalidad
d7396a68ce174871a828310e28b57848,DOM Digital,Municipalidad de Maullín,Municipalidad
4d03d39d09be4f3e8729c63f71edae8f,DOM Digital,Municipalidad de Panguipulli,Municipalidad
65a7c85f21154e9ab4ca00675da7bfa1,DOM Digital,Municipalidad de Pedro Aguirre Cerda,Municipalidad
3322cab8a5164377ad7d8958407c68f7,DOM Digital,Municipalidad de Pucón,Municipalidad
ee1016d1de3347b79368186e86dfc2c2,DOM Digital,Municipalidad de Puerto Montt,Municipalidad
29c30f56f89e411091836b8d999123ea,DOM Digital,Municipalidad de Punta Arenas,Municipalidad
e7e845f84886434ca9bd368c5aab27fa,DOM Digital,Municipalidad de Renca,Municipalidad
87f26673e7a94dbfbc2112a8a43d6c49,DOM Digital,Municipalidad de Río Bueno,Municipalidad
456A536B53FC48438da9e33ba04e329a,DOM Digital,Municipalidad de San Pedro de Atacama,Municipalidad
671dca542e094f3d90cb15883bd89274,DOM Digital,Municipalidad de San Pedro de la Paz,Municipalidad
f31ed616d84449edb5fdd8cd332552b2,DOM Digital,Municipalidad de Temuco,Municipalidad
6b126cf845144893948ee9b46d043a5f,DOM Digital,Municipalidad de Tomé,Municipalidad
40dd6d22197543669fba285cd158079f,DOM Digital,Municipalidad de Valdivia,Municipalidad
7fe316acf65941599252e923db155612,DOM Digital,Municipalidad de Villarrica,Municipalidad
13b1a9be9ef243f694ac1429dc31709d,DOM Digital,Municipalidad de Llanquihue,Municipalidad
025eebbc74ba4738b90c87e459ea29de,DOM Digital,Municipalidad de Coquimbo,Municipalidad
d74dd5aef8bb486e9a5a666b0317d989,DOM Digital,Municipalidad de Los Vilos,Municipalidad
34c81f4d34a044ba9546228ee514e7c2,DOM Digital,Municipalidad de Parral,Municipalidad
1eab1f316fa94a29bceec6dc6d84f0bd,DOM Digital,Municipalidad de Quilpué,Municipalidad
2a1ad7012aa3426ab2592dd06689329b,DOM Digital,Municipalidad de Valparaíso,Municipalidad
f83678e2b4854792a356c72a255c0da4,DOM Digital,Municipalidad de Viña del Mar,Municipalidad
0dc2280ec9a145b09e9437a060c26812,Donación de Bienes,Subsecretaría de Bienes Nacionales,Ministerio de Bienes Nacionales
7d713331f1404d66975919f9b9a5acf8,Donaciones para reconstrucción,Subsecretaría de Hacienda,Ministerio de Hacienda
3f4344ca761e46d7ad97528d511e5566,DP - Universidad de Talca,Universidad de Talca,Ministerio de Educación
9321fceaab9d4b7c8b8eca8e30b0654d,DT e-learning MiPyME,Dirección del Trabajo,Ministerio del Trabajo y Previsión Social
7d07ecb8e72f4eb1b69ceea29e91be14,DT-CapacitacionRRLL,Dirección del Trabajo,Ministerio del Trabajo y Previsión Social
5af004a3cb1847c189f18042d1528923,DuplicadosBeneficioEstudiantil,Subsecretaría de Educación,Ministerio de Educación
6301f20cf48c4845acb8931555321167,Dynamics SE,Dynamics SE,Empresa Privada
85b1fe635a57452193c8e902e9622ebd,Dynamics SE,LUIS AVENDANO INFORMATICA Y TECNOLOGIA E I R L,Empresa Privada
08165f6182bc4dfc9dc1d7774508bbc6,e-certchile,E-Cert Chile,Empresa Privada
b9e3f79c40594953af24e9a43eba4e0c,e-Digital,E-Digital PKI SpA.,Empresa Privada
7c76d663e12c493fa700ec57142b17cf,e-Digital Chile S.A.,AGENCE,Empresa Privada
2ff516ac74a44ebfa3a522adbde28a0f,E-Sign ClaveÚnica,E-Sign S.A.,Empresa Privada
192ca607a2334f5296309f372aa6fb50,eCase,TCIT Solutions,Empresa Privada
da2d0eec4dd541b1bf52f7aee9d7dfe2,eCase - Tribunal aduanero y tributarioa,TCIT Solutions,Empresa Privada
3a2ca240e88045fe98c2b4f2b2a6825d,Eje Laboral - Vocacional,Instituto Nacional de la Juventud,Ministerio de Desarrollo Social y Familia
1ce80e273c244301a9776f6fda159720,Ejemplos k8s,Secretaría de Gobierno Digital,Ministerio de Hacienda
fe7e116315ea428dbf76475266cd09cb,Ejército de Chile - Cerofilas,Ejército de Chile,Ministerio de Defensa Nacional
a0d0b99e4f984ffe989f1ddde5bb774e,El Chile que queremos,Secretaría de Gobierno Digital,Ministerio de Hacienda
c0f3e7473b484dc3ae76ca33a93a164b,El orgullo de ser Gendarmería,Gendarmería de Chile,Ministerio de Justicia y Derechos Humanos
3d38cae9405846168f3d24937c736246,ELEAM Chile,Servicio Nacional del Adulto Mayor,Ministerio de Desarrollo Social y Familia
419c1c78c35444c5878bbf010a247d5a,elección CAB,Instituto Nacional de la Juventud,Ministerio de Desarrollo Social y Familia
ce6a59339b124bf3bf0dd048308b2267,Elección Comité Paritario,Instituto Nacional de la Juventud,Ministerio de Desarrollo Social y Familia
36f67011e5f048ac850ac8f32a8f3852,Elección Junta Calificadora,Instituto Nacional de la Juventud,Ministerio de Desarrollo Social y Familia
f86c9cf95a68410e938c26d674a02afb,Elecciones INJUV - Bienestar,Instituto Nacional de la Juventud,Ministerio de Desarrollo Social y Familia
c65bde3a822647f0ae22e5c64a65877e,Elige Carrera,Consejo Nacional de Educación,Ministerio de Educación
eaf8f2b0ccd04cf2a7bfcf357fe88ca2,Empleos Públicos,Dirección Nacional del Servicio Civil,Ministerio de Hacienda
1b868c47de5a428fbcf44999107e7d80,Empresas del Estado,Subsecretaría de Hacienda,Ministerio de Hacienda
d701305f8fb54019ad127ebec04a07d7,Encuesta Clima Laboral,Carabineros de Chile,Ministerio del Interior y Seguridad Pública
20f5efcf85b14e15921952ffccd94750,Encuesta de Satisfacción de Us,Instituto Nacional de la Juventud,Ministerio de Desarrollo Social y Familia
c66a7703020a4a738545ee2314698a88,Encuesta EMPAE,Comisión Chilena del Cobre,Ministerio de Minería
34eba6610c0748dda7a9cbe65a63ad93,Encuesta Evaluación,Instituto Nacional de la Juventud,Ministerio de Desarrollo Social y Familia
10869c2316aa4dff8ff857a3aca9b0bb,Encuesta Mujeres Valiosas,Casa de Moneda de Chile S.A.,Empresa Pública
b7390ec313a94d988ce7867b7745a067,Encuesta Retiro Fondos AFP,Servicio de Gobierno Interior de la República,Ministerio del Interior y Seguridad Pública
1ad461fef381497db322b76fdb884df0,Encuesta Satisfacción Talleres,Instituto Nacional de la Juventud,Ministerio de Desarrollo Social y Familia
e38bb08ad6bd455998658e1a6a89c117,Encuestas MSGG,Subsecretaría General de Gobierno,Ministerio Secretaría General de Gobierno
31a39aa8bd184494a36448f48da3a5b0,Endo Avansys,InfOdesign Sociedad Anónima,Empresa Privada
781903276b2548499891c4c91c5d278b,Enrollment Certificadoradelsur,Certificadora del Sur,Empresa Privada
19fb0f3cd533450fb516f704f2d2a33f,Entidad de Registro Ambiente de Certificación,Agile Ingeniería y Consultoría Ltda.,Empresa Privada
5423a38686a64b0fb32fee5d4009f73a,Entrada y Salida de Obras MNBA,Servicio Nacional del Patrimonio Cultural,"Ministerio de las Culturas, las Artes y el Patrimonio"
c1c8c9e0f9ad42b09261b62f523c8dba,Entrega de Cartera de Terreno,Servicio Nacional de Geología y Minería,Ministerio de Minería
ae70a5d21d2a4b58b8915c228206987f,Entrega de Resultados COVID,Subsecretaría de Salud Pública,Ministerio de Salud
698f2aa947884e608b054a042169d1f7,Entrevista Video Grabadas,Subsecretaría de Justicia,Ministerio de Justicia y Derechos Humanos
a96e622271484df9b5df5d32e8d67c67,Epivigila Midas,Subsecretaría de Salud Pública,Ministerio de Salud
ebf829491615477a9a6fb6d24a4bdc90,Escríbenos,Presidencia de la República,Presidencia de la República
56da1c80cfea4a5b83326bfef271fc3e,Escritorio de Aplicaciones,Ministerio Público,Autónomo
bc82f932b75d45728359269b4c43409d,Escritorio Digital,Gobierno Regional de la Región de Valparaíso,Ministerio del Interior y Seguridad Pública
c4ce664e8f0b4341ac5b00079f527159,Escritorio Digital,Subsecretaría General de la Presidencia de la República,Ministerio Secretaría General de la Presidencia de la República
7fb306ac5a6d4bbcb720e1de16336508,Escritorio Digital SISS,Superintendencia de Servicios Sanitarios,Ministerio de Obras Públicas
99816a83564348f583f0ad78ab5d2757,Escritorio Empresa - Ambiente Test,Corporación de Fomento de la Producción,"Ministerio de Economía, Fomento y Turismo"
e6bf7c58bb194e02a900c24c8f3d7c5a,Escuela PDI,Policía de Investigaciones de Chile,Ministerio del Interior y Seguridad Pública
43517db734734f4881f8294f7119d976,Escuela Segegob,Subsecretaría General de Gobierno,Ministerio Secretaría General de Gobierno
d0e0e04ac7354cb2a8a85dd179e7c6c3,escuelasConectadas,Ministerio de Educación,Ministerio de Educación
c90ca286e4af47a2ab8ba5eb9237db4b,Esign Clave Única,E-Sign S.A.,Empresa Privada
f76ee0ae5c0d48e1a9589558830039bf,Esmeralda - SS Tarapacá,Servicio de Salud Tarapacá,Ministerio de Salud
9ae37e6ce6364b20943568c1994207ef,Establecimientos de Salud,Subsecretaría de Salud Pública,Ministerio de Salud
71fbd425f2fc4aec8a15df447b67ed00,"Estado de consulta, reclamo, sugerencia y felicitaciones",Fondo Nacional de Salud,Ministerio de Salud
f41a2237ddab4181b63b4901e308a21c,Evalaución 8% FNDR,Gobierno Regional de la Región Aysén del General Carlos Ibáñez del Campo,Ministerio del Interior y Seguridad Pública
d321bef8b95d4730b7825fd989165f59,Evaluación SSCoquimbo,Servicio de Salud Coquimbo,Ministerio de Salud
9efe367ae2bb4ee0b09e28f7b30e76e9,Exámenes Anatomía Patológica,Servicio de Salud Viña del Mar - Quillota,Ministerio de Salud
d607991e276e4098ba4faf90dce2a9e1,Expediente Proc. Sancionadores,Superintendencia de Pensiones,Ministerio del Trabajo y Previsión Social
463f33b89c2c4f13aa89f8f5d5096d6a,Extranet IMVallenar,Municipalidad de Vallenar,Municipalidad
79bvfghg9a0a8tm25d16sddg7d61d4710,Extranjeria,Secretaría de Gobierno Digital,Ministerio de Hacienda
ed3aa842612140f5a3adf859912824e7,extranjeria_test,Secretaría de Gobierno Digital,Ministerio de Hacienda
eb58aaa2e342480590cb8c229c81a451,FACILITA,Instituto de Previsión Social,Ministerio del Trabajo y Previsión Social
28fe80c941844d5b9db20745a4272715,FEA cert,Subsecretaría General de la Presidencia de la República,Ministerio Secretaría General de la Presidencia de la República
6ae25bdd2087403cb9b139c17e319244,FEBOS SUBTRANS,Subsecretaría de Transportes,Ministerio de Transportes y Telecomunicaciones
eb15c118f1cb4c08bce4815fb038adbf,fed,Secretaría de Gobierno Digital,Ministerio de Hacienda
1b04c275b2c34bedadeb55f99eab2162,FED,Senado,Otros Poderes
c78861f80fa94deb89f1c5e255daa644,FED,Subsecretaría General de la Presidencia de la República,Ministerio Secretaría General de la Presidencia de la República
e6d9694333084e06a442b7556c586ddd,FED 2,Secretaría de Gobierno Digital,Ministerio de Hacienda
0de1d45e2c4b467b990d180955a743bf,FED Apolinav,Academia Politécnica Naval,Fuerzas Armadas
3a70c51024f74864b788af135261393d,FED beta,Agile Ingeniería y Consultoría Ltda.,Empresa Privada
b3423dc1bf694696ae0de8532f8e58ee,FED Certificación,Agile Ingeniería y Consultoría Ltda.,Empresa Privada
b6f7a96cfde64cc587ac7e80d962151e,Fed oficiometro,Agile Ingeniería y Consultoría Ltda.,Empresa Privada
587d27069d4149ef9bf4e6b244bd2660,FED QA,Subsecretaría General de la Presidencia de la República,Ministerio Secretaría General de la Presidencia de la República
81e938a8fc5d4ec3918c2195dd7db26b,FED TEST,Secretaría de Gobierno Digital,Ministerio de Hacienda
e1167b8f7c2f430c8ddd2dd1c4efc8a2,fed-certificacion,Ministerio Secretaría General de la Presidencia de la República,Ministerio Secretaría General de la Presidencia de la República
d766af3638194588bfaa68f745e5b24a,Ficha de Caracterización Unica,Subsecretaría de Educación,Ministerio de Educación
901e9aa51edb4f06ac08977abdf388c1,Ficha Única del Deportista,Instituto Nacional de Deportes de Chile,Ministerio del Deporte
9f9c10ab736e4dd9b1d1afc948d5585b,Firma Electronica,Secretaría de Gobierno Digital,Ministerio de Hacienda
c52ceac3693c4644bb20f07dd8aa7103,Firma Electronica 2,Secretaría de Gobierno Digital,Ministerio de Hacienda
9f5eb417fa964273b018ee16d7f56a59,Firma Electrónica Apolinav,Academia Politécnica Naval,Fuerzas Armadas
58e5460affc14a828baf05a9fb53e6d4,firma senda,Servicio Nacional para la Prevención y Rehabilitación del Consumo de Drogas y Alcohol,Ministerio del Interior y Seguridad Pública
c6edd56c678d41549c72798816bcd134,Firma simple de documentos,Universidad de O'Higgins,Ministerio de Educación
34651a63c87e40abbe10694acce5edc5,firma.senado,Senado,Otros Poderes
2eaf979d6d5745f0a2056ed97dab4af1,firma.senado.cl v2,Senado,Otros Poderes
314561f15b35443792ba11c3ed431c1f,Firmador de Documentos,Municipalidad de Recoleta,Municipalidad
bf676d9b342d438d8bd0b02c718133af,Firmador MOP,Subsecretaría de Obras Públicas,Ministerio de Obras Públicas
8047edb104d347bdb59f66284cc93dbb,FirmaDOX,FirmaDOX,Empresa Privada
a6492a7a16c04977aaa576317d830688,firmagob.junaeb.gob.cl,Junta Nacional de Auxilio Escolar y Becas,Ministerio de Educación
d0bb6506628a4f37bbee7e2aa4097b92,Fiscalía Atiende,Ministerio Público,Autónomo
a7dac3391faf43a19140634a03aae95a,Fiscalia Nacional Economica,Fiscalía Nacional Económica,"Ministerio de Economía, Fomento y Turismo"
ffc103fb01b7446db47c69e28741cdc8,Fiscalia Nacional Economica 2,Fiscalía Nacional Económica,"Ministerio de Economía, Fomento y Turismo"
7328f256ea16442b87ee2223eba94e2c,Fiscalía UTA,Universidad de Tarapacá,Ministerio de Educación
51c49a7b503c4f82b8ea85ebe14317da,Fiscalización 2.0,Superintendencia de Insolvencia y Reemprendimiento,"Ministerio de Economía, Fomento y Turismo"
c209165d6d644b8e88cf663c88da5893,Fomento ENAMI,Empresa Nacional de Minería,Empresa Pública
696679d8d2d44e329660c105aa436400,Fomento Productivo Tiltil,Municipalidad de Tiltil,Municipalidad
64e1a053d6f44ff89eae1e4c321a6392,Fonasa,Fondo Nacional de Salud,Ministerio de Salud
b4206ac5e3224dfd900588a8f7caf95e,FONASA - Portal Beneficiario,Fondo Nacional de Salud,Ministerio de Salud
55f13050939c44688cb1bb852199b805,FONASA - Portal Beneficiario 2,Fondo Nacional de Salud,Ministerio de Salud
4ba20a5e4a4e457c8597cb7bf7811f48,Fondo de conservación recuperación y manejo sustentable del bosque nativo,Corporación Nacional Forestal y de Protección de Recursos Naturales Renovables,Ministerio de Agricultura
f5ddf6bc3a18481d81f25d40a2a56dd1,Fondo de investigación del Bosque nativo,Corporación Nacional Forestal y de Protección de Recursos Naturales Renovables,Ministerio de Agricultura
35091edbf7b546129807dbb0add0cc46,Fondo de Solidaridad e Inversion Social,Fondo de Solidaridad e Inversión Social,Ministerio de Desarrollo Social y Familia
abd00cb7c3fa43b2b44132abee9dd7b4,Fondo de Solidaridad e Inversion Social 2,Fondo de Solidaridad e Inversión Social,Ministerio de Desarrollo Social y Familia
f6aa209f0860477380c878df96de1c84,Fondo de Solidaridad e Inversión Social - Cerofilas,Fondo de Solidaridad e Inversión Social,Ministerio de Desarrollo Social y Familia
dfd2e183c6f74e8f999a94bfc72972ff,Fondo Educación Previsional,Subsecretaría de Previsión Social,Ministerio del Trabajo y Previsión Social
e9c87bd5f69f4f86afe073f6e04f7d5b,Fondo Nacional,Ministerio del Interior,Ministerio de Minería
d9d5abd8143543189c1befef73999834,Fondos Comunidad - GORE Los Lagos,Gobierno Regional de la Región de Los Lagos,Ministerio del Interior y Seguridad Pública
b125b71f0bca4b1a8bf41976b744becb,Fondos Concursables,Gobierno Regional de la Región de Coquimbo,Ministerio del Interior y Seguridad Pública
b70997d473d344fca18eaef75018a665,Fondos Concursables FNDR,Gobierno Regional de la Región Aysén del General Carlos Ibáñez del Campo,Ministerio del Interior y Seguridad Pública
76ffc753645342d3b16e6b08c7381df2,Fondos Concursables FNDR 2,Gobierno Regional de la Región Aysén del General Carlos Ibáñez del Campo,Ministerio del Interior y Seguridad Pública
8317f9c3e15b4702b40aea154ce9488f,Fondos FIC Concursables,Gobierno Regional de la Región Aysén del General Carlos Ibáñez del Campo,Ministerio del Interior y Seguridad Pública
37789749054445d1b64d1fdf9016d0a1,fonendo,Servicio de Salud Libertador General Bernardo O'Higgins,Ministerio de Salud
ae5cbc3811f145059eb8c1eaa0209154,Fonendo Mi ficha clínica,Servicio de Salud Libertador General Bernardo O'Higgins,Ministerio de Salud
13ba077e1e654a54993e85f4fdfd2aa3,Formación,Subsecretaría de Salud Pública,Ministerio de Salud
6445f2899a224f22bad60c31fad06703,Formación Agentes de Cambio,Instituto Nacional de la Juventud,Ministerio de Desarrollo Social y Familia
fa5ba41e22994a85a61679c50c4256c7,Formación Continua ACE,Agencia de Calidad de la Educación,Ministerio de Educación
31ca0ff53b074d7bbf344c6ddf3abfe9,Formulario COSOC,Subsecretaría de Relaciones Económicas Internacionales,Ministerio de Relaciones Exteriores
fa520ad5c4b74b3dbfeaf4a9ca74dfe9,Formulario de Ingreso 40 Explotación,Servicio Nacional de Geología y Minería,Ministerio de Minería
5888cda8725c41a3b0c3f47332a15ac0,Formulario de Ingreso 41 Exploración,Servicio Nacional de Geología y Minería,Ministerio de Minería
156b06392bc64abc9278a922836ef195,Formulario de Ingreso a Isla,Subsecretaría de Salud Pública,Ministerio de Salud
1d322c450315498d8a800c3d78501b58,Formulario de Inscripción SNEC,Subsecretaría de Educación,Ministerio de Educación
93005bb4f9ab4e5b8aeca0d6b7e1511d,Formulario Entrevistadores,Subsecretaría de Justicia,Ministerio de Justicia y Derechos Humanos
b061b23643864a8193a157d622ec76a7,formulario injuv,Instituto Nacional de la Juventud,Ministerio de Desarrollo Social y Familia
81e6742c521c4774b412c0e730409d97,Formulario Pesca GORE Aysen,Gobierno Regional de la Región Aysén del General Carlos Ibáñez del Campo,Ministerio del Interior y Seguridad Pública
372aaeba12154913a4f4e8385fb1bf82,Formulario PNC,Subsecretaría de Relaciones Económicas Internacionales,Ministerio de Relaciones Exteriores
87d94dfe975543ab9a879aa82cd47d93,Formularios GORE Aysén,Gobierno Regional de la Región Aysén del General Carlos Ibáñez del Campo,Ministerio del Interior y Seguridad Pública
9e57f3868c2e44c5bb7f68029dfe1c7c,foros colaborativos CGR,Contraloría General de la República,Contraloría
0a750e36725e495ba32bd43a5f170724,FUAS-Mineduc,Subsecretaría de Educación,Ministerio de Educación
d1451904c420442aba551070cdb221af,Fuerza Aérea de Chile - Cerofilas,Fuerza Aérea de Chile,Ministerio de Defensa Nacional
9c38d644320148d7a94a9a54f16e3431,Funcionarios - Fondos Comunidad - GORE Los Lagos,Gobierno Regional de la Región de Los Lagos,Ministerio del Interior y Seguridad Pública
f5d5e0df4a1849e684b6a0e7de25c6e5,GD CAPREDENA,Caja de Previsión de la Defensa Nacional,Ministerio de Defensa Nacional
4127ae8596a4453085bb6d81cc404b8c,Gendarmeria de Chile,Gendarmería de Chile,Ministerio de Justicia y Derechos Humanos
8e3afb43c3fd48e592fc587c3dbdd780,Gendarmeria de Chile,Gendarmería de Chile,Ministerio de Justicia y Derechos Humanos
648a73c3ab2a48b1ac046802df52be11,Gesdoc,Dirección General del Crédito Prendario,Ministerio del Trabajo y Previsión Social
3a631284571347bf8acba49209e63034,Gesparvu Junji,Junta Nacional de Jardines Infantiles,Ministerio de Educación
33fd4a228dca48da93f5fceecf793cf3,Gestión Beneficiarios INJUV,Instituto Nacional de la Juventud,Ministerio de Desarrollo Social y Familia
151290e5c9e641ab8b70cf2628c2c32b,Gestión de Causas - Primer Tribunal Electoral,Primer Tribunal Electoral,Autónomo
97130a1e032c4dc7a90c7f327d9257c4,Gestión de Compras,Instituto Nacional de la Juventud,Ministerio de Desarrollo Social y Familia
49c8b832a3594706ae87a1676114ff06,Gestión de Recursos INJUV,Instituto Nacional de la Juventud,Ministerio de Desarrollo Social y Familia
a7925c7ee6674a30ae9f3f4045785095,Gestión Documental,Municipalidad de Peñalolén,Municipalidad
8ba6d7f9bb7445ff96ffd06af5fa8c1e,Gestión Sustentable,Servicio de Salud Atacama,Ministerio de Salud
95b7bf6083634811b6ec1552e2ed5fad,Gestión Telesalud,Subsecretaría de Redes Asistenciales,Ministerio de Salud
08bc820b6600424fb6d35b6cb95ebafe,Gestiona Canal,Comisión Nacional de Riego,Ministerio de Agricultura
c159dd12a04d43f7875c0d2454578af2,Gestor APS,Municipalidad de Santiago,Municipalidad
9a48b0e0bc8b4f4e8bb1ef78fbc01735,Gestor Documental,Instituto Nacional de la Juventud,Ministerio de Desarrollo Social y Familia
9b8e5105e75b4d77a3e416729122b83a,Gestor Documental,Municipalidad de Coyhaique,Municipalidad
e0ba093bf3bc407a98dc3a7ddf06aa60,gestor documental cero papel,Municipalidad de Doñihue,Municipalidad
53c32903b02a42079feebe8991983190,Gestor Documental CNR,Comisión Nacional de Riego,Ministerio de Agricultura
abd6ab0229c643338812eb3a1707c053,Gestor Documental Gore Antof.,Gobierno Regional de la Región de Antofagasta,Ministerio del Interior y Seguridad Pública
d78965c7cc7241de9494df4348e86691,Gestor Documental SSMS,Servicio de Salud Metropolitano Sur,Ministerio de Salud
5a9f6ccc7d1146ad9c769022bccefc82,Gestor documental ZeCeroPapel,Municipalidad de Chile Chico,Municipalidad
b0ba55dce60b40c792e54dc50d35af76,Gestor documental ZeCeroPapel,Municipalidad de El Bosque,Municipalidad
63cb5cf2dbfd43c192fe88bb0074a2ad,Gestor documental ZeCeroPapel,Municipalidad de La Granja,Municipalidad
f62c9a57b0fc4355a33b3ceefb0952b3,Gestor Documental ZeCeroPapel,Municipalidad de Parral,Municipalidad
6aa8a534e36b497f8a29c0ebf5f4ef50,Gestor documental ZeCeroPapel,Municipalidad de Vichuquén,Municipalidad
6f7b8ef5a7204c4b92d0ca778317d790,Gestor documental ZeCeroPapel,Servicio Nacional de Protección Especializada a la Niñez y Adolescencia,Ministerio de Desarrollo Social y Familia
4dba7cd069114919ad0b914d1ea78893,Gestor Recinto Deportivo,Municipalidad de Lo Barnechea,Municipalidad
c812e984f6f84787bf7ca7978b4ca733,gob.cl,Ministerio Secretaría General de la Presidencia de la República,Ministerio Secretaría General de la Presidencia de la República
c242172b23d349018620dae9d39fd8ee,Gobcl test,Secretaría de Gobierno Digital,Ministerio de Hacienda
86dad20a75904047a1de9eb9379abd39,Gobernación del Maule,Secretaría de Gobierno Digital,Ministerio de Hacienda
1926b43554a88caea734d8c842c75caa7b07,Gobierno Digital,DEMOSTRACION,Test
d6d4327ae40445518a3c8a6e62137cd6,Gobierno Digital Simple,Secretaría de Gobierno Digital,Ministerio de Hacienda
35247f05d768409c89d91ca3d529ecc9,Gobierno Digital Simple 2,Secretaría de Gobierno Digital,Ministerio de Hacienda
49293d30c039484fa18c0080abe550ac,Gobierno Regional de Arica y Parinacota,Ministerio Secretaría General de la Presidencia de la República,Ministerio Secretaría General de la Presidencia de la República
071756a81efc4e49a38a40ec109a9787,Gobierno Regional de Arica y Parinacota 2,Ministerio Secretaría General de la Presidencia de la República,Ministerio Secretaría General de la Presidencia de la República
1f4d401dc99f447fbea4ec4ef97a956e,Gobierno Regional de La Araucanía - Cerofilas,Gobierno Regional de la Región de la Araucanía,Ministerio del Interior y Seguridad Pública
d275b47436ee4358afc2761ffda92c18,Gobierno Regional de la Región Atacama - Cerofilas,Gobierno Regional de la Región Atacama,Gobierno Regional
625c85747d2c430d8b68c06d2cab9566,Gobierno Regional del Maule,e-Process,Empresa Privada
0c88e5937434437ca7094b4b52bccc63,Green ClaveÚnica,Subsecretaría General de la Presidencia de la República,Ministerio Secretaría General de la Presidencia de la República
e8a335d0d074413fb14c930173ae4df8,Hacienda y modernización,Magnet SPA,Empresa Privada
82db9da73d1547e7824111f4eadf7da1,Haz Tu Tesis-Seguridad Social,Subsecretaría de Previsión Social,Ministerio del Trabajo y Previsión Social
ae09dafa2f8e427ba37c7a8afef6d154,HbvConnect,Hospital Base Valdivia,Ministerio de Salud
7034b8a8a0fb447393ed547bc0aa8c99,HCC Pacientes,Hcc Calama,Ministerio de Salud
31ce15efc43b4bbabf22d05b413ddc46,Hidatidosis,Subsecretaría de Salud Pública,Ministerio de Salud
465d39a118f84dcca1751c69cccc4f3f,HJNC Virtual,Hospital Regional de Arica y Parinacota Dr. Juan Noé Crevani,Ministerio de Salud
ad571b40258e4862b37b31fbbe2d8ab5,HOSPITAL DE IQUIQUE,Servicio de Salud Tarapacá,Ministerio de Salud
1e48587d85de457c85bb7cd578e814c2,Hospital Digital,Subsecretaría de Salud Pública,Ministerio de Salud
0fee9ea463cb4ae5b1f27bdf560dfbfe,HOSPITAL DIPRECA,Dirección de Previsión de Carabineros de Chile,Ministerio del Interior y Seguridad Pública
75beb592846a4eb3a6859376d1e1063b,Hospital En Tus Manos,Servicio de Salud Antofagasta,Ministerio de Salud
b15e46acff6b4a7487ad18cdac3a21d0,Hospital Sotero del Río,Servicio de Salud Metropolitano Sur Oriente,Ministerio de Salud
f7d5c224decc4819acbe28a070fb6a75,https://servicios.sernapesca.cl/Sims,Servicio Nacional de Pesca y Acuicultura,"Ministerio de Economía, Fomento y Turismo"
7acc20bc28a64464a8bc3cc182b1719d,https://totalpack.dipreca.cl,Dirección de Previsión de Carabineros de Chile,Ministerio del Interior y Seguridad Pública
ad2e65e3efca4fc39f1afc932a1a400d,https://tramites.subtel.gob.cl,Subsecretaría de Telecomunicaciones,Ministerio de Transportes y Telecomunicaciones
c2f8201a4d224d81babdcea072e5cec4,https://tramites.subtel.gob.cl,Subsecretaría de Telecomunicaciones,Ministerio de Transportes y Telecomunicaciones
edebb10e0f58410e99ce5e813fd258db,I. Municipalidad de La Cisterna,Municipalidad de La Cisterna,Municipalidad
3a19a01e2f6b440a95df8dafbdb5af10,I. Municipalidad de San Bernardo,Municipalidad de San Bernardo,Municipalidad
f9894051ee6e40ad91d0cd53b2a8efc0,I. Municipalidad de Santiago,Municipalidad de Santiago,Municipalidad
6e66700af1e743638e61104cd44dc3de,I.Municipalidad de La Calera,Municipalidad de La Calera,Municipalidad
1970192b95264155af694eb1190fd440,IDE Magallanes,Gobierno Regional de la Región de Magallanes y de la Antártica Chilena,Ministerio del Interior y Seguridad Pública
dcd0b6134a8846c1ac7171f8530945ab,Identidad Única - Ministerio de Vivienda y Urbanismo,Subsecretaría de Vivienda y Urbanismo,Ministerio de Vivienda y Urbanismo
8a9f89bedf0940119071ed84f94c570d,IFE,Ministerio de Desarrollo Social y Familia,Ministerio de Desarrollo Social y Familia
e7c03dd9e5044ca7a0945b6bbe4be826,IFE Laboral,Servicio Nacional de Capacitación y Empleo,Ministerio del Trabajo y Previsión Social
ad82bff45f4c4b24a93ff609b7332c46,Ilustre Municipalidad de Codegua,Municipalidad de Codegua,Municipalidad
4c02fca723a044a29fed940877462e57,Ilustre Municipalidad de Coquimbo,Municipalidad de Coquimbo,Municipalidad
9f906e2f15c64b48b7fa171849ff0139,Ilustre Municipalidad de El Quisco - cerofilas,Municipalidad de El Quisco,Municipalidad
aec5ff870eac42618d43284bdf5862bd,Ilustre Municipalidad de Llay-Llay,Municipalidad de Llay Llay,Municipalidad
fe3b920d945f41a197a4b085d7dfcf28,Ilustre Municipalidad de Loncoche,MUNICIPALIDAD DE LONCOCHE,Municipalidad
91e1701a802549068fba0337434ad595,Ilustre Municipalidad de Los Lagos,Municipalidad de Los Lagos,Municipalidad
85ad22e98d774f4f87479c5936998b3c,Ilustre Municipalidad de Machali,Municipalidad de Machalí,Municipalidad
9e1fed4d8a0a4b999cf2dc9d73f0f39f,Ilustre Municipalidad de Maipu - Cerofilas,Municipalidad de Maipu,Municipalidad
d829fce0e788419596b6dc2c7a121659,Ilustre municipalidad de Mejillones,Municipalidad de Mejillones,Municipalidad
7fd04d138bb4409bafadcfecafef81bf,Ilustre Municipalidad de Paillaco,Municipalidad de Paillaco,Municipalidad
20a26a0320644c209a54b343d5af22d2,Ilustre Municipalidad de Panquehue,MUNICIPALIDAD DE PANQUEHUE,Municipalidad
7f855cb82b5c4925b77766d9ba78fa32,Ilustre Municipalidad de Porvenir,Municipalidad de Porvenir,Municipalidad
05f256e743e14c13a712502cceb76e9f,Ilustre Municipalidad de Quilpue,Municipalidad de Quilpué,Municipalidad
1fb941d1b2b648c8aac716c4c4d125fa,Ilustre Municipalidad de Quinta Normal,MUNICIPALIDAD DE QUINTA NORMAL,Municipalidad
6a0fe56026704f2cb8bfb32e43a0e0b2,Ilustre Municipalidad de Rancagua,Municipalidad de Rancagua,Municipalidad
31ea1668756145ea8149b6c2401cca15,Ilustre Municipalidad de Requinoa,Municipalidad de Requínoa,Municipalidad
d965e3d8c1bd48f4a4d0b3bc1b1f291e,Ilustre Municipalidad de San Javier,Municipalidad de San Javier,Municipalidad
7a01bc04dec7457b945d0c276e88b1a2,Ilustre Municipalidad de Tome,Municipalidad de Tomé,Municipalidad
620407e377144fd3aed15c96906161a3,Ilustre Municipalidad de Valdivia,Municipalidad de Valdivia,Municipalidad
fdca987a696a439bb97e9958eb91dada,Ilustre Municipalidad del Bosque,Municipalidad de El Bosque,Municipalidad
2568c649c62d46af960451f6284203d2,IMG,Ministerio de Desarrollo Social y Familia,Ministerio de Desarrollo Social y Familia
3760791dec7e4abcbaceba66c5560800,ImoDigital,Municipalidad de Osorno,Municipalidad
7fe4160f75f34ec2843e6a18c6a631c1,IMPULSA INVERSIÓN AYSEN,Gobierno Regional de la Región Aysén del General Carlos Ibáñez del Campo,Ministerio del Interior y Seguridad Pública
118b21468a084bb6b8bc7ccc5d962842,INACH OIRS,Instituto Antártico Chileno,Ministerio de Relaciones Exteriores
26b4ed3b679045889fdc5539a4c2d4fc,Incautación de Vehículos,Ministerio Público,Autónomo
ae5dd79c8078404fa751c6a09730cc78,Incorpórate a Fonasa,Fondo Nacional de Salud,Ministerio de Salud
42ae0bec8c154946af91f4e523026b44,Índice de Innovación Pública,bid-local,Ministerio de Hacienda
328fc7aa7bb84b9fb1a92096e186cf14,indiceinnovacionpublica,Laboratorio de Gobierno,Ministerio de Hacienda
ae7cc0441ee6493d97204f7a5498b861,Inducción y Mentorías,Subsecretaría de Educación,Ministerio de Educación
e8dce48cecf1475688190e2db25268de,Info Rendición GORE Araucania,Gobierno Regional de la Región de la Araucanía,Ministerio del Interior y Seguridad Pública
ea2c0eb89a304770aa1c5a8c73d6e19c,Infocliente,Dirección General del Crédito Prendario,Ministerio del Trabajo y Previsión Social
35112031cb4540b9a16f1ea47a66e460,Información Licencia Conductor,Subsecretaría de Transportes,Ministerio de Transportes y Telecomunicaciones
56ce722fb1bc4fff935f5150ad1618b2,Infracciones digitales,Municipalidad de Curicó,Municipalidad
74ed652f9a9242c590651fe4cff0d492,Ingreso a Intranet UTA,Universidad de Tarapacá,Ministerio de Educación
f44bedcfbdb64a818e717b872a002abd,Ingreso a Municipalidad de Santiago,Municipalidad de Santiago,Municipalidad
ae4caa1cb2154cac89440f3fe18251cb,Ingreso de causas y escritos,Poder Judicial,Otros Poderes
e42dd4690ccb419d8fd84087809b2889,Ingreso FNDR,Gobierno Regional de la Región Aysén del General Carlos Ibáñez del Campo,Ministerio del Interior y Seguridad Pública
430f7e4799cf4b2581c70a60115bbbed,Ingreso solicitudes DT,Subsecretaría de Salud Pública,Ministerio de Salud
a17b65ede0ce456180b70acb55f8d1f5,INHUB - AYSEN,Instituto Nacional de la Juventud,Ministerio de Desarrollo Social y Familia
ca87b10b94404b0ea2c3079f2d385ed1,INHUB - BIOBIO,Instituto Nacional de la Juventud,Ministerio de Desarrollo Social y Familia
8c2b9a16cda24d66b6c0998a627fe7ef,INHUB - LA ARAUCANIA,Instituto Nacional de la Juventud,Ministerio de Desarrollo Social y Familia
c231b655c239459fa56b747e06d56315,INHUB - MAULE,Instituto Nacional de la Juventud,Ministerio de Desarrollo Social y Familia
5c5adee6856d4fccb08d714f59ce63d4,INHUB - TARAPACA,Instituto Nacional de la Juventud,Ministerio de Desarrollo Social y Familia
7a44bf85c9cd4f7784716ae6c5b03a55,Innovación y Servicios Rengo,Municipalidad de Rengo,Municipalidad
a1767fd9714b4779be9e657070ab38fd,Inscripción Becas de Inglés,Instituto Nacional de la Juventud,Ministerio de Desarrollo Social y Familia
80a85cdf159a4ceea99c4025d1c03962,Inscripción y Actualización de Profesionales de Salud,Fondo Nacional de Salud,Ministerio de Salud
44751cb5d2d84a4ea213423885784a7e,Instituto de Seguridad Laboral,Instituto de Seguridad Laboral,Ministerio del Trabajo y Previsión Social
7570b454d53042d8a288dedf1347e7e1,Instituto Nacional de Deportes,Instituto Nacional de Deportes de Chile,Ministerio del Deporte
6318990f8fc6477fbc4a9f5c9f1cb1dd,Instituto Nacional de Hidraulica,Instituto Nacional de Hidráulica,Ministerio de Obras Públicas
fd595f24910c4126b7398b3e081af528,Instituto Seguridad Laboral,Instituto de Seguridad Laboral,Ministerio del Trabajo y Previsión Social
fdb3b1812a504d65bb91da49faa9eb81,Instructivo Presidencial,Secretaría de Gobierno Digital,Ministerio de Hacienda
fdb3b1812a504d65bb91da49faa9eb85,Instructivo Presidencial - Test,Secretaría de Gobierno Digital,Ministerio de Hacienda
175e0b49d59c40908451e1a73c955432,Integración Clave Unica,Dirección de Previsión de Carabineros de Chile,Ministerio del Interior y Seguridad Pública
954a001a3bce41d1a12c3f85cfbbfee6,Interoperabilidad,interoperabilidad,Test
de18d34663ca4c409fe88bb8fb762dd5,Interoperabilidad,Ministerio Secretaría General de la Presidencia de la República,Ministerio Secretaría General de la Presidencia de la República
fcba6a53824845da9d6330719f43a430,Intranet,Gobierno Regional de la Región de Los Lagos,Ministerio del Interior y Seguridad Pública
2ba6ef9107bf4a2ebd7c662f80966bf7,Intranet,Municipalidad de Puerto Varas,Municipalidad
df28ab4cee16458d8bf66d7c75905dca,Intranet Curarrehue,Municipalidad de Curarrehue,Municipalidad
8d005988eade43499a2aab12ad96a425,Intranet Hospital de Linares,Servicio de Salud Maule,Ministerio de Salud
c7859ad3aef147d59939533663e482f7,Intranet IM Requinoa,Municipalidad de Requínoa,Municipalidad
d901924d294640abb47dd412154610c7,Intranet IM. de Coihueco,Municipalidad de Coihueco,Municipalidad
8c89546c8e524777bc61ee8b984e29e0,Intranet Institucional SLEPCH,Servicio Local de Educación Pública de Chinchorro,Ministerio de Educación
295b6153828349ea914a9cda6020bafa,Intranet Licantén,Municipalidad de Licantén,Municipalidad
dab6b8ce23604fa7b9ace2c2121d943e,Intranet MSGG,Ministerio Secretaría General de Gobierno,Ministerio Secretaría General de Gobierno
07952a562f22499fa4ff126fbcbe1156,Intranet Municipal,Municipalidad de Diego de Almagro,Municipalidad
e16bdf2168e144d396be917a93114bfa,Intranet Municipalidad Osorno,Municipalidad de Osorno,Municipalidad
1e70f90cd6394c54bb0948d4a56a4d89,Intranet Municipio San Rosendo,Municipalidad de San Rosendo,Municipalidad
beffd64a12234181acab4b675d4e7be4,Intranet nacimiento,Municipalidad de Nacimiento,Municipalidad
1e801411cdbd40aa92ad0dfc09000f69,Intranet Navidad,Municipalidad de Navidad,Municipalidad
ad0f030aedc44b3299ed8069d6bf99b6,Intranet Ránquil,Municipalidad de Ránquil,Municipalidad
5cb622f7d39d4c06aa879b224170b552,Intranet Rio Claro,Municipalidad de Río Claro,Municipalidad
8c4b94e7835b495e90eeca57d62cd1ff,Intranet SEIM,Subsecretaría de Transportes,Ministerio de Transportes y Telecomunicaciones
6a2f8daaddf24ff784c6b26f1ba5abe7,Intranet Torres del Paine,Municipalidad de Torres del Paine,Municipalidad
9b9d3e3ece844158b34a416ddcfd686b,Intranet v2 GORE Araucanía,Gobierno Regional de la Región de la Araucanía,Ministerio del Interior y Seguridad Pública
4167a6da072d499ead342b973189239e,Intranet_ClaveUnica_Quilleco,Municipalidad de Quilleco,Municipalidad
1dc3c4426e8a47459c4bc157ee2e598b,Intranet-Municipalidad SFDO,Municipalidad de San Fernando,Municipalidad
d95abeeed85d4796b30494c5f02ad0b3,IntranetGob SLEP Colchagua,Servicio Local de Educación Pública de Colchagua,Ministerio de Educación
bc3d84eac06c443d98b54a8d8f48c452,Invest Chile,Agencia de Promoción de la Inversión Extranjera,"Ministerio de Economía, Fomento y Turismo"
702cd2e7025a4fa78058435cb93f0cf1,Invierte Turismo,Subsecretaría de Turismo,"Ministerio de Economía, Fomento y Turismo"
af0e159816f94fe189f0cd1b077584ab,IPS,Instituto de Previsión Social,Ministerio del Trabajo y Previsión Social
eba5517a8d8947cfb7af5e7285da9adc,IPS - 2,Instituto de Previsión Social,Ministerio del Trabajo y Previsión Social
c8af4763390347679fd6f146b6704f99,IPS - Asignación Familiar,Instituto de Previsión Social,Ministerio del Trabajo y Previsión Social
8394b3beb22f419ca01c64dc31db11p1,IPS - persona,Instituto de Previsión Social,Ministerio del Trabajo y Previsión Social
a39c89346c574a3da2b74823b17ce56a,ISL,Instituto de Seguridad Laboral,Ministerio del Trabajo y Previsión Social
7584a2627379469ea109fbc4796d6891,Junta Nacional de Auxilio Escolar y Becas,Junta Nacional de Auxilio Escolar y Becas,Ministerio de Educación
261d975c142e497e9e30b727fdc54fd4,La Moneda Informa,Subsecretaría General de Gobierno,Ministerio Secretaría General de Gobierno
89f465cbdf2e410b8eb669cdaf6633b6,Ley de Transformación Digital,Subsecretaría General de la Presidencia de la República,Ministerio Secretaría General de la Presidencia de la República
5492b6e4db6948aca469c21d05b18721,Ley del Lobby,Comisión para la Integridad Pública y Transparencia,Ministerio Secretaría General de la Presidencia de la República
c0cd823534c04f9aa7a896f8961ce209,Libro de clases digital,Subsecretaría de Educación,Ministerio de Educación
dc821110e3f34bf3984d61955ced2e69,Licencia de Conducir Digital,Subsecretaría de Transportes,Ministerio de Transportes y Telecomunicaciones
cb5950c1b7934f18adc82d161da640ec,licitaciones,Fondo de Solidaridad e Inversión Social,Ministerio de Desarrollo Social y Familia
0964a379de7448028f7257144024896e,Linea de Denuncias SENDA,Servicio Nacional para la Prevención y Rehabilitación del Consumo de Drogas y Alcohol,Ministerio del Interior y Seguridad Pública
eb6b584fde4141aea5dafddee3e7ad4e,Listado de trámites digitales,Subsecretaría de Educación,Ministerio de Educación
1662923a038a417b9e3dafc6b2af6c0a,Listas de chequeo,Subsecretaría de Salud Pública,Ministerio de Salud
8f12907d9b294998858eb938e5268791,Lo mejor de ser joven,Instituto Nacional de la Juventud,Ministerio de Desarrollo Social y Familia
4021d79645c843699a6b5707804f11d0,Lobby,Ministerio Secretaría General de la Presidencia de la República,Ministerio Secretaría General de la Presidencia de la República
aae2a79d383f447c98e840d75bb0b692,Lobby 2,Secretaría de Gobierno Digital,Ministerio de Hacienda
cf792a417f3f4fb584157050058e06b7,Lobby 3,Secretaría de Gobierno Digital,Ministerio de Hacienda
2b3b76d2eee047edaafb4385548ac331,local,Secretaría de Gobierno Digital,Ministerio de Hacienda
b175a4d826ca47a19027d44c26fafd84,Local Prueba,Secretaría de Gobierno Digital,Ministerio de Hacienda
74a7eae10db94a86889c21da35d8c713,Login Centralizado SPD,Subsecretaría de Prevención del Delito,Ministerio del Interior y Seguridad Pública
9ae54d261e454c93ae1c2cdec0fd03e6,Login certificado afiliacion,Fondo Nacional de Salud,Ministerio de Salud
191686e57a3e4b8994f63b7b4e90014c,Login Tienda,Central de Abastecimiento del Sistema Nacional de Servicios de Salud,Ministerio de Salud
a7805ac6b7df4dc8b655205bd3ffe41c,MAC,Servicio Nacional del Consumidor,"Ministerio de Economía, Fomento y Turismo"
5e67ff1ca7f447beafc1284e8f8021c3,Mamíferos Marinos,Subsecretaría de Pesca y Acuicultura,"Ministerio de Economía, Fomento y Turismo"
c5f58b408cee4b0ebf0cec74532175e1,Mandatarios Digitales,Servicio de Impuestos Internos,Ministerio de Hacienda
38b1da6834fe4bb7a788f608fba2bf4e,Masa Bruta Verificada de Contenedores,Dirección General del Territorio Marítimo y de Marina Mercante,Ministerio de Defensa Nacional
00500d799a524b1ca336b85a8ebda9ce,Matias Sonnleitner,Subsecretaría General de la Presidencia de la República,Ministerio Secretaría General de la Presidencia de la República
68520857889c46ae98690cf6d0dfa26b,Matrícula en Línea,Universidad de Los Lagos,Ministerio de Educación
95a360804f6a41df8222a6f34d4145bc,MBN - Postulaciones Online,Subsecretaría de Bienes Nacionales,Ministerio de Bienes Nacionales
05bbaa0671654c4c98093ce34d70d7a7,mbn-app,Option,Empresa Privada
9a51032305784515a6b37516b717d912,Me Cuido Te Cuido,Servicio Nacional del Adulto Mayor,Ministerio de Desarrollo Social y Familia
0bdc586df4b84f2596586ff1a197cbae,Mentorías - Postulaciones,Subsecretaría de Educación,Ministerio de Educación
49ea78109b9b48459b1351e07fb60e1b,Mercado Público (PRE),Dirección de Compras y Contratación Pública,Ministerio de Hacienda
be46b88bd9c44871b3069ca77e9263c4,Mercado Público D. Jurada,Dirección de Compras y Contratación Pública,Ministerio de Hacienda
67339e06f4b44f78994ff4785178807a,Mercado+Público,Dirección de Compras y Contratación Pública,Ministerio de Hacienda
e05706d1b22d4d5e9534daee71e618fa,MercadoPublico,Dirección de Compras y Contratación Pública,Ministerio de Hacienda
9d09abef270246199210391ffcfc2452,Mesa de Ayuda MSGG,Ministerio Secretaría General de Gobierno,Ministerio Secretaría General de Gobierno
1e89b0b11b0e417bbd199a3aac7717ee,MEVACUNO,Subsecretaría de Redes Asistenciales,Ministerio de Salud
18f30ba09d2a448abc9c557eae739f4e,MEVACUNO 2,Subsecretaría de Redes Asistenciales,Ministerio de Salud
e85593238c824767a9dee817a5e31671,Mi ChileAtiende,Instituto de Previsión Social,Ministerio del Trabajo y Previsión Social
ef1dd1f1a5b94d0eacb669f7b3ec2911,Mi Crédito CAE,Comisión Administradora del Sistema de Créditos para Estudios Superiores,Servicio
9085a677c08a415c8fc3c442dd7a20ad,Mi Emprendimiento,Instituto Nacional de la Juventud,Ministerio de Desarrollo Social y Familia
ec3d6930d4d24e4983853885722b6865,Mi emprendimiento colegios,Instituto Nacional de la Juventud,Ministerio de Desarrollo Social y Familia
347178b052294153af290d6a84589868,Mi Fiscalía en Línea,Ministerio Público,Autónomo
5af89d91c7c74476ad4546b1db07c56c,Mi HC OnLine,Servicio de Salud Arica y Parinacota,Ministerio de Salud
7e5561dae0dc47caaa48c0ae714b8b2e,Mi Marca,Presidencia de la República,Presidencia de la República
3d639e0a581e4afbbc3976eed669f5c6,Mi Portal de Emprendimiento,Subsecretaría de Evaluación Social,Ministerio de Desarrollo Social y Familia
691908497820458d9dd026255e11a5d3,MI PORTAL MINTRAB,Subsecretaría del Trabajo,Ministerio del Trabajo y Previsión Social
40df84d54caa4641b8cf2f2dfbb16ef5,Mi SUPER,Magnet SPA,Empresa Privada
2804173c34534b43b6eae4472890fdf2,Mi SUPER,Ministerio de Economía,"Ministerio de Economía, Fomento y Turismo"
b1b009877e0c4e0790fd92559d853d69,Mi Súper,Superintendencia de Salud,Ministerio de Salud
09bf3467cd3b4a14b789cbdb48a07c42,mi-chileatiende,Agibiz,Empresa Privada
ffaec74bfd414f8394bab077a989e27f,miChileAtiende,Instituto de Previsión Social,Ministerio del Trabajo y Previsión Social
54219274356748edbcc95dffe44b8a08,Microsystem,Microsystem S.A.,Empresa Privada
04f5e83aaf8f440ba15ac6f75d75659a,Mifirma,Secretaría de Gobierno Digital,Ministerio de Hacienda
24483936f5c8410da7be5e32f0b102ef,milicenciamedica,Subsecretaría de Salud Pública,Ministerio de Salud
4a94478dd25f4430a0a023b87e11170d,Milicenciamedica.cl,Subsecretaría de Salud Pública,Ministerio de Salud
3e2a4d42827d43d0b90248199e58e98e,Mineduc-Ayudamineduc,Subsecretaría de Educación,Ministerio de Educación
b610f798fbd04cd2a465409f23a94a08,Ministerio de Bienes Nacionales - CEROFILAS,Ministerio de Bienes Nacionales,Ministerio de Bienes Nacionales
77a4a1bbc1944d669fbcbedb1785bc72,Ministerio de Bienes Nacionales - CEROFILAS,Ministerio de Bienes Nacionales,Ministerio de Bienes Nacionales
d13807bb9ec049f1afa36de584c19203,Ministerio de Bienes Nacionales - Desarrollo,Ministerio de Bienes Nacionales,Ministerio de Bienes Nacionales
b61d77169df44b1cb74ec5caa7a0c10f,Ministerio de Bienes Nacionales - Desarrollo,Ministerio de Bienes Nacionales,Ministerio de Bienes Nacionales
34716c48361b466a9fa3d1bbcece2c82,Ministerio de Bienes Nacionales Plan de Licitaciones - Ofertas Online,Subsecretaría de Bienes Nacionales,Ministerio de Bienes Nacionales
8463596c1f4f4497a10a543276283b05,Ministerio de Energia,Ministerio de Energía,Ministerio de Energía
a0184360dccb433cb80deb1830c74ae6,Ministerio de Minería,Subsecretaría de Minería,Ministerio de Minería
a0df2261c51b4d988b81e1d2af967e45,Ministerio de Obras Publicas,Ministerio de Obras Públicas,Ministerio de Obras Públicas
41d123ba0dec4185bf5124ee5aea5a84,Ministerio Secretaria General de la Presidencia,Ministerio Secretaría General de la Presidencia de la República,Ministerio Secretaría General de la Presidencia de la República
86f9fbae50df4d7db53b7b564ff8f099,Ministerio Secretaria General de la Presidencia,Ministerio Secretaría General de la Presidencia de la República,Ministerio Secretaría General de la Presidencia de la República
93fbf77209d842c5af4840bcdd959a0b,Ministra,Subsecretaría de Bienes Nacionales,Ministerio de Bienes Nacionales
47738b0221084ed8a922e52af27d08bb,Minvu,Secretaría de Gobierno Digital,Ministerio de Hacienda
e9054c34643e4f75a687aa50edaa814e,Minvu 2,Secretaría de Gobierno Digital,Ministerio de Hacienda
fb3957569a8d49528c3571bcb4703f55,MINVU,Subsecretaría de Vivienda y Urbanismo,Ministerio de Vivienda y Urbanismo
12b208d73b2647a38bf2842b760a44f8,Mis Citas Salud,Servicio de Salud Metropolitano Oriente,Ministerio de Salud
6d52b87b5a964c61ad7e28afd9499f16,Mis Trámites CGR,Contraloría General de la República,Contraloría
6d52b87b5a964c61ad7e28afd9499f18,Mis Trámites CGR,Contraloría General de la República,Contraloría
868913bf4da24f48bd7f7815ad3aadf7,MiTurno,Universidad de La Serena,Ministerio de Educación
6f87440689744907bfbdd78adf2f9e15,MiTurno 2,Universidad de La Serena,Ministerio de Educación
e717d446842047559243c1324147018a,Mociones Digitales,Cámara de Diputados de Chile,Otros Poderes
d32cf6327f674ccbbb4a349455262660,Modalidad de Trabajo Flexible,Ministerio Secretaría General de Gobierno,Ministerio Secretaría General de Gobierno
35aeb700f6644ea3930101a0d9f4d1e9,Modificar antecedentes Adm. PM,Servicio Nacional de Geología y Minería,Ministerio de Minería
ea26e08656184534bf44cf8e5f7aca19,Módulo de Organizaciones MCCDI,Subsecretaría del Interior,Ministerio del Interior y Seguridad Pública
1b8f5064277d4a98a1ce0b7e1db5457b,Monitor SSChiloe,Servicio Salud Chiloé,Ministerio de Salud
99099978ed814bdca808785152fb1204,Monitor SSDR,Servicio de Salud del Reloncaví,Ministerio de Salud
cbb4a10ad8d847fcb3448abb1b6cf0df,MOP-FEBOS,Ministerio de Obras Públicas,Ministerio de Obras Públicas
309b72a99d154079a6ab5d23444fd7dd,Mordedores,Subsecretaría de Salud Pública,Ministerio de Salud
cd70a115d69548e28bf973280856b465,MPH Administración,Municipalidad de Padre Hurtado,Municipalidad
71b4efe3a00344fb8390ddf3b17880d6,MPH Consulta Ciudadana,Municipalidad de Padre Hurtado,Municipalidad
b258f1526dd44491a4c3c3a7b57a8618,Mph Web,Municipalidad de Padre Hurtado,Municipalidad
dc670ae4bfd04d56a2beee9046363213,MTT,Ministerio de Transportes y Telecomunicaciones,Ministerio de Transportes y Telecomunicaciones
0f9a63f6078642bbb04083ba82e1f573,Municipalidad de Angol,Municipalidad de Angol,Municipalidad
e9f7dd60d75b4cb1a6dc1dc74e3ee047,Municipalidad de Angol 2,Municipalidad de Angol,Municipalidad
f67d7918294d46aeb4986ed33c36e3da,Municipalidad de Angol - Simple,Municipalidad de Angol,Municipalidad
2ce55fe8602a4b9e85a93c87837b397e,Municipalidad de Calama,Municipalidad de Calama,Municipalidad
e3fd1d2c86e64aea957d18e37afc4067,Municipalidad de Calama 2,Municipalidad de Calama,Municipalidad
1f98f74e25cb40a3abde0fb78e9a17d4,Municipalidad de Calbuco,Municipalidad de Calbuco,Municipalidad
068763eb30f84a6ab296de83e7f30519,Municipalidad de Calbuco,Municipalidad de Calbuco,Municipalidad
a03ae72c07544fb29c579455b9bd22ae,Municipalidad de Carahue,MUNICIPALIDAD DE CARAHUE,Municipalidad
9e5942bd5e23440eb67444e156d9ff95,Municipalidad de Catemu,Municipalidad de Catemu,Municipalidad
6d46fcfbbf774f3191745792a1a4e068,Municipalidad de Catemu 2,Municipalidad de Catemu,Municipalidad
3a1d6d8dd5b54caca4edb50b1bac50f4,Municipalidad de Cerrillos,MUNICIPALIDAD DE CERRILLOS,Municipalidad
d1b1fe0caf7f4d44950c116d8110cb55,Municipalidad de Cerro Navia,Municipalidad de Cerro Navia,Municipalidad
b743eb7047534dbfa245fbeb2388a2f7,Municipalidad de Codegua,Municipalidad de Codegua,Municipalidad
02fb3cbdeea24dca90635770114dd1f7,Municipalidad de Colbun,Municipalidad de Colbún,Municipalidad
a81046bbdd604adebc41aa55bfc4a9fb,Municipalidad de Colbún 2,Municipalidad de Colbún,Municipalidad
55c1817c84554dc881bc439a4b00abed,Municipalidad de Colina,Municipalidad de Colina,Municipalidad
41fb011f63b64b7e99c9912d65dd0da8,Municipalidad de Collipulli,Municipalidad de Collipulli,Municipalidad
7f09468da8b442b5a698f146e601259e,Municipalidad de Collipulli 2,Municipalidad de Collipulli,Municipalidad
1ece79efd8e64d6896b00007b5484dab,Municipalidad de Coquimbo,Municipalidad de Coquimbo,Municipalidad
6288c3b63bab4541826c680930a0111e,Municipalidad de Coronel - Simple,Municipalidad de Coronel,Municipalidad
5d58e11ada5249e0833d79a2cfffee4b,Municipalidad de Corral,Municipalidad de Corral,Municipalidad
7a04e8de32694dbd97c35e7a6b91fc5d,Municipalidad de Corral 2,Municipalidad de Corral,Municipalidad
bf1cc302756a40ab8c53b11bb2472235,Municipalidad de Curico,Municipalidad de Curicó,Municipalidad
beafa5b6dd9142bbbb76aac47a0c8a58,Municipalidad de Donihue,Municipalidad de Doñihue,Municipalidad
2b76bfd550e24000baefe1fb9f31221a,Municipalidad de Doñihue,Municipalidad de Doñihue,Municipalidad
edc50bd823df4f6282a4245de57cab5c,Municipalidad de El Bosque,Municipalidad de El Bosque,Municipalidad
b7c2b83109814b95a9be2667e337fd1f,Municipalidad de El Quisco,Municipalidad de El Quisco,Municipalidad
0ab1e93ecead43d5a33693361dc212ac,Municipalidad de Estación Central - Simple,Municipalidad de Estación Central,Municipalidad
c60765bf27154b898c92853a994c2660,Municipalidad de Huechuraba,Municipalidad de Huechuraba,Municipalidad
7c81c65396d04af4859a383bf7539b5e,Municipalidad de Huechuraba - Simple,Municipalidad de Huechuraba,Municipalidad
4e70cfeca1cd41bc8635107ba1688871,Municipalidad de Independencia,Municipalidad de Independencia,Municipalidad
f38ad26e87044bd9a2eb10bd9634ab99,Municipalidad de Independencia 2,Municipalidad de Independencia,Municipalidad
55fff85d749247d5b3f7067ecd72ffd4,Municipalidad de La Calera,Municipalidad de La Calera,Municipalidad
d9c95135bffc4abaa3330e6289dd0ec3,Municipalidad de La Cisterna,Municipalidad de La Cisterna,Municipalidad
1ab859fd8ef4499eb05419128196a219,Municipalidad de la Reina,Municipalidad de La Reina,Municipalidad
b90cd60e3d844f3c89bc906c8a393410,Municipalidad de La Reina,Municipalidad de La Reina,Municipalidad
6922b79d0444494bb891e35b378b5186,Municipalidad de Lampa,Municipalidad de Lampa,Municipalidad
523f4b1849d44b4abe15af38763f333f,Municipalidad de Lampa 2,Municipalidad de Lampa,Municipalidad
f92e585a6abd4948a3a31c5599bc4f22,Municipalidad de Lanco,Municipalidad de Lanco,Municipalidad
d50e316b1e4f4f9892df0cb6945c35a3,Municipalidad de Lanco 2,Municipalidad de Lanco,Municipalidad
507a4770599147c780b26078b6dc925f,Municipalidad de Llay Llay,Municipalidad de Llay Llay,Municipalidad
d0b1e3a4c2434e65be47566dcc3e2ee0,Municipalidad de Los Angeles,Municipalidad de Los Angeles,Municipalidad
59a765f5b2ec4fbfbb85d190cb476dda,Municipalidad de Los Lagos,Municipalidad de Los Lagos,Municipalidad
7b3827379e0a44729ed504c85ce47eb1,Municipalidad de Los Sauces - Simple,Municipalidad de Los Sauces,Municipalidad
ee0315563cd44fd49563468adbc426e3,Municipalidad de Machalí,Municipalidad de Machalí,Municipalidad
4e56eae2451f44b88c039e9c5d4da75e,Municipalidad de Mafil,Municipalidad de Máfil,Municipalidad
d73ae0a30a7e4ea6b2bcf9802d242799,Municipalidad de Máfil,Municipalidad de Máfil,Municipalidad
6501acda2b814dcb9ca245064d857b90,Municipalidad de Maipu,Municipalidad de Maipú,Municipalidad
06f30fad11ca438b96559e7dabcccc19,Municipalidad de Maipú 1,Municipalidad de Maipú,Municipalidad
d1478f8f5db14976a2685ffc160908fe,Municipalidad de Maipú 2,Municipalidad de Maipú,Municipalidad
dfac8895278a4549bbd76606064225e4,Municipalidad de Mariquina,Municipalidad de Mariquina,Municipalidad
02af62c5936346e4a99104c520ef279c,Municipalidad de Mariquina 2,Municipalidad de Mariquina,Municipalidad
a62afae616374477bd39a1acad941d49,Municipalidad de Maule,MUNICIPALIDAD DE MAULE,Municipalidad
6dee2fd303b541c5b27a068d29f6a237,Municipalidad de Mejillones,Municipalidad de Mejillones,Municipalidad
1b62927bd97543229bfec180f969a3ab,Municipalidad de Molina,Municipalidad de Molina,Municipalidad
98c06143302b42bd92e90ecaa2fdb4f6,Municipalidad de Molina 2,Municipalidad de Molina,Municipalidad
15be1a52f3ce44f6a630e66524f94933,Municipalidad de Nogales,Municipalidad de Nogales,Municipalidad
07944b13135349019d88bf696609cc71,Municipalidad de Nogales 2,Municipalidad de Nogales,Municipalidad
da85f757cd5f4861a65746d50f5b416d,Municipalidad de Nueva Imperial,Municipalidad de Nueva Imperial,Municipalidad
aeab444b74924571828779bdb3392166,Municipalidad de Nueva Imperial 2,Municipalidad de Nueva Imperial,Municipalidad
7c963cac5dcc4b1f878ae6c9d7dd1555,Municipalidad de Paillaco,Municipalidad de Paillaco,Municipalidad
e240e62976c84e498bb11631fa2a6fe2,Municipalidad de Panguipulli,Municipalidad de Panguipulli,Municipalidad
ecb475d4762840a7aee8bff5efd2757c,Municipalidad de Panguipulli 2,Municipalidad de Panguipulli,Municipalidad
45b449c51d2d46c18bde729e3314e67c,Municipalidad de Parral - Simple,Municipalidad de Parral,Municipalidad
31d5f6726a614ebd9734c020e6e5d074,Municipalidad de Pedro Aguirre Cerda,Municipalidad de Pedro Aguirre Cerda,Municipalidad
6e08437f82314fac8780f9ed4ca43e10,Municipalidad de Pelarco,Municipalidad de Pelarco,Municipalidad
786b3fd057124ba9b7d12b75943470c1,Municipalidad de Pelarco 2,Municipalidad de Pelarco,Municipalidad
784a931232774666b8938c9d1b223508,Municipalidad de Penalolen,Municipalidad de Peñalolén,Municipalidad
2bbb6c72fa074f568df6e82068ca0917,Municipalidad de Porvenir - Simple,Municipalidad de Porvenir,Municipalidad
e38c70ec9af143a6978eef0aec4a3479,Municipalidad de Providencia,Municipalidad de Providencia,Municipalidad
ffe5c140f3ae454a989af9178efd3e1d,Municipalidad de Providencia 2,Municipalidad de Providencia,Municipalidad
6dd95e8949794cb2aae7798f0cf21010,Municipalidad de Puente Alto,Municipalidad de Puente Alto,Municipalidad
8be978d037c2490f86335d3956223af8,Municipalidad de Puente Alto 2,Municipalidad de Puente Alto,Municipalidad
429609a2f65c4f2bb082d9273e01cc8d,Municipalidad de Putaendo,Municipalidad de Putaendo,Municipalidad
1fefae0f83d04226849ac8e8e044d4ac,Municipalidad de Putaendo 2,Municipalidad de Putaendo,Municipalidad
e736a04979b24a219bca9785cfc888ce,Municipalidad de Quilicura,Municipalidad de Quilicura,Municipalidad
dff49eafc18e4669b17768e03788dc0b,Municipalidad de Quilicura 2,Municipalidad de Quilicura,Municipalidad
83b5865df3ba4e0a9855e3af5a41f9aa,Municipalidad de Quilicura - Simple,Municipalidad de Quilicura,Municipalidad
84ad74f4e0d84db59a3347a1441c57b5,Municipalidad de Quilpué,Municipalidad de Quilpué,Municipalidad
e3ab2611330f46fb9f49e8d911debd3e,Municipalidad de Rancagua,Municipalidad de Rancagua,Municipalidad
be4595d71fb8469289004a0c3a780ff3,Municipalidad de Recoleta,Municipalidad de Recoleta,Municipalidad
f4dbafd6049b4574a8bef6966eb7ff5c,Municipalidad de Recoleta 2,Municipalidad de Recoleta,Municipalidad
42ff973452934d5bb8e19d962b666ef5,Municipalidad de Recoleta - Simple,Municipalidad de Recoleta,Municipalidad
b2c624489ac348bb9b8c2c324f67d6b6,Municipalidad de Renca - Simple,Municipalidad de Renca,Municipalidad
60b54dd3834e4dd69b6cac39fb1021ef,Municipalidad de Requínoa,Municipalidad de Requínoa,Municipalidad
a26df4333813466dadff694815e73efa,Municipalidad de Salamanca,Municipalidad de Salamanca,Municipalidad
8d06335bb4fc4f38a9a845a5eab6e832,Municipalidad de San Bernardo,Municipalidad de San Bernardo,Municipalidad
24ba5b2e0dda4b4f817596d9643f6786,Municipalidad de San Clemente,Municipalidad de San Clemente,Municipalidad
9bab7fcdac3a41ebab8883b97d838dff,Municipalidad de San Javier,Municipalidad de San Javier,Municipalidad
ac07ac79ccf24ddf8edeffae8bf0113c,Municipalidad de San Joaquin,Municipalidad de San Joaquín,Municipalidad
a63bc9a79c704579a35728214ddb54e6,Municipalidad de San Joaquín,Municipalidad de San Joaquín,Municipalidad
574f785915e14279807b1f15ad69bab2,Municipalidad de San Miguel,MUNICIPALIDAD DE SAN MIGUEL,Municipalidad
2de6bede10cb4ae188960a5ce5402f2d,Municipalidad de Santa Maria,MUNICIPALIDAD DE SANTA MARIA,Municipalidad
a7ef27e740e54d0a877e3d12594c8f30,Municipalidad de Santo Domingo,Municipalidad de Santo Domingo,Municipalidad
52676b9741c648feb41f47a480e233f1,Municipalidad de Teno,Municipalidad de Teno,Municipalidad
2877dc0243fd4056acc93f982345af1e,Municipalidad de Teno 2,Municipalidad de Teno,Municipalidad
60c6ae8499764c31bc3ee0ecd27e643d,Municipalidad de Tome,Municipalidad de Tomé,Municipalidad
aa8db6fe56b444c5a38355d4d3f7a9c5,Municipalidad de Valdivia,Municipalidad de Valdivia,Municipalidad
10bac435461e49aab9c5d368419bc681,Municipalidad de Valdivia - Simple,Municipalidad de Valdivia,Municipalidad
17bc6bcbbeab4a1c9dfb8733bb2d3bf3,Municipalidad de Valparaíso - Simple,Municipalidad de Valparaíso,Municipalidad
438aad2f2f4146469768062d87c066b6,Municipalidad de Villa Alegre,Municipalidad de Villa Alegre,Municipalidad
8f792c47997541b183cf559b71aff015,Municipalidad de Villarrica,Municipalidad de Villarrica,Municipalidad
2ae9625033034a6eb95e0ab7faf35369,Municipalidad de Villarrica 2,Municipalidad de Villarrica,Municipalidad
75f9d382b18d402fae4a2061eb768169,Municipalidad Las Condes,Municipalidad de Las Condes,Municipalidad
4f1641397d274244946e5996c726a4f1,Municipalidad On Line,Municipalidad de Curacautín,Municipalidad
9c2dfce3d0a14cdba7102771079acf72,Municipalidad Pedro Aguirre Cerda,Municipalidad de Pedro Aguirre Cerda,Municipalidad
b3eb39eeec084dcd92806f5f6081e175,munimelipilla ceropapel,Municipalidad de Melipilla,Municipalidad
ed07316d9d6344a9ab11e8a41fdc413a,NEXTEO,Subsecretaría de Transportes,Ministerio de Transportes y Telecomunicaciones
7d0c4697a4f849e38021ccb192e0b4a7,"Niños, Niñas y Adolescentes",Subsecretaría de Evaluación Social,Ministerio de Desarrollo Social y Familia
b87ec093abc248c3b26611916c50d5a8,Nóminas DIPRES,Dirección de Presupuestos,Ministerio de Hacienda
49039a4716024cf28fae5231c7b73009,Noti-RAM ESAVI,Instituto de Salud Pública de Chile,Ministerio de Salud
11c33605d0b64b68bd4295abcca6b899,Nuevo SIGEX,Servicio Nacional de Geología y Minería,Ministerio de Minería
387ff07354a74657a44369e05d83234a,Nuevo Sitio Web FONASA,Fondo Nacional de Salud,Ministerio de Salud
1aa928858fc84202aad6ad51b7ad2f68,Observatorio 5G,Subsecretaría de Telecomunicaciones,Ministerio de Transportes y Telecomunicaciones
fca77c84280b4a189ca67c9b90b0979c,Oficina de Partes ANID,Agencia Nacional de Investigación y Desarrollo,"Ministerio de Ciencia, Tecnología, Conocimiento e Innovación"
1131b76bdb5f402dac9ae73e27c84697,OFICINA INTERNET 2.0,Corporación Nacional de Desarrollo Indígena,Ministerio de Desarrollo Social y Familia
89e6906ed9ee4049a61fc8a7288ad3d9,Oficina Judicial Virtual Móvil,Corporación Administrativa Poder Judicial,Otros Poderes
fba5ab8c38d3426492c31c99ad569bdb,Oficina Judicial Virtual Tribunales Tributarios y Aduaneros,Unidad Administradora de los Tribunales Tributarios y Aduaneros,Ministerio de Hacienda
a2c464127735401c9a740e6dc1391573,Oficina OIRS,Municipalidad de Lautaro,Municipalidad
f6cb8c0dbd944629a3a6622ddecb6aef,OFICINA VIRTUAL DE CONAF,Corporación Nacional Forestal y de Protección de Recursos Naturales Renovables,Ministerio de Agricultura
4234d86a351e4a7e9ea293e33836ae45,Oficina Virtual DGA,Dirección General de Aguas,Ministerio de Obras Públicas
1171191223234713bc823c2ba866a843,Oficina Virtual UTA,Universidad de Tarapacá,Ministerio de Educación
bad2aa02de714a31852bf516c15d7dd3,OficinaInternet,Servicio de Registro Civil e Identificación,Ministerio de Justicia y Derechos Humanos
e58df44d42f947828e3f2845a9f50559,Oficiometro Verificador - Certificación,Secretaría de Gobierno Digital,Ministerio de Hacienda
07a84b1e783a4617a1b515c2dbab8c81,OIRS,Consejo de Defensa del Estado,Autónomo
5fb9916ea3a14aca8505c6606cdd9fea,OIRS CCHEN,Comisión Chilena de Energía Nuclear,Ministerio de Energía
8fa9086ac91a44859b6d03153535f837,OIRS Ciudadana SUBREI,Subsecretaría de Relaciones Económicas Internacionales,Ministerio de Relaciones Exteriores
b653f6a96058491f9a69e181ab56b762,OIRS DIGITAL COLLIPULLI,Municipalidad de Collipulli,Municipalidad
8ef24b903eb44913af7ef4c2c407fa1a,OIRS DIGITAL M.PITRUFQUÉN,Municipalidad de Pitrufquén,Municipalidad
3c57c05c6a9e45a5badd5cf6fe2a5180,OIRS MDSF,Ministerio de Desarrollo Social y Familia,Ministerio de Desarrollo Social y Familia
fb4e2a764a3547c4a3dad62f3c722509,OIRS Municipalidad de Cunco,Municipalidad de Cunco,Municipalidad
cf59ce6d984649d9bce8ea89a72dce8c,OIRS PAC,Municipalidad de Pedro Aguirre Cerda,Municipalidad
35e5b458a8dd422a8d105dd26f27ca38,OIRS PADRE LAS CASAS,Municipalidad de Padre Las Casas,Municipalidad
8cb9c003d54a47eba62869055191718d,Organigrama del Estado,Secretaría de Gobierno Digital,Ministerio de Hacienda
2994b5404866430f8331d3c3cbc44077,"p@y<""'p@y",Banco del Estado de Chile,Empresa Pública
56bd13284ee111e8a49a447fd87f23a5,PAC,Secretaría de Gobierno Digital,Ministerio de Hacienda
a7b48af7b48c436398d595c26fc0facb,PAC,Secretaría de Gobierno Digital,Ministerio de Hacienda
827449478e3f40b1aa36f146bc285aa9,Pacientes SSVQ,Servicio de Salud Viña del Mar - Quillota,Ministerio de Salud
40fc9588a8e04b28852ec1163528bb8a,PAEx DGMN,Dirección General de Movilización Nacional,Ministerio de Defensa Nacional
2535dfe9e2bc49a4a6eb2fad3ae6a512,PAEXv2024,Dirección General de Movilización Nacional,Ministerio de Defensa Nacional
7b0e8e192deb4ee3ac78b9a68e6430f5,Pagina web Prochile,Dirección General de Promoción de Exportaciones,Ministerio de Relaciones Exteriores
55e045879c5c4db3bf493540d9dc0d17,Pago de permisos Especiales,Municipalidad de Antofagasta,Municipalidad
bdb0a36d715e4e96943c51ba4e0cc69c,PAGO ONLINE,Dirección General del Crédito Prendario,Ministerio del Trabajo y Previsión Social
4fed7e1a61eb42e0b4d809ec0287b7a4,PAGO REMOTO UNIDAD CREDITO,Dirección General del Crédito Prendario,Ministerio del Trabajo y Previsión Social
68b13a1228424526b43e2f78716efd3b,Pagos Diario Oficial,Subsecretaría del Interior,Ministerio del Interior y Seguridad Pública
c0dd5bcd0fd54962a32b2907e877b993,Parque Metropolitano,Parque Metropolitano de Santiago,Ministerio de Vivienda y Urbanismo
f4ac0ef5f0b846f4877b4f9825fa3443,Parque Metropolitano,Parque Metropolitano de Santiago,Ministerio de Vivienda y Urbanismo
1add8b546b2e48a58abe78e04a2702ba,Participa GORE Antofagasta,Gobierno Regional de la Región de Antofagasta,Ministerio del Interior y Seguridad Pública
9999b4e6b85c4300ab77aedbeb77e5ef,Participación ciudadana,Municipalidad de La Reina,Municipalidad
8fa0c7395cc444169dab5c3e11dd63f2,Participación Ciudadana,Subsecretaría de Minería,Ministerio de Minería
22d332745bc248f0a56ac5acc355698d,Participación Ciudadana,Subsecretaría del Deporte,Ministerio del Deporte
ecbc55a2bc8a4277975d17b1e4123ab3,participación ciudadana LReina,Municipalidad de La Reina,Municipalidad
449a0da4315e43c288dbc988ed92c7e5,Participación Digital,Secretaría de Gobierno Digital,Ministerio de Hacienda
b7c988fa6132435480b57f66696827fd,Pase Cultural,Subsecretaría de Evaluación Social,Ministerio de Desarrollo Social y Familia
60b69c5d160f4b1c90e79d8290b904c1,Patrocinios,Servicio Electoral,Autónomo
b8386b6963a4492db355f0f70be3a3e2,PDI Virtual,Policía de Investigaciones de Chile,Ministerio del Interior y Seguridad Pública
31d6c61117d5462f99c7189c1903c92f,PDI Virtual 2,Policía de Investigaciones de Chile,Ministerio del Interior y Seguridad Pública
9aa062d8f3ba45768e6f68abf2f3c2fc,Permisos de Obras,Municipalidad de Santiago,Municipalidad
85ba55dec21649689bd35398ce1c190f,Permuta de Inmuebles,Subsecretaría de Bienes Nacionales,Ministerio de Bienes Nacionales
d6c2e78e76064b2fab9645d76bde1f11,Personal Development - Test,PERSONAL DEVELOPMENT,Empresa Privada
05bbcc39408d4925bd9192ea9d333d67,Personalidad Jurídica OODD,Instituto Nacional de Deportes de Chile,Ministerio del Deporte
b785d3ec935248ff8a8fd358f7765463,Pesca Recreativa,Servicio Nacional de Pesca y Acuicultura,"Ministerio de Economía, Fomento y Turismo"
1b0c8cc1e287a629db6740cd3160c822,PINV,Subsecretaría de Pesca y Acuicultura,"Ministerio de Economía, Fomento y Turismo"
ce576ebc73af4987b693eb213ba912ff,PISEE-Evolution,PanchoEmpresa,Empresa Privada
d602a0071f3f4db8b37a87cffd89bf23,PJUD,Poder Judicial,Otros Poderes
a1a7160adf0d4d9a9439ad89eb284a6b,Plan de Acción Infancia,Ministerio de Desarrollo Social y Familia,Ministerio de Desarrollo Social y Familia
2a6057bdfbb6484fa91ddc2ce852d297,Plan de cierre de faenas entre 5.000 tpm. y 10.000 tpm,Servicio Nacional de Geología y Minería,Ministerio de Minería
895228d1c9ac4b7ea3f2b8f88d049192,Plan Nacional de Derechos Huma,Subsecretaría de Derechos Humanos,Ministerio de Justicia y Derechos Humanos
93d081beb6c64fe98d598e6635419b7f,Plan Nacional de Derechos Humanos,Subsecretaría de Derechos Humanos,Ministerio de Justicia y Derechos Humanos
30cee14d90f44924bfc69147c5f8b08f,Plataforma Atención Ciudadana de la Subsecretaría de Previsión Social,Subsecretaría de Previsión Social,Ministerio del Trabajo y Previsión Social
d8420be9114342368d9bc32882809746,Plataforma Atención Remota,Subsecretaría de Redes Asistenciales,Ministerio de Salud
326e27c196be4490822e785c1dba53d8,Plataforma BVP,Subsecretaría de Educación,Ministerio de Educación
12fb421a8400464b989ba7560a71061f,Plataforma CCGE,Subsecretaría de Energía,Ministerio de Energía
ab1834161a834ff19d692dccfb0e6d51,Plataforma Creamos de INJUV,Instituto Nacional de la Juventud,Ministerio de Desarrollo Social y Familia
e7ab0111086044a4beb62e8ce4c8cfa0,Plataforma de activos,Instituto Nacional de la Juventud,Ministerio de Desarrollo Social y Familia
ce833d51dcb649b7a1fbba15d138a4a5,Plataforma de Capacitación Censo,Instituto Nacional de Estadísticas,"Ministerio de Economía, Fomento y Turismo"
7886bb1fcf354eef9b8ac029bdbcaded,Plataforma de Compras Públicas,Dirección de Compras y Contratación Pública,Ministerio de Hacienda
b2ace35bc76642f495f04addfca9e3aa,Plataforma de Cursos DDHH,Subsecretaría de Derechos Humanos,Ministerio de Justicia y Derechos Humanos
eea6fad186ca40d8886d8f6a9ebe891d,Plataforma de denuncias,Servicio Nacional de Geología y Minería,Ministerio de Minería
6da42fbc36c14aa791d5a7145480169c,Plataforma de Notificaciones,Subsecretaría de Hacienda,Ministerio de Hacienda
627ac9455953497b8a19f1996a74b1e6,Plataforma de Notificaciones Demo,Subsecretaría de Hacienda,Ministerio de Hacienda
c722753dc30d4955bf86bcc13c25d536,Plataforma de remates en línea,Dirección General del Crédito Prendario,Ministerio del Trabajo y Previsión Social
98b87d514c26450788fe9fb10ad3a627,Plataforma de Seguimiento Ley,Subsecretaría General de la Presidencia de la República,Ministerio Secretaría General de la Presidencia de la República
d254feea701346a399887b9fe59ac61a,Plataforma de Telemedicina,Subsecretaría de Redes Asistenciales,Ministerio de Salud
4efd4776920a4402ba2bdfcb5cc2eb71,Plataforma digital Acciona,Subsecretaría de las Culturas y las Artes,"Ministerio de las Culturas, las Artes y el Patrimonio"
1c75f27975cb4cce82fa820b72934002,Plataforma EAT,Subsecretaría de Transportes,Ministerio de Transportes y Telecomunicaciones
228ce6ed11d14e84ac2ae00cb5639515,Plataforma HSA-MSGG,Ministerio Secretaría General de Gobierno,Ministerio Secretaría General de Gobierno
bad2f211e95f4cb6b1c71e2984464f45,Plataforma Ley del Lobby,Subsecretaría General de la Presidencia de la República,Ministerio Secretaría General de la Presidencia de la República
35e12b8d6d79419387e064a2b6cda08e,Plataforma Ley del Lobby - Capacitacion,Ministerio Secretaría General de la Presidencia de la República,Ministerio Secretaría General de la Presidencia de la República
204f0a0e3190486ebe451ec0513fb779,Plataforma Ley Lobby Test,Secretaría de Gobierno Digital,Ministerio de Hacienda
b188666532b449798750d26216ca3592,Plataforma PAN,Asimov Consultores,Empresa Privada
440a0887178449a3a43e65954490a658,Plataforma para Pacientes HBL,Servicio de Salud Maule,Ministerio de Salud
86cc3dc06f0b4db4aca94d37f008646d,Plataforma RIO,Instituto Nacional de la Juventud,Ministerio de Desarrollo Social y Familia
ba7ef76387564e8394f471ac12c400ba,Plataforma SCE,Subsecretaría del Medio Ambiente,Ministerio del Medio Ambiente
bca102f277434b31b59e4894d9eb5ef8,Plataforma SEM 2.0,Subsecretaría de Desarrollo Regional y Administrativo,Ministerio del Interior y Seguridad Pública
70c26dae53774888aa5bdccfcf6aa387,Plataforma Vehículos MSGG,Subsecretaría General de Gobierno,Ministerio Secretaría General de Gobierno
9eda9c3545c14e6ca50118beb2d424dd,Plataformas - INJUV,Instituto Nacional de la Juventud,Ministerio de Desarrollo Social y Familia
74c6e7e52ac949759f44837b60042df5,PMG,Secretaría de Gobierno Digital,Ministerio de Hacienda
a2d5a8c587e148b396516512e7739550,PMG - Desarrollo,Secretaría de Gobierno Digital,Ministerio de Hacienda
4d34577f628c4c31a9ef62be8238bec7,PMG - Test,Secretaría de Gobierno Digital,Ministerio de Hacienda
1c43d493c1294d4982e0be68c363af91,PMG Satisfacción Usuaria,Subsecretaría de Hacienda,Ministerio de Hacienda
ea82c1fecab1451b894b60842869d8c6,pmg seguridad test,Secretaría de Gobierno Digital,Ministerio de Hacienda
3fd14910ef18464181a2f96f35e59fe0,Polimetales Arica,Ministerio Secretaría General de la Presidencia de la República,Ministerio Secretaría General de la Presidencia de la República
d2781b971406416e9b8e0905a70ccb64,Portal  Ciudadano Municipal,Municipalidad de Santa Bárbara,Municipalidad
638aea308ffb483198d5c1387e2cc017,"Portal ""Mi SUPERIR""",Superintendencia de Insolvencia y Reemprendimiento,"Ministerio de Economía, Fomento y Turismo"
2c3dc79f5e85499598d57ff71ff50fc5,Portal Acceso Unico ProChile,Dirección General de Promoción de Exportaciones,Ministerio de Relaciones Exteriores
7e3ed8b102654d3aa844a2dc9a7ac4b1,Portal Anatomia Patologica,Servicio de Salud Metropolitano Sur,Ministerio de Salud
f909a442650a4f6b9e46176a85889b1e,Portal Armas y Explosivos,Dirección General de Movilización Nacional,Ministerio de Defensa Nacional
626ea8cee1074711b1167594c2902232,Portal Catemu,Municipalidad de Catemu,Municipalidad
d748dada3f794e19939c0e556da19af0,Portal ChileAtiende Test,Instituto de Previsión Social,Ministerio del Trabajo y Previsión Social
e2aeee593b9941ba91d65394bf4e63a5,Portal Ciudadano Cabildo,Municipalidad de Cabildo,Municipalidad
9a76efc4c34e4bd7843206658dc45454,Portal Ciudadano ClaveÚnica,Secretaría de Gobierno Digital,Ministerio de Hacienda
a8c1faf06d5243f2bfb7a05e93b15058,Portal Ciudadano Curarrehue,Municipalidad de Curarrehue,Municipalidad
aad25b3b101c4ea6897b29f5c58f4edf,Portal Ciudadano SISE Cap,Subsecretaría de Evaluación Social,Ministerio de Desarrollo Social y Familia
None,Portal ClaveÚnica,Secretaría de Gobierno Digital,Ministerio de Hacienda
058fa5fa330a44009ea79e0f80a33caf,Portal Cuidadano SSMS,Servicio de Salud Metropolitano Sur,Ministerio de Salud
d8f5e82ecd9b4b0daeab0eda294831f8,Portal de Aplicaciones INE,Instituto Nacional de Estadísticas,"Ministerio de Economía, Fomento y Turismo"
209ce526160947f0b398566cd4cbfd0d,Portal de Aplicaciones Sence,Servicio Nacional de Capacitación y Empleo,Ministerio del Trabajo y Previsión Social
603d5990740a4c669fbae21f383b7667,Portal de Atención Ciudadana,Subsecretaría de Telecomunicaciones,Ministerio de Transportes y Telecomunicaciones
8239e22a22f84527935fe0d66f5479c1,Portal de Atención Ciudadana,Subsecretaría de Telecomunicaciones,Ministerio de Transportes y Telecomunicaciones
d6aaaa2099844868bb6a77f7e9567c91,Portal de Atención Ciudadana,Subsecretaría del Trabajo,Ministerio del Trabajo y Previsión Social
cc24befdf2774590868faf92c745d561,Portal de autenticación Cuprum,AFP Cuprum,Empresa Privada
edd67e7adef0443982c72ffc4d55ca4a,Portal de Beneficios,Gendarmería de Chile,Ministerio de Justicia y Derechos Humanos
7e82063f16184d2497c1d9a81abe1925,Portal de Certificados UBB,Universidad del Biobío,Ministerio de Educación
e016d10bbda84eb8aff32b5d107d9ff1,Portal de Concursos,Dirección General de Promoción de Exportaciones,Ministerio de Relaciones Exteriores
3e3aba346dd14d4997d80da96aec88bc,Portal de Datos PDI,Subsecretaría General de la Presidencia de la República,Ministerio Secretaría General de la Presidencia de la República
3a71c6503e0a4f2db50866b08d642804,Portal de Denuncias,Subsecretaría de Bienes Nacionales,Ministerio de Bienes Nacionales
6a168dea64b7478d8159bae4a8ad8168,Portal de Denuncias Ciudadanas,Zeke Ltda.,Empresa Privada
15a67718e1784a67bc978ca0dc6bc2df,Portal de Exámenes,Servicio de Salud Ñuble,Ministerio de Salud
7d4d3c6b0e634206ad45d5d170659662,Portal de Participación Ciudad,Municipalidad de Lo Barnechea,Municipalidad
1c6674fb58354d1cace2ed34e855434f,Portal de permisos de acceso,Subsecretaría de Bienes Nacionales,Ministerio de Bienes Nacionales
f609bf430efa4a969806eece087c6601,Portal de Subvenciones,Municipalidad de Lo Barnechea,Municipalidad
525561e2446d40aabe6e142645167f75,Portal de tramitación LME,Fondo Nacional de Salud,Ministerio de Salud
9d0efa19edce400c900554f15da520b0,Portal de Tramites,Municipalidad de Lo Barnechea,Municipalidad
51b18a15b8314ad6a21fd059c5214c9b,Portal de Tramites en linea,Portal De Tramites En Línea,Test
9d3f0eb9002c4dc4a489eebbe08634a6,Portal de Tramites en linea,Portal De Tramites En Línea,Test
046cf460ba394e648f9890c52642cfca,Portal de Tramites en linea,Portal De Tramites En Línea,Test
6f88f4f802bb4771a4cd6f832c782e8a,Portal de Tramites en linea,Portal De Tramites En Línea,Test
988c06d4f97e4191bf7a7bc0d76bed25,Portal del vecino Lo Barnechea,Municipalidad de Lo Barnechea,Municipalidad
e0c87bcdad8648f48a779abe012b4401,Portal DHP,Carabineros de Chile,Ministerio del Interior y Seguridad Pública
41d8c098b14b4f8d9fe3da689678205c,Portal Docente - CPEIP,Subsecretaría de Educación,Ministerio de Educación
d132edfeac8c4b9f8fb26216b2109344,Portal Docente Parvularia,Subsecretaría de Educación,Ministerio de Educación
3cb014bbaea74610b3a5312c4169c730,Portal DOM en línea,Ministerio de Vivienda y Urbanismo,Ministerio de Vivienda y Urbanismo
bb7b961b8217402ba67a13189fb92659,Portal Entidades Reportantes,Unidad de Análisis Financiero,Ministerio de Hacienda
37d82ead5f304c2fa7a39f2b955a4b85,Portal funcionario Plataforma Conectad@s ChileAtiende,Instituto de Previsión Social,Ministerio del Trabajo y Previsión Social
19bb14532c9e4352af10f1a8ab279be6,Portal I.M Porvenir,Municipalidad de Porvenir,Municipalidad
06b2cb7fe2e848dcb2edb3f8c8cf8686,Portal IM. de Coihueco,Municipalidad de Coihueco,Municipalidad
014d8893e412439c9749d0638f97d91c,Portal Inscripción de talleres,Municipalidad de Puente Alto,Municipalidad
67eb30db49f240b08ab2b3f422f92cdf,Portal MiDT,Dirección del Trabajo,Ministerio del Trabajo y Previsión Social
36222962d92d4755a78df51fd13f0433,Portal Municipal,Municipalidad de Vitacura,Municipalidad
df99c76de49b4375b9d83b9198e510b8,Portal Municipal Río Claro,Municipalidad de Río Claro,Municipalidad
3ee7cde7ddb247979e2ef0311b751256,Portal Municipalidad  Requinoa,Municipalidad de Requínoa,Municipalidad
63a091009fcd4681aa25fcdf98cbc399,Portal Navidad,Municipalidad de Navidad,Municipalidad
a5ce876e783f466daa4a9bccacd2fc0b,Portal Paciente,Complejo Asistencial Dr. Víctor Ríos Ruiz,Ministerio de Salud
3d23a0e449b34e88b91d935517a56d87,Portal paciente,Servicio de Salud Metropolitano Sur,Ministerio de Salud
2ae2ca1a377048a58815f54a432f8a21,Portal Paciente,Subsecretaría de Redes Asistenciales,Ministerio de Salud
0c9b4939dda942a09aff8e8b1db03917,Portal Paciente LIS,Servicio de Salud Metropolitano Sur,Ministerio de Salud
5511a09519c5433eacb9e5911745d0ff,Portal Paciente Salud 5i,Corporación de Educación y Salud de Las Condes,Municipalidad
f96bf82e56594a91b22b01e54f9608ed,Portal Paciente SSMO,Servicio de Salud Metropolitano Oriente,Ministerio de Salud
9c9f5d6ca87c4df7a6d9d66ec1a3764f,Portal Pacientes,Ministerio de Salud,Ministerio de Salud
86480a9f563349b1a2974d9f43548e59,Portal Pacientes HMS,Ejército de Chile,Ministerio de Defensa Nacional
b14425733fe14d9c8e4746b2a1db8b99,Portal Pacientes Imagenología,Centro de Referencia de Salud de Peñalolén Cordillera Oriente,Ministerio de Salud
8c6c59b9b6034ed18e22559a1d428e0c,PORTAL PERITO,Defensoría Penal Pública,Ministerio de Justicia y Derechos Humanos
458e09eb496b452daf1509badbe3eff4,Portal PISEE,Subsecretaría General de la Presidencia de la República,Ministerio Secretaría General de la Presidencia de la República
fc0235f9d1244ace9a4ef7b91a229811,Portal Privado,Instituto de Seguridad Laboral,Ministerio del Trabajo y Previsión Social
bf0397976fb34f6cb23779fcfdfa5915,Portal Publico,Ministerio de Salud,Ministerio de Salud
e10cdb4d7b48427690da6750144a186b,Portal RPJ Consulta,Biznet IT,Empresa Privada
9faa0a79a8f54e2aab59f0d471c50492,Portal RPJ Mantenedor,Biznet IT,Empresa Privada
7cb4fd755d6747d4b31e87e6972ed297,Portal San Rosendo,Municipalidad de San Rosendo,Municipalidad
38b3f29fe39b4e87b5f7982165de8cf1,Portal Servel,Servicio Electoral,Autónomo
efb5b5ce7c2e45b49ec4dec1f998eae6,portal soporte cert.,Subsecretaría General de la Presidencia de la República,Ministerio Secretaría General de la Presidencia de la República
c9cc1239d83e41689ee3ac7d4586dd35,Portal Torres del Paine,Municipalidad de Torres del Paine,Municipalidad
ded6aff9dd654f30a10ed9602e2c6004,Portal Trabajador - ASIGPAR,Cámara de Diputados de Chile,Otros Poderes
83ebc8755053432187840ca648ac84c2,Portal Trabajadores,Instituto de Seguridad Laboral,Ministerio del Trabajo y Previsión Social
56debc5d602b483e8a14bc5dcb591787,Portal Tu Municipio Municipali,Municipalidad de Mulchén,Municipalidad
2b2dde6e75264744b964aa4057ab39ac,Portal Único de Acceso,Instituto de Salud Pública de Chile,Ministerio de Salud
fe1194092c934e70b824f3014a2f020d,Portal Único de Fondos Concursables del Estado,Subsecretaría General de Gobierno,Ministerio Secretaría General de Gobierno
2a4a00c47ac6468395984ee10ebc8dc3,Portal único de Trámites SERPAT,Servicio Nacional del Patrimonio Cultural,"Ministerio de las Culturas, las Artes y el Patrimonio"
cb9e2b9dd1cd44c5b7d4fdcfbbf3f5e0,Portal Usuario 2.0,Subsecretaría de Justicia,Ministerio de Justicia y Derechos Humanos
478deb22cecd489eb3ed2dcc954a975b,Portal Vecino,Municipalidad de Providencia,Municipalidad
7c572320a289430eb84ea974a86e4883,PortalLicanten,Municipalidad de Licantén,Municipalidad
c99d1e702b8d4d969e6ac5007a9d95b8,portalpaciente,Servicio de Salud Magallanes,Ministerio de Salud
2ad4912955564809a967e35f45df29fc,Postulación Beneficios Municipalidad de Puente Alto,Municipalidad de Puente Alto,Municipalidad
e3e6e477ab9b499ea03f1adbb253af7e,Postulación cargos TDLC,Banco Central de Chile,Autónomo
34acd5e31fc14060a1a96777113872bd,Postulación en línea DS1,Subsecretaría de Vivienda y Urbanismo,Ministerio de Vivienda y Urbanismo
de90d8af20f547aaa9b3300c76251188,Postulación en línea DS49,Subsecretaría de Vivienda y Urbanismo,Ministerio de Vivienda y Urbanismo
729c07f6c16247e6ac27fb1aad47fa63,POSTULACIÓN FOSIS,Fondo de Solidaridad e Inversión Social,Ministerio de Desarrollo Social y Familia
b6af2ea986fc444e9d303b3df76ab648,Postulación FRPD,Gobierno Regional de la Región Aysén del General Carlos Ibáñez del Campo,Ministerio del Interior y Seguridad Pública
c91e6fe86b214cba844a5b657d9fe887,Postulación PFD,Subsecretaría de Educación,Ministerio de Educación
e412fcc8376645b38b005dedff5bde3a,Postulación/Renovación Peritos Mensuradores,Servicio Nacional de Geología y Minería,Ministerio de Minería
3cccac159a4641faa67cfb64505d2ce2,Postulaciones ETA,Dirección General de Aeronáutica Civil,Ministerio de Defensa Nacional
edc462cfae544faeac12a9473bfbb64f,Postulaciones Taxis,Subsecretaría de Transportes,Ministerio de Transportes y Telecomunicaciones
a77e76b1e0eb4cc3ae3a1df547fbf4cb,Prácticas Chile,Dirección Nacional del Servicio Civil,Ministerio de Hacienda
9ee7b258cc1b40ada791646126bd9784,Premio por Logro,Instituto Nacional de Deportes de Chile,Ministerio del Deporte
5dbd98178d954993a9b5ac87f977d1e2,Prescripción de medicamentos,Subsecretaría de Salud Pública,Ministerio de Salud
5d8973b2361a4fa5838b913ead4c59db,Prescripción de medicamentos - Capacitación,Subsecretaría de Salud Pública,Ministerio de Salud
eac5c2b716ae403682facded07cd01df,Presentación de proyecto plan de cierre de faenas (bajo 5.000 tpm),Servicio Nacional de Geología y Minería,Ministerio de Minería
b2e91d8c2b5f4e8a86f60b926fc93f21,Presentación de proyecto plan de cierre de faenas e instalaciones mineras de aplicación general (sob,Servicio Nacional de Geología y Minería,Ministerio de Minería
21411e9ba57846ee958313d9f2f81177,Prestador Bono electrónico,Fondo Nacional de Salud,Ministerio de Salud
21da73257dca4eb5bc4ba33b435c386b,Prestador Inscripcion MLE Natu,Fondo Nacional de Salud,Ministerio de Salud
d153a909f976493a80fa3192b02d6a9d,Prestadores Cambio en la modal,Fondo Nacional de Salud,Ministerio de Salud
9e7780d6eb774a749c6eaf6118d9d145,Presupuesto Participativo 2023,Municipalidad de Arica,Municipalidad
cfc948365da84e26975c4f6726f1c30f,Primera respuesta a migrantes,Subsecretaría de Salud Pública,Ministerio de Salud
6743ad379b094f98ad903d0f0304add1,Procedimiento Administrativo Electrónico,Superintendencia de Seguridad Social,Ministerio del Trabajo y Previsión Social
362c440f52b14e989f22bf86f22c1fdb,Procedimientos Disciplinarios,Instituto Nacional de la Juventud,Ministerio de Desarrollo Social y Familia
ba6366bba99f4d6fb88c02eec21a0e9a,Procedimientos Disciplinarios,Instituto Nacional de la Juventud,Ministerio de Desarrollo Social y Familia
09496e6030cd4dbda1b6933fafbb3e7b,Procedimientos Disciplinarios,Instituto Nacional de la Juventud,Ministerio de Desarrollo Social y Familia
38e9d0550f6842cea999ba69b421094d,Procedimientos Jurídicos,Instituto Nacional de la Juventud,Ministerio de Desarrollo Social y Familia
2d9f13da6a864f6a89ee338f2d03f151,Procesos,Asimov Consultores,Empresa Privada
f0644ce3cc4f4d62a986e236f9d01228,Procesos Integrados,Dirección Nacional del Servicio Civil,Ministerio de Hacienda
053d749777c146699293b866ad8dcf25,ProChile,Dirección General de Promoción de Exportaciones,Ministerio de Relaciones Exteriores
c0d3ab218f0ae12e7766a9e084382fc7,ProChile 2,Dirección General de Promoción de Exportaciones,Ministerio de Relaciones Exteriores
35775a888bd84888a77eb42494d8e10c,Proddar,Instituto Nacional de Deportes de Chile,Ministerio del Deporte
7432938c816d42eaba8a014ceaad8675,Programa Formación,Instituto Nacional de la Juventud,Ministerio de Desarrollo Social y Familia
da78d3a7e3c34fc6965ba0f236af789c,Programas remotos,Fondo de Solidaridad e Inversión Social,Ministerio de Desarrollo Social y Familia
cfa90dba533f41d6821aaecccdb0bfa3,Promoción de la Salud,Subsecretaría de Salud Pública,Ministerio de Salud
fe6cad21b5414356a6da4927029f942a,Protección Social,Ministerio de Desarrollo Social y Familia,Ministerio de Desarrollo Social y Familia
b1e9ec69f1de498ba6cb51efb2a113fb,Protocolo Vals,Subsecretaría del Medio Ambiente,Ministerio del Medio Ambiente
fd1941b6ab64480fa74d4e4a6c51f54a,Proyectos de Reducción,Subsecretaría del Medio Ambiente,Ministerio del Medio Ambiente
4883fef2c1374bb78a92c0d9c6b50d80,Proyectos Voluntarios,Instituto Nacional de la Juventud,Ministerio de Desarrollo Social y Familia
b8a4752139d04c2cbaaab5c60e1e727c,Prueba INAPI,Instituto Nacional de Propiedad Industrial,"Ministerio de Economía, Fomento y Turismo"
c7eb138e22c24689ba271bd5ee9ed8dc,prueba meipublico,Casa de Moneda de Chile S.A.,Empresa Pública
d79df1eba8e2402aa64c8038d693533a,PymesGob.cl,Secretaría de Gobierno Digital,Ministerio de Hacienda
df4a83a726d14b24b0ce5eb14aacfa13,PymesGob.cl,Secretaría de Gobierno Digital,Ministerio de Hacienda
d28a1351a3ea4b6297d96e852e1fce56,Quiero Participar,Universidad de Chile,Ministerio de Educación
12df58b8cf27484d9d3df2a8cb4c6ced,ra,Secretaría de Gobierno Digital,Ministerio de Hacienda
65bd2a01feac4fa8b7ee0a7ea553d83b,RCVG,Subsecretaría de Transportes,Ministerio de Transportes y Telecomunicaciones
7708f1a7fbe54e26bc6f69ebbb799a8e,Rebaja Patente No Metálicos,Servicio Nacional de Geología y Minería,Ministerio de Minería
b07fa47ebb534814aab545ba70480875,Rebaja Patente Pequeño Minero,Servicio Nacional de Geología y Minería,Ministerio de Minería
5aa1a66c9e844e18a4a41740ed4aa476,Recetas en línea - Acceso Prescriptor,Subsecretaría de Salud Pública,Ministerio de Salud
eae6a8d122774db4ba88162a875db6a6,Recetas en línea - Acceso Químico farmacéutico,Subsecretaría de Salud Pública,Ministerio de Salud
734e900a3dce4c15b0ef316d88b09def,RECIMIV,Subsecretaría de Transportes,Ministerio de Transportes y Telecomunicaciones
35354aeaea2d493f80313847578e45be,Reconocimiento Oficial,Subsecretaría de Educación Parvularia,Ministerio de Educación
4f11069dff674bb2b45b66dd0bfbb82d,Recupera.ULS,Universidad de La Serena,Ministerio de Educación
f2ad242297b04a5ea53ed2df4e5d71b4,Recursos de Reposición,Subsecretaría de Educación,Ministerio de Educación
cc20326e83d14be3b457f7214a74d300,Red Clase Media - Beta,Ministerio de Desarrollo Social y Familia,Ministerio de Desarrollo Social y Familia
067325b206034a09a16597b6c55d26a8,Red Movilidad,Subsecretaría de Transportes,Ministerio de Transportes y Telecomunicaciones
3af2d18b09e6443fa289e956fc10669f,Red Movilidad,Subsecretaría de Transportes,Ministerio de Transportes y Telecomunicaciones
1d0e966bc04e47d9a648ceadf1f58590,Red Salud,RED SALUD,Empresa Privada
bf71a0052a49481882e77b3f7c7663fd,Registro Atencion Instituciones Externas,Instituto de Previsión Social,Ministerio del Trabajo y Previsión Social
5c6af7298ffc42a2b827d37d5fe1200d,Registro Atenciones Instituciones Externas,Instituto de Previsión Social,Ministerio del Trabajo y Previsión Social
123,Registro Civil,Servicio de Registro Civil e Identificación,Ministerio de Justicia y Derechos Humanos
2580e28a865249599f6247c6999e9c74,Registro Compromiso Joven,Instituto Nacional de la Juventud,Ministerio de Desarrollo Social y Familia
6412c104fc4344ad90cd50ee079d8338,Registro Consultores,Comisión Nacional de Riego,Ministerio de Agricultura
509249286e2448d4867d2694330c16d2,Registro de Acuerdos con Plazo de Pago Excepcional,Subsecretaría de Economía y Empresas de Menor Tamaño,"Ministerio de Economía, Fomento y Turismo"
e1a6055d78bf444e905bb069bae9b363,Registro de Acuerdos con Plazo de Pago Excepcional,Subsecretaría de Economía y Empresas de Menor Tamaño,"Ministerio de Economía, Fomento y Turismo"
9ae1d5e3444849079c80e1c1301ab45f,Registro de agentes culturales,Subsecretaría de las Culturas y las Artes,"Ministerio de las Culturas, las Artes y el Patrimonio"
6de4019d68244e96a735838c9a3858b0,Registro de consultores,Subsecretaría de Pesca y Acuicultura,"Ministerio de Economía, Fomento y Turismo"
316ddf2744304fe5b4042557a606b80c,Registro de donaciones,Subsecretaría de Economía y Empresas de Menor Tamaño,"Ministerio de Economía, Fomento y Turismo"
71c1b3c7c9a248b38339ef9bc12c449b,Registro de Goce Singular,Subsecretaría de Bienes Nacionales,Ministerio de Bienes Nacionales
540fb3002e9a4dfbba0eaef070dd2f2c,Registro de Incorporación de Trabajadores Independientes,Instituto de Seguridad Laboral,Ministerio del Trabajo y Previsión Social
9ef5e5148a30437a89b52d1257e27135,Registro de Martilleros,Subsecretaría de Economía y Empresas de Menor Tamaño,"Ministerio de Economía, Fomento y Turismo"
0380e726a53e4770ac2a9c8e94a0a0cd,Registro de Organizaciones,Gobierno Regional de la Región Aysén del General Carlos Ibáñez del Campo,Ministerio del Interior y Seguridad Pública
84487053f3a34f81883bc3fd388fda00,Registro de pasajeros,Subsecretaría del Interior,Ministerio del Interior y Seguridad Pública
5b600ce327ca4aa3bfff3444e5b7cfe2,Registro de Persona Jurídica,Subsecretaría de Pesca y Acuicultura,"Ministerio de Economía, Fomento y Turismo"
26ce850e25c04398a2da12f4478e7597,Registro de profesionales,Subsecretaría de Educación,Ministerio de Educación
1446806f433c4ef18d8afa256ac44850,Registro de Proyectos Mineros,Servicio Nacional de Geología y Minería,Ministerio de Minería
4e17c79d1f864b82907e2beea80bb74c,Registro de solicitudes OIRS,Defensoría Penal Pública,Ministerio de Justicia y Derechos Humanos
93f73246a98049c3b20500e32e5606a6,Registro Nacional Contratista,Subsecretaría de Bienes Nacionales,Ministerio de Bienes Nacionales
7f72ceeda31b42918c9faec1c95aac99,Registro Nacional de Gran Quemados,Ministerio de Salud,Ministerio de Salud
7f2c2c35a2de4624ad938147f73f271a,Registro Nacional de Mascotas y Animales de Compañía,Subsecretaría de Desarrollo Regional y Administrativo,Ministerio del Interior y Seguridad Pública
4f4d89fa8ce34da19ecb340c1d267a3e,Registro Nacional de MiPymes,Subsecretaría de Economía y Empresas de Menor Tamaño,"Ministerio de Economía, Fomento y Turismo"
c2e3edc90e0542d7bd3cfece63a890e5,Registro nacional de Proveedores,Dirección de Compras y Contratación Pública,Ministerio de Hacienda
cecfb3fb24f84dcd98c0601b70677adf,Registro Nacional de Pymes,Subsecretaría de Economía y Empresas de Menor Tamaño,"Ministerio de Economía, Fomento y Turismo"
bcd18141397140d0a3f3a45d36cedfdc,Registro Nacional de Trámites,Secretaría de Gobierno Digital,Ministerio de Hacienda
352c27bd8a584cc4a3fbf419786834e8,Registro Nacional de Trámites 2,Secretaría de Gobierno Digital,Ministerio de Hacienda
9c6e69fd3a9f4b8d8123c11e37f2a673,Registro Nacional de Trámites 2,Secretaría de Gobierno Digital,Ministerio de Hacienda
ff59b495f25c4392b293035897abc5d4,Registro Nacional del Cancer,Subsecretaría de Redes Asistenciales,Ministerio de Salud
0482fc939f824bf1a45aaef905197e62,Registro Nacional del Cáncer,Ministerio de Salud,Ministerio de Salud
6adb05b0f7ff4059a054d25d31b2cc3a,Registro Nacional del Cáncer,Universidad de Valparaíso,Ministerio de Educación
672f76fa24044d36b28fd11b50d7a4ec,Registro Social de Hogares,Ministerio de Desarrollo Social y Familia,Ministerio de Desarrollo Social y Familia
89578284a7f748ce95f21a5003c7467a,Registro Voluntario de Contratos Agrícolas,Subsecretaría de Economía y Empresas de Menor Tamaño,"Ministerio de Economía, Fomento y Turismo"
9609d8145a7749959bb9f4c7a8f1f3dc,registroorganizaciones,Servicio Electoral,Autónomo
9a8b89a81b6a4af6a344229958ea3cdf,Registros Ley 19862,Subsecretaría de Hacienda,Ministerio de Hacienda
d6419e3cc6494dfcb0b2651bbbadb81e,Registros OTELLO,Subsecretaría General de Gobierno,Ministerio Secretaría General de Gobierno
f244bcbd9b84410d907a16c0e29e3608,Reglamento de Densidades,Subsecretaría de Pesca y Acuicultura,"Ministerio de Economía, Fomento y Turismo"
d57aba0e90384b20aca92e990e3cb39c,Relatos de Guías - SERNATUR,Servicio Nacional de Turismo,"Ministerio de Economía, Fomento y Turismo"
feec029f33d24f19b1ac13bca61cfcc6,Renaico en Linea,Municipalidad de Renaico,Municipalidad
23b0dd4369494f5c911a7013e9e9e777,Reportes SNGM,Servicio Nacional de Geología y Minería,Ministerio de Minería
54cdc791832e4bee92a1f22e5e201129,Repositorio de Interacciones,Plataforma Interacciones,Test
b6090e4d28ef469a9625f1105df6c13c,Repositorio Documental FOSIS,Fondo de Solidaridad e Inversión Social,Ministerio de Desarrollo Social y Familia
f4e50b5bc1b9450f839a85c27fb90d17,Reprogramación CAE,Comisión Administradora del Sistema de Créditos para Estudios Superiores,Servicio
dbee8a741cc94268936d7054650fd1bb,Requerimientos de Compra,Subsecretaría de Energía,Ministerio de Energía
834cf291d50b4e3299f82dfeba3c998e,Requisitos para Ofertar,Dirección de Compras y Contratación Pública,Ministerio de Hacienda
b604d9c8d263477ba41af4264639c206,Reserva de Estacionamientos,Municipalidad de Santiago,Municipalidad
2653d083659e45ad9aebc8693304c8f5,Reserva de Horas para Licencia,Subsecretaría de Transportes,Ministerio de Transportes y Telecomunicaciones
99ff080b71b44cb78b29deff38b87061,Reservas,Servicio de Registro Civil e Identificación,Ministerio de Justicia y Derechos Humanos
72ab9e669a484996b9d9b8a379e1e94f,Residencias Estudiantiles,Junta Nacional de Auxilio Escolar y Becas,Ministerio de Educación
f26d1b7657924c61b3e519cbacf36c34,Resultados Exámenes,Servicio de Salud Coquimbo,Ministerio de Salud
3ba5c4011c1e4608bee96d20e3fb9b7c,Resultados Hospital San Pablo,Servicio de Salud Coquimbo,Ministerio de Salud
982c548630d742a5b07b7928159b4a50,Resultados PCR en Pudahuel,Municipalidad de Pudahuel,Municipalidad
dd02dca897074e77972f506652629762,Resultados Subsidio Eléctrico,Subsecretaría de Energía,Ministerio de Energía
b169192c478149d7a0c8baced4513d2c,Retiro saldo Cuenta Individual,Sociedad Administradora de Fondos de Cesantía de Chile S.A.,Empresa Privada
b2b6ee18cee746a8a706aad74e14adce,Revisor de Procesos SIMPLE,Subsecretaría General de la Presidencia de la República,Ministerio Secretaría General de la Presidencia de la República
8eb9649fa9924d30a8336ee6ecdee8e6,"Rifas, sorteos y colectas",Subsecretaría del Interior,Ministerio del Interior y Seguridad Pública
75de3dbfbc6640b496c7ae4b291aad05,Ris Investigación,Ministerio de Desarrollo Social y Familia,Ministerio de Desarrollo Social y Familia
566d7254585c4a9fa4dd1d6646d6f90b,RME,Ministerio de Salud,Ministerio de Salud
d44f2fafe10b4397ac7557cd13747bd2,RPI,Ministerio de Transportes y Telecomunicaciones,Ministerio de Transportes y Telecomunicaciones
a294f813367246da949865bdf8b03f7d,RPI,Subsecretaría de Transportes,Ministerio de Transportes y Telecomunicaciones
998e9b4946ae49439be0ced3927c3da3,RSH Móvil,Ministerio de Desarrollo Social y Familia,Ministerio de Desarrollo Social y Familia
c06dcb061aed4e85bfb713760c77034b,RUN Back Office,Servicio de Registro Civil e Identificación,Ministerio de Justicia y Derechos Humanos
dc87897c1e9e4991bea7f2e68feac69b,Ruta de la Pyme,Gobierno Regional de la Región Metropolitana de Santiago,Ministerio del Interior y Seguridad Pública
0062dc8c31ca4560b766f7063181eaab,SADOC,Superintendencia de Servicios Sanitarios,Ministerio de Obras Públicas
3fadd97a928a44a4a4a39d26d22ec580,SAFF - PORTAL DE PAGOS CONAF,Corporación Nacional Forestal y de Protección de Recursos Naturales Renovables,Ministerio de Agricultura
b3b69f356f9a44459ac037463948159f,SAFIS,Instituto de Salud Pública de Chile,Ministerio de Salud
3a7e43ee5efe48dba56d0a40b113a600,SAGEC - Serv de Adm Gest Conec,Subsecretaría de Telecomunicaciones,Ministerio de Transportes y Telecomunicaciones
826da5c8e466448dbeb004b84fe78b65,SAGEC_,Subsecretaría de Telecomunicaciones,Ministerio de Transportes y Telecomunicaciones
66bee1041e5b4b5ab2b32cdc6e120d05,Salud 10,Caja de Previsión de la Defensa Nacional,Ministerio de Defensa Nacional
7322ef3b7dad4763bd20d841251ff0b5,Salud Aysén,Servicio de Salud Aysén,Ministerio de Salud
6a8618912ba54ba0a69372da4d320d99,salud digital sso,Servicio de Salud Osorno,Ministerio de Salud
866fe1ae943f4d10be430333eda48450,Salud Iquique,Servicio de Salud Iquique,Ministerio de Salud
27557c13181d45f296b31b69e6ee312a,Salud Tarapacá - Neo,Servicio de Salud Tarapacá,Ministerio de Salud
163d792087c34386931169c425c796b4,San Joaquín Decide,Municipalidad de San Joaquín,Municipalidad
bd3b8d1829e145cda9c827f5e87af3d91,Saneamiento Online DEB,Ministerio de Bienes Nacionales,Ministerio de Bienes Nacionales
b31017b848694be1b92f15c6dad1ca2c,Sanidad Naval,Sanidad Naval de la Armada de Chile,Fuerzas Armadas
1722474cbe3c48bdb06768c849fecbc3,ScanMevacuno,Subsecretaría de Redes Asistenciales,Ministerio de Salud
5d23a1d87c58425e98816025d8157273,SCJ Single Sign On,Superintendencia de Casinos de Juego,Ministerio de Hacienda
4af122e5642f4b3caf3fed256a8c1ad5,SDE,Ministerio Secretaría General de la Presidencia de la República,Ministerio Secretaría General de la Presidencia de la República
0734f988446f47ae9668a9a58ca2d80c,Se atiende y Ze contrata,Municipalidad de La Pintana,Municipalidad
a6c5f07248504e4ba64ae2fd8e69d225,SEA UTALCA,Universidad de Talca,Ministerio de Educación
62a5285108824e269a3fa09e9c233440,SEC - Atención Ciudadana,Superintendencia de Electricidad y Combustibles,Ministerio de Energía
fe77f0c6f69946e68cc69fc0b85e3ceb,SED,Comisión Nacional de Riego,Ministerio de Agricultura
b64b55c3b73c44b9b843d24bcbb27c24,SEGEDOC MSGG,Subsecretaría General de Gobierno,Ministerio Secretaría General de Gobierno
1b250c2be8f545929e5c20822ba9750e,Segpres,Ministerio Secretaría General de la Presidencia de la República,Ministerio Secretaría General de la Presidencia de la República
7a13753b6132415ab607ec4d0ccf67fb,Segpres CU,Juan Díaz,Test
f4bed2922bd14e7aba84e439171151dc,Seguimiento Agenda Digital,Secretaría de Gobierno Digital,Ministerio de Hacienda
ecf28c8d3b8c428dadf391801386d31a,Seguimiento Garantía Auge,Fondo Nacional de Salud,Ministerio de Salud
794a5de926b543efa922cd96ef4a26d5,Seguimiento Planes Estratégico,Instituto Nacional de Deportes de Chile,Ministerio del Deporte
7334f42ed0d340a889f62fce2da4d7b4,Seguimiento y Supervisión FEP,Subsecretaría de Previsión Social,Ministerio del Trabajo y Previsión Social
0f09709c70c441b59a6fe616f84a5302,Segundo Tribunal Ambiental,Segundo Tribunal Ambiental,Otros Poderes
8fdce58a9049400f97f48848669e72f4,Segundo Tribunal Electoral,Segundo Tribunal Electoral Región Metropolitana,Autónomo
603290e173754ceb8f3ac2528baf56b0,Seguridad de la información,Secretaría de Gobierno Digital,Ministerio de Hacienda
abb2001ffe9a41f7a44165b22f5452ea,Seguridad de la información - DEV,Secretaría de Gobierno Digital,Ministerio de Hacienda
f6933979b5ce4d339dd727afaac5f572,Semana del Voluntariado INJUV,Instituto Nacional de la Juventud,Ministerio de Desarrollo Social y Familia
585115d181ea4a77bf361f06a32100ea,Senda Moodle,Servicio Nacional para la Prevención y Rehabilitación del Consumo de Drogas y Alcohol,Ministerio del Interior y Seguridad Pública
c68583c7f0f3400fbc57c639a37ab30c,senda.gob .cl SIDOC,Servicio Nacional para la Prevención y Rehabilitación del Consumo de Drogas y Alcohol,Ministerio del Interior y Seguridad Pública
3b57187382464f32918291f6e16004c6,SER,Subsecretaría General de la Presidencia de la República,Ministerio Secretaría General de la Presidencia de la República
ab2dd6e0890c4b5483973add6fa1b91b,Sercotec,Servicio de Cooperación Técnica,"Ministerio de Economía, Fomento y Turismo"
d0e9d2ddcb6741fab3ef5d82c9bf8c89,Sercotec 2,Servicio de Cooperación Técnica,"Ministerio de Economía, Fomento y Turismo"
86144f0d3b814c1d8c013f7aade6c55d,Sernac - Portal del consumidor,Servicio Nacional del Consumidor,"Ministerio de Economía, Fomento y Turismo"
d903977abbc44593a62a2dd5bf8519f9,Sernac - Registro de Sentencias,Servicio Nacional del Consumidor,"Ministerio de Economía, Fomento y Turismo"
f17b909b1fd14b01a37765406c223c29,SERNATUR Patrocinio,Servicio Nacional de Turismo,"Ministerio de Economía, Fomento y Turismo"
56e402379e664e8e960b328f5ad9c21f,Sernatur RNST,Servicio Nacional de Turismo,"Ministerio de Economía, Fomento y Turismo"
2c12290764aa4f67ba25e9cf801bd06c,Servel,Servicio Electoral,Autónomo
ed085dfc9fdc4f30b995262d6794d670,SERVEL - Acta Asamblea,Servicio Electoral,Autónomo
11dbc789f56b46eca48acad693459cbf,SERVEL Aporte a Candidatos,Servicio Electoral,Autónomo
18bec3e707784a978d9d89f2967f87de,SERVEL- RENDICION,Servicio Electoral,Autónomo
3d3d1e37f7f3433ea9a2fc8705d2422d,Servicio agrícola y ganadero,Servicio Agrícola y Ganadero,Ministerio de Agricultura
75307209043c4f8ea213f03c65e2023c,Servicio Bienestar,Junta Nacional de Jardines Infantiles,Ministerio de Educación
ac7a1bf135744666be846c5bffff7cc8,Servicio de Evaluacion Ambiental,Servicio de Evaluación Ambiental,Ministerio del Medio Ambiente
558b533275bd41bca3094acb6a85113a,Servicio de Evaluación Ambiental,Servicio de Evaluación Ambiental,Ministerio del Medio Ambiente
acc8353f6165457799aaf835442eca85,Servicio de Salud Metropolitano Oriente - Cerofilas,Servicio de Salud Metropolitano Oriente,Ministerio de Salud
527213d7d4294edebe57db0d54f838f8,Servicio de Salud Metropolitano Sur Oriente,Servicio de Salud Metropolitano Sur,Ministerio de Salud
ba2165ccec354bcca84276bbf212f14a,Servicio de Salud Tarapacá,Servicio de Salud Tarapacá,Ministerio de Salud
5af95b4c9eec408dad00e7b5a2a16b92,Servicio de Salud Tarapacá,Servicio de Salud Tarapacá,Ministerio de Salud
79f61b8fe2f944999b3fca52a0e96ac9,Servicio Digital de AFP Modelo,AFP Modelo,Empresa Privada
8f791e1ae18a42f8ae0ec7d03fbe5dff,Servicio Electoral,Servicio Electoral,Autónomo
11f1dcd280f442bfa07de340bfcd4c43,Servicio Electoral 2,Servicio Electoral,Autónomo
9ad41e803fff463bac913cedefca7796,Servicio Electoral - Cerofilas,Servicio Electoral,Autónomo
e5b8388e1275417395d526c566b0e1e8,Servicio Nacional de Aduanas,Servicio Nacional de Aduanas,Ministerio de Hacienda
105554ba9df744af92c824954ab5e8ed,Servicio Nacional de Aduanas,Servicio Nacional de Aduanas,Ministerio de Hacienda
e70e86ecd5234a4dadd35d3caf10e1fe,Servicio Nacional de Aduanas,Servicio Nacional de Aduanas,Ministerio de Hacienda
fdb536768bcf4a55b66eada0b7605469,Servicio Nacional de la Discapacidad - Cerofilas,Servicio Nacional de la Discapacidad,Ministerio de Desarrollo Social y Familia
6c937e52183f4a39a47e23f9235a2133,Servicio Nacional de Menores - Cerofilas,Servicio Nacional de Menores,Ministerio de Justicia y Derechos Humanos
71b0b8678c604028b60eaafa641faa4f,Servicio Nacional del Adulto Mayor,Servicio Nacional del Adulto Mayor,Ministerio de Desarrollo Social y Familia
2b909c28e164409b8257f26933848c05,Servicio Nacional del Consumidor - Cerofilas,Servicio Nacional del Consumidor,"Ministerio de Economía, Fomento y Turismo"
18624572de6f26540084429c29ec47d3,Servicio Nacional para la Prevencion y Rehabilitacion del Consumo de Drogas y Alcohol,Servicio Nacional para la Prevención y Rehabilitación del Consumo de Drogas y Alcohol,Ministerio del Interior y Seguridad Pública
c765193a11274b73b1ffa97efd6fbc3b,Servicio Único de Identidad - SMA,Superintendencia del Medio Ambiente,Ministerio del Medio Ambiente
0d110a1a496643c09dcb7d8b14732e0c,Servicios,Servicio de Registro Civil e Identificación,Ministerio de Justicia y Derechos Humanos
a550257e459f42b7b77a36ba00151805,Servicios al Usuario Maritimo,Armada de Chile,Ministerio de Defensa Nacional
0b145fb41bc84dc58a5beb5b4ef11b17,Servicios en linea,Caja de Previsión de la Defensa Nacional,Ministerio de Defensa Nacional
97c4ca6968044bd0b8b151e7d41ef060,Servicios en Línea - Hospital Regional de Talca,Hospital Regional de Talca,Ministerio de Salud
f72815499f1b4b018cd1792d91e81249,Servicios Populares Recoleta,Municipalidad de Recoleta,Municipalidad
2cad72181d644ee4870bf5357def945f,Servicios Sernapesca,Servicio Nacional de Pesca y Acuicultura,"Ministerio de Economía, Fomento y Turismo"
58f532f36df74998b1f0ba5e821bd4f9,sfpp,Servicio Electoral,Autónomo
d69a36460b0c4bee9cdc5fd2f58e6a0e,SGMAULE,Servicio de Salud Maule,Ministerio de Salud
0e9b8e3e710b4525ae2d8376805bc683,SIAC,Oficina Nacional de Emergencia,Ministerio del Interior y Seguridad Pública
500e21ae250c48c8b42452929d53ef90,SIAC,Subsecretaría para las Fuerzas Armadas,Ministerio de Defensa Nacional
748b8272352c431486f41ef120bb0018,SIAC - OIRS,Instituto de Salud Pública de Chile,Ministerio de Salud
afc3acf6618d448d91dc104ab8814b11,SIAC Cultura,Subsecretaría de las Culturas y las Artes,"Ministerio de las Culturas, las Artes y el Patrimonio"
daa56f929b2c4c61a04a016533364752,SIAC JUNJI,Junta Nacional de Jardines Infantiles,Ministerio de Educación
226e1648bb084d1abb814f29da125d2c,SICE DGAC,Dirección General de Aeronáutica Civil,Ministerio de Defensa Nacional
de14f43f74ba4a629f5506e6929add1c,SIDRAC,Junta Nacional de Auxilio Escolar y Becas,Ministerio de Educación
fb74fb1e98d447cc875898434e8135bc,SigesPass,Ministerio Público,Autónomo
74e60dc3bc26493d81088e4d322b7c39,SignPass,BPO Advisors SpA,Empresa Privada
7bbedbef60ee482ea59999db5de21221,SIIPIR GORE-V,Gobierno Regional de la Región de Valparaíso,Ministerio del Interior y Seguridad Pública
6fbf4a47080d444c915e1d971042ea25,SIM-FIMU,Subsecretaría de Desarrollo Regional y Administrativo,Ministerio del Interior y Seguridad Pública
9bb388f483fd48688e9b1afdbd3fc1ee,SIMEF v4,Subsecretaría de Justicia,Ministerio de Justicia y Derechos Humanos
16ffe077cc1a4b11a19bea91abce6f9c,SIMEF v5,Subsecretaría de Justicia,Ministerio de Justicia y Derechos Humanos
71ae9a1dcafa49fcb067a62563085b06,SIMIN,Servicio Nacional de Geología y Minería,Ministerio de Minería
6eb9828de3db4c528be7976f7fc1d848,Simo Sernatur,Servicio Nacional de Turismo,"Ministerio de Economía, Fomento y Turismo"
0189b672c47f4ea2a836485db96fe94a,SIMORE - SISTEMA DE MONITOREO,Subsecretaría de Derechos Humanos,Ministerio de Justicia y Derechos Humanos
9eb65c7fdb48467bb30de182c5cac3a2,SIMPLE,Comisión Chilena de Energía Nuclear,Ministerio de Energía
14cc5dc0682d44fe99d2d91e1eaafac7,SIMPLE,Corporación Nacional de Desarrollo Indígena,Ministerio de Desarrollo Social y Familia
d05c2d095a0f49df91ee5136d8a73da6,SIMPLE,Corporación Nacional de Desarrollo Indígena,Ministerio de Desarrollo Social y Familia
3186204dea404980b5bf5e49be20326d,Simple,Da lo mismo,Test
3123d0bd951045f3815c9e15d1039de9,SIMPLE,Departamento de Extranjería y Migración,Ministerio del Interior y Seguridad Pública
6957a77732a54b29b4b9687314da582e,SIMPLE,Departamento de Extranjería y Migración,Ministerio del Interior y Seguridad Pública
3ee3884163bf4c18b304ee91c2ec771f,SIMPLE,Dirección de Compras y Contratación Pública,Ministerio de Hacienda
c96cc8cf53e6406a85d7c35beab12e71,SIMPLE 2,Dirección de Compras y Contratación Pública,Ministerio de Hacienda
0e336a36e38547508641a1f719ed8faa,SIMPLE 3,Dirección de Compras y Contratación Pública,Ministerio de Hacienda
b640048c801144a983ae56ebff744ba1,SIMPLE 4,Dirección de Compras y Contratación Pública,Ministerio de Hacienda
196039356ca44100887a55c6f2e9a2c7,SIMPLE,Dirección General de Aguas,Ministerio de Obras Públicas
9385f52665e8468ea88a1021f078356a,SIMPLE 2,Dirección General de Aguas,Ministerio de Obras Públicas
12e43f8996874c8a900f7dd5fcebdce1,SIMPLE,Dirección General de Aguas,Ministerio de Obras Públicas
8c81467d3661478f8f4587ed722b59bc,SIMPLE,Fiscalía Nacional Económica,"Ministerio de Economía, Fomento y Turismo"
1ca2cec45e3a45888fb590bbfbf4d629,SIMPLE 2,Fiscalía Nacional Económica,"Ministerio de Economía, Fomento y Turismo"
e423b8339a57485d8b524937d93e4f44,SIMPLE,Gendarmería de Chile,Ministerio de Justicia y Derechos Humanos
b90c92160faa42ceb242a78de5d77570,Simple,Gendarmería de Chile,Ministerio de Justicia y Derechos Humanos
a89c07405f364c2c974afb33764168ff,SIMPLE 2,Gendarmería de Chile,Ministerio de Justicia y Derechos Humanos
718efb64a9594203af351037ceb09be6,Simple 2,Gendarmería de Chile,Ministerio de Justicia y Derechos Humanos
621f2d0c79d0499eb8e6a538feb08e37,SIMPLE,Gobierno Regional de la Región de Arica y Parinacota,Ministerio del Interior y Seguridad Pública
1328b66462bc4bc4b89832b9f3c764ee,SIMPLE 2,Gobierno Regional de la Región de Arica y Parinacota,Ministerio del Interior y Seguridad Pública
68c16c8cfc9e4cc89c37431508eebfd1,SIMPLE,Gobierno Regional de la Región de Tarapacá,Ministerio del Interior y Seguridad Pública
24e11daf6c084639b14ebba7d4908266,Simple,Gobierno Regional de la Región del Maule,Ministerio del Interior y Seguridad Pública
130e97e466044f9a95d4dc23e0f5d7fb,Simple 2,Gobierno Regional de la Región del Maule,Ministerio del Interior y Seguridad Pública
30e56d0db01b4a5bbd6d4cb3df01f8dc,SIMPLE,Gobierno Regional de Tarapacá,Gobierno Regional
994667baa7e64128bb202e9422a4ac88,simple,Institucion,Test
4f5940e87bbc4140af83b3f8c6aa4612,Simple,Institución,Test
b152e32a5ab042418767b6cfeb921111,Simple,Institución,Test
b152e32a5ab042418767b6cfeb92a01f,Simple,Institución,Test
c226ac097a264c3897658cc53a1abe5a,SIMPLE,Instituto Nacional de Derechos Humanos,Autónomo
60d21bc1ee0c4e49a556f5d624a4549e,SIMPLE,Ministerio de Bienes Nacionales,Ministerio de Bienes Nacionales
74fc3c9f53174a8fb476f8f54ee0c2c1,SIMPLE,"Ministerio de Cultura, las Artes y el Patrimonio","Ministerio de las Culturas, las Artes y el Patrimonio"
7ecc1de4d309453ba4a60c91510e9b77,SIMPLE 2,"Ministerio de Cultura, las Artes y el Patrimonio","Ministerio de las Culturas, las Artes y el Patrimonio"
3e985df130404b099cede3ec73379451,SIMPLE,Ministerio de Economía,"Ministerio de Economía, Fomento y Turismo"
10d8018a893647d889e9952e4a555a4b,SIMPLE 2,Ministerio de Economía,"Ministerio de Economía, Fomento y Turismo"
41d8ac8a807045d8b6a2c52d0b0012dd,SIMPLE,Ministerio de Energía,Ministerio de Energía
5eaffae105944df5927e067b947813ed,SIMPLE 2,Ministerio de Energía,Ministerio de Energía
e01d64e5386b47359b7b7600b60fefac,SIMPLE,Ministerio de Hacienda,Ministerio de Hacienda
e17ad9dbc9bf4f9ba1d24208930908a9,SIMPLE,Ministerio de Hacienda,Ministerio de Hacienda
2562c6618dbc453a99f922745f23beaf,SIMPLE,Ministerio Secretaría General de la Presidencia de la República,Ministerio Secretaría General de la Presidencia de la República
5bd03aa36a0f4000b6f34c6483ee40b3,SIMPLE 2,Ministerio Secretaría General de la Presidencia de la República,Ministerio Secretaría General de la Presidencia de la República
0fa34406c1d648ed9f4f4ee6498b402d,SIMPLE 3,Ministerio Secretaría General de la Presidencia de la República,Ministerio Secretaría General de la Presidencia de la República
6dbe6b0786f141ca9b6ce1b7347e9d01,SIMPLE,Municipalidad de Puente Alto,Municipalidad
f4f6e172b91843488456669f0e0dcc70,SIMPLE,Municipalidad de Puente Alto,Municipalidad
4fc3ca0a41c049beb65b17c558384544,Simple,Municipalidad de San Antonio,Municipalidad
64fc0ead31a1407796b68c310fd19c39,Simple,Municipalidad de San Antonio,Municipalidad
7c3210a64760404aac705328e751ebe8,SIMPLE,Municipalidad de Santo Domingo,Municipalidad
b3cdeb6ad49d450581a0bd249a99887b,SIMPLE,Municipalidad de Santo Domingo,Municipalidad
b78f52bfe76b4a5990ef898a5e3ecc68,SIMPLE,Municipios,Test
abeebffe318749e3955cc497cc51ec02,SIMPLE,Municipios,Test
ba8ac10bc060485d8321c7b3b813b669,SIMPLE,Pymes Gob,Test
496bbab1df6444cb9490051281608749,SIMPLE,Secretaría de Gobierno Digital,Ministerio de Hacienda
95299da5a5f449f09c2fdf131183b903,SIMPLE,Secretaría de Gobierno Digital,Ministerio de Hacienda
a4d06a3542e243aa967e7db159b6c3b9,SIMPLE,Secretaría de Gobierno Digital,Ministerio de Hacienda
6051cc90d3b34560b75ecdb91bc1735f,SIMPLE,Secretaría de Gobierno Digital,Ministerio de Hacienda
dc6de3bf3d0b4f5b922935755194bea7,Simple,Secretaría de Gobierno Digital,Ministerio de Hacienda
f2eaffaf45b84b9c8e39cc303a97e9d7,SIMPLE,Secretaría de Gobierno Digital,Ministerio de Hacienda
13a5ea248b85455a8efd253c17941884,SIMPLE,Secretaría de Gobierno Digital,Ministerio de Hacienda
7c259594d95b42ca9d04984e739eaca2,SIMPLE,Secretaría de Gobierno Digital,Ministerio de Hacienda
6ba4b0cb3e26444bb3fab800ccc1eb78,SIMPLE,Secretaría de Gobierno Digital,Ministerio de Hacienda
acb54f4a25f8437a9ad905c696065aac,SIMPLE,Secretaría de Gobierno Digital,Ministerio de Hacienda
05ebea3d7e6b4daab5f51ac39b674a0f,SIMPLE,Secretaría de Gobierno Digital,Ministerio de Hacienda
4c7d41887420416793a1d46848eb64cb,SIMPLE,Secretaría de Gobierno Digital,Ministerio de Hacienda
55f8fa647866487c8027cc6efc5815e2,Simple,Secretaría de Gobierno Digital,Ministerio de Hacienda
9010aa837c5548809c58a02b7d749f42,SIMPLE,Secretaría de Gobierno Digital,Ministerio de Hacienda
a7fe43f792cd4ce9a0c8181010f4f12a,SIMPLE,Secretaría de Gobierno Digital,Ministerio de Hacienda
e64136a57374446da54f48c8d1911267,SIMPLE,Secretaría de Gobierno Digital,Ministerio de Hacienda
1f946828eb674ce8893855a1c6bdec2d,Simple,Secretaría de Gobierno Digital,Ministerio de Hacienda
44b4638580b940b0b1fef2756423be02,SIMPLE,Secretaría de Gobierno Digital,Ministerio de Hacienda
89c58918a2184107b3373e5c3109f490,SIMPLE,Secretaría de Gobierno Digital,Ministerio de Hacienda
89fc7b6252cd4cd0b8e1d20349f2e113,SIMPLE,Secretaría de Gobierno Digital,Ministerio de Hacienda
99c8f03f5ce543a1bf167cca187425f2,SIMPLE,Secretaría de Gobierno Digital,Ministerio de Hacienda
d81f597f4cab42afb8be6fd8f0979801,Simple,Secretaría de Gobierno Digital,Ministerio de Hacienda
f3e1888670ba42fb85ea77459e2fc7cc,SIMPLE,Secretaría de Gobierno Digital,Ministerio de Hacienda
ff35c4cfd7e04823a9fc2befba18f418,SIMPLE,Secretaría de Gobierno Digital,Ministerio de Hacienda
cafc97c4760f46a3a339684c7aacb0b1,SIMPLE,Secretaría de Gobierno Digital,Ministerio de Hacienda
6c46a5173cc4401885e8788491ae6393,SIMPLE,Secretaría de Gobierno Digital,Ministerio de Hacienda
becd496b05d2467ab483228ecbeea2e5,SIMPLE,Secretaría de Gobierno Digital,Ministerio de Hacienda
ee32e8b07ea2463480585c7a2d9df4e0,SIMPLE,Secretaría de Gobierno Digital,Ministerio de Hacienda
155c407e02e5408e9033f88a4368c9f0,SIMPLE,Secretaría de Gobierno Digital,Ministerio de Hacienda
ae6a622386ac4554838f679ce32cdf9a,Simple,Secretaría de Gobierno Digital,Ministerio de Hacienda
8f74f0887fae41d7a62bfed98706889f,SIMPLE,Secretaría de Gobierno Digital,Ministerio de Hacienda
6291815e17ab4e259f984c53f78b7ca9,SIMPLE,Secretaría de Gobierno Digital,Ministerio de Hacienda
68923305fca640df8a0d96980a846401,SIMPLE,Secretaría de Gobierno Digital,Ministerio de Hacienda
74ba4872f8ed4307b2bdb027041075af,SIMPLE,Secretaría de Gobierno Digital,Ministerio de Hacienda
bee6bcc5dd2b426ebf26398808c6fff9,SIMPLE,Secretaría de Gobierno Digital,Ministerio de Hacienda
062660c8ef9b498d8a0b5daf5f433ab8,SIMPLE,Secretaría de Gobierno Digital,Ministerio de Hacienda
ea0963619d3f43e1a5ccc337019fe624,SIMPLE,Secretaría de Gobierno Digital,Ministerio de Hacienda
f34fe56997b3429bbcc8ee896c0c0bf1,SIMPLE,Secretaría de Gobierno Digital,Ministerio de Hacienda
cafc97c4760f46a3a339684c7aacb0bf,SIMPLE,Secretaría de Gobierno Digital,Ministerio de Hacienda
650b850fe0014eed8565980b49ca3242,Simple,Secretaría de Gobierno Digital,Ministerio de Hacienda
b0aebbbbc3bc427998e17484137f6c03,SIMPLE,Secretaría de Gobierno Digital,Ministerio de Hacienda
868f1db98d35463fb1dd8e763cb68402,SIMPLE,Secretaría de Gobierno Digital,Ministerio de Hacienda
5203dc45b8344a35a122f3446c13331f,SIMPLE,Servicio Agrícola y Ganadero,Ministerio de Agricultura
2b0800bc9fa0475eb3ca6540d70d7d6e,SIMPLE,Servicio Agrícola y Ganadero,Ministerio de Agricultura
3da2dbd9c93b4f58a48e39c8846fcc31,SIMPLE,Servicio Agrícola y Ganadero,Ministerio de Agricultura
79e9e77cb66d420396551fefd15e8d01,SIMPLE,Servicio Agrícola y Ganadero,Ministerio de Agricultura
9adaeaa0fcbe4beaa60e8b97516c1cf4,SIMPLE,Servicio de Tesorerías,Ministerio de Hacienda
f9620cd079fb40399e7ba514562056c6,SIMPLE,Servicio de Tesorerías,Ministerio de Hacienda
d79e1235e359463180867d42f31f8e8a,SIMPLE,Servicio Local de Educación Pública de Punilla Cordillera,Ministerio de Educación
aa69fbd8e191496bba9e456f934c76b3,SIMPLE,Servicio Nacional de Aduanas,Ministerio de Hacienda
968ad2ac10dd422a9889a283099980ce,SIMPLE,Servicio Nacional de Aduanas,Ministerio de Hacienda
27f896fdec904f5998b798799dd1e75f,SIMPLE,Servicio Nacional de Geología y Minería,Ministerio de Minería
48652c995353451fac4f4dd9129f281a,SIMPLE,Servicio Nacional de Geología y Minería,Ministerio de Minería
be467cde32ca4ecfaebbb13152dd05f7,SIMPLE,Servicio Nacional de Geología y Minería,Ministerio de Minería
485565d518084d1db47ab1852149bf21,SIMPLE,Servicio Nacional del Adulto Mayor,Ministerio de Desarrollo Social y Familia
d73b7590fbd04e4d96649bdfdfff96e4,SIMPLE,Servicio Nacional del Adulto Mayor,Ministerio de Desarrollo Social y Familia
64fd691c30c04858ae676b882792bf41,SIMPLE,Subsecretaría de Derechos Humanos,Ministerio de Justicia y Derechos Humanos
05c338d71cf84d62b9eb9e218053cfa3,SIMPLE,Subsecretaría de Derechos Humanos,Ministerio de Justicia y Derechos Humanos
831d2c606fb044fc98b3110a389c20c1,SIMPLE,Subsecretaría de Educación,Ministerio de Educación
21f155670144410a90f1dcdb49d66b09,SIMPLE,Subsecretaría de Educación,Ministerio de Educación
bb2c31afa5be4cd595085a55c2deec26,SIMPLE,Subsecretaría de Pesca y Acuicultura,"Ministerio de Economía, Fomento y Turismo"
90d88e442077436e8ba4d7f1af2a1633,SIMPLE,Subsecretaría de Pesca y Acuicultura,"Ministerio de Economía, Fomento y Turismo"
7a81c7130737421db33e3a98906958e2,SIMPLE,Subsecretaría de Relaciones Exteriores,Ministerio de Relaciones Exteriores
d91b1419e50f4fa5b57efef4628d5d62,SIMPLE,Subsecretaría de Relaciones Exteriores,Ministerio de Relaciones Exteriores
471ee7cea7f6437aaaa9ed2a165e9c11,SIMPLE,Subsecretaría de Transportes,Ministerio de Transportes y Telecomunicaciones
08936ee3e22c4f9180aff3e290a37673,SIMPLE,Subsecretaría de Transportes,Ministerio de Transportes y Telecomunicaciones
569c7b3055084660b7d89fe87a1d6d37,SIMPLE - CNR,Comisión Nacional de Riego,Ministerio de Agricultura
a22ff46757914d5f95117314fe4cf02a,SIMPLE - CNR,Comisión Nacional de Riego,Ministerio de Agricultura
5ad9f8025fff4c0bb966430f829553c4,Simple - CONADI,Corporación Nacional de Desarrollo Indígena,Ministerio de Desarrollo Social y Familia
ac20d2efe7e74246803654052a592a6c,Simple - Totems,Instituto de Salud Pública de Chile,Ministerio de Salud
720865f1a985416ca1076be43c145b34,SIMPLE 1,Simple,Test
92f8f11f188a4c8e9ab8fa51b510d27f,SIMPLE 2,Simple,Test
16f26ac49c7c4fb4a1a936eae2a57426,Simple Andalién Sur,Servicio Local de Educación Pública de Andalién Sur,Ministerio de Educación
a7698f4e2c9b4b9a950658038cbe6b9f,SIMPLE CEROFILAS,Dirección General del Territorio Marítimo y de Marina Mercante,Ministerio de Defensa Nacional
ca221136a87c4727b08ea182b208b542,SIMPLE CEROFILAS,Dirección General del Territorio Marítimo y de Marina Mercante,Ministerio de Defensa Nacional
ddf53da703c54cb79a99232df0138688,SIMPLE CEROFILAS,Servicio de Tesorerías,Ministerio de Hacienda
a1e58402627c49db99c9d1153686272c,SIMPLE CEROFILAS,Servicio de Tesorerías,Ministerio de Hacienda
eeaf7d1a75ad4095b4dfa9172435915b,Simple Digital,Secretaría de Gobierno Digital,Ministerio de Hacienda
61b057abf967448ea8e521eaeb05a0aa,Simple DT,Ministerio del Deporte,Ministerio del Deporte
695260df581b4464a92bc20f34e8c76a,SIMPLE MINDEP,Subsecretaría del Deporte,Ministerio del Deporte
2134fa423eac4a3281787d85119eb1a1,Simple portal ChA,Subsecretaría General de la Presidencia de la República,Ministerio Secretaría General de la Presidencia de la República
19b0799a04cf472c990ada9dd8ffcc75,Simple Pruebas,Secretaría de Gobierno Digital,Ministerio de Hacienda
011e11bb458d4c62950d7eeb3424bf0f,SIMPLE SAG DESA,Servicio Agrícola y Ganadero,Ministerio de Agricultura
a391acb3ba1a4ce482a65d8b877dbdab,Simple Test,Javiera Parada,Test
55a7afe78fd943b6b424ab89d7b7f779,Simple Totem,Instituto de Previsión Social,Ministerio del Trabajo y Previsión Social
13cd47e6ddaa49d4b6d80b3a907dd750,Simple totems,Instituto de Previsión Social,Ministerio del Trabajo y Previsión Social
7249a9adb1c343aba8db068dbe0c3795,Simple Trámites,Subsecretaría de Evaluación Social,Ministerio de Desarrollo Social y Familia
1a45af607442dd1125eac3183a544123,Simple v2,Secretaría de Gobierno Digital,Ministerio de Hacienda
ccc5af607442dd1125eac3183a544aaa,Simple v2 - localhost,Secretaría de Gobierno Digital,Ministerio de Hacienda
ae0a8c72888b42ecb09fb9f9dfb0df40,SIMPLE-CEROFILAS,Dirección de Vialidad,Ministerio de Obras Públicas
e95372c61d4f4aa6ae59f6be1ae1a872,SIMPLE-CEROFILAS,Dirección de Vialidad,Ministerio de Obras Públicas
9dc1315ffcc34b79a3e05efbd60dba18,Simplev2,Secretaría de Gobierno Digital,Ministerio de Hacienda
1a44381ab8f84de1ad19a84d7bf09a1a,Sims2,Servicio Nacional de Pesca y Acuicultura,"Ministerio de Economía, Fomento y Turismo"
16b1032179824088a8d42a4107c6a8f4,Simulador de Pensiones,Subsecretaría de Previsión Social,Ministerio del Trabajo y Previsión Social
a1df844c4c6149a4a2680ccb60e095fb,Single Sign ON,Subsecretaría de Evaluación Social,Ministerio de Desarrollo Social y Familia
3346db58cd2d474fbcf63e827462b85d,Single Sign-On,Subsecretaría de Evaluación Social,Ministerio de Desarrollo Social y Familia
f5d8ddb9e3924b09901a9ce38dddc362,Single Sign-On,Subsecretaría de Transportes,Ministerio de Transportes y Telecomunicaciones
a4b6a99bdf274e679d55747b64987bc5,SIPA DGAC,Dirección General de Aeronáutica Civil,Ministerio de Defensa Nacional
1ab33fcd51234bbba5c0f9779709f4f5,SIPEC OFFLINE,Servicio Agrícola y Ganadero,Ministerio de Agricultura
5aaf425d12434424a6b3580b722643d1,SIPEC OFFLINE,Servicio Agrícola y Ganadero,Ministerio de Agricultura
edd15599b8d64e4585d58f953a6bd354,SIPRO ISPCH,Instituto de Salud Pública de Chile,Ministerio de Salud
9daf76d428b549b9899a504f4d5c6268,SISA,Agroseguros,"Ministerio de Economía, Fomento y Turismo"
061230af8491491e8777333096d1d6de,sise portal,Subsecretaría de Evaluación Social,Ministerio de Desarrollo Social y Familia
d1bc52adaa93475f998642138dc48ef0,SISFOR,Servicio Nacional para la Prevención y Rehabilitación del Consumo de Drogas y Alcohol,Ministerio del Interior y Seguridad Pública
64b1afe9206b4eb885878aafb4be1dae,SISPUBLI 2.0,Dirección Nacional del Servicio Civil,Ministerio de Hacienda
03d1671692794427aebc67732337c3fb,SISREC,Contraloría General de la República,Contraloría
b26622c722634b9882b1326ef0ab80f2,SISREC testing,Contraloría General de la República,Contraloría
7a1c994750d24f3bbc40a32000208f94,Sist. Gestión de Licencias,Subsecretaría de Transportes,Ministerio de Transportes y Telecomunicaciones
5235b9f356954973a226cb6fc12c9d6e,Sistema Alta Dirección Pública,Dirección Nacional del Servicio Civil,Ministerio de Hacienda
a3d2f5bccc104cf6bdd3817c86236b0e,Sistema Ambiente Proveedores,Central de Abastecimiento del Sistema Nacional de Servicios de Salud,Ministerio de Salud
1b5fdca3c71b4459b737c40cca1ea3a4,Sistema Concursos de Obras y Arte,Dirección de Arquitectura,Ministerio de Obras Públicas
3d53606b24144d12b360d33834a62638,Sistema Control de Inversión,Gobierno Regional de la Región Aysén del General Carlos Ibáñez del Campo,Ministerio del Interior y Seguridad Pública
5dceaa277abb4bbebdefc6c813ddd207,Sistema Convocatorias SUBREI,Subsecretaría de Relaciones Económicas Internacionales,Ministerio de Relaciones Exteriores
f565e6d3434f4cdbba360749b334380a,Sistema COSOC,Subsecretaría del Interior,Ministerio del Interior y Seguridad Pública
9f3c39663dac4e6791811016adc217da,Sistema Cuenta Cultura,"Ministerio de las Culturas, las Artes y el Patrimonio","Ministerio de las Culturas, las Artes y el Patrimonio"
cd40ad229df147389504190c71de61f5,Sistema de Acceso Unico,Instituto de Desarrollo Agropecuario,Ministerio de Agricultura
a15cb90e701a4e9b8b7f1e334ab6ae93,SISTEMA DE ACREDITACIÓN,Comisión Nacional de Acreditación,Servicio
c8c2ac707da0446ea44dc5db34347bb7,Sistema de admision Escolar,Subsecretaría de Educación,Ministerio de Educación
fd3219c7cb5545d4bb6dbdd651ce8f80,Sistema de Admisión Escolar,Subsecretaría de Educación,Ministerio de Educación
0335e32e61b248ae8ab98cb955f915dd,Sistema de ambiente de Clientes,Central de Abastecimiento del Sistema Nacional de Servicios de Salud,Ministerio de Salud
ae54454684154c25bd33c6e04609652b,Sistema de Apelación Contra de Isapres,Subsecretaría de Salud Pública,Ministerio de Salud
fd64738a458c475188dbebf53e648f5c,Sistema de Asistencia a Quemas Controladas,Corporación Nacional Forestal y de Protección de Recursos Naturales Renovables,Ministerio de Agricultura
d570ef7a66684135be218b3a5681176d,SISTEMA DE ATENCIÓN DE CONSULTA,Comisión Administradora del Sistema de Créditos para Estudios Superiores,Servicio
e10304f95c2b40738695563eb9b8662c,SISTEMA DE ATENCIÓN DE CONSULTA 2,Comisión Administradora del Sistema de Créditos para Estudios Superiores,Servicio
5aa6e3bc0b7f4c63b247ac04ca400129,Sistema de Auditoría Interna,Contraloría General de la República,Contraloría
d75a71f2f142477c98c6844682f0ca6d,Sistema de Autoexclusión voluntaria,Superintendencia de Casinos de Juego,Ministerio de Hacienda
192126e707e648cb8c2186c01387f7e2,Sistema de Conductores,Subsecretaría de Bienes Nacionales,Ministerio de Bienes Nacionales
650896bfb6c7410fa80e432262b4e447,Sistema de Contrataciones,Subsecretaría de Bienes Nacionales,Ministerio de Bienes Nacionales
ea5fcb5c0a4746018fb722e1fa013455,Sistema de Convenios,Subsecretaría de Bienes Nacionales,Ministerio de Bienes Nacionales
ff7045764d5f488d8cb595334492ef36,Sistema de Derivación de Casos,Servicio Nacional del Consumidor,"Ministerio de Economía, Fomento y Turismo"
dd3f9cad804e4bb09db23bafcb5156b9,Sistema de evaluación de desempeño,Comisión Nacional de Riego,Ministerio de Agricultura
5c056369b2cf4adb8a5d5a0c6ebd27ab,Sistema de Evaluacion de Desempeño (SED),Comisión Nacional de Riego,Ministerio de Agricultura
1509622197a34997b6ecbbafdc53a5b4,Sistema de Evaluaciones,Gobierno Regional de la Región Aysén del General Carlos Ibáñez del Campo,Ministerio del Interior y Seguridad Pública
fce4a97cb2b9492db8d2203e3f9610f9,Sistema de firma electrónica,Cámara de Diputados de Chile,Otros Poderes
ec74ea553bc546d294fe6295bd485927,Sistema de Gestión de Asesores,Subsecretaría General de la Presidencia de la República,Ministerio Secretaría General de la Presidencia de la República
0e147b79eed04d78ab7440918ef65944,Sistema de gestión de causas,Tercer Tribunal Ambiental,Otros Poderes
cb45e331ff9f401d91694bcc3e7bd5c1,Sistema de Gestión de Causas,Tercer Tribunal Ambiental,Otros Poderes
b52f7cc63da0465eb008045371af83e1,Sistema de gestión de causas,Tercer Tribunal Ambiental,Otros Poderes
c4f62901c44d41418e8575041a46bd7b,Sistema de Gestión de Causas 2TA,Tercer Tribunal Ambiental,Otros Poderes
ae412e532f1a48428bd0c5ad1f02f816,Sistema de gestión de licencia,Subsecretaría de Transportes,Ministerio de Transportes y Telecomunicaciones
9963de59629c454c9b3eb0d426338fcf,Sistema de Gestión de Reclamos,Instituto de Previsión Social,Ministerio del Trabajo y Previsión Social
18aef0cbedcb41e297924c6756fb0270,Sistema de Gestión de Tramites,Consejo Nacional de Educación,Ministerio de Educación
01de556128c443b2a84ec019aaae9157,Sistema de Gestión de Vehículos,Contraloría General de la República,Contraloría
d16fad3dcdb14d69b5d82776d09bb796,Sistema de Gestión Documental,Municipalidad de Villa Alegre,Municipalidad
8b989744e1fa47959372c261c781e1f2,Sistema de gestión municipal,Municipalidad de Río Claro,Municipalidad
d54d2ea52c314edeb1f9b99736e84681,Sistema de Gestión Personas,Instituto Nacional de Estadísticas,"Ministerio de Economía, Fomento y Turismo"
2e2621b12bae41c2bb11198fc0f49d66,Sistema de identificación del Senado,Senado,Otros Poderes
fc6d3941f7da4f9fad6366aa4f614547,Sistema de Información Geológica de Exploración,Servicio Nacional de Geología y Minería,Ministerio de Minería
3005f0153a1f4b4b92dbdf4e8c9b3a6c,SISTEMA DE INTEGRIDAD,Dirección General de Aeronáutica Civil,Ministerio de Defensa Nacional
358c6c57a26442f39a8536a70ee8254b,Sistema de Integridad,Subsecretaría de Economía y Empresas de Menor Tamaño,"Ministerio de Economía, Fomento y Turismo"
b05f77bae52e4a98bb458b44d39bd1f6,Sistema de Integridad,Subsecretaría de Economía y Empresas de Menor Tamaño,"Ministerio de Economía, Fomento y Turismo"
b6db11ea36274f499fe6b6827d8e3275,Sistema de Integridad MSGG,Ministerio Secretaría General de Gobierno,Ministerio Secretaría General de Gobierno
928b20c6b4aa43318614860a52ef5796,Sistema de Participación Ciudadana,Secretaría de Gobierno Digital,Ministerio de Hacienda
6bddb0c0053249a8beaec43fa6ace4e7,Sistema de Personas Juridicas,Subsecretaría de Justicia,Ministerio de Justicia y Derechos Humanos
0baeeffd57bd4885b75da18b20fedb1e,Sistema de Postulación de Fondos Concursables FNDR 6%,Gobierno Regional de la Región de la Araucanía,Ministerio del Interior y Seguridad Pública
9f88dc88029e42d3a5b082ab396be6d3,Sistema de Postulación Único,Carabineros de Chile,Ministerio del Interior y Seguridad Pública
a75f04d8480f47a3a73d3b61be147ec1,Sistema de Receta Electronica,Subsecretaría de Salud Pública,Ministerio de Salud
325e5164453644d882e39f30e8e73329,Sistema de reclamos de afiliaciones,Servicio Electoral,Autónomo
285f4ab87d9a4484a4e8fa6e7db43fe6,Sistema de Registro,Subsecretaría de Evaluación Social,Ministerio de Desarrollo Social y Familia
89262a0567dd4b4cb33dd42ddc2b9a62,Sistema de seguimiento de Planes Regionales -SISPLAR,Dirección de Presupuestos,Ministerio de Hacienda
69e21375a3604f2e9d9c00f8661f922e,Sistema de tramitación en electrónica,Subsecretaría de Pesca y Acuicultura,"Ministerio de Economía, Fomento y Turismo"
1d19cc12dd314479b73f0294af8755d2,Sistema de Transferencias,Subsecretaría de Energía,Ministerio de Energía
bba1695dcf51463088d96fa6e93a4a63,Sistema de Violencia de Género,Subsecretaría de la Mujer y la Equidad de Género,Ministerio de la Mujer y la Equidad de Género
5ad352ce3df14e5ebd1ae86b28b95dd0,Sistema de Votación Municipal,Municipalidad de El Bosque,Municipalidad
ae5b803c779a4b38b70f9e4b6d33dc26,Sistema DocWeb,Subsecretaría de Justicia,Ministerio de Justicia y Derechos Humanos
df18440e3a3c4bb597e98f79b636c19d,Sistema e-Voto,Subsecretaría del Interior,Ministerio del Interior y Seguridad Pública
3009f6f4befb498fbed7dbf1b189f47c,Sistema Electrónico de Postulación,Comisión Nacional de Riego,Ministerio de Agricultura
ee16e7c4f0164ce7bc7dc13f1ed7671d,Sistema FIC,Gobierno Regional de la Región de Los Lagos,Ministerio del Interior y Seguridad Pública
374a9a2f750b45b0b6fcb95978f22039,Sistema FRIL,Gobierno Regional de la Región de Los Lagos,Ministerio del Interior y Seguridad Pública
4d655a1697874656abbc2e715b35fb94,Sistema Gestión Convencionales,Subsecretaría General de la Presidencia de la República,Ministerio Secretaría General de la Presidencia de la República
e5fafa0edd9e4c4586cebde1b6858ccd,Sistema gestión convenio PIE,Subsecretaría de Educación,Ministerio de Educación
c161e1dd87e6494b89b522e282050adc,Sistema gestion de causas,TCIT Solutions,Empresa Privada
b1b50051f6e040ababe66ad70d0780a8,Sistema gestión de causas 1TA,Tercer Tribunal Ambiental,Otros Poderes
924f5771e9c34aa7bcf8b42f08589c48,Sistema Gestión de Causas 2TA,Segundo Tribunal Ambiental,Otros Poderes
0e5c527472594de2a18f9499458695a8,Sistema Gestion de Horas CMIM,Servicio de Salud Metropolitano Sur,Ministerio de Salud
d5dac98442bb425ba884809990aa064d,Sistema Gestión Expedientes,Subsecretaría de Economía y Empresas de Menor Tamaño,"Ministerio de Economía, Fomento y Turismo"
dabf9a8d28ca4531a0768da271658282,Sistema Gestión Liderazgo,Dirección de Educación Pública,Ministerio de Educación
c540003954c9411cbcf7836bdce30311,Sistema Gestor de Compras MSGG,Ministerio Secretaría General de Gobierno,Ministerio Secretaría General de Gobierno
2d623e1e711f4310a03bcd37145fa68b,Sistema Gestor documental,Municipalidad de Hualañé,Municipalidad
65e5b89cb8a94d5aad7f187e81042eba,Sistema ImposicionDesahucio,Subsecretaría del Interior,Ministerio del Interior y Seguridad Pública
a7a98dfdf4dd4a8fa248cae682395965,Sistema Informático Registro Nacional de Mediadores,Subsecretaría de Justicia,Ministerio de Justicia y Derechos Humanos
44568175e9ff4fdcb98cd4e9d368ce11,Sistema Integrado DAES,Subsecretaría de Economía y Empresas de Menor Tamaño,"Ministerio de Economía, Fomento y Turismo"
873c9f665b45456dbc3499c26cc7d5a8,Sistema Integrado de Comercio,Subsecretaría de Hacienda,Ministerio de Hacienda
1a05c97518a74ee19ff691ceb529f721,Sistema Integral de Atencion a la Nave,Armada de Chile,Ministerio de Defensa Nacional
38b4986e9b814e25a1c991e2fc0e04fd,Sistema Integral de Información y Atención Ciudadana - SERNAMEG,Servicio Nacional de la Mujer y la Equidad de Género,Ministerio de la Mujer y la Equidad de Género
88d08ee1a5384a7fbe4bfddb8928ce82,Sistema Midas,Subsecretaría de Salud Pública,Ministerio de Salud
fe447d5ca733434bbf33b0c6092787c5,Sistema OIRS MSGG,Subsecretaría General de Gobierno,Ministerio Secretaría General de Gobierno
20437495fd8f4aba8625c73cde450968,SISTEMA RAFDS,Subsecretaría de Salud Pública,Ministerio de Salud
e3bce80954864ccaba71ddb6697bed0e,Sistema RegistroEventos,Subsecretaría del Interior,Ministerio del Interior y Seguridad Pública
5f686fded1294c02a7a5c3298f2eec5b,Sistema SEIM,Subsecretaría de Transportes,Ministerio de Transportes y Telecomunicaciones
645a4f092abd49f0820b8a5507e3dea0,Sistema Servicios en línea,Caja de Previsión de la Defensa Nacional,Ministerio de Defensa Nacional
b76c0f6d1515407ca3360d2454246e8d,SISTEMA SIAC,Instituto Nacional de Deportes de Chile,Ministerio del Deporte
da87b58c9a8245cda82014a16cf8840a,Sistema SIAC/OIRS,Subsecretaría de Justicia,Ministerio de Justicia y Derechos Humanos
d5467ebcfbbe45c3812623d33e609d18,Sistema Trazabilidad,Servicio Nacional de Pesca y Acuicultura,"Ministerio de Economía, Fomento y Turismo"
3f5b60933b964357b7cdc0c3077ae24d,Sistema Único de Reclamos PGU,Instituto de Previsión Social,Ministerio del Trabajo y Previsión Social
13ca4adfb0904ccc93ceb07584706346,Sistema Vigilancia Integrada,Instituto de Salud Pública de Chile,Ministerio de Salud
e491de2dff8946729d4a20b84c1103d1,Sistema Votación,Instituto Nacional de Deportes de Chile,Ministerio del Deporte
6d252a9b7f244a0180f6c2a1ff39d2fe,Sistemas Control de Extracciones Efectivas,Dirección General de Aguas,Ministerio de Obras Públicas
6d252a9b7f244a0180f6c2a1ff39d2fe,Sistemas Control de Extracciones Efectivas,Dirección General de Aguas,Ministerio de Obras Públicas
a0fe946309f8462694add129b5ba4435,Sistemas de Gestión Energética,Subsecretaría de Energía,Ministerio de Energía
c7898e94d376496db2a6d220f486db47,Sistemas Internos,Subsecretaría de Bienes Nacionales,Ministerio de Bienes Nacionales
1c6f1fdb9e7544aaac5f4daf9243ca1e,Sistemas Municipales,Municipalidad de Recoleta,Municipalidad
0a0b41b45e2143ad8d97436f8561b1ca,Sistemas Recoleta,Municipalidad de Recoleta,Municipalidad
93742865f52a4caca1e7008be1c3d9b8,Sistradoc,Subsecretaría de Energía,Ministerio de Energía
9a7beac8dc0447bd97ba080b8be47feb,SISUBPRE,Subsecretaría de Hacienda,Ministerio de Hacienda
b74e28e7c654439596ff3138dd422759,SIT SISS,Superintendencia de Servicios Sanitarios,Ministerio de Obras Públicas
a91ddee6951c4908a50292b115a4ee9f,Sitcomex,Subsecretaría de Transportes,Ministerio de Transportes y Telecomunicaciones
776d2f5355694cc1a5ae7fa037e4704b,Site24x7,Site24x7,Test
fa2027afd7f945a3bbeee5aa63697446,SITIA Adhesión,Subsecretaría de Prevención del Delito,Ministerio del Interior y Seguridad Pública
40a3d8a9635d47bba8dd5b80ece46b3d,SITIA Evidencias,Subsecretaría de Prevención del Delito,Ministerio del Interior y Seguridad Pública
d410eee7fc814702af4ec62c1a64eefa,Sitio de Capacitación UAF,Unidad de Análisis Financiero,Ministerio de Hacienda
296d9d14323f49338cf17cd7dba02927,Sitio de Trámites de INAPI,Instituto Nacional de Propiedad Industrial,"Ministerio de Economía, Fomento y Turismo"
bac44cbe59c24c19b176aec408c418eb,Sitio Privado SITS,Fondo Nacional de Salud,Ministerio de Salud
2e0f9d54f6534336a19fffacd7b6af40,Sitio Web UNO Privado,AFP Uno,Empresa Privada
5a2ee700afe1447397a17c9ed37d300e,SmartDOM,SOLNET SpA,Empresa Privada
361255d70c09499891fecebec813f51a,Sobrepeso y/o Sobredimensión,Dirección de Vialidad,Ministerio de Obras Públicas
1605f4f57cb349c8bd87a4ddb146a150,Software IPAE,Servicio de Salud Maule,Ministerio de Salud
05877e8556fa4c0ca458d131265ffd99,SOLCIU - Solicitudes Ciudadanas,Subsecretaría del Interior,Ministerio del Interior y Seguridad Pública
f72e4a859f8f481aa36ba517c9c57913,Solicitud Certificado Ley Radios Comunitarias y Ciudadanas,Ministerio Secretaría General de Gobierno,Ministerio Secretaría General de Gobierno
fc7fcac5ebbd424eb5defba63155412a,Solicitud Constancia Digital,Servicio Nacional de Geología y Minería,Ministerio de Minería
228c5af24c4c476ea78e4c1189d322c0,Solicitud de Aprobación de métodos de explotación bajo 5.000 tpm,Servicio Nacional de Geología y Minería,Ministerio de Minería
23c19c8bd77e4690b22a4d24ba31bf87,Solicitud de aprobación de métodos de explotación sobre 5.000 tpm,Servicio Nacional de Geología y Minería,Ministerio de Minería
d7972d307b0b4c22ba073568758ec77e,Solicitud de Cuenta Simin20,Servicio Nacional de Geología y Minería,Ministerio de Minería
3c337467905645b7aa3ac4648f5a514e,Solicitud de horas,Municipalidad de Valparaíso,Municipalidad
89806a18d60c46c2b84cf6b22f7e0ac7,Solicitud de ingreso al Registro de Directoras y Directores,Superintendencia de Pensiones,Ministerio del Trabajo y Previsión Social
3752375735a74ae09881a820a0b7d394,Solicitud de Pasavantes Online,Servicio Nacional de Aduanas,Ministerio de Hacienda
c085a2661b404a8899f8a2ad597bd351,Solicitud de Rebaja de Patente,Servicio Nacional de Geología y Minería,Ministerio de Minería
94a173e825454026b73e540f562d254d,Solicitud de Rol de Exploración,Servicio Nacional de Geología y Minería,Ministerio de Minería
8d84328b6ebd45f3b87f3b7467b746cf,Solicitud Enfermos Terminales,Superintendencia de Pensiones,Ministerio del Trabajo y Previsión Social
482838dc0a494923813526cfe1944764,Solicitud Inscripción Discapacidad,Servicio de Registro Civil e Identificación,Ministerio de Justicia y Derechos Humanos
a7b46fb6428d49cd86602a084e5a8ec7,Solicitud Patente Comercial,Municipalidad de Antofagasta,Municipalidad
52a527e26bf140ea95ae99a72f981c91,Solicitud Rent a Car,Servicio Nacional de Aduanas,Ministerio de Hacienda
8c2eb8e67ef94d048137a1d5f2fb82e2,Solicitud Rol de Explotación,Servicio Nacional de Geología y Minería,Ministerio de Minería
c6d39404d15c48b7a45e708f1cad4997,Solicitudes Ciudadanas,Municipalidad de Temuco,Municipalidad
7728a67576ea4aac8d66e397e5e8cb45,SOLICITUDES RRHH,Centro de Formación Técnica de la Región de Valparaíso,Ministerio de Educación
a8d1ad79c34d4bad8196c8278e8fa73f,SPP,Fondo de Solidaridad e Inversión Social,Ministerio de Desarrollo Social y Familia
6537800c945f483e9472bbabc2f6b37f,SRCeI Soporte ClaveÚnica,Subsecretaría General de la Presidencia de la República,Ministerio Secretaría General de la Presidencia de la República
81f1112efb014b568c2dbd217ad2407b,SSBIOBIO.CL,Servicio de Salud Biobío,Ministerio de Salud
5acc0aadea4f473baa44ef5887fad935,SSG,Comisión Nacional de Riego,Ministerio de Agricultura
a083be2e51a0r49se9c5097739ad92ac,SSI Desarrollo,Secretaría de Gobierno Digital,Ministerio de Hacienda
02f0f8beb94542deac503efd6a774262,SSMSO,Servicio de Salud Metropolitano Sur Oriente,Ministerio de Salud
818d938a32ad4dc19cfd13f6575ddc5a,SSO,Servicio Agrícola y Ganadero,Ministerio de Agricultura
5ffdc93ca4704b02871266b1d642a9a3,SSO,Servicio Agrícola y Ganadero,Ministerio de Agricultura
26679967a2834052a3ab16b60bf31e50,SSO - Desarrollo,Servicio Agrícola y Ganadero,Ministerio de Agricultura
72979cd62efd45c3a53f7020757f6f80,SSO Pruebas,Servicio Agrícola y Ganadero,Ministerio de Agricultura
dba8547812f04f418c0faf8f1631044f,SSPA - TRAMITES,Subsecretaría de Pesca y Acuicultura,"Ministerio de Economía, Fomento y Turismo"
0096a501947348cdb259993b06bea9e1,STD MINDEP,Ministerio del Deporte,Ministerio del Deporte
string,string,string,Test
d55521a57b174e51a911c4d8b842b71b,Subasta Aduanera,Servicio Nacional de Aduanas,Ministerio de Hacienda
0f532ac1f05244948659dc3ba050d6cb,Subasta Aduanera,Servicio Nacional de Aduanas,Ministerio de Hacienda
02503f327e89404185f0c2b9ecccea66,SUBDERE,Subsecretaría de Desarrollo Regional y Administrativo,Ministerio del Interior y Seguridad Pública
0e30f09c46ec434686cbb1169d7a1248,Subpesca,Subsecretaría de Pesca y Acuicultura,"Ministerio de Economía, Fomento y Turismo"
a579ce14bcbf496aa0b71a291c44ee16,Subsecretaria de Hacienda,Subsecretaría de Hacienda,Ministerio de Hacienda
b81171573c724956a46577d1b065a96c,Subsecretaria de Hacienda,Subsecretaría de Hacienda,Ministerio de Hacienda
fdf0c4b762684098915b4fa4884af400,Subsecretaría de Justicia - Cerofilas,Subsecretaría de Justicia,Ministerio de Justicia y Derechos Humanos
73a70ddc48e349d988860ae685eaa133,SUBSECRETARÍA DE PREVENCIÓN DEL DELITO,Subsecretaría de Prevención del Delito,Ministerio del Interior y Seguridad Pública
c4de98a8089647ecbb40baf30474b7fc,Subsecretaría de Prevención del Delito - Simple,Subsecretaría de Prevención del Delito,Ministerio del Interior y Seguridad Pública
590559bf11e148a5afaf72273eae667b,Subsecretaria de Prevision Social,Subsecretaría de Previsión Social,Ministerio del Trabajo y Previsión Social
888fb026b62d4a75920fe44a0af43ad4,Subsecretaría de Transportes,Subsecretaría de Transportes,Ministerio de Transportes y Telecomunicaciones
8ec14778e9c64330a291f1cf239d77a0,Subsecretaría de Transportes,Subsecretaría de Transportes,Ministerio de Transportes y Telecomunicaciones
f2f5dea7cd634410a624f5a412ef0598,Subsecretaría de Transportes,Subsecretaría de Transportes,Ministerio de Transportes y Telecomunicaciones
45d778760301447299e20588500f533b,Subsecretaría de Vivienda y Urbanismo - Cerofilas,Subsecretaría de Vivienda y Urbanismo,Ministerio de Vivienda y Urbanismo
c39e8d94c06848008c0f7db6d3708af9,Subsecretaría de Vivienda y Urbanismo - Cerofilas,Subsecretaría de Vivienda y Urbanismo,Ministerio de Vivienda y Urbanismo
a7acf59f2dd74c599836c1a6cd719a76,Subsecretaría del Interior,Subsecretaría del Interior,Ministerio del Interior y Seguridad Pública
7a47ee6b6e44432eb691bbbe3e1fee7f,Subsecretaría del Interior - Cerofilas,Subsecretaría del Interior,Ministerio del Interior y Seguridad Pública
2b586432369643f3a77ae7887ae969b9,Subsecretaría General de la Presidencia - Simple,Subsecretaría General de la Presidencia de la República,Ministerio Secretaría General de la Presidencia de la República
3b11a2711ea44367b7ca972878b7803c,Subsecretaría General de la Presidencia de la República - Simple,Subsecretaría General de la Presidencia de la República,Ministerio Secretaría General de la Presidencia de la República
6fdb62bbec3943968cce4279fbcaae59,Subsecretaria para las Fuerzas Armadas,Subsecretaría para las Fuerzas Armadas,Ministerio de Defensa Nacional
ba32548d62024217af8bed2c2c78d906,Subsecretaria para las Fuerzas Armadas,Subsecretaría para las Fuerzas Armadas,Ministerio de Defensa Nacional
dc8bcd185ce744798ceb1d9370f31bbc,Subsidio Eléctrico,Subsecretaría de Evaluación Social,Ministerio de Desarrollo Social y Familia
b379e2d74fbd4c56bb80f5d3c3e74322,Subsidio Empleo Linea Protege,Servicio Nacional de Capacitación y Empleo,Ministerio del Trabajo y Previsión Social
ed6beff4035f49c6997be95df71e5544,Subsidio Familiar Automático,Subsecretaría de Evaluación Social,Ministerio de Desarrollo Social y Familia
d9cb616562904aa29dc667c21534d2e0,Sucursal Virtual - AFISAN,Armada de Chile,Ministerio de Defensa Nacional
dd7629fec91f4599b3cf8c0dd0b984ac,Sucursal Virtual FONASA,Fondo Nacional de Salud,Ministerio de Salud
20acab350ddf489c931028b7a6a1ff99,Sucursal Virtual Jeafosale,Ejército de Chile,Ministerio de Defensa Nacional
f11432fe52b7432fac77ee711e00de75,SUPER - Sistema unificado de Permisos,Subsecretaría de Economía y Empresas de Menor Tamaño,"Ministerio de Economía, Fomento y Turismo"
7a672a898117477da7035f8ef7aacf57,super-dev,Ministerio de Economia,"Ministerio de Economía, Fomento y Turismo"
4461c788433345b8a4a296b35aa9499d,Superintendencia de Educación,Superintendencia de Educación,Ministerio de Educación
856e64720e4f47afa86454cee150efd5,Superintendencia de Educación Superior,Superintendencia de Educación Superior,Ministerio de Educación
8c1942e0cdce4f71b53f62474322f0b7,Superintendencia de Electricidad y Combustibles,Superintendencia de Electricidad y Combustibles,Ministerio de Energía
aeac2ab7f7da4d23859a9233ce012283,Superintendencia de Electricidad y Combustibles - Cerofilas,Superintendencia de Electricidad y Combustibles,Ministerio de Energía
139d7c635c204f25a8a191db570a1b6b,Superintendencia del Medio Ambiente - Cerofilas,Superintendencia del Medio Ambiente,Ministerio del Medio Ambiente
0f33ab6447034fe49d1629353a119e47,Superintendencia en Línea - Mi Portal,Superintendencia de Seguridad Social,Ministerio del Trabajo y Previsión Social
4ceb7b9d70e14aa8af8e6a8397a78990,Superir,Superintendencia de Insolvencia y Reemprendimiento,"Ministerio de Economía, Fomento y Turismo"
9fd20d626db942aeb4d84f9c475d3bea,Superir,Superintendencia de Insolvencia y Reemprendimiento,"Ministerio de Economía, Fomento y Turismo"
f25d86b606d74e51b1d33695030d0618,SUSESO Contigo,Superintendencia de Seguridad Social,Ministerio del Trabajo y Previsión Social
5ffa6718bd3c47a4858e2502c8761007,SUTE,Servicio Nacional de Capacitación y Empleo,Ministerio del Trabajo y Previsión Social
3468d450481e44aaaf10e7c9b43ed7c7,SVIP,Dirección General del Territorio Marítimo y de Marina Mercante,Ministerio de Defensa Nacional
ed1841f8c8e24f94a8be1a104ede187b,SVIP,Zeke Ltda.,Empresa Privada
d4b35e5b677c4d1ebc4b9bf12278d488,Taller de proyecto sociales,Instituto Nacional de la Juventud,Ministerio de Desarrollo Social y Familia
b74b20c0110f4b15ac6faf719a48b50a,Talleres - Schooloftec (INJUV),Instituto Nacional de la Juventud,Ministerio de Desarrollo Social y Familia
43becbfdd0cf4b02984c312a0456ba29,Talleres INACAP,Instituto Nacional de la Juventud,Ministerio de Desarrollo Social y Familia
9f1c9a1788f84518ba5e6986fbbc9115,Tarjeta adulto mayor,Empresa de Transporte de Pasajeros Metro S.A.,Empresa Pública
cf9f635066cc4f568e49c61638381b2e,Tarjeta Vecinal Fronteriza,Servicio Nacional de Migraciones,Ministerio del Interior y Seguridad Pública
cd28f604c0b947398b97af66908be0b6,TDLC Chile,Tribunal de Defensa de la Libre Competencia,Otros Poderes
64ea0e4080f64ef8bc70a480941c7d54,Tecnova Soluciones Ltd. - Test,TECNOVA,Empresa Privada
42fe5e61820647849d3cda4c6141b8d7,Telecomité,Subsecretaría de Redes Asistenciales,Ministerio de Salud
74bb16b66fd745af80d7aa5cb545f8f6,Teleconsulta,Ministerio de Salud,Ministerio de Salud
8fc4e2c5fb70435fac65a9de54db2c4d,Teleconsulta,Ministerio de Salud,Ministerio de Salud
ffcbc3f955b4421bbad32293f6f12a97,Teleconsulta-Fonasa,Fondo Nacional de Salud,Ministerio de Salud
5b3cd808d93a4eee9b8ed46abd2e2722,Teleker,Carabineros de Chile,Ministerio del Interior y Seguridad Pública
d441897bc6954c9bad7714eb09f2ad87,Teleker,Teleker SpA,Empresa Privada
dea98caddd9b45cd8cd39fcaaf6a5f36,Telemedicina Saludablemente,Subsecretaría de Salud Pública,Ministerio de Salud
fdd7e5cf453e42d7b8cb2334d3a7bff9,Telesalud,Subsecretaría de Redes Asistenciales,Ministerio de Salud
8acd080d88c140e3b2e511ff841fd406,TER Maule,Tribunal Electoral Región de Maule,Autónomo
2165ab21a33a463abb4b43ef8eb3da61,TER Valparaíso,Tribunal Electoral Región de Valparaíso,Autónomo
d7448e7f719e477dabaf530736e9e160,Test El Chile que queremos,Secretaría de Gobierno Digital,Ministerio de Hacienda
4b044b4004ba4cbbb878cf9bf17c960e,Testing tramites.extranjeria,Departamento de Extranjería y Migración,Ministerio del Interior y Seguridad Pública
b3d0c3237da44b059f56d85a7e7e39a6,TGR,Secretaría de Gobierno Digital,Ministerio de Hacienda
2629fabfb8e7428bb34e3d4f43ffdc9b,Thomas Signe,Thomas-Signe Chile S.A,Empresa Privada
110a2bfd22e848c28e1070e659069d19,TICA Unidades (TICUN),Dirección General de Aeronáutica Civil,Ministerio de Defensa Nacional
6c5d3eaaf29c4caa8327b87a6749d9dc,Ticket,Gobierno Regional de la Región Aysén del General Carlos Ibáñez del Campo,Ministerio del Interior y Seguridad Pública
1bdfc3cb13694f7f811a8c94f1149b93,Todos al Aula,Centro de Innovación del Ministerio de Educación,Ministerio de Educación
e572fcefd58a4979964417b5499797ec,Tramitación Electrónica,Tribunal Constitucional de Chile,Autónomo
44db06efed134a91bffa7407f60d7979,Tramitación Eletrónica TC,Tribunal Constitucional de Chile,Autónomo
307ae22d54194dc797d4061f17c87478,Trámite en línea,Servicio Nacional de Pesca y Acuicultura,"Ministerio de Economía, Fomento y Turismo"
4e45eb931c684f028b32613be6e7e6dd,Trámite IVA Exportadores,Subsecretaría de Economía y Empresas de Menor Tamaño,"Ministerio de Economía, Fomento y Turismo"
c4864356edb540efa650502cef40c36b,Trámites,Servicio Nacional de Geología y Minería,Ministerio de Minería
dc5a5e48fe82424fa56918804645c1c9,Trámites Cauces y Drenajes DOH,Dirección de Obras Hidráulicas,Ministerio de Obras Públicas
62a08a230893468a861b8b7abfffdf25,Trámites de ClaveÚnica para Instituciones,Subsecretaría General de la Presidencia de la República,Ministerio Secretaría General de la Presidencia de la República
dbf3961143634029a4647d1be5fc8407,Trámites de ClaveÚnica para Instituciones,Subsecretaría General de la Presidencia de la República,Ministerio Secretaría General de la Presidencia de la República
ab7ac6ead690420687bea18fde4bf7ce,Tramites de Filmaciones en el SNASPE,Corporación Nacional Forestal y de Protección de Recursos Naturales Renovables,Ministerio de Agricultura
a6c534b36789447fbed6b8d4f60d3d1a,Tramites DEP,Dirección de Educación Pública,Ministerio de Educación
c150a834cbcc40d09aeed2f8703f4dd3,Trámites Dirección Trabajo,Dirección del Trabajo,Ministerio del Trabajo y Previsión Social
cf305e7933b3468cad4d7b6ec7d10537,Tramites en línea UTEM,Universidad Tecnológica Metropolitana,Ministerio de Educación
df3bdd350da740a6ada2fc12c5bee9bc,Tramites GORE AYSEN,Gobierno Regional de la Región Aysén del General Carlos Ibáñez del Campo,Ministerio del Interior y Seguridad Pública
1eec93924a1046efbad70c851782ab8a,Trámites INAPI,Instituto Nacional de Propiedad Industrial,"Ministerio de Economía, Fomento y Turismo"
680ff70fb0fd48f2881e01d9a870db45,Trámites MINDEP,Subsecretaría del Deporte,Ministerio del Deporte
c599d10f1d6a441b9a1a297073d5bd31,Tramites Mineduc,Ministerio de Educación,Ministerio de Educación
a442d9a9874341e5bb5798efe5c4b5bd,Trámites Municipales,Municipalidad de Ñuñoa,Municipalidad
3703db9fd5c34982bf47792cc6c8b502,Trámites Municipales Peñalolén,Municipalidad de Peñalolén,Municipalidad
bd3b8d1829e145cda9c827f5e87af3d9,Trámites Online de MBN,Ministerio de Bienes Nacionales,Ministerio de Bienes Nacionales
0dfdb4894c0e486faae2751590db44b8,Trámites Online MBN,Subsecretaría de Bienes Nacionales,Ministerio de Bienes Nacionales
3d9c4d4193b14216b66d9a89221e5114,Trámites Parquemet,Parque Metropolitano de Santiago,Ministerio de Vivienda y Urbanismo
59f0c030fc0c4d29868b1730c25caf7b,Trámites Pelarco,Municipalidad de Pelarco,Municipalidad
1c24539585eb4580bdffbf9765bd344c,Tramites Recoleta,Municipalidad de Recoleta,Municipalidad
d6c09864925a4ed5beb85269208a7a0d,Tramites S.L.E.P Valparaíso,Servicio Local de Educación Pública de Valparaíso,Ministerio de Educación
e9793e137f8c4928980c8de4aeb9e473,Trámites Senadis,Servicio Nacional de la Discapacidad,Ministerio de Desarrollo Social y Familia
34cf838b40e94c488922d01d382bb1a8,Tramites SIMPLE SLEP M,Dirección de Educación Pública,Ministerio de Educación
6c96082f4bc847ab912bf61c23227df7,Tramites SLEP Iquique,Dirección de Educación Pública,Ministerio de Educación
841ec603883c444691473efa7a657b01,Tramites SLEP Maule Costa,Dirección de Educación Pública,Ministerio de Educación
abf4698b03984acfb21f239abb1a3907,Tramites SLEPAS,Servicio Local de Educación Pública de Andalién Sur,Ministerio de Educación
4830b97416a14d1485ccb85c9f9baa4e,Trámites SP,Superintendencia de Pensiones,Ministerio del Trabajo y Previsión Social
d5fccb74194a4020b7788f94ad990d42,Trámites y Servicios,Secretaría de Gobierno Digital,Ministerio de Hacienda
8da9d8af9600449089f527c248a96e4f,TramitesDCyF,Dirección de Contabilidad y Finanzas,Ministerio de Obras Públicas
835c8e988d6f4afaa269f7a384c2981f,tramitesempresas,Subsecretaría de Telecomunicaciones,Ministerio de Transportes y Telecomunicaciones
f15bd4421f604ffbae3d627bef601546,Transferencia de Archivos,Ministerio Público,Autónomo
c6f7ed5bd4954356b00aac92c9fff41a,Transformación Digital,Subsecretaría General de la Presidencia de la República,Ministerio Secretaría General de la Presidencia de la República
9323e2fd554b4bde80d4b25ec2676680,Transformación Digital (cert),Subsecretaría General de la Presidencia de la República,Ministerio Secretaría General de la Presidencia de la República
0b16baf91a78470b8a0d74b7f07770a2,Transp. Minerales y Concentr.,Servicio Nacional de Geología y Minería,Ministerio de Minería
aa13f0304d1482e8140a1267119a3f36,Transparencia - dev,transparencia-blue,Test
364e8666ea5c424186bfdda989f186a9,Transversalización de Género,Subsecretaría de la Mujer y la Equidad de Género,Ministerio de la Mujer y la Equidad de Género
e55f2d5c81be4670ac51c2894c03ddc9,Traspaso de Gobierno,Secretaría de Gobierno Digital,Ministerio de Hacienda
bf4c91e9328d4a0c81d063618a71b4b3,Traspaso de Gobierno,Secretaría de Gobierno Digital,Ministerio de Hacienda
66a371d256ca524833eaa863a7facacb,Traspaso de Gobierno,Secretaría de Gobierno Digital,Ministerio de Hacienda
bf4c91e9328d48i6t1d063618a71b4b3,Traspaso de Gobierno,Secretaría de Gobierno Digital,Ministerio de Hacienda
a61234146c52433ea9aadd7faacb6add,Traspaso de Gobierno,Secretaría de Gobierno Digital,Ministerio de Hacienda
117d6d62a9844fd38fdb5d53e5cbc844,TRASPASO DEL DOMINIO DE BIENES,Fondo de Solidaridad e Inversión Social,Ministerio de Desarrollo Social y Familia
4e4dd0f1b76d499588a3c32d04aa7390,Traspaso Fondos TCP,Sociedad Administradora de Fondos de Cesantía de Chile S.A.,Empresa Privada
6637d2146c52433ea9863a7faacb6add,traspaso-devel,Secretaría de Gobierno Digital,Ministerio de Hacienda
80d8324451a74ae887a93c2bee8b5d3d,TRAYECTORIAS EDUCATIVAS (SPTE),Subsecretaría de Educación,Ministerio de Educación
febb195d7a144f46b15eccafe5989b92,Trib Electoral Regional Biobio,Tribunal Electoral Región de Biobío,Autónomo
d737d0eb953546a79b478a6944694bde,Tribunal Calificador de Elecciones,Tribunal Calificador de Elecciones de Chile‎,Autónomo
e69e4976db334e15bf4d78a108cfbc86,Tribunal Electoral Antofagasta,Tribunal Electoral Región de Antofagasta,Autónomo
5239be5b1ef54a5098f57f510fb49758,Tribunal Electoral Arica,Tribunal Electoral Región de Arica y Parinacota,Autónomo
86c1d2e1e3ca45f99b6e9e731027a38d,Tribunal Electoral de Coquimbo,Tribunal Electoral Región de Coquimbo,Autónomo
f3091e08412847fd9f632c6befb20371,Tribunal Electoral de Los Ríos,Tribunal Electoral Región de Los Ríos,Autónomo
a3d0c7adbd424742857d3f4117806e2d,Tribunal Electoral O´Higgins,Tribunal Electoral Región de O’Higgins,Autónomo
c272e6f5ad2b4e188cb4dc5684a6e208,Tribunal Electoral Tarapacá,Tribunal Electoral Regional de Tarapacá,Autónomo
7cb5347ae9dd426fa813f74b788eab05,Tu empresa en un dia,Secretaría de Gobierno Digital,Ministerio de Hacienda
05b7381cd2624b5f91a7cb5b3d3b339e,Tu Empresa en un día,Subsecretaría de Economía y Empresas de Menor Tamaño,"Ministerio de Economía, Fomento y Turismo"
60e6aea28c294af4822614682c0a316b,Tu Empresa en un día,Subsecretaría de Economía y Empresas de Menor Tamaño,"Ministerio de Economía, Fomento y Turismo"
6fa4626f4d5d46de8455a4d7a090d9f0,Tu empresa en un día,Tu empresa en un día,"Ministerio de Economía, Fomento y Turismo"
cc45566d5301484b80ae5b80b84fc889,Tu empresa en un día,Tu empresa en un día,"Ministerio de Economía, Fomento y Turismo"
349684cb570348dcbc127ffa323ec315,ULagos - SEI,Universidad de Los Lagos,Ministerio de Educación
e8dde9d26979498786c6ba5a82f70ad3,undefinedAFC,Sociedad Administradora de Fondos de Cesantía de Chile S.A.,Empresa Privada
495c261c0f484bd08e232f7358452c4d,undefinedCMF,Comisión para el Mercado Financiero,Ministerio de Hacienda
f883bd6d70b043a09837e8b888fe3f65,undefinedSEEMT,Subsecretaría de Economía y Empresas de Menor Tamaño,"Ministerio de Economía, Fomento y Turismo"
2549b51828ce40af920a932dd2102217,undefinedSII,Servicio de Impuestos Internos,Ministerio de Hacienda
08d57308f529458ea0f0dfe53bd17f13,Uni - Salud Tarapacá,Servicio de Salud Tarapacá,Ministerio de Salud
1875d5df42ae427b9a48550951b25d4f,Universidad de Chile - Elearning,Universidad de Chile,Ministerio de Educación
d91612995cfa4482ad9339125461285a,Usuarios Simin SNGM,Servicio Nacional de Geología y Minería,Ministerio de Minería
ce8e2d0a566d4a0b844c1a0401162509,Validador de RUN,Subsecretaría General de Gobierno,Ministerio Secretaría General de Gobierno
126b81e033994798942689177c9ddb29,VecinoApp,Municipalidad de Santo Domingo,Municipalidad
e6237d1d73e241c4b4d6480d06d3ec0f,Venta de Vales de Gas,Municipalidad de Paine,Municipalidad
5fb02a76ced04cacbe9bfac45533d82b,Ventanilla Digital,Servicio de Salud Coquimbo,Ministerio de Salud
3acb5a49fb91402daf8693169bd11746,Ventanilla Minera,Servicio Nacional de Geología y Minería,Ministerio de Minería
12fbf29cc3ab474a8d3a1b2357dbb20b,Ventanilla OIRS Quilicura,Municipalidad de Quilicura,Municipalidad
cc892c05f6d94315be2b7539e45b9170,Ventanilla Única 2.0,Ministerio del Medio Ambiente,Ministerio del Medio Ambiente
c82f84bf3f2b451393445a0cb6883665,Ventanilla Única Social,Subsecretaría de Evaluación Social,Ministerio de Desarrollo Social y Familia
817c16df30844ed8af3648019bbb1557,VIGIACOVID,Subsecretaría de Salud Pública,Ministerio de Salud
aa9b7cc30b114da5a39e7a924fc5b69a,Vinadecide,Municipalidad de Viña del Mar,Municipalidad
14d18ddf0040428ba873810f3e64e7a9,Vinculación EF en APS,Subsecretaría de Salud Pública,Ministerio de Salud
081c2c9f062a4293ae6d23a5b30e7c3e,Visitas Guiadas,Presidencia de la República,Presidencia de la República
88cd3a23a6b049bcadc23c30e7bfaec6,Vive tus parques - INJUV,Instituto Nacional de la Juventud,Ministerio de Desarrollo Social y Familia
9ede144e8bb74a76a1a1e8441a906ad2,VOLUNTARIADO VIRTUAL,Instituto Nacional de la Juventud,Ministerio de Desarrollo Social y Familia
4e635de50d094af59b1d382d187e4361,Votación Org. Comunitarias,Municipalidad de El Bosque,Municipalidad
a5825b9f31c746b7bbd1be4e85636e3a,Votaciones COSOC,Subsecretaría de Relaciones Económicas Internacionales,Ministerio de Relaciones Exteriores
9acb6edd4d7648ef9f7fee06afa0a3c5,Votaciones MSGG,Subsecretaría General de Gobierno,Ministerio Secretaría General de Gobierno
b992e6a27eb249658efce6ca0cc286dc,Vumar,Subsecretaría de Transportes,Ministerio de Transportes y Telecomunicaciones
e167e735d93e4ce7ab8a6e0235fc7e68,Web Ahumada Fonasa,Farmacias Ahumada,Empresa Privada
41da80f6154c4d918166fc43862f5d78,Web Cajmetro,Corporación de Asistencia Judicial de la Región Metropolitana,Ministerio de Justicia y Derechos Humanos
dabfe6f5e1a543ba95bb0ee7c7d7f106,Web donaciones Ley 21440,Subsecretaría de Hacienda,Ministerio de Hacienda
51e1587ac2364f19bb4a9344841af223,www.sii.cl,Servicio de Impuestos Internos,Ministerio de Hacienda
cc178caf99a14853bd1f5f4ebad1aaf5,Ze atiende,Municipalidad de Valdivia,Municipalidad
f6aab18a7d0947f08867efae57e7d5b4,ZeCeroPapel,Dirección de Previsión de Carabineros de Chile,Ministerio del Interior y Seguridad Pública
0071e1295b934214acc2fb37569b7d20,ZeCeroPapel,Municipalidad de Curacaví,Municipalidad
48efdf15c8c74cec9e9b09e341707e0b,ZeCeroPapel,Municipalidad de Empedrado,Municipalidad
79518a88e17c45fba68ad9b4e2290716,ZeCeroPapel,Municipalidad de Lota,Municipalidad
1d743609a5f44a34a6d4c0045557d149,ZeCeroPapel,Municipalidad de Nueva Imperial,Municipalidad
338f907beec74662b31ae7208a3a29df,ZeCeroPapel,Municipalidad de Salamanca,Municipalidad
3fe452aaa8d34bc58594aa37cfec3113,ZeCeroPapel,Municipalidad de San Pedro de Atacama,Municipalidad
75e4bc5796a04369beadc5d7982250ff,ZeCeroPapel,Subsecretaría de Agricultura,Ministerio de Agricultura