servicio_a,servicio_b,soporte_co_ocurrencia,n_a_antes_b,n_b_antes_a,direccion_dominante,frac_direccion_dominante,clasificacion,nombre_a,nombre_b
347178b052294153af290d6a84589868,d602a0071f3f4db8b37a87cffd89bf23,252725,17414,235311,d602a0071f3f4db8b37a87cffd89bf23->347178b052294153af290d6a84589868,0.9311,consistente,Mi Fiscalía en Línea - Ministerio Público,PJUD - PODER JUDICIAL
2549b51828ce40af920a932dd2102217,495c261c0f484bd08e232f7358452c4d,121747,60489,61258,495c261c0f484bd08e232f7358452c4d->2549b51828ce40af920a932dd2102217,0.5032,mixto,undefined - Servicio de Impuestos Internos,undefined - Comisión para el Mercado Financiero
ae4caa1cb2154cac89440f3fe18251cb,d602a0071f3f4db8b37a87cffd89bf23,70410,33296,37114,d602a0071f3f4db8b37a87cffd89bf23->ae4caa1cb2154cac89440f3fe18251cb,0.5271,mixto,Ingreso de causas y escritos - Corporación Administrativa del Poder Judicial,PJUD - PODER JUDICIAL
2549b51828ce40af920a932dd2102217,9a76efc4c34e4bd7843206658dc45454,17428,3604,13824,9a76efc4c34e4bd7843206658dc45454->2549b51828ce40af920a932dd2102217,0.7932,mixto,undefined - Servicio de Impuestos Internos,Portal Ciudadano ClaveÚnica - Secretaría de Gobierno Digital
91f3f86897ff4ae39e50cbd7035fa8af,eae6a8d122774db4ba88162a875db6a6,9705,4185,5520,eae6a8d122774db4ba88162a875db6a6->91f3f86897ff4ae39e50cbd7035fa8af,0.5688,mixto,APIs Receta Electrónica - Subsecretaría de Salud Pública,Recetas en línea - Acceso Químico farmacéutico - Subsecretaría de Salud Pública
123,2549b51828ce40af920a932dd2102217,8176,4474,3702,123->2549b51828ce40af920a932dd2102217,0.5472,mixto,Registro Civil - SRCeI,undefined - Servicio de Impuestos Internos
495c261c0f484bd08e232f7358452c4d,9a76efc4c34e4bd7843206658dc45454,8046,2065,5981,9a76efc4c34e4bd7843206658dc45454->495c261c0f484bd08e232f7358452c4d,0.7434,mixto,undefined - Comisión para el Mercado Financiero,Portal Ciudadano ClaveÚnica - Secretaría de Gobierno Digital
123,9a76efc4c34e4bd7843206658dc45454,6873,1316,5557,9a76efc4c34e4bd7843206658dc45454->123,0.8085,mixto,Registro Civil - SRCeI,Portal Ciudadano ClaveÚnica - Secretaría de Gobierno Digital
123,ffaec74bfd414f8394bab077a989e27f,6289,1607,4682,ffaec74bfd414f8394bab077a989e27f->123,0.7445,mixto,Registro Civil - SRCeI,miChileAtiende - Instituto de Previsión Social
347178b052294153af290d6a84589868,ae4caa1cb2154cac89440f3fe18251cb,6161,2885,3276,ae4caa1cb2154cac89440f3fe18251cb->347178b052294153af290d6a84589868,0.5317,mixto,Mi Fiscalía en Línea - Ministerio Público,Ingreso de causas y escritos - Corporación Administrativa del Poder Judicial
123,dd7629fec91f4599b3cf8c0dd0b984ac,6105,3826,2279,123->dd7629fec91f4599b3cf8c0dd0b984ac,0.6267,mixto,Registro Civil - SRCeI,Sucursal Virtual FONASA - Fondo Nacional de Salud
123,d602a0071f3f4db8b37a87cffd89bf23,5388,2476,2912,d602a0071f3f4db8b37a87cffd89bf23->123,0.5405,mixto,Registro Civil - SRCeI,PJUD - PODER JUDICIAL
67eb30db49f240b08ab2b3f422f92cdf,e8dde9d26979498786c6ba5a82f70ad3,4705,3244,1461,67eb30db49f240b08ab2b3f422f92cdf->e8dde9d26979498786c6ba5a82f70ad3,0.6895,mixto,Portal MiDT - Dirección del Trabajo,"undefined - Sociedad Administradora de Fondos de Cesantía de Chile II S.A., AFC Chile"
2549b51828ce40af920a932dd2102217,d602a0071f3f4db8b37a87cffd89bf23,4470,1949,2521,d602a0071f3f4db8b37a87cffd89bf23->2549b51828ce40af920a932dd2102217,0.564,mixto,undefined - Servicio de Impuestos Internos,PJUD - PODER JUDICIAL
1bb1657eb2eb43808f0529810258aa3b,347178b052294153af290d6a84589868,3994,2558,1436,1bb1657eb2eb43808f0529810258aa3b->347178b052294153af290d6a84589868,0.6405,mixto,Autenticación Sistemas DPP - Defensoría Penal Pública,Mi Fiscalía en Línea - Ministerio Público
9a76efc4c34e4bd7843206658dc45454,e8dde9d26979498786c6ba5a82f70ad3,3901,2983,918,9a76efc4c34e4bd7843206658dc45454->e8dde9d26979498786c6ba5a82f70ad3,0.7647,mixto,Portal Ciudadano ClaveÚnica - Secretaría de Gobierno Digital,"undefined - Sociedad Administradora de Fondos de Cesantía de Chile II S.A., AFC Chile"
ae412e532f1a48428bd0c5ad1f02f816,ed07316d9d6344a9ab11e8a41fdc413a,3416,1282,2134,ed07316d9d6344a9ab11e8a41fdc413a->ae412e532f1a48428bd0c5ad1f02f816,0.6247,mixto,Sistema de gestión de licencia - Subsecretaría de Transportes,NEXTEO - Subsecretaría de Transportes
2549b51828ce40af920a932dd2102217,94d27864f86d422faa68efccb908cc34,3242,1338,1904,94d27864f86d422faa68efccb908cc34->2549b51828ce40af920a932dd2102217,0.5873,mixto,undefined - Servicio de Impuestos Internos,94d27864f86d422faa68efccb908cc34
0f33ab6447034fe49d1629353a119e47,4a94478dd25f4430a0a023b87e11170d,3225,1760,1465,0f33ab6447034fe49d1629353a119e47->4a94478dd25f4430a0a023b87e11170d,0.5457,mixto,Superintendencia en Línea - Mi Portal - Superintendencia de Seguridad Social,Milicenciamedica.cl - Subsecretaría de Salud Pública
2549b51828ce40af920a932dd2102217,67339e06f4b44f78994ff4785178807a,3071,1411,1660,67339e06f4b44f78994ff4785178807a->2549b51828ce40af920a932dd2102217,0.5405,mixto,undefined - Servicio de Impuestos Internos,Mercado+Público - Dirección de Compras y Contratación Pública
123,c82f84bf3f2b451393445a0cb6883665,2891,1327,1564,c82f84bf3f2b451393445a0cb6883665->123,0.541,mixto,Registro Civil - SRCeI,Ventanilla Única Social - Subsecretaría de Evaluación Social
1bb1657eb2eb43808f0529810258aa3b,d602a0071f3f4db8b37a87cffd89bf23,2863,1490,1373,1bb1657eb2eb43808f0529810258aa3b->d602a0071f3f4db8b37a87cffd89bf23,0.5204,mixto,Autenticación Sistemas DPP - Defensoría Penal Pública,PJUD - PODER JUDICIAL
1ad6835586034de0b29f4a402b182c6c,d602a0071f3f4db8b37a87cffd89bf23,2545,1196,1349,d602a0071f3f4db8b37a87cffd89bf23->1ad6835586034de0b29f4a402b182c6c,0.5301,mixto,Comisaría Virtual 2 - Carabineros de Chile,PJUD - PODER JUDICIAL
c82f84bf3f2b451393445a0cb6883665,d602a0071f3f4db8b37a87cffd89bf23,2541,1342,1199,c82f84bf3f2b451393445a0cb6883665->d602a0071f3f4db8b37a87cffd89bf23,0.5281,mixto,Ventanilla Única Social - Subsecretaría de Evaluación Social,PJUD - PODER JUDICIAL
123,ae4caa1cb2154cac89440f3fe18251cb,2540,1399,1141,123->ae4caa1cb2154cac89440f3fe18251cb,0.5508,mixto,Registro Civil - SRCeI,Ingreso de causas y escritos - Corporación Administrativa del Poder Judicial
2549b51828ce40af920a932dd2102217,c82f84bf3f2b451393445a0cb6883665,2534,678,1856,c82f84bf3f2b451393445a0cb6883665->2549b51828ce40af920a932dd2102217,0.7324,mixto,undefined - Servicio de Impuestos Internos,Ventanilla Única Social - Subsecretaría de Evaluación Social
123,1ad6835586034de0b29f4a402b182c6c,2486,927,1559,1ad6835586034de0b29f4a402b182c6c->123,0.6271,mixto,Registro Civil - SRCeI,Comisaría Virtual 2 - Carabineros de Chile
67339e06f4b44f78994ff4785178807a,b972e814004e4624a566f308901cca7c,2440,1389,1051,67339e06f4b44f78994ff4785178807a->b972e814004e4624a566f308901cca7c,0.5693,mixto,Mercado+Público - Dirección de Compras y Contratación Pública,DocDigital Versión 3 - Subsecretaría General de la Presidencia de la República
c82f84bf3f2b451393445a0cb6883665,ffaec74bfd414f8394bab077a989e27f,2395,1161,1234,ffaec74bfd414f8394bab077a989e27f->c82f84bf3f2b451393445a0cb6883665,0.5152,mixto,Ventanilla Única Social - Subsecretaría de Evaluación Social,miChileAtiende - Instituto de Previsión Social
d602a0071f3f4db8b37a87cffd89bf23,f883bd6d70b043a09837e8b888fe3f65,2345,1633,712,d602a0071f3f4db8b37a87cffd89bf23->f883bd6d70b043a09837e8b888fe3f65,0.6964,mixto,PJUD - PODER JUDICIAL,undefined - Subsecretaría de Economía y Empresas de Menor Tamaño
123,9ae54d261e454c93ae1c2cdec0fd03e6,2231,1369,862,123->9ae54d261e454c93ae1c2cdec0fd03e6,0.6136,mixto,Registro Civil - SRCeI,Login certificado afiliacion - Fondo Nacional de Salud
2549b51828ce40af920a932dd2102217,f883bd6d70b043a09837e8b888fe3f65,2207,1398,809,2549b51828ce40af920a932dd2102217->f883bd6d70b043a09837e8b888fe3f65,0.6334,mixto,undefined - Servicio de Impuestos Internos,undefined - Subsecretaría de Economía y Empresas de Menor Tamaño
2549b51828ce40af920a932dd2102217,e8dde9d26979498786c6ba5a82f70ad3,2174,1423,751,2549b51828ce40af920a932dd2102217->e8dde9d26979498786c6ba5a82f70ad3,0.6546,mixto,undefined - Servicio de Impuestos Internos,"undefined - Sociedad Administradora de Fondos de Cesantía de Chile II S.A., AFC Chile"
2549b51828ce40af920a932dd2102217,ee00832abfba40b38335ce48a12981b5,2169,1255,914,2549b51828ce40af920a932dd2102217->ee00832abfba40b38335ce48a12981b5,0.5786,mixto,undefined - Servicio de Impuestos Internos,Autenticacion Nube  Privada - Servicio de Impuestos Internos
cb9e2b9dd1cd44c5b7d4fdcfbbf3f5e0,d602a0071f3f4db8b37a87cffd89bf23,2047,943,1104,d602a0071f3f4db8b37a87cffd89bf23->cb9e2b9dd1cd44c5b7d4fdcfbbf3f5e0,0.5393,mixto,Portal Usuario 2.0 - Subsecretaría de Justicia,PJUD - PODER JUDICIAL
4a94478dd25f4430a0a023b87e11170d,dd7629fec91f4599b3cf8c0dd0b984ac,2027,860,1167,dd7629fec91f4599b3cf8c0dd0b984ac->4a94478dd25f4430a0a023b87e11170d,0.5757,mixto,Milicenciamedica.cl - Subsecretaría de Salud Pública,Sucursal Virtual FONASA - Fondo Nacional de Salud
67eb30db49f240b08ab2b3f422f92cdf,d602a0071f3f4db8b37a87cffd89bf23,1962,913,1049,d602a0071f3f4db8b37a87cffd89bf23->67eb30db49f240b08ab2b3f422f92cdf,0.5347,mixto,Portal MiDT - Dirección del Trabajo,PJUD - PODER JUDICIAL
1ad6835586034de0b29f4a402b182c6c,ae4caa1cb2154cac89440f3fe18251cb,1868,1022,846,1ad6835586034de0b29f4a402b182c6c->ae4caa1cb2154cac89440f3fe18251cb,0.5471,mixto,Comisaría Virtual 2 - Carabineros de Chile,Ingreso de causas y escritos - Corporación Administrativa del Poder Judicial
347178b052294153af290d6a84589868,399e7fc266894562850261cfbc06b992,1861,735,1126,399e7fc266894562850261cfbc06b992->347178b052294153af290d6a84589868,0.6051,mixto,Mi Fiscalía en Línea - Ministerio Público,Denuncia en Linea - Ministerio Público
c82f84bf3f2b451393445a0cb6883665,e8dde9d26979498786c6ba5a82f70ad3,1853,1175,678,c82f84bf3f2b451393445a0cb6883665->e8dde9d26979498786c6ba5a82f70ad3,0.6341,mixto,Ventanilla Única Social - Subsecretaría de Evaluación Social,"undefined - Sociedad Administradora de Fondos de Cesantía de Chile II S.A., AFC Chile"
01b56ab5b9be43e19fa06300994787ec,ae4caa1cb2154cac89440f3fe18251cb,1835,998,837,01b56ab5b9be43e19fa06300994787ec->ae4caa1cb2154cac89440f3fe18251cb,0.5439,mixto,Bitácora Web - Ministerio Público,Ingreso de causas y escritos - Corporación Administrativa del Poder Judicial
67339e06f4b44f78994ff4785178807a,d602a0071f3f4db8b37a87cffd89bf23,1813,834,979,d602a0071f3f4db8b37a87cffd89bf23->67339e06f4b44f78994ff4785178807a,0.54,mixto,Mercado+Público - Dirección de Compras y Contratación Pública,PJUD - PODER JUDICIAL
67339e06f4b44f78994ff4785178807a,67eb30db49f240b08ab2b3f422f92cdf,1794,947,847,67339e06f4b44f78994ff4785178807a->67eb30db49f240b08ab2b3f422f92cdf,0.5279,mixto,Mercado+Público - Dirección de Compras y Contratación Pública,Portal MiDT - Dirección del Trabajo
4a94478dd25f4430a0a023b87e11170d,d602a0071f3f4db8b37a87cffd89bf23,1793,938,855,4a94478dd25f4430a0a023b87e11170d->d602a0071f3f4db8b37a87cffd89bf23,0.5231,mixto,Milicenciamedica.cl - Subsecretaría de Salud Pública,PJUD - PODER JUDICIAL
2549b51828ce40af920a932dd2102217,4830b97416a14d1485ccb85c9f9baa4e,1772,1040,732,2549b51828ce40af920a932dd2102217->4830b97416a14d1485ccb85c9f9baa4e,0.5869,mixto,undefined - Servicio de Impuestos Internos,Trámites SP - Superintendencia de Penssiones
6daae6995cb245348bb2b5432ccc9948,b992e6a27eb249658efce6ca0cc286dc,1759,851,908,b992e6a27eb249658efce6ca0cc286dc->6daae6995cb245348bb2b5432ccc9948,0.5162,mixto,DIRECTEMAR - Dirección General del Territorio Marítimo y Marina Mercante,Vumar - Subsecretaría de Transportes
123,67eb30db49f240b08ab2b3f422f92cdf,1656,920,736,123->67eb30db49f240b08ab2b3f422f92cdf,0.5556,mixto,Registro Civil - SRCeI,Portal MiDT - Dirección del Trabajo
6a322ad743e3464bae56d2d9b180078a,d602a0071f3f4db8b37a87cffd89bf23,1649,666,983,d602a0071f3f4db8b37a87cffd89bf23->6a322ad743e3464bae56d2d9b180078a,0.5961,mixto,6a322ad743e3464bae56d2d9b180078a,PJUD - PODER JUDICIAL
91f3f86897ff4ae39e50cbd7035fa8af,d602a0071f3f4db8b37a87cffd89bf23,1647,429,1218,d602a0071f3f4db8b37a87cffd89bf23->91f3f86897ff4ae39e50cbd7035fa8af,0.7395,mixto,APIs Receta Electrónica - Subsecretaría de Salud Pública,PJUD - PODER JUDICIAL
0f33ab6447034fe49d1629353a119e47,2549b51828ce40af920a932dd2102217,1628,944,684,0f33ab6447034fe49d1629353a119e47->2549b51828ce40af920a932dd2102217,0.5799,mixto,Superintendencia en Línea - Mi Portal - Superintendencia de Seguridad Social,undefined - Servicio de Impuestos Internos
d602a0071f3f4db8b37a87cffd89bf23,e8dde9d26979498786c6ba5a82f70ad3,1620,918,702,d602a0071f3f4db8b37a87cffd89bf23->e8dde9d26979498786c6ba5a82f70ad3,0.5667,mixto,PJUD - PODER JUDICIAL,"undefined - Sociedad Administradora de Fondos de Cesantía de Chile II S.A., AFC Chile"
123,e8dde9d26979498786c6ba5a82f70ad3,1569,784,785,e8dde9d26979498786c6ba5a82f70ad3->123,0.5003,mixto,Registro Civil - SRCeI,"undefined - Sociedad Administradora de Fondos de Cesantía de Chile II S.A., AFC Chile"
9a76efc4c34e4bd7843206658dc45454,d602a0071f3f4db8b37a87cffd89bf23,1542,968,574,9a76efc4c34e4bd7843206658dc45454->d602a0071f3f4db8b37a87cffd89bf23,0.6278,mixto,Portal Ciudadano ClaveÚnica - Secretaría de Gobierno Digital,PJUD - PODER JUDICIAL
d602a0071f3f4db8b37a87cffd89bf23,ffaec74bfd414f8394bab077a989e27f,1528,714,814,ffaec74bfd414f8394bab077a989e27f->d602a0071f3f4db8b37a87cffd89bf23,0.5327,mixto,PJUD - PODER JUDICIAL,miChileAtiende - Instituto de Previsión Social
4a94478dd25f4430a0a023b87e11170d,e8dde9d26979498786c6ba5a82f70ad3,1524,928,596,4a94478dd25f4430a0a023b87e11170d->e8dde9d26979498786c6ba5a82f70ad3,0.6089,mixto,Milicenciamedica.cl - Subsecretaría de Salud Pública,"undefined - Sociedad Administradora de Fondos de Cesantía de Chile II S.A., AFC Chile"
2549b51828ce40af920a932dd2102217,ae4caa1cb2154cac89440f3fe18251cb,1506,1067,439,2549b51828ce40af920a932dd2102217->ae4caa1cb2154cac89440f3fe18251cb,0.7085,mixto,undefined - Servicio de Impuestos Internos,Ingreso de causas y escritos - Corporación Administrativa del Poder Judicial
2549b51828ce40af920a932dd2102217,6a322ad743e3464bae56d2d9b180078a,1458,565,893,6a322ad743e3464bae56d2d9b180078a->2549b51828ce40af920a932dd2102217,0.6125,mixto,undefined - Servicio de Impuestos Internos,6a322ad743e3464bae56d2d9b180078a
4830b97416a14d1485ccb85c9f9baa4e,9a76efc4c34e4bd7843206658dc45454,1450,543,907,9a76efc4c34e4bd7843206658dc45454->4830b97416a14d1485ccb85c9f9baa4e,0.6255,mixto,Trámites SP - Superintendencia de Penssiones,Portal Ciudadano ClaveÚnica - Secretaría de Gobierno Digital
9a76efc4c34e4bd7843206658dc45454,c82f84bf3f2b451393445a0cb6883665,1445,1023,422,9a76efc4c34e4bd7843206658dc45454->c82f84bf3f2b451393445a0cb6883665,0.708,mixto,Portal Ciudadano ClaveÚnica - Secretaría de Gobierno Digital,Ventanilla Única Social - Subsecretaría de Evaluación Social
4a94478dd25f4430a0a023b87e11170d,9a76efc4c34e4bd7843206658dc45454,1423,420,1003,9a76efc4c34e4bd7843206658dc45454->4a94478dd25f4430a0a023b87e11170d,0.7048,mixto,Milicenciamedica.cl - Subsecretaría de Salud Pública,Portal Ciudadano ClaveÚnica - Secretaría de Gobierno Digital
ae4caa1cb2154cac89440f3fe18251cb,cb9e2b9dd1cd44c5b7d4fdcfbbf3f5e0,1392,866,526,ae4caa1cb2154cac89440f3fe18251cb->cb9e2b9dd1cd44c5b7d4fdcfbbf3f5e0,0.6221,mixto,Ingreso de causas y escritos - Corporación Administrativa del Poder Judicial,Portal Usuario 2.0 - Subsecretaría de Justicia
94d27864f86d422faa68efccb908cc34,d602a0071f3f4db8b37a87cffd89bf23,1370,501,869,d602a0071f3f4db8b37a87cffd89bf23->94d27864f86d422faa68efccb908cc34,0.6343,mixto,94d27864f86d422faa68efccb908cc34,PJUD - PODER JUDICIAL
0f33ab6447034fe49d1629353a119e47,4830b97416a14d1485ccb85c9f9baa4e,1366,848,518,0f33ab6447034fe49d1629353a119e47->4830b97416a14d1485ccb85c9f9baa4e,0.6208,mixto,Superintendencia en Línea - Mi Portal - Superintendencia de Seguridad Social,Trámites SP - Superintendencia de Penssiones
495c261c0f484bd08e232f7358452c4d,6a322ad743e3464bae56d2d9b180078a,1345,730,615,495c261c0f484bd08e232f7358452c4d->6a322ad743e3464bae56d2d9b180078a,0.5428,mixto,undefined - Comisión para el Mercado Financiero,6a322ad743e3464bae56d2d9b180078a
123,dc821110e3f34bf3984d61955ced2e69,1337,771,566,123->dc821110e3f34bf3984d61955ced2e69,0.5767,mixto,Registro Civil - SRCeI,Licencia de Conducir Digital - Subsecretaría de Transportes
4a94478dd25f4430a0a023b87e11170d,c82f84bf3f2b451393445a0cb6883665,1333,676,657,4a94478dd25f4430a0a023b87e11170d->c82f84bf3f2b451393445a0cb6883665,0.5071,mixto,Milicenciamedica.cl - Subsecretaría de Salud Pública,Ventanilla Única Social - Subsecretaría de Evaluación Social
08165f6182bc4dfc9dc1d7774508bbc6,f883bd6d70b043a09837e8b888fe3f65,1281,333,948,f883bd6d70b043a09837e8b888fe3f65->08165f6182bc4dfc9dc1d7774508bbc6,0.74,mixto,e-certchile - E-Cert Chile,undefined - Subsecretaría de Economía y Empresas de Menor Tamaño
2549b51828ce40af920a932dd2102217,67eb30db49f240b08ab2b3f422f92cdf,1273,634,639,67eb30db49f240b08ab2b3f422f92cdf->2549b51828ce40af920a932dd2102217,0.502,mixto,undefined - Servicio de Impuestos Internos,Portal MiDT - Dirección del Trabajo
123,f883bd6d70b043a09837e8b888fe3f65,1269,485,784,f883bd6d70b043a09837e8b888fe3f65->123,0.6178,mixto,Registro Civil - SRCeI,undefined - Subsecretaría de Economía y Empresas de Menor Tamaño
9a76efc4c34e4bd7843206658dc45454,ae4caa1cb2154cac89440f3fe18251cb,1257,978,279,9a76efc4c34e4bd7843206658dc45454->ae4caa1cb2154cac89440f3fe18251cb,0.778,mixto,Portal Ciudadano ClaveÚnica - Secretaría de Gobierno Digital,Ingreso de causas y escritos - Corporación Administrativa del Poder Judicial
4a94478dd25f4430a0a023b87e11170d,ae54454684154c25bd33c6e04609652b,1256,525,731,ae54454684154c25bd33c6e04609652b->4a94478dd25f4430a0a023b87e11170d,0.582,mixto,Milicenciamedica.cl - Subsecretaría de Salud Pública,Sistema de Apelación Contra de Isapres - Subsecretaría de Salud Pública
67eb30db49f240b08ab2b3f422f92cdf,f883bd6d70b043a09837e8b888fe3f65,1253,566,687,f883bd6d70b043a09837e8b888fe3f65->67eb30db49f240b08ab2b3f422f92cdf,0.5483,mixto,Portal MiDT - Dirección del Trabajo,undefined - Subsecretaría de Economía y Empresas de Menor Tamaño
123,4a94478dd25f4430a0a023b87e11170d,1231,559,672,4a94478dd25f4430a0a023b87e11170d->123,0.5459,mixto,Registro Civil - SRCeI,Milicenciamedica.cl - Subsecretaría de Salud Pública
6a322ad743e3464bae56d2d9b180078a,9a76efc4c34e4bd7843206658dc45454,1189,392,797,9a76efc4c34e4bd7843206658dc45454->6a322ad743e3464bae56d2d9b180078a,0.6703,mixto,6a322ad743e3464bae56d2d9b180078a,Portal Ciudadano ClaveÚnica - Secretaría de Gobierno Digital
41da80f6154c4d918166fc43862f5d78,d602a0071f3f4db8b37a87cffd89bf23,1173,616,557,41da80f6154c4d918166fc43862f5d78->d602a0071f3f4db8b37a87cffd89bf23,0.5251,mixto,Web Cajmetro - Corporación de Asistencia Judicial de la Región Metropolitana,PJUD - PODER JUDICIAL
123,6a322ad743e3464bae56d2d9b180078a,1170,520,650,6a322ad743e3464bae56d2d9b180078a->123,0.5556,mixto,Registro Civil - SRCeI,6a322ad743e3464bae56d2d9b180078a
006b85a984e94ce88ddb035ec01b2d70,b972e814004e4624a566f308901cca7c,1160,620,540,006b85a984e94ce88ddb035ec01b2d70->b972e814004e4624a566f308901cca7c,0.5345,mixto,006b85a984e94ce88ddb035ec01b2d70,DocDigital Versión 3 - Subsecretaría General de la Presidencia de la República
0f33ab6447034fe49d1629353a119e47,9a76efc4c34e4bd7843206658dc45454,1151,552,599,9a76efc4c34e4bd7843206658dc45454->0f33ab6447034fe49d1629353a119e47,0.5204,mixto,Superintendencia en Línea - Mi Portal - Superintendencia de Seguridad Social,Portal Ciudadano ClaveÚnica - Secretaría de Gobierno Digital
c5b83bbfa22c4c31a5743485b4c6e524,e8dde9d26979498786c6ba5a82f70ad3,1134,741,393,c5b83bbfa22c4c31a5743485b4c6e524->e8dde9d26979498786c6ba5a82f70ad3,0.6534,mixto,Bolsa Nacional de Empleo - Subsecretaría del Trabajo,"undefined - Sociedad Administradora de Fondos de Cesantía de Chile II S.A., AFC Chile"
495c261c0f484bd08e232f7358452c4d,ae4caa1cb2154cac89440f3fe18251cb,1130,685,445,495c261c0f484bd08e232f7358452c4d->ae4caa1cb2154cac89440f3fe18251cb,0.6062,mixto,undefined - Comisión para el Mercado Financiero,Ingreso de causas y escritos - Corporación Administrativa del Poder Judicial
d602a0071f3f4db8b37a87cffd89bf23,fba5ab8c38d3426492c31c99ad569bdb,1127,877,250,d602a0071f3f4db8b37a87cffd89bf23->fba5ab8c38d3426492c31c99ad569bdb,0.7782,mixto,PJUD - PODER JUDICIAL,Oficina Judicial Virtual Tribunales Tributarios y Aduaneros - Unidad Administradora de Tribunales Tributarios y Aduaneros
2549b51828ce40af920a932dd2102217,4a94478dd25f4430a0a023b87e11170d,1101,493,608,4a94478dd25f4430a0a023b87e11170d->2549b51828ce40af920a932dd2102217,0.5522,mixto,undefined - Servicio de Impuestos Internos,Milicenciamedica.cl - Subsecretaría de Salud Pública
ae4caa1cb2154cac89440f3fe18251cb,c82f84bf3f2b451393445a0cb6883665,1044,465,579,c82f84bf3f2b451393445a0cb6883665->ae4caa1cb2154cac89440f3fe18251cb,0.5546,mixto,Ingreso de causas y escritos - Corporación Administrativa del Poder Judicial,Ventanilla Única Social - Subsecretaría de Evaluación Social
4bb573e349504824b5b5a050a83e094d,67339e06f4b44f78994ff4785178807a,1027,368,659,67339e06f4b44f78994ff4785178807a->4bb573e349504824b5b5a050a83e094d,0.6417,mixto,ChileCompra - Centro de Ayuda - Dirección de Compras y Contratación Pública,Mercado+Público - Dirección de Compras y Contratación Pública
08165f6182bc4dfc9dc1d7774508bbc6,9a76efc4c34e4bd7843206658dc45454,1023,128,895,9a76efc4c34e4bd7843206658dc45454->08165f6182bc4dfc9dc1d7774508bbc6,0.8749,mixto,e-certchile - E-Cert Chile,Portal Ciudadano ClaveÚnica - Secretaría de Gobierno Digital
c82f84bf3f2b451393445a0cb6883665,dd7629fec91f4599b3cf8c0dd0b984ac,1020,525,495,c82f84bf3f2b451393445a0cb6883665->dd7629fec91f4599b3cf8c0dd0b984ac,0.5147,mixto,Ventanilla Única Social - Subsecretaría de Evaluación Social,Sucursal Virtual FONASA - Fondo Nacional de Salud
67339e06f4b44f78994ff4785178807a,f883bd6d70b043a09837e8b888fe3f65,993,462,531,f883bd6d70b043a09837e8b888fe3f65->67339e06f4b44f78994ff4785178807a,0.5347,mixto,Mercado+Público - Dirección de Compras y Contratación Pública,undefined - Subsecretaría de Economía y Empresas de Menor Tamaño
dd7629fec91f4599b3cf8c0dd0b984ac,e8dde9d26979498786c6ba5a82f70ad3,992,689,303,dd7629fec91f4599b3cf8c0dd0b984ac->e8dde9d26979498786c6ba5a82f70ad3,0.6946,mixto,Sucursal Virtual FONASA - Fondo Nacional de Salud,"undefined - Sociedad Administradora de Fondos de Cesantía de Chile II S.A., AFC Chile"
ae4caa1cb2154cac89440f3fe18251cb,ffaec74bfd414f8394bab077a989e27f,983,308,675,ffaec74bfd414f8394bab077a989e27f->ae4caa1cb2154cac89440f3fe18251cb,0.6867,mixto,Ingreso de causas y escritos - Corporación Administrativa del Poder Judicial,miChileAtiende - Instituto de Previsión Social
56da1c80cfea4a5b83326bfef271fc3e,ae4caa1cb2154cac89440f3fe18251cb,980,609,371,56da1c80cfea4a5b83326bfef271fc3e->ae4caa1cb2154cac89440f3fe18251cb,0.6214,mixto,Escritorio de Aplicaciones - Ministerio Público,Ingreso de causas y escritos - Corporación Administrativa del Poder Judicial
347178b052294153af290d6a84589868,64d9be8046574fbfbc1fb14c9912afea,979,473,506,64d9be8046574fbfbc1fb14c9912afea->347178b052294153af290d6a84589868,0.5169,mixto,Mi Fiscalía en Línea - Ministerio Público,ASDigital - Ministerio de salud
67eb30db49f240b08ab2b3f422f92cdf,c82f84bf3f2b451393445a0cb6883665,977,536,441,67eb30db49f240b08ab2b3f422f92cdf->c82f84bf3f2b451393445a0cb6883665,0.5486,mixto,Portal MiDT - Dirección del Trabajo,Ventanilla Única Social - Subsecretaría de Evaluación Social
209ce526160947f0b398566cd4cbfd0d,d602a0071f3f4db8b37a87cffd89bf23,951,377,574,d602a0071f3f4db8b37a87cffd89bf23->209ce526160947f0b398566cd4cbfd0d,0.6036,mixto,Portal de Aplicaciones Sence - Servicio Nacional de Capacitacion y Empleo,PJUD - PODER JUDICIAL
5aa1a66c9e844e18a4a41740ed4aa476,91f3f86897ff4ae39e50cbd7035fa8af,937,399,538,91f3f86897ff4ae39e50cbd7035fa8af->5aa1a66c9e844e18a4a41740ed4aa476,0.5742,mixto,Recetas en línea - Acceso Prescriptor - Subsecretaría de Salud Pública,APIs Receta Electrónica - Subsecretaría de Salud Pública
d602a0071f3f4db8b37a87cffd89bf23,dd7629fec91f4599b3cf8c0dd0b984ac,915,443,472,dd7629fec91f4599b3cf8c0dd0b984ac->d602a0071f3f4db8b37a87cffd89bf23,0.5158,mixto,PJUD - PODER JUDICIAL,Sucursal Virtual FONASA - Fondo Nacional de Salud
9a76efc4c34e4bd7843206658dc45454,ffaec74bfd414f8394bab077a989e27f,913,587,326,9a76efc4c34e4bd7843206658dc45454->ffaec74bfd414f8394bab077a989e27f,0.6429,mixto,Portal Ciudadano ClaveÚnica - Secretaría de Gobierno Digital,miChileAtiende - Instituto de Previsión Social
209ce526160947f0b398566cd4cbfd0d,c82f84bf3f2b451393445a0cb6883665,901,425,476,c82f84bf3f2b451393445a0cb6883665->209ce526160947f0b398566cd4cbfd0d,0.5283,mixto,Portal de Aplicaciones Sence - Servicio Nacional de Capacitacion y Empleo,Ventanilla Única Social - Subsecretaría de Evaluación Social
4a94478dd25f4430a0a023b87e11170d,ffaec74bfd414f8394bab077a989e27f,886,397,489,ffaec74bfd414f8394bab077a989e27f->4a94478dd25f4430a0a023b87e11170d,0.5519,mixto,Milicenciamedica.cl - Subsecretaría de Salud Pública,miChileAtiende - Instituto de Previsión Social
2549b51828ce40af920a932dd2102217,52449c34bb1e47fe81802bf322dae8ee,859,518,341,2549b51828ce40af920a932dd2102217->52449c34bb1e47fe81802bf322dae8ee,0.603,mixto,undefined - Servicio de Impuestos Internos,bcm2.sii.cl - Servicio de Impuestos Internos
dd7629fec91f4599b3cf8c0dd0b984ac,ffaec74bfd414f8394bab077a989e27f,858,383,475,ffaec74bfd414f8394bab077a989e27f->dd7629fec91f4599b3cf8c0dd0b984ac,0.5536,mixto,Sucursal Virtual FONASA - Fondo Nacional de Salud,miChileAtiende - Instituto de Previsión Social
9c9359fefd164d388f8a5edc2bac301e,b972e814004e4624a566f308901cca7c,852,417,435,b972e814004e4624a566f308901cca7c->9c9359fefd164d388f8a5edc2bac301e,0.5106,mixto,Contraloría - Contraloría General de la República,DocDigital Versión 3 - Subsecretaría General de la Presidencia de la República
2ff516ac74a44ebfa3a522adbde28a0f,f883bd6d70b043a09837e8b888fe3f65,850,284,566,f883bd6d70b043a09837e8b888fe3f65->2ff516ac74a44ebfa3a522adbde28a0f,0.6659,mixto,E-Sign ClaveÚnica - ESIGN S.A.,undefined - Subsecretaría de Economía y Empresas de Menor Tamaño
209ce526160947f0b398566cd4cbfd0d,e8dde9d26979498786c6ba5a82f70ad3,831,538,293,209ce526160947f0b398566cd4cbfd0d->e8dde9d26979498786c6ba5a82f70ad3,0.6474,mixto,Portal de Aplicaciones Sence - Servicio Nacional de Capacitacion y Empleo,"undefined - Sociedad Administradora de Fondos de Cesantía de Chile II S.A., AFC Chile"
4a94478dd25f4430a0a023b87e11170d,67eb30db49f240b08ab2b3f422f92cdf,824,397,427,67eb30db49f240b08ab2b3f422f92cdf->4a94478dd25f4430a0a023b87e11170d,0.5182,mixto,Milicenciamedica.cl - Subsecretaría de Salud Pública,Portal MiDT - Dirección del Trabajo
e8dde9d26979498786c6ba5a82f70ad3,ffaec74bfd414f8394bab077a989e27f,821,295,526,ffaec74bfd414f8394bab077a989e27f->e8dde9d26979498786c6ba5a82f70ad3,0.6407,mixto,"undefined - Sociedad Administradora de Fondos de Cesantía de Chile II S.A., AFC Chile",miChileAtiende - Instituto de Previsión Social
2549b51828ce40af920a932dd2102217,ffaec74bfd414f8394bab077a989e27f,759,312,447,ffaec74bfd414f8394bab077a989e27f->2549b51828ce40af920a932dd2102217,0.5889,mixto,undefined - Servicio de Impuestos Internos,miChileAtiende - Instituto de Previsión Social
0f33ab6447034fe49d1629353a119e47,e8dde9d26979498786c6ba5a82f70ad3,758,645,113,0f33ab6447034fe49d1629353a119e47->e8dde9d26979498786c6ba5a82f70ad3,0.8509,mixto,Superintendencia en Línea - Mi Portal - Superintendencia de Seguridad Social,"undefined - Sociedad Administradora de Fondos de Cesantía de Chile II S.A., AFC Chile"
123,67339e06f4b44f78994ff4785178807a,756,349,407,67339e06f4b44f78994ff4785178807a->123,0.5384,mixto,Registro Civil - SRCeI,Mercado+Público - Dirección de Compras y Contratación Pública
495c261c0f484bd08e232f7358452c4d,e8dde9d26979498786c6ba5a82f70ad3,744,469,275,495c261c0f484bd08e232f7358452c4d->e8dde9d26979498786c6ba5a82f70ad3,0.6304,mixto,undefined - Comisión para el Mercado Financiero,"undefined - Sociedad Administradora de Fondos de Cesantía de Chile II S.A., AFC Chile"
4830b97416a14d1485ccb85c9f9baa4e,e8dde9d26979498786c6ba5a82f70ad3,730,652,78,4830b97416a14d1485ccb85c9f9baa4e->e8dde9d26979498786c6ba5a82f70ad3,0.8932,mixto,Trámites SP - Superintendencia de Penssiones,"undefined - Sociedad Administradora de Fondos de Cesantía de Chile II S.A., AFC Chile"
6a322ad743e3464bae56d2d9b180078a,e8dde9d26979498786c6ba5a82f70ad3,725,389,336,6a322ad743e3464bae56d2d9b180078a->e8dde9d26979498786c6ba5a82f70ad3,0.5366,mixto,6a322ad743e3464bae56d2d9b180078a,"undefined - Sociedad Administradora de Fondos de Cesantía de Chile II S.A., AFC Chile"
08165f6182bc4dfc9dc1d7774508bbc6,e8dde9d26979498786c6ba5a82f70ad3,724,633,91,08165f6182bc4dfc9dc1d7774508bbc6->e8dde9d26979498786c6ba5a82f70ad3,0.8743,mixto,e-certchile - E-Cert Chile,"undefined - Sociedad Administradora de Fondos de Cesantía de Chile II S.A., AFC Chile"
4a94478dd25f4430a0a023b87e11170d,ae4caa1cb2154cac89440f3fe18251cb,712,344,368,ae4caa1cb2154cac89440f3fe18251cb->4a94478dd25f4430a0a023b87e11170d,0.5169,mixto,Milicenciamedica.cl - Subsecretaría de Salud Pública,Ingreso de causas y escritos - Corporación Administrativa del Poder Judicial
2ff516ac74a44ebfa3a522adbde28a0f,d602a0071f3f4db8b37a87cffd89bf23,712,229,483,d602a0071f3f4db8b37a87cffd89bf23->2ff516ac74a44ebfa3a522adbde28a0f,0.6784,mixto,E-Sign ClaveÚnica - ESIGN S.A.,PJUD - PODER JUDICIAL
b972e814004e4624a566f308901cca7c,d602a0071f3f4db8b37a87cffd89bf23,703,286,417,d602a0071f3f4db8b37a87cffd89bf23->b972e814004e4624a566f308901cca7c,0.5932,mixto,DocDigital Versión 3 - Subsecretaría General de la Presidencia de la República,PJUD - PODER JUDICIAL
399e7fc266894562850261cfbc06b992,d602a0071f3f4db8b37a87cffd89bf23,689,243,446,d602a0071f3f4db8b37a87cffd89bf23->399e7fc266894562850261cfbc06b992,0.6473,mixto,Denuncia en Linea - Ministerio Público,PJUD - PODER JUDICIAL
d602a0071f3f4db8b37a87cffd89bf23,eaf8f2b0ccd04cf2a7bfcf357fe88ca2,678,355,323,d602a0071f3f4db8b37a87cffd89bf23->eaf8f2b0ccd04cf2a7bfcf357fe88ca2,0.5236,mixto,PJUD - PODER JUDICIAL,Empleos Públicos - Servicio Civil
495c261c0f484bd08e232f7358452c4d,d602a0071f3f4db8b37a87cffd89bf23,670,217,453,d602a0071f3f4db8b37a87cffd89bf23->495c261c0f484bd08e232f7358452c4d,0.6761,mixto,undefined - Comisión para el Mercado Financiero,PJUD - PODER JUDICIAL
6a322ad743e3464bae56d2d9b180078a,c82f84bf3f2b451393445a0cb6883665,663,269,394,c82f84bf3f2b451393445a0cb6883665->6a322ad743e3464bae56d2d9b180078a,0.5943,mixto,6a322ad743e3464bae56d2d9b180078a,Ventanilla Única Social - Subsecretaría de Evaluación Social
56da1c80cfea4a5b83326bfef271fc3e,d602a0071f3f4db8b37a87cffd89bf23,632,344,288,56da1c80cfea4a5b83326bfef271fc3e->d602a0071f3f4db8b37a87cffd89bf23,0.5443,mixto,Escritorio de Aplicaciones - Ministerio Público,PJUD - PODER JUDICIAL
74e60dc3bc26493d81088e4d322b7c39,f883bd6d70b043a09837e8b888fe3f65,619,168,451,f883bd6d70b043a09837e8b888fe3f65->74e60dc3bc26493d81088e4d322b7c39,0.7286,mixto,SignPass - BPO Advisors SpA,undefined - Subsecretaría de Economía y Empresas de Menor Tamaño
1ad6835586034de0b29f4a402b182c6c,4f22549f9d3a443cb041c0e55395dbf1,612,383,229,1ad6835586034de0b29f4a402b182c6c->4f22549f9d3a443cb041c0e55395dbf1,0.6258,mixto,Comisaría Virtual 2 - Carabineros de Chile,Comisaría Virtual Denuncias - Carabineros de Chile
67eb30db49f240b08ab2b3f422f92cdf,9a76efc4c34e4bd7843206658dc45454,605,170,435,9a76efc4c34e4bd7843206658dc45454->67eb30db49f240b08ab2b3f422f92cdf,0.719,mixto,Portal MiDT - Dirección del Trabajo,Portal Ciudadano ClaveÚnica - Secretaría de Gobierno Digital
c82f84bf3f2b451393445a0cb6883665,ee00832abfba40b38335ce48a12981b5,600,425,175,c82f84bf3f2b451393445a0cb6883665->ee00832abfba40b38335ce48a12981b5,0.7083,mixto,Ventanilla Única Social - Subsecretaría de Evaluación Social,Autenticacion Nube  Privada - Servicio de Impuestos Internos
ae4caa1cb2154cac89440f3fe18251cb,e8dde9d26979498786c6ba5a82f70ad3,598,298,300,e8dde9d26979498786c6ba5a82f70ad3->ae4caa1cb2154cac89440f3fe18251cb,0.5017,mixto,Ingreso de causas y escritos - Corporación Administrativa del Poder Judicial,"undefined - Sociedad Administradora de Fondos de Cesantía de Chile II S.A., AFC Chile"
68b13a1228424526b43e2f78716efd3b,d602a0071f3f4db8b37a87cffd89bf23,595,150,445,d602a0071f3f4db8b37a87cffd89bf23->68b13a1228424526b43e2f78716efd3b,0.7479,mixto,Pagos Diario Oficial - Subsecretaría del Interior,PJUD - PODER JUDICIAL
9ae54d261e454c93ae1c2cdec0fd03e6,dd7629fec91f4599b3cf8c0dd0b984ac,594,278,316,dd7629fec91f4599b3cf8c0dd0b984ac->9ae54d261e454c93ae1c2cdec0fd03e6,0.532,mixto,Login certificado afiliacion - Fondo Nacional de Salud,Sucursal Virtual FONASA - Fondo Nacional de Salud
a294f813367246da949865bdf8b03f7d,ed07316d9d6344a9ab11e8a41fdc413a,580,414,166,a294f813367246da949865bdf8b03f7d->ed07316d9d6344a9ab11e8a41fdc413a,0.7138,mixto,RPI - Subsecretaría de Transportes,NEXTEO - Subsecretaría de Transportes
123,cb9e2b9dd1cd44c5b7d4fdcfbbf3f5e0,567,234,333,cb9e2b9dd1cd44c5b7d4fdcfbbf3f5e0->123,0.5873,mixto,Registro Civil - SRCeI,Portal Usuario 2.0 - Subsecretaría de Justicia
67339e06f4b44f78994ff4785178807a,9c9359fefd164d388f8a5edc2bac301e,558,253,305,9c9359fefd164d388f8a5edc2bac301e->67339e06f4b44f78994ff4785178807a,0.5466,mixto,Mercado+Público - Dirección de Compras y Contratación Pública,Contraloría - Contraloría General de la República
123,209ce526160947f0b398566cd4cbfd0d,554,290,264,123->209ce526160947f0b398566cd4cbfd0d,0.5235,mixto,Registro Civil - SRCeI,Portal de Aplicaciones Sence - Servicio Nacional de Capacitacion y Empleo
6e12533e73a048efa8bcc0a30f2b7684,eaf8f2b0ccd04cf2a7bfcf357fe88ca2,548,179,369,eaf8f2b0ccd04cf2a7bfcf357fe88ca2->6e12533e73a048efa8bcc0a30f2b7684,0.6734,mixto,Dirección General de Movilización Nacional - Dirección General de Movilización Nacional,Empleos Públicos - Servicio Civil
2ff516ac74a44ebfa3a522adbde28a0f,67eb30db49f240b08ab2b3f422f92cdf,547,347,200,2ff516ac74a44ebfa3a522adbde28a0f->67eb30db49f240b08ab2b3f422f92cdf,0.6344,mixto,E-Sign ClaveÚnica - ESIGN S.A.,Portal MiDT - Dirección del Trabajo
209ce526160947f0b398566cd4cbfd0d,ffaec74bfd414f8394bab077a989e27f,544,260,284,ffaec74bfd414f8394bab077a989e27f->209ce526160947f0b398566cd4cbfd0d,0.5221,mixto,Portal de Aplicaciones Sence - Servicio Nacional de Capacitacion y Empleo,miChileAtiende - Instituto de Previsión Social
1ad6835586034de0b29f4a402b182c6c,9a76efc4c34e4bd7843206658dc45454,544,201,343,9a76efc4c34e4bd7843206658dc45454->1ad6835586034de0b29f4a402b182c6c,0.6305,mixto,Comisaría Virtual 2 - Carabineros de Chile,Portal Ciudadano ClaveÚnica - Secretaría de Gobierno Digital
16ffe077cc1a4b11a19bea91abce6f9c,d602a0071f3f4db8b37a87cffd89bf23,544,261,283,d602a0071f3f4db8b37a87cffd89bf23->16ffe077cc1a4b11a19bea91abce6f9c,0.5202,mixto,SIMEF v5 - Subsecretaría de Justicia,PJUD - PODER JUDICIAL
ee00832abfba40b38335ce48a12981b5,f883bd6d70b043a09837e8b888fe3f65,543,164,379,f883bd6d70b043a09837e8b888fe3f65->ee00832abfba40b38335ce48a12981b5,0.698,mixto,Autenticacion Nube  Privada - Servicio de Impuestos Internos,undefined - Subsecretaría de Economía y Empresas de Menor Tamaño
01b56ab5b9be43e19fa06300994787ec,f15bd4421f604ffbae3d627bef601546,537,410,127,01b56ab5b9be43e19fa06300994787ec->f15bd4421f604ffbae3d627bef601546,0.7635,mixto,Bitácora Web - Ministerio Público,Transferencia de Archivos - Ministerio Público
123,347178b052294153af290d6a84589868,534,267,267,123->347178b052294153af290d6a84589868,0.5,mixto,Registro Civil - SRCeI,Mi Fiscalía en Línea - Ministerio Público
67eb30db49f240b08ab2b3f422f92cdf,dd7629fec91f4599b3cf8c0dd0b984ac,531,238,293,dd7629fec91f4599b3cf8c0dd0b984ac->67eb30db49f240b08ab2b3f422f92cdf,0.5518,mixto,Portal MiDT - Dirección del Trabajo,Sucursal Virtual FONASA - Fondo Nacional de Salud
9a76efc4c34e4bd7843206658dc45454,dd7629fec91f4599b3cf8c0dd0b984ac,527,393,134,9a76efc4c34e4bd7843206658dc45454->dd7629fec91f4599b3cf8c0dd0b984ac,0.7457,mixto,Portal Ciudadano ClaveÚnica - Secretaría de Gobierno Digital,Sucursal Virtual FONASA - Fondo Nacional de Salud
638aea308ffb483198d5c1387e2cc017,d602a0071f3f4db8b37a87cffd89bf23,526,241,285,d602a0071f3f4db8b37a87cffd89bf23->638aea308ffb483198d5c1387e2cc017,0.5418,mixto,"Portal ""Mi SUPERIR"" - Superintendencia de Insolvencia y Reemprendimiento",PJUD - PODER JUDICIAL
2549b51828ce40af920a932dd2102217,347178b052294153af290d6a84589868,506,221,285,347178b052294153af290d6a84589868->2549b51828ce40af920a932dd2102217,0.5632,mixto,undefined - Servicio de Impuestos Internos,Mi Fiscalía en Línea - Ministerio Público
123,6e12533e73a048efa8bcc0a30f2b7684,505,279,226,123->6e12533e73a048efa8bcc0a30f2b7684,0.5525,mixto,Registro Civil - SRCeI,Dirección General de Movilización Nacional - Dirección General de Movilización Nacional
209ce526160947f0b398566cd4cbfd0d,67eb30db49f240b08ab2b3f422f92cdf,501,196,305,67eb30db49f240b08ab2b3f422f92cdf->209ce526160947f0b398566cd4cbfd0d,0.6088,mixto,Portal de Aplicaciones Sence - Servicio Nacional de Capacitacion y Empleo,Portal MiDT - Dirección del Trabajo
31050e1a1dcb4c9899ba77be32449e54,4a94478dd25f4430a0a023b87e11170d,496,240,256,4a94478dd25f4430a0a023b87e11170d->31050e1a1dcb4c9899ba77be32449e54,0.5161,mixto,Bono electrónico y LME - Superintendencia de Seguridad Social,Milicenciamedica.cl - Subsecretaría de Salud Pública
1eec93924a1046efbad70c851782ab8a,d602a0071f3f4db8b37a87cffd89bf23,494,230,264,d602a0071f3f4db8b37a87cffd89bf23->1eec93924a1046efbad70c851782ab8a,0.5344,mixto,Trámites INAPI - Instituto Nacional de Propiedad Industrial,PJUD - PODER JUDICIAL
0f33ab6447034fe49d1629353a119e47,d602a0071f3f4db8b37a87cffd89bf23,491,276,215,0f33ab6447034fe49d1629353a119e47->d602a0071f3f4db8b37a87cffd89bf23,0.5621,mixto,Superintendencia en Línea - Mi Portal - Superintendencia de Seguridad Social,PJUD - PODER JUDICIAL
4a94478dd25f4430a0a023b87e11170d,91f3f86897ff4ae39e50cbd7035fa8af,489,246,243,4a94478dd25f4430a0a023b87e11170d->91f3f86897ff4ae39e50cbd7035fa8af,0.5031,mixto,Milicenciamedica.cl - Subsecretaría de Salud Pública,APIs Receta Electrónica - Subsecretaría de Salud Pública
91f3f86897ff4ae39e50cbd7035fa8af,9a76efc4c34e4bd7843206658dc45454,480,189,291,9a76efc4c34e4bd7843206658dc45454->91f3f86897ff4ae39e50cbd7035fa8af,0.6062,mixto,APIs Receta Electrónica - Subsecretaría de Salud Pública,Portal Ciudadano ClaveÚnica - Secretaría de Gobierno Digital
123,eaf8f2b0ccd04cf2a7bfcf357fe88ca2,478,227,251,eaf8f2b0ccd04cf2a7bfcf357fe88ca2->123,0.5251,mixto,Registro Civil - SRCeI,Empleos Públicos - Servicio Civil
08165f6182bc4dfc9dc1d7774508bbc6,123,474,143,331,123->08165f6182bc4dfc9dc1d7774508bbc6,0.6983,mixto,e-certchile - E-Cert Chile,Registro Civil - SRCeI
209ce526160947f0b398566cd4cbfd0d,9a76efc4c34e4bd7843206658dc45454,466,131,335,9a76efc4c34e4bd7843206658dc45454->209ce526160947f0b398566cd4cbfd0d,0.7189,mixto,Portal de Aplicaciones Sence - Servicio Nacional de Capacitacion y Empleo,Portal Ciudadano ClaveÚnica - Secretaría de Gobierno Digital
123,91f3f86897ff4ae39e50cbd7035fa8af,464,292,172,123->91f3f86897ff4ae39e50cbd7035fa8af,0.6293,mixto,Registro Civil - SRCeI,APIs Receta Electrónica - Subsecretaría de Salud Pública
2549b51828ce40af920a932dd2102217,dd7629fec91f4599b3cf8c0dd0b984ac,461,205,256,dd7629fec91f4599b3cf8c0dd0b984ac->2549b51828ce40af920a932dd2102217,0.5553,mixto,undefined - Servicio de Impuestos Internos,Sucursal Virtual FONASA - Fondo Nacional de Salud
1bb1657eb2eb43808f0529810258aa3b,ae4caa1cb2154cac89440f3fe18251cb,458,232,226,1bb1657eb2eb43808f0529810258aa3b->ae4caa1cb2154cac89440f3fe18251cb,0.5066,mixto,Autenticación Sistemas DPP - Defensoría Penal Pública,Ingreso de causas y escritos - Corporación Administrativa del Poder Judicial
41da80f6154c4d918166fc43862f5d78,ae4caa1cb2154cac89440f3fe18251cb,457,273,184,41da80f6154c4d918166fc43862f5d78->ae4caa1cb2154cac89440f3fe18251cb,0.5974,mixto,Web Cajmetro - Corporación de Asistencia Judicial de la Región Metropolitana,Ingreso de causas y escritos - Corporación Administrativa del Poder Judicial
6a322ad743e3464bae56d2d9b180078a,ae4caa1cb2154cac89440f3fe18251cb,456,211,245,ae4caa1cb2154cac89440f3fe18251cb->6a322ad743e3464bae56d2d9b180078a,0.5373,mixto,6a322ad743e3464bae56d2d9b180078a,Ingreso de causas y escritos - Corporación Administrativa del Poder Judicial
1ad6835586034de0b29f4a402b182c6c,347178b052294153af290d6a84589868,451,276,175,1ad6835586034de0b29f4a402b182c6c->347178b052294153af290d6a84589868,0.612,mixto,Comisaría Virtual 2 - Carabineros de Chile,Mi Fiscalía en Línea - Ministerio Público
32f2a35e790544ec9e040345f8a364f3,d602a0071f3f4db8b37a87cffd89bf23,451,221,230,d602a0071f3f4db8b37a87cffd89bf23->32f2a35e790544ec9e040345f8a364f3,0.51,mixto,Defensoría Penal Pública - DEFENSORIA PENAL PUBLICA,PJUD - PODER JUDICIAL
2549b51828ce40af920a932dd2102217,91f3f86897ff4ae39e50cbd7035fa8af,449,228,221,2549b51828ce40af920a932dd2102217->91f3f86897ff4ae39e50cbd7035fa8af,0.5078,mixto,undefined - Servicio de Impuestos Internos,APIs Receta Electrónica - Subsecretaría de Salud Pública
e10304f95c2b40738695563eb9b8662c,ef1dd1f1a5b94d0eacb669f7b3ec2911,449,114,335,ef1dd1f1a5b94d0eacb669f7b3ec2911->e10304f95c2b40738695563eb9b8662c,0.7461,mixto,SISTEMA DE ATENCIÓN DE CONSULTA - Comisión Administradora del Sistema de Créditos para Estudios Superiores,Mi Crédito CAE - Comisión Administradora del Sistema de Créditos para Estudios Superiores
6d52b87b5a964c61ad7e28afd9499f18,b972e814004e4624a566f308901cca7c,444,194,250,b972e814004e4624a566f308901cca7c->6d52b87b5a964c61ad7e28afd9499f18,0.5631,mixto,Mis Trámites CGR - Contraloría General de la República,DocDigital Versión 3 - Subsecretaría General de la Presidencia de la República
123,79bvfghg9a0a8tm25d16sddg7d61d4710,438,170,268,79bvfghg9a0a8tm25d16sddg7d61d4710->123,0.6119,mixto,Registro Civil - SRCeI,Extranjeria - Secretaría de Gobierno Digital
64d9be8046574fbfbc1fb14c9912afea,d602a0071f3f4db8b37a87cffd89bf23,437,115,322,d602a0071f3f4db8b37a87cffd89bf23->64d9be8046574fbfbc1fb14c9912afea,0.7368,mixto,ASDigital - Ministerio de salud,PJUD - PODER JUDICIAL
08165f6182bc4dfc9dc1d7774508bbc6,2549b51828ce40af920a932dd2102217,422,172,250,2549b51828ce40af920a932dd2102217->08165f6182bc4dfc9dc1d7774508bbc6,0.5924,mixto,e-certchile - E-Cert Chile,undefined - Servicio de Impuestos Internos
123,c5b83bbfa22c4c31a5743485b4c6e524,419,202,217,c5b83bbfa22c4c31a5743485b4c6e524->123,0.5179,mixto,Registro Civil - SRCeI,Bolsa Nacional de Empleo - Subsecretaría del Trabajo
c82f84bf3f2b451393445a0cb6883665,cb9e2b9dd1cd44c5b7d4fdcfbbf3f5e0,419,242,177,c82f84bf3f2b451393445a0cb6883665->cb9e2b9dd1cd44c5b7d4fdcfbbf3f5e0,0.5776,mixto,Ventanilla Única Social - Subsecretaría de Evaluación Social,Portal Usuario 2.0 - Subsecretaría de Justicia
4a94478dd25f4430a0a023b87e11170d,fd595f24910c4126b7398b3e081af528,416,252,164,4a94478dd25f4430a0a023b87e11170d->fd595f24910c4126b7398b3e081af528,0.6058,mixto,Milicenciamedica.cl - Subsecretaría de Salud Pública,Instituto Seguridad Laboral - Instituto Seguridad Laboral
14cc5dc0682d44fe99d2d91e1eaafac7,b972e814004e4624a566f308901cca7c,415,289,126,14cc5dc0682d44fe99d2d91e1eaafac7->b972e814004e4624a566f308901cca7c,0.6964,mixto,SIMPLE - Corporación Nacional de Desarrollo Indígena,DocDigital Versión 3 - Subsecretaría General de la Presidencia de la República
1ad6835586034de0b29f4a402b182c6c,2549b51828ce40af920a932dd2102217,407,344,63,1ad6835586034de0b29f4a402b182c6c->2549b51828ce40af920a932dd2102217,0.8452,mixto,Comisaría Virtual 2 - Carabineros de Chile,undefined - Servicio de Impuestos Internos
91f3f86897ff4ae39e50cbd7035fa8af,dd7629fec91f4599b3cf8c0dd0b984ac,406,92,314,dd7629fec91f4599b3cf8c0dd0b984ac->91f3f86897ff4ae39e50cbd7035fa8af,0.7734,mixto,APIs Receta Electrónica - Subsecretaría de Salud Pública,Sucursal Virtual FONASA - Fondo Nacional de Salud
6a322ad743e3464bae56d2d9b180078a,ffaec74bfd414f8394bab077a989e27f,405,85,320,ffaec74bfd414f8394bab077a989e27f->6a322ad743e3464bae56d2d9b180078a,0.7901,mixto,6a322ad743e3464bae56d2d9b180078a,miChileAtiende - Instituto de Previsión Social
01b56ab5b9be43e19fa06300994787ec,d602a0071f3f4db8b37a87cffd89bf23,403,204,199,01b56ab5b9be43e19fa06300994787ec->d602a0071f3f4db8b37a87cffd89bf23,0.5062,mixto,Bitácora Web - Ministerio Público,PJUD - PODER JUDICIAL
c5b83bbfa22c4c31a5743485b4c6e524,eaf8f2b0ccd04cf2a7bfcf357fe88ca2,401,179,222,eaf8f2b0ccd04cf2a7bfcf357fe88ca2->c5b83bbfa22c4c31a5743485b4c6e524,0.5536,mixto,Bolsa Nacional de Empleo - Subsecretaría del Trabajo,Empleos Públicos - Servicio Civil
08165f6182bc4dfc9dc1d7774508bbc6,d602a0071f3f4db8b37a87cffd89bf23,401,161,240,d602a0071f3f4db8b37a87cffd89bf23->08165f6182bc4dfc9dc1d7774508bbc6,0.5985,mixto,e-certchile - E-Cert Chile,PJUD - PODER JUDICIAL
d602a0071f3f4db8b37a87cffd89bf23,dc821110e3f34bf3984d61955ced2e69,400,267,133,d602a0071f3f4db8b37a87cffd89bf23->dc821110e3f34bf3984d61955ced2e69,0.6675,mixto,PJUD - PODER JUDICIAL,Licencia de Conducir Digital - Subsecretaría de Transportes
94d27864f86d422faa68efccb908cc34,9a76efc4c34e4bd7843206658dc45454,400,86,314,9a76efc4c34e4bd7843206658dc45454->94d27864f86d422faa68efccb908cc34,0.785,mixto,94d27864f86d422faa68efccb908cc34,Portal Ciudadano ClaveÚnica - Secretaría de Gobierno Digital
86144f0d3b814c1d8c013f7aade6c55d,d602a0071f3f4db8b37a87cffd89bf23,398,183,215,d602a0071f3f4db8b37a87cffd89bf23->86144f0d3b814c1d8c013f7aade6c55d,0.5402,mixto,Sernac - Portal del consumidor - Servicio Nacional del Consumidor,PJUD - PODER JUDICIAL
b9e3f79c40594953af24e9a43eba4e0c,f883bd6d70b043a09837e8b888fe3f65,396,101,295,f883bd6d70b043a09837e8b888fe3f65->b9e3f79c40594953af24e9a43eba4e0c,0.7449,mixto,e-Digital - E-Digital PKI SpA.,undefined - Subsecretaría de Economía y Empresas de Menor Tamaño
209ce526160947f0b398566cd4cbfd0d,2549b51828ce40af920a932dd2102217,393,235,158,209ce526160947f0b398566cd4cbfd0d->2549b51828ce40af920a932dd2102217,0.598,mixto,Portal de Aplicaciones Sence - Servicio Nacional de Capacitacion y Empleo,undefined - Servicio de Impuestos Internos
2549b51828ce40af920a932dd2102217,64d9be8046574fbfbc1fb14c9912afea,392,188,204,64d9be8046574fbfbc1fb14c9912afea->2549b51828ce40af920a932dd2102217,0.5204,mixto,undefined - Servicio de Impuestos Internos,ASDigital - Ministerio de salud
123,495c261c0f484bd08e232f7358452c4d,391,209,182,123->495c261c0f484bd08e232f7358452c4d,0.5345,mixto,Registro Civil - SRCeI,undefined - Comisión para el Mercado Financiero
4060f34dc33042fda53efdfd0594b679,67339e06f4b44f78994ff4785178807a,390,200,190,4060f34dc33042fda53efdfd0594b679->67339e06f4b44f78994ff4785178807a,0.5128,mixto,Capacitación ChileCompra - Dirección ChileCompra,Mercado+Público - Dirección de Compras y Contratación Pública
0f33ab6447034fe49d1629353a119e47,ae54454684154c25bd33c6e04609652b,388,165,223,ae54454684154c25bd33c6e04609652b->0f33ab6447034fe49d1629353a119e47,0.5747,mixto,Superintendencia en Línea - Mi Portal - Superintendencia de Seguridad Social,Sistema de Apelación Contra de Isapres - Subsecretaría de Salud Pública
67339e06f4b44f78994ff4785178807a,eaf8f2b0ccd04cf2a7bfcf357fe88ca2,387,209,178,67339e06f4b44f78994ff4785178807a->eaf8f2b0ccd04cf2a7bfcf357fe88ca2,0.5401,mixto,Mercado+Público - Dirección de Compras y Contratación Pública,Empleos Públicos - Servicio Civil
a294f813367246da949865bdf8b03f7d,ae412e532f1a48428bd0c5ad1f02f816,384,232,152,a294f813367246da949865bdf8b03f7d->ae412e532f1a48428bd0c5ad1f02f816,0.6042,mixto,RPI - Subsecretaría de Transportes,Sistema de gestión de licencia - Subsecretaría de Transportes
6a322ad743e3464bae56d2d9b180078a,94d27864f86d422faa68efccb908cc34,383,170,213,94d27864f86d422faa68efccb908cc34->6a322ad743e3464bae56d2d9b180078a,0.5561,mixto,6a322ad743e3464bae56d2d9b180078a,94d27864f86d422faa68efccb908cc34
67339e06f4b44f78994ff4785178807a,94d27864f86d422faa68efccb908cc34,383,227,156,67339e06f4b44f78994ff4785178807a->94d27864f86d422faa68efccb908cc34,0.5927,mixto,Mercado+Público - Dirección de Compras y Contratación Pública,94d27864f86d422faa68efccb908cc34
209ce526160947f0b398566cd4cbfd0d,4a94478dd25f4430a0a023b87e11170d,382,170,212,4a94478dd25f4430a0a023b87e11170d->209ce526160947f0b398566cd4cbfd0d,0.555,mixto,Portal de Aplicaciones Sence - Servicio Nacional de Capacitacion y Empleo,Milicenciamedica.cl - Subsecretaría de Salud Pública
123,94d27864f86d422faa68efccb908cc34,381,218,163,123->94d27864f86d422faa68efccb908cc34,0.5722,mixto,Registro Civil - SRCeI,94d27864f86d422faa68efccb908cc34
5492b6e4db6948aca469c21d05b18721,b972e814004e4624a566f308901cca7c,378,266,112,5492b6e4db6948aca469c21d05b18721->b972e814004e4624a566f308901cca7c,0.7037,mixto,Ley del Lobby - Comisión para la Integridad PÚblica y Transparencia,DocDigital Versión 3 - Subsecretaría General de la Presidencia de la República
67339e06f4b44f78994ff4785178807a,9a76efc4c34e4bd7843206658dc45454,377,103,274,9a76efc4c34e4bd7843206658dc45454->67339e06f4b44f78994ff4785178807a,0.7268,mixto,Mercado+Público - Dirección de Compras y Contratación Pública,Portal Ciudadano ClaveÚnica - Secretaría de Gobierno Digital
67339e06f4b44f78994ff4785178807a,6a322ad743e3464bae56d2d9b180078a,369,214,155,67339e06f4b44f78994ff4785178807a->6a322ad743e3464bae56d2d9b180078a,0.5799,mixto,Mercado+Público - Dirección de Compras y Contratación Pública,6a322ad743e3464bae56d2d9b180078a
1ad6835586034de0b29f4a402b182c6c,cb9e2b9dd1cd44c5b7d4fdcfbbf3f5e0,366,209,157,1ad6835586034de0b29f4a402b182c6c->cb9e2b9dd1cd44c5b7d4fdcfbbf3f5e0,0.571,mixto,Comisaría Virtual 2 - Carabineros de Chile,Portal Usuario 2.0 - Subsecretaría de Justicia
67eb30db49f240b08ab2b3f422f92cdf,94d27864f86d422faa68efccb908cc34,364,196,168,67eb30db49f240b08ab2b3f422f92cdf->94d27864f86d422faa68efccb908cc34,0.5385,mixto,Portal MiDT - Dirección del Trabajo,94d27864f86d422faa68efccb908cc34
31050e1a1dcb4c9899ba77be32449e54,91f3f86897ff4ae39e50cbd7035fa8af,362,211,151,31050e1a1dcb4c9899ba77be32449e54->91f3f86897ff4ae39e50cbd7035fa8af,0.5829,mixto,Bono electrónico y LME - Superintendencia de Seguridad Social,APIs Receta Electrónica - Subsecretaría de Salud Pública
123,6a91c10b9e8341afbd387fb72bab3cf7,362,139,223,6a91c10b9e8341afbd387fb72bab3cf7->123,0.616,mixto,Registro Civil - SRCeI,Comisión de Medicina Preventiva e Invalidez - Subsecretaría de Salud Pública
9a76efc4c34e4bd7843206658dc45454,dc821110e3f34bf3984d61955ced2e69,357,308,49,9a76efc4c34e4bd7843206658dc45454->dc821110e3f34bf3984d61955ced2e69,0.8627,mixto,Portal Ciudadano ClaveÚnica - Secretaría de Gobierno Digital,Licencia de Conducir Digital - Subsecretaría de Transportes
b4206ac5e3224dfd900588a8f7caf95e,dd7629fec91f4599b3cf8c0dd0b984ac,346,259,87,b4206ac5e3224dfd900588a8f7caf95e->dd7629fec91f4599b3cf8c0dd0b984ac,0.7486,mixto,FONASA - Portal Beneficiario - Fondo Nacional de Salud,Sucursal Virtual FONASA - Fondo Nacional de Salud
9a76efc4c34e4bd7843206658dc45454,f883bd6d70b043a09837e8b888fe3f65,344,209,135,9a76efc4c34e4bd7843206658dc45454->f883bd6d70b043a09837e8b888fe3f65,0.6076,mixto,Portal Ciudadano ClaveÚnica - Secretaría de Gobierno Digital,undefined - Subsecretaría de Economía y Empresas de Menor Tamaño
4a94478dd25f4430a0a023b87e11170d,6743ad379b094f98ad903d0f0304add1,343,193,150,4a94478dd25f4430a0a023b87e11170d->6743ad379b094f98ad903d0f0304add1,0.5627,mixto,Milicenciamedica.cl - Subsecretaría de Salud Pública,Procedimiento Administrativo Electrónico - Superintendencia de Seguridad Social
2549b51828ce40af920a932dd2102217,2ff516ac74a44ebfa3a522adbde28a0f,342,186,156,2549b51828ce40af920a932dd2102217->2ff516ac74a44ebfa3a522adbde28a0f,0.5439,mixto,undefined - Servicio de Impuestos Internos,E-Sign ClaveÚnica - ESIGN S.A.
4a94478dd25f4430a0a023b87e11170d,6a91c10b9e8341afbd387fb72bab3cf7,340,130,210,6a91c10b9e8341afbd387fb72bab3cf7->4a94478dd25f4430a0a023b87e11170d,0.6176,mixto,Milicenciamedica.cl - Subsecretaría de Salud Pública,Comisión de Medicina Preventiva e Invalidez - Subsecretaría de Salud Pública
08165f6182bc4dfc9dc1d7774508bbc6,74e60dc3bc26493d81088e4d322b7c39,337,156,181,74e60dc3bc26493d81088e4d322b7c39->08165f6182bc4dfc9dc1d7774508bbc6,0.5371,mixto,e-certchile - E-Cert Chile,SignPass - BPO Advisors SpA
74e60dc3bc26493d81088e4d322b7c39,9a76efc4c34e4bd7843206658dc45454,337,67,270,9a76efc4c34e4bd7843206658dc45454->74e60dc3bc26493d81088e4d322b7c39,0.8012,mixto,SignPass - BPO Advisors SpA,Portal Ciudadano ClaveÚnica - Secretaría de Gobierno Digital
6d52b87b5a964c61ad7e28afd9499f18,d602a0071f3f4db8b37a87cffd89bf23,334,145,189,d602a0071f3f4db8b37a87cffd89bf23->6d52b87b5a964c61ad7e28afd9499f18,0.5659,mixto,Mis Trámites CGR - Contraloría General de la República,PJUD - PODER JUDICIAL
94d27864f86d422faa68efccb908cc34,ae4caa1cb2154cac89440f3fe18251cb,330,179,151,94d27864f86d422faa68efccb908cc34->ae4caa1cb2154cac89440f3fe18251cb,0.5424,mixto,94d27864f86d422faa68efccb908cc34,Ingreso de causas y escritos - Corporación Administrativa del Poder Judicial
4a94478dd25f4430a0a023b87e11170d,6a322ad743e3464bae56d2d9b180078a,327,178,149,4a94478dd25f4430a0a023b87e11170d->6a322ad743e3464bae56d2d9b180078a,0.5443,mixto,Milicenciamedica.cl - Subsecretaría de Salud Pública,6a322ad743e3464bae56d2d9b180078a
64d9be8046574fbfbc1fb14c9912afea,ffaec74bfd414f8394bab077a989e27f,327,137,190,ffaec74bfd414f8394bab077a989e27f->64d9be8046574fbfbc1fb14c9912afea,0.581,mixto,ASDigital - Ministerio de salud,miChileAtiende - Instituto de Previsión Social
67339e06f4b44f78994ff4785178807a,c82f84bf3f2b451393445a0cb6883665,324,179,145,67339e06f4b44f78994ff4785178807a->c82f84bf3f2b451393445a0cb6883665,0.5525,mixto,Mercado+Público - Dirección de Compras y Contratación Pública,Ventanilla Única Social - Subsecretaría de Evaluación Social
0f33ab6447034fe49d1629353a119e47,123,321,254,67,0f33ab6447034fe49d1629353a119e47->123,0.7913,mixto,Superintendencia en Línea - Mi Portal - Superintendencia de Seguridad Social,Registro Civil - SRCeI
67eb30db49f240b08ab2b3f422f92cdf,ae4caa1cb2154cac89440f3fe18251cb,319,211,108,67eb30db49f240b08ab2b3f422f92cdf->ae4caa1cb2154cac89440f3fe18251cb,0.6614,mixto,Portal MiDT - Dirección del Trabajo,Ingreso de causas y escritos - Corporación Administrativa del Poder Judicial
67eb30db49f240b08ab2b3f422f92cdf,ffaec74bfd414f8394bab077a989e27f,307,118,189,ffaec74bfd414f8394bab077a989e27f->67eb30db49f240b08ab2b3f422f92cdf,0.6156,mixto,Portal MiDT - Dirección del Trabajo,miChileAtiende - Instituto de Previsión Social
9fd20d626db942aeb4d84f9c475d3bea,d602a0071f3f4db8b37a87cffd89bf23,307,41,266,d602a0071f3f4db8b37a87cffd89bf23->9fd20d626db942aeb4d84f9c475d3bea,0.8664,mixto,Superir - Superintendencia de Insolvencia y Reemprendimiento,PJUD - PODER JUDICIAL
d602a0071f3f4db8b37a87cffd89bf23,ee00832abfba40b38335ce48a12981b5,306,179,127,d602a0071f3f4db8b37a87cffd89bf23->ee00832abfba40b38335ce48a12981b5,0.585,mixto,PJUD - PODER JUDICIAL,Autenticacion Nube  Privada - Servicio de Impuestos Internos
123,ee00832abfba40b38335ce48a12981b5,305,148,157,ee00832abfba40b38335ce48a12981b5->123,0.5148,mixto,Registro Civil - SRCeI,Autenticacion Nube  Privada - Servicio de Impuestos Internos
7249a9adb1c343aba8db068dbe0c3795,c82f84bf3f2b451393445a0cb6883665,304,189,115,7249a9adb1c343aba8db068dbe0c3795->c82f84bf3f2b451393445a0cb6883665,0.6217,mixto,Simple Trámites - Subsecretaría de Evaluación Social,Ventanilla Única Social - Subsecretaría de Evaluación Social
8ccf6c97b6eb4670bafec186fbe64f85,d602a0071f3f4db8b37a87cffd89bf23,303,91,212,d602a0071f3f4db8b37a87cffd89bf23->8ccf6c97b6eb4670bafec186fbe64f85,0.6997,mixto,Buscador de Jurisprudencia - Poder Judicial,PJUD - PODER JUDICIAL
67eb30db49f240b08ab2b3f422f92cdf,6a322ad743e3464bae56d2d9b180078a,303,147,156,6a322ad743e3464bae56d2d9b180078a->67eb30db49f240b08ab2b3f422f92cdf,0.5149,mixto,Portal MiDT - Dirección del Trabajo,6a322ad743e3464bae56d2d9b180078a
123,b4206ac5e3224dfd900588a8f7caf95e,297,184,113,123->b4206ac5e3224dfd900588a8f7caf95e,0.6195,mixto,Registro Civil - SRCeI,FONASA - Portal Beneficiario - Fondo Nacional de Salud
2549b51828ce40af920a932dd2102217,eaf8f2b0ccd04cf2a7bfcf357fe88ca2,295,148,147,2549b51828ce40af920a932dd2102217->eaf8f2b0ccd04cf2a7bfcf357fe88ca2,0.5017,mixto,undefined - Servicio de Impuestos Internos,Empleos Públicos - Servicio Civil
209ce526160947f0b398566cd4cbfd0d,67339e06f4b44f78994ff4785178807a,294,114,180,67339e06f4b44f78994ff4785178807a->209ce526160947f0b398566cd4cbfd0d,0.6122,mixto,Portal de Aplicaciones Sence - Servicio Nacional de Capacitacion y Empleo,Mercado+Público - Dirección de Compras y Contratación Pública
52449c34bb1e47fe81802bf322dae8ee,94d27864f86d422faa68efccb908cc34,291,81,210,94d27864f86d422faa68efccb908cc34->52449c34bb1e47fe81802bf322dae8ee,0.7216,mixto,bcm2.sii.cl - Servicio de Impuestos Internos,94d27864f86d422faa68efccb908cc34
64d9be8046574fbfbc1fb14c9912afea,67339e06f4b44f78994ff4785178807a,287,154,133,64d9be8046574fbfbc1fb14c9912afea->67339e06f4b44f78994ff4785178807a,0.5366,mixto,ASDigital - Ministerio de salud,Mercado+Público - Dirección de Compras y Contratación Pública
2549b51828ce40af920a932dd2102217,9c9359fefd164d388f8a5edc2bac301e,282,129,153,9c9359fefd164d388f8a5edc2bac301e->2549b51828ce40af920a932dd2102217,0.5426,mixto,undefined - Servicio de Impuestos Internos,Contraloría - Contraloría General de la República
ae4caa1cb2154cac89440f3fe18251cb,dd7629fec91f4599b3cf8c0dd0b984ac,282,133,149,dd7629fec91f4599b3cf8c0dd0b984ac->ae4caa1cb2154cac89440f3fe18251cb,0.5284,mixto,Ingreso de causas y escritos - Corporación Administrativa del Poder Judicial,Sucursal Virtual FONASA - Fondo Nacional de Salud
31050e1a1dcb4c9899ba77be32449e54,dd7629fec91f4599b3cf8c0dd0b984ac,279,59,220,dd7629fec91f4599b3cf8c0dd0b984ac->31050e1a1dcb4c9899ba77be32449e54,0.7885,mixto,Bono electrónico y LME - Superintendencia de Seguridad Social,Sucursal Virtual FONASA - Fondo Nacional de Salud
b1b009877e0c4e0790fd92559d853d69,d602a0071f3f4db8b37a87cffd89bf23,277,103,174,d602a0071f3f4db8b37a87cffd89bf23->b1b009877e0c4e0790fd92559d853d69,0.6282,mixto,Mi Súper - Superintendencia de Salud,PJUD - PODER JUDICIAL
006b85a984e94ce88ddb035ec01b2d70,67339e06f4b44f78994ff4785178807a,276,98,178,67339e06f4b44f78994ff4785178807a->006b85a984e94ce88ddb035ec01b2d70,0.6449,mixto,006b85a984e94ce88ddb035ec01b2d70,Mercado+Público - Dirección de Compras y Contratación Pública
08165f6182bc4dfc9dc1d7774508bbc6,4a94478dd25f4430a0a023b87e11170d,275,67,208,4a94478dd25f4430a0a023b87e11170d->08165f6182bc4dfc9dc1d7774508bbc6,0.7564,mixto,e-certchile - E-Cert Chile,Milicenciamedica.cl - Subsecretaría de Salud Pública
123,2ae2ca1a377048a58815f54a432f8a21,272,156,116,123->2ae2ca1a377048a58815f54a432f8a21,0.5735,mixto,Registro Civil - SRCeI,Portal Paciente - Subsecretaría de Redes Asistenciales
123,4f22549f9d3a443cb041c0e55395dbf1,270,102,168,4f22549f9d3a443cb041c0e55395dbf1->123,0.6222,mixto,Registro Civil - SRCeI,Comisaría Virtual Denuncias - Carabineros de Chile
209ce526160947f0b398566cd4cbfd0d,ae4caa1cb2154cac89440f3fe18251cb,264,157,107,209ce526160947f0b398566cd4cbfd0d->ae4caa1cb2154cac89440f3fe18251cb,0.5947,mixto,Portal de Aplicaciones Sence - Servicio Nacional de Capacitacion y Empleo,Ingreso de causas y escritos - Corporación Administrativa del Poder Judicial
c5b83bbfa22c4c31a5743485b4c6e524,c82f84bf3f2b451393445a0cb6883665,263,136,127,c5b83bbfa22c4c31a5743485b4c6e524->c82f84bf3f2b451393445a0cb6883665,0.5171,mixto,Bolsa Nacional de Empleo - Subsecretaría del Trabajo,Ventanilla Única Social - Subsecretaría de Evaluación Social
67eb30db49f240b08ab2b3f422f92cdf,b3b9221510904977b1c9f12ea7108119,260,166,94,67eb30db49f240b08ab2b3f422f92cdf->b3b9221510904977b1c9f12ea7108119,0.6385,mixto,Portal MiDT - Dirección del Trabajo,Contactanos DT - Dirección del Trabajo
64d9be8046574fbfbc1fb14c9912afea,67eb30db49f240b08ab2b3f422f92cdf,255,158,97,64d9be8046574fbfbc1fb14c9912afea->67eb30db49f240b08ab2b3f422f92cdf,0.6196,mixto,ASDigital - Ministerio de salud,Portal MiDT - Dirección del Trabajo
387ff07354a74657a44369e05d83234a,dd7629fec91f4599b3cf8c0dd0b984ac,255,138,117,387ff07354a74657a44369e05d83234a->dd7629fec91f4599b3cf8c0dd0b984ac,0.5412,mixto,Nuevo Sitio Web FONASA - Fondo Nacional de Salud,Sucursal Virtual FONASA - Fondo Nacional de Salud
ed6beff4035f49c6997be95df71e5544,ffaec74bfd414f8394bab077a989e27f,252,130,122,ed6beff4035f49c6997be95df71e5544->ffaec74bfd414f8394bab077a989e27f,0.5159,mixto,Subsidio Familiar Automático - Subsecretaría de Evaluación Social,miChileAtiende - Instituto de Previsión Social
387ff07354a74657a44369e05d83234a,67339e06f4b44f78994ff4785178807a,250,142,108,387ff07354a74657a44369e05d83234a->67339e06f4b44f78994ff4785178807a,0.568,mixto,Nuevo Sitio Web FONASA - Fondo Nacional de Salud,Mercado+Público - Dirección de Compras y Contratación Pública
4a94478dd25f4430a0a023b87e11170d,67339e06f4b44f78994ff4785178807a,250,129,121,4a94478dd25f4430a0a023b87e11170d->67339e06f4b44f78994ff4785178807a,0.516,mixto,Milicenciamedica.cl - Subsecretaría de Salud Pública,Mercado+Público - Dirección de Compras y Contratación Pública
67339e06f4b44f78994ff4785178807a,e8dde9d26979498786c6ba5a82f70ad3,250,131,119,67339e06f4b44f78994ff4785178807a->e8dde9d26979498786c6ba5a82f70ad3,0.524,mixto,Mercado+Público - Dirección de Compras y Contratación Pública,"undefined - Sociedad Administradora de Fondos de Cesantía de Chile II S.A., AFC Chile"
3346db58cd2d474fbcf63e827462b85d,9c9359fefd164d388f8a5edc2bac301e,249,133,116,3346db58cd2d474fbcf63e827462b85d->9c9359fefd164d388f8a5edc2bac301e,0.5341,mixto,Single Sign-On - Subsecretaría de Evaluación Social,Contraloría - Contraloría General de la República
209ce526160947f0b398566cd4cbfd0d,c5b83bbfa22c4c31a5743485b4c6e524,249,134,115,209ce526160947f0b398566cd4cbfd0d->c5b83bbfa22c4c31a5743485b4c6e524,0.5382,mixto,Portal de Aplicaciones Sence - Servicio Nacional de Capacitacion y Empleo,Bolsa Nacional de Empleo - Subsecretaría del Trabajo
94d27864f86d422faa68efccb908cc34,e8dde9d26979498786c6ba5a82f70ad3,248,145,103,94d27864f86d422faa68efccb908cc34->e8dde9d26979498786c6ba5a82f70ad3,0.5847,mixto,94d27864f86d422faa68efccb908cc34,"undefined - Sociedad Administradora de Fondos de Cesantía de Chile II S.A., AFC Chile"
74e60dc3bc26493d81088e4d322b7c39,d602a0071f3f4db8b37a87cffd89bf23,246,64,182,d602a0071f3f4db8b37a87cffd89bf23->74e60dc3bc26493d81088e4d322b7c39,0.7398,mixto,SignPass - BPO Advisors SpA,PJUD - PODER JUDICIAL
2ff516ac74a44ebfa3a522adbde28a0f,9a76efc4c34e4bd7843206658dc45454,246,55,191,9a76efc4c34e4bd7843206658dc45454->2ff516ac74a44ebfa3a522adbde28a0f,0.7764,mixto,E-Sign ClaveÚnica - ESIGN S.A.,Portal Ciudadano ClaveÚnica - Secretaría de Gobierno Digital
32f2a35e790544ec9e040345f8a364f3,ae4caa1cb2154cac89440f3fe18251cb,246,121,125,ae4caa1cb2154cac89440f3fe18251cb->32f2a35e790544ec9e040345f8a364f3,0.5081,mixto,Defensoría Penal Pública - DEFENSORIA PENAL PUBLICA,Ingreso de causas y escritos - Corporación Administrativa del Poder Judicial
51e1587ac2364f19bb4a9344841af223,52449c34bb1e47fe81802bf322dae8ee,246,64,182,52449c34bb1e47fe81802bf322dae8ee->51e1587ac2364f19bb4a9344841af223,0.7398,mixto,www.sii.cl - Servicio de Impuestos Internos,bcm2.sii.cl - Servicio de Impuestos Internos
ae54454684154c25bd33c6e04609652b,d602a0071f3f4db8b37a87cffd89bf23,245,124,121,ae54454684154c25bd33c6e04609652b->d602a0071f3f4db8b37a87cffd89bf23,0.5061,mixto,Sistema de Apelación Contra de Isapres - Subsecretaría de Salud Pública,PJUD - PODER JUDICIAL
209ce526160947f0b398566cd4cbfd0d,dd7629fec91f4599b3cf8c0dd0b984ac,242,126,116,209ce526160947f0b398566cd4cbfd0d->dd7629fec91f4599b3cf8c0dd0b984ac,0.5207,mixto,Portal de Aplicaciones Sence - Servicio Nacional de Capacitacion y Empleo,Sucursal Virtual FONASA - Fondo Nacional de Salud
94d27864f86d422faa68efccb908cc34,ee00832abfba40b38335ce48a12981b5,241,138,103,94d27864f86d422faa68efccb908cc34->ee00832abfba40b38335ce48a12981b5,0.5726,mixto,94d27864f86d422faa68efccb908cc34,Autenticacion Nube  Privada - Servicio de Impuestos Internos
c5b83bbfa22c4c31a5743485b4c6e524,d602a0071f3f4db8b37a87cffd89bf23,241,95,146,d602a0071f3f4db8b37a87cffd89bf23->c5b83bbfa22c4c31a5743485b4c6e524,0.6058,mixto,Bolsa Nacional de Empleo - Subsecretaría del Trabajo,PJUD - PODER JUDICIAL
495c261c0f484bd08e232f7358452c4d,c82f84bf3f2b451393445a0cb6883665,239,115,124,c82f84bf3f2b451393445a0cb6883665->495c261c0f484bd08e232f7358452c4d,0.5188,mixto,undefined - Comisión para el Mercado Financiero,Ventanilla Única Social - Subsecretaría de Evaluación Social
2549b51828ce40af920a932dd2102217,638aea308ffb483198d5c1387e2cc017,239,96,143,638aea308ffb483198d5c1387e2cc017->2549b51828ce40af920a932dd2102217,0.5983,mixto,undefined - Servicio de Impuestos Internos,"Portal ""Mi SUPERIR"" - Superintendencia de Insolvencia y Reemprendimiento"
02f0f8beb94542deac503efd6a774262,67339e06f4b44f78994ff4785178807a,238,118,120,67339e06f4b44f78994ff4785178807a->02f0f8beb94542deac503efd6a774262,0.5042,mixto,SSMSO - Servicio de Salud Sur Oriente,Mercado+Público - Dirección de Compras y Contratación Pública
67339e06f4b44f78994ff4785178807a,ae4caa1cb2154cac89440f3fe18251cb,236,128,108,67339e06f4b44f78994ff4785178807a->ae4caa1cb2154cac89440f3fe18251cb,0.5424,mixto,Mercado+Público - Dirección de Compras y Contratación Pública,Ingreso de causas y escritos - Corporación Administrativa del Poder Judicial
67eb30db49f240b08ab2b3f422f92cdf,c150a834cbcc40d09aeed2f8703f4dd3,236,141,95,67eb30db49f240b08ab2b3f422f92cdf->c150a834cbcc40d09aeed2f8703f4dd3,0.5975,mixto,Portal MiDT - Dirección del Trabajo,Trámites Dirección Trabajo - Dirección del Trabajo
67eb30db49f240b08ab2b3f422f92cdf,91f3f86897ff4ae39e50cbd7035fa8af,229,123,106,67eb30db49f240b08ab2b3f422f92cdf->91f3f86897ff4ae39e50cbd7035fa8af,0.5371,mixto,Portal MiDT - Dirección del Trabajo,APIs Receta Electrónica - Subsecretaría de Salud Pública
2549b51828ce40af920a932dd2102217,51e1587ac2364f19bb4a9344841af223,228,192,36,2549b51828ce40af920a932dd2102217->51e1587ac2364f19bb4a9344841af223,0.8421,mixto,undefined - Servicio de Impuestos Internos,www.sii.cl - Servicio de Impuestos Internos
2549b51828ce40af920a932dd2102217,74e60dc3bc26493d81088e4d322b7c39,227,123,104,2549b51828ce40af920a932dd2102217->74e60dc3bc26493d81088e4d322b7c39,0.5419,mixto,undefined - Servicio de Impuestos Internos,SignPass - BPO Advisors SpA
91f3f86897ff4ae39e50cbd7035fa8af,d254feea701346a399887b9fe59ac61a,224,111,113,d254feea701346a399887b9fe59ac61a->91f3f86897ff4ae39e50cbd7035fa8af,0.5045,mixto,APIs Receta Electrónica - Subsecretaría de Salud Pública,Plataforma de Telemedicina - Subsecretaría de Redes Asistenciales
347178b052294153af290d6a84589868,9a76efc4c34e4bd7843206658dc45454,224,52,172,9a76efc4c34e4bd7843206658dc45454->347178b052294153af290d6a84589868,0.7679,mixto,Mi Fiscalía en Línea - Ministerio Público,Portal Ciudadano ClaveÚnica - Secretaría de Gobierno Digital
b972e814004e4624a566f308901cca7c,c52ceac3693c4644bb20f07dd8aa7103,223,89,134,c52ceac3693c4644bb20f07dd8aa7103->b972e814004e4624a566f308901cca7c,0.6009,mixto,DocDigital Versión 3 - Subsecretaría General de la Presidencia de la República,Firma Electronica - Secretaría de Gobierno Digital
91f3f86897ff4ae39e50cbd7035fa8af,c82f84bf3f2b451393445a0cb6883665,221,122,99,91f3f86897ff4ae39e50cbd7035fa8af->c82f84bf3f2b451393445a0cb6883665,0.552,mixto,APIs Receta Electrónica - Subsecretaría de Salud Pública,Ventanilla Única Social - Subsecretaría de Evaluación Social
64d9be8046574fbfbc1fb14c9912afea,88d08ee1a5384a7fbe4bfddb8928ce82,221,93,128,88d08ee1a5384a7fbe4bfddb8928ce82->64d9be8046574fbfbc1fb14c9912afea,0.5792,mixto,ASDigital - Ministerio de salud,Sistema Midas - Subsecretaría de Salud Pública
0335e32e61b248ae8ab98cb955f915dd,91f3f86897ff4ae39e50cbd7035fa8af,221,127,94,0335e32e61b248ae8ab98cb955f915dd->91f3f86897ff4ae39e50cbd7035fa8af,0.5747,mixto,Sistema de ambiente de Clientes - Central de Abastecimiento del Sistema Nacional de Servicios de Salud,APIs Receta Electrónica - Subsecretaría de Salud Pública
c82f84bf3f2b451393445a0cb6883665,ef1dd1f1a5b94d0eacb669f7b3ec2911,220,94,126,ef1dd1f1a5b94d0eacb669f7b3ec2911->c82f84bf3f2b451393445a0cb6883665,0.5727,mixto,Ventanilla Única Social - Subsecretaría de Evaluación Social,Mi Crédito CAE - Comisión Administradora del Sistema de Créditos para Estudios Superiores
79bvfghg9a0a8tm25d16sddg7d61d4710,c82f84bf3f2b451393445a0cb6883665,218,62,156,c82f84bf3f2b451393445a0cb6883665->79bvfghg9a0a8tm25d16sddg7d61d4710,0.7156,mixto,Extranjeria - Secretaría de Gobierno Digital,Ventanilla Única Social - Subsecretaría de Evaluación Social
7d0c4697a4f849e38021ccb192e0b4a7,d602a0071f3f4db8b37a87cffd89bf23,215,103,112,d602a0071f3f4db8b37a87cffd89bf23->7d0c4697a4f849e38021ccb192e0b4a7,0.5209,mixto,"Niños, Niñas y Adolescentes - Subsecretaría de Evaluación Social",PJUD - PODER JUDICIAL
67339e06f4b44f78994ff4785178807a,91f3f86897ff4ae39e50cbd7035fa8af,215,125,90,67339e06f4b44f78994ff4785178807a->91f3f86897ff4ae39e50cbd7035fa8af,0.5814,mixto,Mercado+Público - Dirección de Compras y Contratación Pública,APIs Receta Electrónica - Subsecretaría de Salud Pública
94d27864f86d422faa68efccb908cc34,c82f84bf3f2b451393445a0cb6883665,215,99,116,c82f84bf3f2b451393445a0cb6883665->94d27864f86d422faa68efccb908cc34,0.5395,mixto,94d27864f86d422faa68efccb908cc34,Ventanilla Única Social - Subsecretaría de Evaluación Social
0f33ab6447034fe49d1629353a119e47,c82f84bf3f2b451393445a0cb6883665,212,128,84,0f33ab6447034fe49d1629353a119e47->c82f84bf3f2b451393445a0cb6883665,0.6038,mixto,Superintendencia en Línea - Mi Portal - Superintendencia de Seguridad Social,Ventanilla Única Social - Subsecretaría de Evaluación Social
495c261c0f484bd08e232f7358452c4d,86144f0d3b814c1d8c013f7aade6c55d,212,73,139,86144f0d3b814c1d8c013f7aade6c55d->495c261c0f484bd08e232f7358452c4d,0.6557,mixto,undefined - Comisión para el Mercado Financiero,Sernac - Portal del consumidor - Servicio Nacional del Consumidor
2ff516ac74a44ebfa3a522adbde28a0f,67339e06f4b44f78994ff4785178807a,211,92,119,67339e06f4b44f78994ff4785178807a->2ff516ac74a44ebfa3a522adbde28a0f,0.564,mixto,E-Sign ClaveÚnica - ESIGN S.A.,Mercado+Público - Dirección de Compras y Contratación Pública
9c9359fefd164d388f8a5edc2bac301e,d602a0071f3f4db8b37a87cffd89bf23,211,81,130,d602a0071f3f4db8b37a87cffd89bf23->9c9359fefd164d388f8a5edc2bac301e,0.6161,mixto,Contraloría - Contraloría General de la República,PJUD - PODER JUDICIAL
0f33ab6447034fe49d1629353a119e47,6743ad379b094f98ad903d0f0304add1,209,125,84,0f33ab6447034fe49d1629353a119e47->6743ad379b094f98ad903d0f0304add1,0.5981,mixto,Superintendencia en Línea - Mi Portal - Superintendencia de Seguridad Social,Procedimiento Administrativo Electrónico - Superintendencia de Seguridad Social
645a4f092abd49f0820b8a5507e3dea0,ffaec74bfd414f8394bab077a989e27f,209,104,105,ffaec74bfd414f8394bab077a989e27f->645a4f092abd49f0820b8a5507e3dea0,0.5024,mixto,Sistema Servicios en línea - Caja de Previsión de la Defensa Nacional,miChileAtiende - Instituto de Previsión Social
67339e06f4b44f78994ff4785178807a,a3d2f5bccc104cf6bdd3817c86236b0e,206,141,65,67339e06f4b44f78994ff4785178807a->a3d2f5bccc104cf6bdd3817c86236b0e,0.6845,mixto,Mercado+Público - Dirección de Compras y Contratación Pública,Sistema Ambiente Proveedores - Central de Abastecimiento del Sistema Nacional de Servicios de Salud
c82f84bf3f2b451393445a0cb6883665,fb3957569a8d49528c3571bcb4703f55,205,119,86,c82f84bf3f2b451393445a0cb6883665->fb3957569a8d49528c3571bcb4703f55,0.5805,mixto,Ventanilla Única Social - Subsecretaría de Evaluación Social,MINVU - Subsecretaría de Vivienda y Urbanismo
7249a9adb1c343aba8db068dbe0c3795,9a76efc4c34e4bd7843206658dc45454,205,62,143,9a76efc4c34e4bd7843206658dc45454->7249a9adb1c343aba8db068dbe0c3795,0.6976,mixto,Simple Trámites - Subsecretaría de Evaluación Social,Portal Ciudadano ClaveÚnica - Secretaría de Gobierno Digital
123,dfd423dde87b47d382b736a15a36ac68,204,103,101,123->dfd423dde87b47d382b736a15a36ac68,0.5049,mixto,Registro Civil - SRCeI,App La Florida - Municipalidad de La Florida
52449c34bb1e47fe81802bf322dae8ee,ee00832abfba40b38335ce48a12981b5,203,77,126,ee00832abfba40b38335ce48a12981b5->52449c34bb1e47fe81802bf322dae8ee,0.6207,mixto,bcm2.sii.cl - Servicio de Impuestos Internos,Autenticacion Nube  Privada - Servicio de Impuestos Internos
123,9f88dc88029e42d3a5b082ab396be6d3,200,27,173,9f88dc88029e42d3a5b082ab396be6d3->123,0.865,mixto,Registro Civil - SRCeI,Sistema de Postulación Único - Carabineros de Chile
2549b51828ce40af920a932dd2102217,3346db58cd2d474fbcf63e827462b85d,199,71,128,3346db58cd2d474fbcf63e827462b85d->2549b51828ce40af920a932dd2102217,0.6432,mixto,undefined - Servicio de Impuestos Internos,Single Sign-On - Subsecretaría de Evaluación Social
123,38b3f29fe39b4e87b5f7982165de8cf1,198,128,70,123->38b3f29fe39b4e87b5f7982165de8cf1,0.6465,mixto,Registro Civil - SRCeI,Portal Servel - Servicio Electoral
01b56ab5b9be43e19fa06300994787ec,a7709b21161d459298dc5dc58e77310b,197,71,126,a7709b21161d459298dc5dc58e77310b->01b56ab5b9be43e19fa06300994787ec,0.6396,mixto,Bitácora Web - Ministerio Público,DIPRECA - Dirección de Previsión de Carabineros de Chile
3346db58cd2d474fbcf63e827462b85d,b972e814004e4624a566f308901cca7c,197,116,81,3346db58cd2d474fbcf63e827462b85d->b972e814004e4624a566f308901cca7c,0.5888,mixto,Single Sign-On - Subsecretaría de Evaluación Social,DocDigital Versión 3 - Subsecretaría General de la Presidencia de la República
123,86144f0d3b814c1d8c013f7aade6c55d,196,77,119,86144f0d3b814c1d8c013f7aade6c55d->123,0.6071,mixto,Registro Civil - SRCeI,Sernac - Portal del consumidor - Servicio Nacional del Consumidor
0f33ab6447034fe49d1629353a119e47,dd7629fec91f4599b3cf8c0dd0b984ac,196,89,107,dd7629fec91f4599b3cf8c0dd0b984ac->0f33ab6447034fe49d1629353a119e47,0.5459,mixto,Superintendencia en Línea - Mi Portal - Superintendencia de Seguridad Social,Sucursal Virtual FONASA - Fondo Nacional de Salud
91f3f86897ff4ae39e50cbd7035fa8af,ae54454684154c25bd33c6e04609652b,194,81,113,ae54454684154c25bd33c6e04609652b->91f3f86897ff4ae39e50cbd7035fa8af,0.5825,mixto,APIs Receta Electrónica - Subsecretaría de Salud Pública,Sistema de Apelación Contra de Isapres - Subsecretaría de Salud Pública
3346db58cd2d474fbcf63e827462b85d,d602a0071f3f4db8b37a87cffd89bf23,194,104,90,3346db58cd2d474fbcf63e827462b85d->d602a0071f3f4db8b37a87cffd89bf23,0.5361,mixto,Single Sign-On - Subsecretaría de Evaluación Social,PJUD - PODER JUDICIAL
08165f6182bc4dfc9dc1d7774508bbc6,67339e06f4b44f78994ff4785178807a,190,75,115,67339e06f4b44f78994ff4785178807a->08165f6182bc4dfc9dc1d7774508bbc6,0.6053,mixto,e-certchile - E-Cert Chile,Mercado+Público - Dirección de Compras y Contratación Pública
c82f84bf3f2b451393445a0cb6883665,eaf8f2b0ccd04cf2a7bfcf357fe88ca2,190,95,95,c82f84bf3f2b451393445a0cb6883665->eaf8f2b0ccd04cf2a7bfcf357fe88ca2,0.5,mixto,Ventanilla Única Social - Subsecretaría de Evaluación Social,Empleos Públicos - Servicio Civil
64d9be8046574fbfbc1fb14c9912afea,f883bd6d70b043a09837e8b888fe3f65,190,92,98,f883bd6d70b043a09837e8b888fe3f65->64d9be8046574fbfbc1fb14c9912afea,0.5158,mixto,ASDigital - Ministerio de salud,undefined - Subsecretaría de Economía y Empresas de Menor Tamaño
123,a7709b21161d459298dc5dc58e77310b,189,159,30,123->a7709b21161d459298dc5dc58e77310b,0.8413,mixto,Registro Civil - SRCeI,DIPRECA - Dirección de Previsión de Carabineros de Chile
209ce526160947f0b398566cd4cbfd0d,6a322ad743e3464bae56d2d9b180078a,187,108,79,209ce526160947f0b398566cd4cbfd0d->6a322ad743e3464bae56d2d9b180078a,0.5775,mixto,Portal de Aplicaciones Sence - Servicio Nacional de Capacitacion y Empleo,6a322ad743e3464bae56d2d9b180078a
123,55c1817c84554dc881bc439a4b00abed,187,78,109,55c1817c84554dc881bc439a4b00abed->123,0.5829,mixto,Registro Civil - SRCeI,Municipalidad de Colina - Municipalidad de Colina
44db06efed134a91bffa7407f60d7979,d602a0071f3f4db8b37a87cffd89bf23,186,38,148,d602a0071f3f4db8b37a87cffd89bf23->44db06efed134a91bffa7407f60d7979,0.7957,mixto,Tramitación Eletrónica TC - Tribunal Constitucional de Chile,PJUD - PODER JUDICIAL
6daae6995cb245348bb2b5432ccc9948,d602a0071f3f4db8b37a87cffd89bf23,181,51,130,d602a0071f3f4db8b37a87cffd89bf23->6daae6995cb245348bb2b5432ccc9948,0.7182,mixto,DIRECTEMAR - Dirección General del Territorio Marítimo y Marina Mercante,PJUD - PODER JUDICIAL
67eb30db49f240b08ab2b3f422f92cdf,c5b83bbfa22c4c31a5743485b4c6e524,181,51,130,c5b83bbfa22c4c31a5743485b4c6e524->67eb30db49f240b08ab2b3f422f92cdf,0.7182,mixto,Portal MiDT - Dirección del Trabajo,Bolsa Nacional de Empleo - Subsecretaría del Trabajo
0f33ab6447034fe49d1629353a119e47,ffaec74bfd414f8394bab077a989e27f,180,116,64,0f33ab6447034fe49d1629353a119e47->ffaec74bfd414f8394bab077a989e27f,0.6444,mixto,Superintendencia en Línea - Mi Portal - Superintendencia de Seguridad Social,miChileAtiende - Instituto de Previsión Social
67339e06f4b44f78994ff4785178807a,dd7629fec91f4599b3cf8c0dd0b984ac,180,110,70,67339e06f4b44f78994ff4785178807a->dd7629fec91f4599b3cf8c0dd0b984ac,0.6111,mixto,Mercado+Público - Dirección de Compras y Contratación Pública,Sucursal Virtual FONASA - Fondo Nacional de Salud
38b3f29fe39b4e87b5f7982165de8cf1,9f88dc88029e42d3a5b082ab396be6d3,180,21,159,9f88dc88029e42d3a5b082ab396be6d3->38b3f29fe39b4e87b5f7982165de8cf1,0.8833,mixto,Portal Servel - Servicio Electoral,Sistema de Postulación Único - Carabineros de Chile
347178b052294153af290d6a84589868,495c261c0f484bd08e232f7358452c4d,179,109,70,347178b052294153af290d6a84589868->495c261c0f484bd08e232f7358452c4d,0.6089,mixto,Mi Fiscalía en Línea - Ministerio Público,undefined - Comisión para el Mercado Financiero
2549b51828ce40af920a932dd2102217,79bvfghg9a0a8tm25d16sddg7d61d4710,179,86,93,79bvfghg9a0a8tm25d16sddg7d61d4710->2549b51828ce40af920a932dd2102217,0.5196,mixto,undefined - Servicio de Impuestos Internos,Extranjeria - Secretaría de Gobierno Digital
9a76efc4c34e4bd7843206658dc45454,cb9e2b9dd1cd44c5b7d4fdcfbbf3f5e0,177,142,35,9a76efc4c34e4bd7843206658dc45454->cb9e2b9dd1cd44c5b7d4fdcfbbf3f5e0,0.8023,mixto,Portal Ciudadano ClaveÚnica - Secretaría de Gobierno Digital,Portal Usuario 2.0 - Subsecretaría de Justicia
08165f6182bc4dfc9dc1d7774508bbc6,6a322ad743e3464bae56d2d9b180078a,177,82,95,6a322ad743e3464bae56d2d9b180078a->08165f6182bc4dfc9dc1d7774508bbc6,0.5367,mixto,e-certchile - E-Cert Chile,6a322ad743e3464bae56d2d9b180078a
64b50202d6b74bfcb78c7342823e0f4f,ef1dd1f1a5b94d0eacb669f7b3ec2911,176,46,130,ef1dd1f1a5b94d0eacb669f7b3ec2911->64b50202d6b74bfcb78c7342823e0f4f,0.7386,mixto,Cesantía - Comisión Administradora de Sistema de Créditos para Estudios Superiores,Mi Crédito CAE - Comisión Administradora del Sistema de Créditos para Estudios Superiores
495c261c0f484bd08e232f7358452c4d,f883bd6d70b043a09837e8b888fe3f65,176,58,118,f883bd6d70b043a09837e8b888fe3f65->495c261c0f484bd08e232f7358452c4d,0.6705,mixto,undefined - Comisión para el Mercado Financiero,undefined - Subsecretaría de Economía y Empresas de Menor Tamaño
0b145fb41bc84dc58a5beb5b4ef11b17,645a4f092abd49f0820b8a5507e3dea0,176,86,90,645a4f092abd49f0820b8a5507e3dea0->0b145fb41bc84dc58a5beb5b4ef11b17,0.5114,mixto,Servicios en linea - Caja de Previsión de la Defensa Nacional,Sistema Servicios en línea - Caja de Previsión de la Defensa Nacional
08165f6182bc4dfc9dc1d7774508bbc6,2ff516ac74a44ebfa3a522adbde28a0f,175,111,64,08165f6182bc4dfc9dc1d7774508bbc6->2ff516ac74a44ebfa3a522adbde28a0f,0.6343,mixto,e-certchile - E-Cert Chile,E-Sign ClaveÚnica - ESIGN S.A.
9a76efc4c34e4bd7843206658dc45454,ee00832abfba40b38335ce48a12981b5,175,145,30,9a76efc4c34e4bd7843206658dc45454->ee00832abfba40b38335ce48a12981b5,0.8286,mixto,Portal Ciudadano ClaveÚnica - Secretaría de Gobierno Digital,Autenticacion Nube  Privada - Servicio de Impuestos Internos
e8dde9d26979498786c6ba5a82f70ad3,eaf8f2b0ccd04cf2a7bfcf357fe88ca2,174,64,110,eaf8f2b0ccd04cf2a7bfcf357fe88ca2->e8dde9d26979498786c6ba5a82f70ad3,0.6322,mixto,"undefined - Sociedad Administradora de Fondos de Cesantía de Chile II S.A., AFC Chile",Empleos Públicos - Servicio Civil
14cc5dc0682d44fe99d2d91e1eaafac7,7249a9adb1c343aba8db068dbe0c3795,174,107,67,14cc5dc0682d44fe99d2d91e1eaafac7->7249a9adb1c343aba8db068dbe0c3795,0.6149,mixto,SIMPLE - Corporación Nacional de Desarrollo Indígena,Simple Trámites - Subsecretaría de Evaluación Social
ae4caa1cb2154cac89440f3fe18251cb,f883bd6d70b043a09837e8b888fe3f65,173,88,85,ae4caa1cb2154cac89440f3fe18251cb->f883bd6d70b043a09837e8b888fe3f65,0.5087,mixto,Ingreso de causas y escritos - Corporación Administrativa del Poder Judicial,undefined - Subsecretaría de Economía y Empresas de Menor Tamaño
638aea308ffb483198d5c1387e2cc017,6a322ad743e3464bae56d2d9b180078a,173,89,84,638aea308ffb483198d5c1387e2cc017->6a322ad743e3464bae56d2d9b180078a,0.5145,mixto,"Portal ""Mi SUPERIR"" - Superintendencia de Insolvencia y Reemprendimiento",6a322ad743e3464bae56d2d9b180078a
67eb30db49f240b08ab2b3f422f92cdf,fd595f24910c4126b7398b3e081af528,171,95,76,67eb30db49f240b08ab2b3f422f92cdf->fd595f24910c4126b7398b3e081af528,0.5556,mixto,Portal MiDT - Dirección del Trabajo,Instituto Seguridad Laboral - Instituto Seguridad Laboral
495c261c0f484bd08e232f7358452c4d,ffaec74bfd414f8394bab077a989e27f,167,53,114,ffaec74bfd414f8394bab077a989e27f->495c261c0f484bd08e232f7358452c4d,0.6826,mixto,undefined - Comisión para el Mercado Financiero,miChileAtiende - Instituto de Previsión Social
d602a0071f3f4db8b37a87cffd89bf23,fb3957569a8d49528c3571bcb4703f55,167,93,74,d602a0071f3f4db8b37a87cffd89bf23->fb3957569a8d49528c3571bcb4703f55,0.5569,mixto,PJUD - PODER JUDICIAL,MINVU - Subsecretaría de Vivienda y Urbanismo
0f33ab6447034fe49d1629353a119e47,6a322ad743e3464bae56d2d9b180078a,165,123,42,0f33ab6447034fe49d1629353a119e47->6a322ad743e3464bae56d2d9b180078a,0.7455,mixto,Superintendencia en Línea - Mi Portal - Superintendencia de Seguridad Social,6a322ad743e3464bae56d2d9b180078a
123,64d9be8046574fbfbc1fb14c9912afea,164,77,87,64d9be8046574fbfbc1fb14c9912afea->123,0.5305,mixto,Registro Civil - SRCeI,ASDigital - Ministerio de salud
6a322ad743e3464bae56d2d9b180078a,dd7629fec91f4599b3cf8c0dd0b984ac,162,67,95,dd7629fec91f4599b3cf8c0dd0b984ac->6a322ad743e3464bae56d2d9b180078a,0.5864,mixto,6a322ad743e3464bae56d2d9b180078a,Sucursal Virtual FONASA - Fondo Nacional de Salud
d602a0071f3f4db8b37a87cffd89bf23,f44bedcfbdb64a818e717b872a002abd,161,68,93,f44bedcfbdb64a818e717b872a002abd->d602a0071f3f4db8b37a87cffd89bf23,0.5776,mixto,PJUD - PODER JUDICIAL,Ingreso a Municipalidad de Santiago - Municipalidad de Santiago
9b9d3e3ece844158b34a416ddcfd686b,b972e814004e4624a566f308901cca7c,161,78,83,b972e814004e4624a566f308901cca7c->9b9d3e3ece844158b34a416ddcfd686b,0.5155,mixto,Intranet v2 GORE Araucanía - Gobierno Regional de la Región de la Araucanía,DocDigital Versión 3 - Subsecretaría General de la Presidencia de la República
51e1587ac2364f19bb4a9344841af223,94d27864f86d422faa68efccb908cc34,160,38,122,94d27864f86d422faa68efccb908cc34->51e1587ac2364f19bb4a9344841af223,0.7625,mixto,www.sii.cl - Servicio de Impuestos Internos,94d27864f86d422faa68efccb908cc34
209ce526160947f0b398566cd4cbfd0d,eaf8f2b0ccd04cf2a7bfcf357fe88ca2,160,58,102,eaf8f2b0ccd04cf2a7bfcf357fe88ca2->209ce526160947f0b398566cd4cbfd0d,0.6375,mixto,Portal de Aplicaciones Sence - Servicio Nacional de Capacitacion y Empleo,Empleos Públicos - Servicio Civil
123,387ff07354a74657a44369e05d83234a,160,106,54,123->387ff07354a74657a44369e05d83234a,0.6625,mixto,Registro Civil - SRCeI,Nuevo Sitio Web FONASA - Fondo Nacional de Salud
32f2a35e790544ec9e040345f8a364f3,347178b052294153af290d6a84589868,160,78,82,347178b052294153af290d6a84589868->32f2a35e790544ec9e040345f8a364f3,0.5125,mixto,Defensoría Penal Pública - DEFENSORIA PENAL PUBLICA,Mi Fiscalía en Línea - Ministerio Público
64d9be8046574fbfbc1fb14c9912afea,b992e6a27eb249658efce6ca0cc286dc,159,89,70,64d9be8046574fbfbc1fb14c9912afea->b992e6a27eb249658efce6ca0cc286dc,0.5597,mixto,ASDigital - Ministerio de salud,Vumar - Subsecretaría de Transportes
3346db58cd2d474fbcf63e827462b85d,ffaec74bfd414f8394bab077a989e27f,159,95,64,3346db58cd2d474fbcf63e827462b85d->ffaec74bfd414f8394bab077a989e27f,0.5975,mixto,Single Sign-On - Subsecretaría de Evaluación Social,miChileAtiende - Instituto de Previsión Social
347178b052294153af290d6a84589868,4f22549f9d3a443cb041c0e55395dbf1,158,82,76,347178b052294153af290d6a84589868->4f22549f9d3a443cb041c0e55395dbf1,0.519,mixto,Mi Fiscalía en Línea - Ministerio Público,Comisaría Virtual Denuncias - Carabineros de Chile
347178b052294153af290d6a84589868,c82f84bf3f2b451393445a0cb6883665,158,81,77,347178b052294153af290d6a84589868->c82f84bf3f2b451393445a0cb6883665,0.5127,mixto,Mi Fiscalía en Línea - Ministerio Público,Ventanilla Única Social - Subsecretaría de Evaluación Social
1ad6835586034de0b29f4a402b182c6c,c82f84bf3f2b451393445a0cb6883665,157,77,80,c82f84bf3f2b451393445a0cb6883665->1ad6835586034de0b29f4a402b182c6c,0.5096,mixto,Comisaría Virtual 2 - Carabineros de Chile,Ventanilla Única Social - Subsecretaría de Evaluación Social
13ba077e1e654a54993e85f4fdfd2aa3,88d08ee1a5384a7fbe4bfddb8928ce82,157,90,67,13ba077e1e654a54993e85f4fdfd2aa3->88d08ee1a5384a7fbe4bfddb8928ce82,0.5732,mixto,Formación - Subsecretaría de Salud Pública,Sistema Midas - Subsecretaría de Salud Pública
6a91c10b9e8341afbd387fb72bab3cf7,c82f84bf3f2b451393445a0cb6883665,157,81,76,6a91c10b9e8341afbd387fb72bab3cf7->c82f84bf3f2b451393445a0cb6883665,0.5159,mixto,Comisión de Medicina Preventiva e Invalidez - Subsecretaría de Salud Pública,Ventanilla Única Social - Subsecretaría de Evaluación Social
be09a0ddbb9b4c4aaf78903e0ca27a75,ef1dd1f1a5b94d0eacb669f7b3ec2911,157,43,114,ef1dd1f1a5b94d0eacb669f7b3ec2911->be09a0ddbb9b4c4aaf78903e0ca27a75,0.7261,mixto,Contingencia - Comisión Administradora de Sistema de Créditos para Estudios Superiores,Mi Crédito CAE - Comisión Administradora del Sistema de Créditos para Estudios Superiores
0335e32e61b248ae8ab98cb955f915dd,67339e06f4b44f78994ff4785178807a,157,57,100,67339e06f4b44f78994ff4785178807a->0335e32e61b248ae8ab98cb955f915dd,0.6369,mixto,Sistema de ambiente de Clientes - Central de Abastecimiento del Sistema Nacional de Servicios de Salud,Mercado+Público - Dirección de Compras y Contratación Pública
6d52b87b5a964c61ad7e28afd9499f18,c82f84bf3f2b451393445a0cb6883665,156,142,14,6d52b87b5a964c61ad7e28afd9499f18->c82f84bf3f2b451393445a0cb6883665,0.9103,consistente,Mis Trámites CGR - Contraloría General de la República,Ventanilla Única Social - Subsecretaría de Evaluación Social
67339e06f4b44f78994ff4785178807a,6d52b87b5a964c61ad7e28afd9499f18,156,84,72,67339e06f4b44f78994ff4785178807a->6d52b87b5a964c61ad7e28afd9499f18,0.5385,mixto,Mercado+Público - Dirección de Compras y Contratación Pública,Mis Trámites CGR - Contraloría General de la República
0f33ab6447034fe49d1629353a119e47,209ce526160947f0b398566cd4cbfd0d,156,100,56,0f33ab6447034fe49d1629353a119e47->209ce526160947f0b398566cd4cbfd0d,0.641,mixto,Superintendencia en Línea - Mi Portal - Superintendencia de Seguridad Social,Portal de Aplicaciones Sence - Servicio Nacional de Capacitacion y Empleo
ae4caa1cb2154cac89440f3fe18251cb,f15bd4421f604ffbae3d627bef601546,156,84,72,ae4caa1cb2154cac89440f3fe18251cb->f15bd4421f604ffbae3d627bef601546,0.5385,mixto,Ingreso de causas y escritos - Corporación Administrativa del Poder Judicial,Transferencia de Archivos - Ministerio Público
1ad6835586034de0b29f4a402b182c6c,ffaec74bfd414f8394bab077a989e27f,155,60,95,ffaec74bfd414f8394bab077a989e27f->1ad6835586034de0b29f4a402b182c6c,0.6129,mixto,Comisaría Virtual 2 - Carabineros de Chile,miChileAtiende - Instituto de Previsión Social
64d9be8046574fbfbc1fb14c9912afea,cc892c05f6d94315be2b7539e45b9170,155,62,93,cc892c05f6d94315be2b7539e45b9170->64d9be8046574fbfbc1fb14c9912afea,0.6,mixto,ASDigital - Ministerio de salud,Ventanilla Única 2.0 - Ministerio del Medio Ambiente
ae4caa1cb2154cac89440f3fe18251cb,b972e814004e4624a566f308901cca7c,155,88,67,ae4caa1cb2154cac89440f3fe18251cb->b972e814004e4624a566f308901cca7c,0.5677,mixto,Ingreso de causas y escritos - Corporación Administrativa del Poder Judicial,DocDigital Versión 3 - Subsecretaría General de la Presidencia de la República
01b56ab5b9be43e19fa06300994787ec,123,155,79,76,01b56ab5b9be43e19fa06300994787ec->123,0.5097,mixto,Bitácora Web - Ministerio Público,Registro Civil - SRCeI
08165f6182bc4dfc9dc1d7774508bbc6,c82f84bf3f2b451393445a0cb6883665,155,51,104,c82f84bf3f2b451393445a0cb6883665->08165f6182bc4dfc9dc1d7774508bbc6,0.671,mixto,e-certchile - E-Cert Chile,Ventanilla Única Social - Subsecretaría de Evaluación Social
d602a0071f3f4db8b37a87cffd89bf23,d74a389b77734996ba37fa61a0d08341,154,65,89,d74a389b77734996ba37fa61a0d08341->d602a0071f3f4db8b37a87cffd89bf23,0.5779,mixto,PJUD - PODER JUDICIAL,DECLARACION JURADA - Servicio Agrícola y Ganadero
79bvfghg9a0a8tm25d16sddg7d61d4710,dd7629fec91f4599b3cf8c0dd0b984ac,153,67,86,dd7629fec91f4599b3cf8c0dd0b984ac->79bvfghg9a0a8tm25d16sddg7d61d4710,0.5621,mixto,Extranjeria - Secretaría de Gobierno Digital,Sucursal Virtual FONASA - Fondo Nacional de Salud
67eb30db49f240b08ab2b3f422f92cdf,eaf8f2b0ccd04cf2a7bfcf357fe88ca2,152,59,93,eaf8f2b0ccd04cf2a7bfcf357fe88ca2->67eb30db49f240b08ab2b3f422f92cdf,0.6118,mixto,Portal MiDT - Dirección del Trabajo,Empleos Públicos - Servicio Civil
399e7fc266894562850261cfbc06b992,ae4caa1cb2154cac89440f3fe18251cb,152,90,62,399e7fc266894562850261cfbc06b992->ae4caa1cb2154cac89440f3fe18251cb,0.5921,mixto,Denuncia en Linea - Ministerio Público,Ingreso de causas y escritos - Corporación Administrativa del Poder Judicial
a7a98dfdf4dd4a8fa248cae682395965,d602a0071f3f4db8b37a87cffd89bf23,152,66,86,d602a0071f3f4db8b37a87cffd89bf23->a7a98dfdf4dd4a8fa248cae682395965,0.5658,mixto,Sistema Informático Registro Nacional de Mediadores - Subsecretaría de Justicia,PJUD - PODER JUDICIAL
6e12533e73a048efa8bcc0a30f2b7684,d602a0071f3f4db8b37a87cffd89bf23,151,99,52,6e12533e73a048efa8bcc0a30f2b7684->d602a0071f3f4db8b37a87cffd89bf23,0.6556,mixto,Dirección General de Movilización Nacional - Dirección General de Movilización Nacional,PJUD - PODER JUDICIAL
08165f6182bc4dfc9dc1d7774508bbc6,67eb30db49f240b08ab2b3f422f92cdf,150,66,84,67eb30db49f240b08ab2b3f422f92cdf->08165f6182bc4dfc9dc1d7774508bbc6,0.56,mixto,e-certchile - E-Cert Chile,Portal MiDT - Dirección del Trabajo
67339e06f4b44f78994ff4785178807a,ee00832abfba40b38335ce48a12981b5,150,93,57,67339e06f4b44f78994ff4785178807a->ee00832abfba40b38335ce48a12981b5,0.62,mixto,Mercado+Público - Dirección de Compras y Contratación Pública,Autenticacion Nube  Privada - Servicio de Impuestos Internos
6a322ad743e3464bae56d2d9b180078a,ef1dd1f1a5b94d0eacb669f7b3ec2911,150,88,62,6a322ad743e3464bae56d2d9b180078a->ef1dd1f1a5b94d0eacb669f7b3ec2911,0.5867,mixto,6a322ad743e3464bae56d2d9b180078a,Mi Crédito CAE - Comisión Administradora del Sistema de Créditos para Estudios Superiores
4ef0ced873174ee9afc306e414132c72,c82f84bf3f2b451393445a0cb6883665,149,49,100,c82f84bf3f2b451393445a0cb6883665->4ef0ced873174ee9afc306e414132c72,0.6711,mixto,Carabineros de Chile - Cerofilas - Carabineros de Chile,Ventanilla Única Social - Subsecretaría de Evaluación Social
91f3f86897ff4ae39e50cbd7035fa8af,e8dde9d26979498786c6ba5a82f70ad3,146,74,72,91f3f86897ff4ae39e50cbd7035fa8af->e8dde9d26979498786c6ba5a82f70ad3,0.5068,mixto,APIs Receta Electrónica - Subsecretaría de Salud Pública,"undefined - Sociedad Administradora de Fondos de Cesantía de Chile II S.A., AFC Chile"
67eb30db49f240b08ab2b3f422f92cdf,888fb026b62d4a75920fe44a0af43ad4,146,18,128,888fb026b62d4a75920fe44a0af43ad4->67eb30db49f240b08ab2b3f422f92cdf,0.8767,mixto,Portal MiDT - Dirección del Trabajo,Subsecretaría de Transportes - Subsecretaría de Transportes
6a91c10b9e8341afbd387fb72bab3cf7,d602a0071f3f4db8b37a87cffd89bf23,146,72,74,d602a0071f3f4db8b37a87cffd89bf23->6a91c10b9e8341afbd387fb72bab3cf7,0.5068,mixto,Comisión de Medicina Preventiva e Invalidez - Subsecretaría de Salud Pública,PJUD - PODER JUDICIAL
495c261c0f484bd08e232f7358452c4d,4a94478dd25f4430a0a023b87e11170d,144,67,77,4a94478dd25f4430a0a023b87e11170d->495c261c0f484bd08e232f7358452c4d,0.5347,mixto,undefined - Comisión para el Mercado Financiero,Milicenciamedica.cl - Subsecretaría de Salud Pública
91f3f86897ff4ae39e50cbd7035fa8af,ae4caa1cb2154cac89440f3fe18251cb,143,66,77,ae4caa1cb2154cac89440f3fe18251cb->91f3f86897ff4ae39e50cbd7035fa8af,0.5385,mixto,APIs Receta Electrónica - Subsecretaría de Salud Pública,Ingreso de causas y escritos - Corporación Administrativa del Poder Judicial
4830b97416a14d1485ccb85c9f9baa4e,ffaec74bfd414f8394bab077a989e27f,143,62,81,ffaec74bfd414f8394bab077a989e27f->4830b97416a14d1485ccb85c9f9baa4e,0.5664,mixto,Trámites SP - Superintendencia de Penssiones,miChileAtiende - Instituto de Previsión Social
123,3752375735a74ae09881a820a0b7d394,143,79,64,123->3752375735a74ae09881a820a0b7d394,0.5524,mixto,Registro Civil - SRCeI,Solicitud de Pasavantes Online - Servicio Nacional de Aduanas
1ad6835586034de0b29f4a402b182c6c,67eb30db49f240b08ab2b3f422f92cdf,143,93,50,1ad6835586034de0b29f4a402b182c6c->67eb30db49f240b08ab2b3f422f92cdf,0.6503,mixto,Comisaría Virtual 2 - Carabineros de Chile,Portal MiDT - Dirección del Trabajo
b7c988fa6132435480b57f66696827fd,c82f84bf3f2b451393445a0cb6883665,143,78,65,b7c988fa6132435480b57f66696827fd->c82f84bf3f2b451393445a0cb6883665,0.5455,mixto,Pase Cultural - Subsecretaría de Evaluación Social,Ventanilla Única Social - Subsecretaría de Evaluación Social
6a322ad743e3464bae56d2d9b180078a,f883bd6d70b043a09837e8b888fe3f65,141,70,71,f883bd6d70b043a09837e8b888fe3f65->6a322ad743e3464bae56d2d9b180078a,0.5035,mixto,6a322ad743e3464bae56d2d9b180078a,undefined - Subsecretaría de Economía y Empresas de Menor Tamaño
08165f6182bc4dfc9dc1d7774508bbc6,ffaec74bfd414f8394bab077a989e27f,141,30,111,ffaec74bfd414f8394bab077a989e27f->08165f6182bc4dfc9dc1d7774508bbc6,0.7872,mixto,e-certchile - E-Cert Chile,miChileAtiende - Instituto de Previsión Social
285f4ab87d9a4484a4e8fa6e7db43fe6,c82f84bf3f2b451393445a0cb6883665,139,41,98,c82f84bf3f2b451393445a0cb6883665->285f4ab87d9a4484a4e8fa6e7db43fe6,0.705,mixto,Sistema de Registro - Subsecretaría de Evaluación Social,Ventanilla Única Social - Subsecretaría de Evaluación Social
79bvfghg9a0a8tm25d16sddg7d61d4710,9a76efc4c34e4bd7843206658dc45454,139,57,82,9a76efc4c34e4bd7843206658dc45454->79bvfghg9a0a8tm25d16sddg7d61d4710,0.5899,mixto,Extranjeria - Secretaría de Gobierno Digital,Portal Ciudadano ClaveÚnica - Secretaría de Gobierno Digital
123,6daae6995cb245348bb2b5432ccc9948,139,43,96,6daae6995cb245348bb2b5432ccc9948->123,0.6906,mixto,Registro Civil - SRCeI,DIRECTEMAR - Dirección General del Territorio Marítimo y Marina Mercante
2ae2ca1a377048a58815f54a432f8a21,fb944d98fea445bda57de000993d3e25,138,97,41,2ae2ca1a377048a58815f54a432f8a21->fb944d98fea445bda57de000993d3e25,0.7029,mixto,Portal Paciente - Subsecretaría de Redes Asistenciales,Accede a tu Portal Paciente - Servicio de Salud Maule
5af89d91c7c74476ad4546b1db07c56c,dd7629fec91f4599b3cf8c0dd0b984ac,137,56,81,dd7629fec91f4599b3cf8c0dd0b984ac->5af89d91c7c74476ad4546b1db07c56c,0.5912,mixto,Mi HC OnLine - Servicio de Salud Arica y Parinacota,Sucursal Virtual FONASA - Fondo Nacional de Salud
79bvfghg9a0a8tm25d16sddg7d61d4710,d602a0071f3f4db8b37a87cffd89bf23,137,79,58,79bvfghg9a0a8tm25d16sddg7d61d4710->d602a0071f3f4db8b37a87cffd89bf23,0.5766,mixto,Extranjeria - Secretaría de Gobierno Digital,PJUD - PODER JUDICIAL
0f33ab6447034fe49d1629353a119e47,67eb30db49f240b08ab2b3f422f92cdf,137,62,75,67eb30db49f240b08ab2b3f422f92cdf->0f33ab6447034fe49d1629353a119e47,0.5474,mixto,Superintendencia en Línea - Mi Portal - Superintendencia de Seguridad Social,Portal MiDT - Dirección del Trabajo
347178b052294153af290d6a84589868,41da80f6154c4d918166fc43862f5d78,137,61,76,41da80f6154c4d918166fc43862f5d78->347178b052294153af290d6a84589868,0.5547,mixto,Mi Fiscalía en Línea - Ministerio Público,Web Cajmetro - Corporación de Asistencia Judicial de la Región Metropolitana
0de46482bc4d409c86f652534e4b47eb,2549b51828ce40af920a932dd2102217,137,92,45,0de46482bc4d409c86f652534e4b47eb->2549b51828ce40af920a932dd2102217,0.6715,mixto,documentos - cyberdocs - Servicio Nacional del Patrimonio Cultural,undefined - Servicio de Impuestos Internos
c82f84bf3f2b451393445a0cb6883665,dc821110e3f34bf3984d61955ced2e69,137,67,70,dc821110e3f34bf3984d61955ced2e69->c82f84bf3f2b451393445a0cb6883665,0.5109,mixto,Ventanilla Única Social - Subsecretaría de Evaluación Social,Licencia de Conducir Digital - Subsecretaría de Transportes
a7709b21161d459298dc5dc58e77310b,ffaec74bfd414f8394bab077a989e27f,136,52,84,ffaec74bfd414f8394bab077a989e27f->a7709b21161d459298dc5dc58e77310b,0.6176,mixto,DIPRECA - Dirección de Previsión de Carabineros de Chile,miChileAtiende - Instituto de Previsión Social
638aea308ffb483198d5c1387e2cc017,67339e06f4b44f78994ff4785178807a,136,59,77,67339e06f4b44f78994ff4785178807a->638aea308ffb483198d5c1387e2cc017,0.5662,mixto,"Portal ""Mi SUPERIR"" - Superintendencia de Insolvencia y Reemprendimiento",Mercado+Público - Dirección de Compras y Contratación Pública
3d639e0a581e4afbbc3976eed669f5c6,c82f84bf3f2b451393445a0cb6883665,135,23,112,c82f84bf3f2b451393445a0cb6883665->3d639e0a581e4afbbc3976eed669f5c6,0.8296,mixto,Mi Portal de Emprendimiento - Subsecretaría de Evaluación Social,Ventanilla Única Social - Subsecretaría de Evaluación Social
a7709b21161d459298dc5dc58e77310b,d602a0071f3f4db8b37a87cffd89bf23,135,60,75,d602a0071f3f4db8b37a87cffd89bf23->a7709b21161d459298dc5dc58e77310b,0.5556,mixto,DIPRECA - Dirección de Previsión de Carabineros de Chile,PJUD - PODER JUDICIAL
2549b51828ce40af920a932dd2102217,86144f0d3b814c1d8c013f7aade6c55d,135,72,63,2549b51828ce40af920a932dd2102217->86144f0d3b814c1d8c013f7aade6c55d,0.5333,mixto,undefined - Servicio de Impuestos Internos,Sernac - Portal del consumidor - Servicio Nacional del Consumidor
495c261c0f484bd08e232f7358452c4d,67339e06f4b44f78994ff4785178807a,134,59,75,67339e06f4b44f78994ff4785178807a->495c261c0f484bd08e232f7358452c4d,0.5597,mixto,undefined - Comisión para el Mercado Financiero,Mercado+Público - Dirección de Compras y Contratación Pública
2549b51828ce40af920a932dd2102217,b972e814004e4624a566f308901cca7c,134,65,69,b972e814004e4624a566f308901cca7c->2549b51828ce40af920a932dd2102217,0.5149,mixto,undefined - Servicio de Impuestos Internos,DocDigital Versión 3 - Subsecretaría General de la Presidencia de la República
6e12533e73a048efa8bcc0a30f2b7684,dd7629fec91f4599b3cf8c0dd0b984ac,134,71,63,6e12533e73a048efa8bcc0a30f2b7684->dd7629fec91f4599b3cf8c0dd0b984ac,0.5299,mixto,Dirección General de Movilización Nacional - Dirección General de Movilización Nacional,Sucursal Virtual FONASA - Fondo Nacional de Salud
ae4caa1cb2154cac89440f3fe18251cb,eaf8f2b0ccd04cf2a7bfcf357fe88ca2,133,82,51,ae4caa1cb2154cac89440f3fe18251cb->eaf8f2b0ccd04cf2a7bfcf357fe88ca2,0.6165,mixto,Ingreso de causas y escritos - Corporación Administrativa del Poder Judicial,Empleos Públicos - Servicio Civil
91f3f86897ff4ae39e50cbd7035fa8af,94d27864f86d422faa68efccb908cc34,133,58,75,94d27864f86d422faa68efccb908cc34->91f3f86897ff4ae39e50cbd7035fa8af,0.5639,mixto,APIs Receta Electrónica - Subsecretaría de Salud Pública,94d27864f86d422faa68efccb908cc34
38b3f29fe39b4e87b5f7982165de8cf1,d602a0071f3f4db8b37a87cffd89bf23,133,46,87,d602a0071f3f4db8b37a87cffd89bf23->38b3f29fe39b4e87b5f7982165de8cf1,0.6541,mixto,Portal Servel - Servicio Electoral,PJUD - PODER JUDICIAL
6a91c10b9e8341afbd387fb72bab3cf7,ffaec74bfd414f8394bab077a989e27f,132,76,56,6a91c10b9e8341afbd387fb72bab3cf7->ffaec74bfd414f8394bab077a989e27f,0.5758,mixto,Comisión de Medicina Preventiva e Invalidez - Subsecretaría de Salud Pública,miChileAtiende - Instituto de Previsión Social
5aa1a66c9e844e18a4a41740ed4aa476,eae6a8d122774db4ba88162a875db6a6,132,65,67,eae6a8d122774db4ba88162a875db6a6->5aa1a66c9e844e18a4a41740ed4aa476,0.5076,mixto,Recetas en línea - Acceso Prescriptor - Subsecretaría de Salud Pública,Recetas en línea - Acceso Químico farmacéutico - Subsecretaría de Salud Pública
6e12533e73a048efa8bcc0a30f2b7684,9f88dc88029e42d3a5b082ab396be6d3,131,26,105,9f88dc88029e42d3a5b082ab396be6d3->6e12533e73a048efa8bcc0a30f2b7684,0.8015,mixto,Dirección General de Movilización Nacional - Dirección General de Movilización Nacional,Sistema de Postulación Único - Carabineros de Chile
4830b97416a14d1485ccb85c9f9baa4e,c82f84bf3f2b451393445a0cb6883665,130,55,75,c82f84bf3f2b451393445a0cb6883665->4830b97416a14d1485ccb85c9f9baa4e,0.5769,mixto,Trámites SP - Superintendencia de Penssiones,Ventanilla Única Social - Subsecretaría de Evaluación Social
08165f6182bc4dfc9dc1d7774508bbc6,dd7629fec91f4599b3cf8c0dd0b984ac,130,40,90,dd7629fec91f4599b3cf8c0dd0b984ac->08165f6182bc4dfc9dc1d7774508bbc6,0.6923,mixto,e-certchile - E-Cert Chile,Sucursal Virtual FONASA - Fondo Nacional de Salud
ae54454684154c25bd33c6e04609652b,e8dde9d26979498786c6ba5a82f70ad3,130,77,53,ae54454684154c25bd33c6e04609652b->e8dde9d26979498786c6ba5a82f70ad3,0.5923,mixto,Sistema de Apelación Contra de Isapres - Subsecretaría de Salud Pública,"undefined - Sociedad Administradora de Fondos de Cesantía de Chile II S.A., AFC Chile"
c13d78fe65b94d05ad83b59494767b9f,edd67e7adef0443982c72ffc4d55ca4a,129,66,63,c13d78fe65b94d05ad83b59494767b9f->edd67e7adef0443982c72ffc4d55ca4a,0.5116,mixto,Beneficios Personal - Gendarmería de Chile,Portal de Beneficios - Gendarmería de Chile
4a94478dd25f4430a0a023b87e11170d,cb9e2b9dd1cd44c5b7d4fdcfbbf3f5e0,128,79,49,4a94478dd25f4430a0a023b87e11170d->cb9e2b9dd1cd44c5b7d4fdcfbbf3f5e0,0.6172,mixto,Milicenciamedica.cl - Subsecretaría de Salud Pública,Portal Usuario 2.0 - Subsecretaría de Justicia
347178b052294153af290d6a84589868,e8dde9d26979498786c6ba5a82f70ad3,128,52,76,e8dde9d26979498786c6ba5a82f70ad3->347178b052294153af290d6a84589868,0.5938,mixto,Mi Fiscalía en Línea - Ministerio Público,"undefined - Sociedad Administradora de Fondos de Cesantía de Chile II S.A., AFC Chile"
123,b1b009877e0c4e0790fd92559d853d69,127,88,39,123->b1b009877e0c4e0790fd92559d853d69,0.6929,mixto,Registro Civil - SRCeI,Mi Súper - Superintendencia de Salud
88d08ee1a5384a7fbe4bfddb8928ce82,91f3f86897ff4ae39e50cbd7035fa8af,127,62,65,91f3f86897ff4ae39e50cbd7035fa8af->88d08ee1a5384a7fbe4bfddb8928ce82,0.5118,mixto,Sistema Midas - Subsecretaría de Salud Pública,APIs Receta Electrónica - Subsecretaría de Salud Pública
347178b052294153af290d6a84589868,86144f0d3b814c1d8c013f7aade6c55d,127,69,58,347178b052294153af290d6a84589868->86144f0d3b814c1d8c013f7aade6c55d,0.5433,mixto,Mi Fiscalía en Línea - Ministerio Público,Sernac - Portal del consumidor - Servicio Nacional del Consumidor
08165f6182bc4dfc9dc1d7774508bbc6,ae4caa1cb2154cac89440f3fe18251cb,126,67,59,08165f6182bc4dfc9dc1d7774508bbc6->ae4caa1cb2154cac89440f3fe18251cb,0.5317,mixto,e-certchile - E-Cert Chile,Ingreso de causas y escritos - Corporación Administrativa del Poder Judicial
9a76efc4c34e4bd7843206658dc45454,b785d3ec935248ff8a8fd358f7765463,126,87,39,9a76efc4c34e4bd7843206658dc45454->b785d3ec935248ff8a8fd358f7765463,0.6905,mixto,Portal Ciudadano ClaveÚnica - Secretaría de Gobierno Digital,Pesca Recreativa - Servicio Nacional de Pesca y Acuicultura
16ffe077cc1a4b11a19bea91abce6f9c,ae4caa1cb2154cac89440f3fe18251cb,125,45,80,ae4caa1cb2154cac89440f3fe18251cb->16ffe077cc1a4b11a19bea91abce6f9c,0.64,mixto,SIMEF v5 - Subsecretaría de Justicia,Ingreso de causas y escritos - Corporación Administrativa del Poder Judicial
4a94478dd25f4430a0a023b87e11170d,94d27864f86d422faa68efccb908cc34,125,71,54,4a94478dd25f4430a0a023b87e11170d->94d27864f86d422faa68efccb908cc34,0.568,mixto,Milicenciamedica.cl - Subsecretaría de Salud Pública,94d27864f86d422faa68efccb908cc34
86144f0d3b814c1d8c013f7aade6c55d,c82f84bf3f2b451393445a0cb6883665,125,65,60,86144f0d3b814c1d8c013f7aade6c55d->c82f84bf3f2b451393445a0cb6883665,0.52,mixto,Sernac - Portal del consumidor - Servicio Nacional del Consumidor,Ventanilla Única Social - Subsecretaría de Evaluación Social
123,b972e814004e4624a566f308901cca7c,125,72,53,123->b972e814004e4624a566f308901cca7c,0.576,mixto,Registro Civil - SRCeI,DocDigital Versión 3 - Subsecretaría General de la Presidencia de la República
79bvfghg9a0a8tm25d16sddg7d61d4710,ae4caa1cb2154cac89440f3fe18251cb,125,85,40,79bvfghg9a0a8tm25d16sddg7d61d4710->ae4caa1cb2154cac89440f3fe18251cb,0.68,mixto,Extranjeria - Secretaría de Gobierno Digital,Ingreso de causas y escritos - Corporación Administrativa del Poder Judicial
67339e06f4b44f78994ff4785178807a,8da9d8af9600449089f527c248a96e4f,123,67,56,67339e06f4b44f78994ff4785178807a->8da9d8af9600449089f527c248a96e4f,0.5447,mixto,Mercado+Público - Dirección de Compras y Contratación Pública,TramitesDCyF - Dirección de Contabilidad y Finanzas
94d27864f86d422faa68efccb908cc34,ef1dd1f1a5b94d0eacb669f7b3ec2911,121,54,67,ef1dd1f1a5b94d0eacb669f7b3ec2911->94d27864f86d422faa68efccb908cc34,0.5537,mixto,94d27864f86d422faa68efccb908cc34,Mi Crédito CAE - Comisión Administradora del Sistema de Créditos para Estudios Superiores
347178b052294153af290d6a84589868,f883bd6d70b043a09837e8b888fe3f65,121,62,59,347178b052294153af290d6a84589868->f883bd6d70b043a09837e8b888fe3f65,0.5124,mixto,Mi Fiscalía en Línea - Ministerio Público,undefined - Subsecretaría de Economía y Empresas de Menor Tamaño
9ae54d261e454c93ae1c2cdec0fd03e6,e8dde9d26979498786c6ba5a82f70ad3,120,72,48,9ae54d261e454c93ae1c2cdec0fd03e6->e8dde9d26979498786c6ba5a82f70ad3,0.6,mixto,Login certificado afiliacion - Fondo Nacional de Salud,"undefined - Sociedad Administradora de Fondos de Cesantía de Chile II S.A., AFC Chile"
ae412e532f1a48428bd0c5ad1f02f816,b972e814004e4624a566f308901cca7c,119,89,30,ae412e532f1a48428bd0c5ad1f02f816->b972e814004e4624a566f308901cca7c,0.7479,mixto,Sistema de gestión de licencia - Subsecretaría de Transportes,DocDigital Versión 3 - Subsecretaría General de la Presidencia de la República
03bd6e11bc9246339a1812eb74331dd6,d602a0071f3f4db8b37a87cffd89bf23,119,48,71,d602a0071f3f4db8b37a87cffd89bf23->03bd6e11bc9246339a1812eb74331dd6,0.5966,mixto,Buscador de Juicios - Contraloría General de la República,PJUD - PODER JUDICIAL
31050e1a1dcb4c9899ba77be32449e54,9a76efc4c34e4bd7843206658dc45454,119,25,94,9a76efc4c34e4bd7843206658dc45454->31050e1a1dcb4c9899ba77be32449e54,0.7899,mixto,Bono electrónico y LME - Superintendencia de Seguridad Social,Portal Ciudadano ClaveÚnica - Secretaría de Gobierno Digital
123,d74a389b77734996ba37fa61a0d08341,119,60,59,123->d74a389b77734996ba37fa61a0d08341,0.5042,mixto,Registro Civil - SRCeI,DECLARACION JURADA - Servicio Agrícola y Ganadero
123,399e7fc266894562850261cfbc06b992,117,36,81,399e7fc266894562850261cfbc06b992->123,0.6923,mixto,Registro Civil - SRCeI,Denuncia en Linea - Ministerio Público
2ff516ac74a44ebfa3a522adbde28a0f,74e60dc3bc26493d81088e4d322b7c39,117,66,51,2ff516ac74a44ebfa3a522adbde28a0f->74e60dc3bc26493d81088e4d322b7c39,0.5641,mixto,E-Sign ClaveÚnica - ESIGN S.A.,SignPass - BPO Advisors SpA
67339e06f4b44f78994ff4785178807a,bf676d9b342d438d8bd0b02c718133af,117,61,56,67339e06f4b44f78994ff4785178807a->bf676d9b342d438d8bd0b02c718133af,0.5214,mixto,Mercado+Público - Dirección de Compras y Contratación Pública,Firmador MOP - Subsecretaría de Obras Públicas
78d2a80a1628414097285e5ece0cab12,d602a0071f3f4db8b37a87cffd89bf23,117,38,79,d602a0071f3f4db8b37a87cffd89bf23->78d2a80a1628414097285e5ece0cab12,0.6752,mixto,78d2a80a1628414097285e5ece0cab12,PJUD - PODER JUDICIAL
173651d19b3e492cb6c27f74b9b1fe7e,a7709b21161d459298dc5dc58e77310b,117,68,49,173651d19b3e492cb6c27f74b9b1fe7e->a7709b21161d459298dc5dc58e77310b,0.5812,mixto,173651d19b3e492cb6c27f74b9b1fe7e,DIPRECA - Dirección de Previsión de Carabineros de Chile
1eec93924a1046efbad70c851782ab8a,f883bd6d70b043a09837e8b888fe3f65,117,55,62,f883bd6d70b043a09837e8b888fe3f65->1eec93924a1046efbad70c851782ab8a,0.5299,mixto,Trámites INAPI - Instituto Nacional de Propiedad Industrial,undefined - Subsecretaría de Economía y Empresas de Menor Tamaño
dd7629fec91f4599b3cf8c0dd0b984ac,eaf8f2b0ccd04cf2a7bfcf357fe88ca2,116,60,56,dd7629fec91f4599b3cf8c0dd0b984ac->eaf8f2b0ccd04cf2a7bfcf357fe88ca2,0.5172,mixto,Sucursal Virtual FONASA - Fondo Nacional de Salud,Empleos Públicos - Servicio Civil
9ae54d261e454c93ae1c2cdec0fd03e6,ffaec74bfd414f8394bab077a989e27f,116,50,66,ffaec74bfd414f8394bab077a989e27f->9ae54d261e454c93ae1c2cdec0fd03e6,0.569,mixto,Login certificado afiliacion - Fondo Nacional de Salud,miChileAtiende - Instituto de Previsión Social
ae4caa1cb2154cac89440f3fe18251cb,ee00832abfba40b38335ce48a12981b5,115,72,43,ae4caa1cb2154cac89440f3fe18251cb->ee00832abfba40b38335ce48a12981b5,0.6261,mixto,Ingreso de causas y escritos - Corporación Administrativa del Poder Judicial,Autenticacion Nube  Privada - Servicio de Impuestos Internos
cb9e2b9dd1cd44c5b7d4fdcfbbf3f5e0,ffaec74bfd414f8394bab077a989e27f,115,41,74,ffaec74bfd414f8394bab077a989e27f->cb9e2b9dd1cd44c5b7d4fdcfbbf3f5e0,0.6435,mixto,Portal Usuario 2.0 - Subsecretaría de Justicia,miChileAtiende - Instituto de Previsión Social
88d08ee1a5384a7fbe4bfddb8928ce82,d602a0071f3f4db8b37a87cffd89bf23,114,69,45,88d08ee1a5384a7fbe4bfddb8928ce82->d602a0071f3f4db8b37a87cffd89bf23,0.6053,mixto,Sistema Midas - Subsecretaría de Salud Pública,PJUD - PODER JUDICIAL
01b56ab5b9be43e19fa06300994787ec,2549b51828ce40af920a932dd2102217,114,61,53,01b56ab5b9be43e19fa06300994787ec->2549b51828ce40af920a932dd2102217,0.5351,mixto,Bitácora Web - Ministerio Público,undefined - Servicio de Impuestos Internos
ee00832abfba40b38335ce48a12981b5,ffaec74bfd414f8394bab077a989e27f,114,36,78,ffaec74bfd414f8394bab077a989e27f->ee00832abfba40b38335ce48a12981b5,0.6842,mixto,Autenticacion Nube  Privada - Servicio de Impuestos Internos,miChileAtiende - Instituto de Previsión Social
9a76efc4c34e4bd7843206658dc45454,a7709b21161d459298dc5dc58e77310b,114,42,72,a7709b21161d459298dc5dc58e77310b->9a76efc4c34e4bd7843206658dc45454,0.6316,mixto,Portal Ciudadano ClaveÚnica - Secretaría de Gobierno Digital,DIPRECA - Dirección de Previsión de Carabineros de Chile
0f33ab6447034fe49d1629353a119e47,ae4caa1cb2154cac89440f3fe18251cb,113,69,44,0f33ab6447034fe49d1629353a119e47->ae4caa1cb2154cac89440f3fe18251cb,0.6106,mixto,Superintendencia en Línea - Mi Portal - Superintendencia de Seguridad Social,Ingreso de causas y escritos - Corporación Administrativa del Poder Judicial
4a94478dd25f4430a0a023b87e11170d,dc821110e3f34bf3984d61955ced2e69,113,52,61,dc821110e3f34bf3984d61955ced2e69->4a94478dd25f4430a0a023b87e11170d,0.5398,mixto,Milicenciamedica.cl - Subsecretaría de Salud Pública,Licencia de Conducir Digital - Subsecretaría de Transportes
67eb30db49f240b08ab2b3f422f92cdf,9ae54d261e454c93ae1c2cdec0fd03e6,112,49,63,9ae54d261e454c93ae1c2cdec0fd03e6->67eb30db49f240b08ab2b3f422f92cdf,0.5625,mixto,Portal MiDT - Dirección del Trabajo,Login certificado afiliacion - Fondo Nacional de Salud
67339e06f4b44f78994ff4785178807a,8c1942e0cdce4f71b53f62474322f0b7,112,67,45,67339e06f4b44f78994ff4785178807a->8c1942e0cdce4f71b53f62474322f0b7,0.5982,mixto,Mercado+Público - Dirección de Compras y Contratación Pública,Superintendencia de Electricidad y Combustibles - SUPERINTENDECIA DE ELECTRICIDAD Y COMBUSTIBLES
347178b052294153af290d6a84589868,4a94478dd25f4430a0a023b87e11170d,112,33,79,4a94478dd25f4430a0a023b87e11170d->347178b052294153af290d6a84589868,0.7054,mixto,Mi Fiscalía en Línea - Ministerio Público,Milicenciamedica.cl - Subsecretaría de Salud Pública
6a322ad743e3464bae56d2d9b180078a,91f3f86897ff4ae39e50cbd7035fa8af,111,63,48,6a322ad743e3464bae56d2d9b180078a->91f3f86897ff4ae39e50cbd7035fa8af,0.5676,mixto,6a322ad743e3464bae56d2d9b180078a,APIs Receta Electrónica - Subsecretaría de Salud Pública
123,4830b97416a14d1485ccb85c9f9baa4e,111,66,45,123->4830b97416a14d1485ccb85c9f9baa4e,0.5946,mixto,Registro Civil - SRCeI,Trámites SP - Superintendencia de Penssiones
6743ad379b094f98ad903d0f0304add1,ae54454684154c25bd33c6e04609652b,110,42,68,ae54454684154c25bd33c6e04609652b->6743ad379b094f98ad903d0f0304add1,0.6182,mixto,Procedimiento Administrativo Electrónico - Superintendencia de Seguridad Social,Sistema de Apelación Contra de Isapres - Subsecretaría de Salud Pública
5492b6e4db6948aca469c21d05b18721,67339e06f4b44f78994ff4785178807a,110,44,66,67339e06f4b44f78994ff4785178807a->5492b6e4db6948aca469c21d05b18721,0.6,mixto,Ley del Lobby - Comisión para la Integridad PÚblica y Transparencia,Mercado+Público - Dirección de Compras y Contratación Pública
c82f84bf3f2b451393445a0cb6883665,f883bd6d70b043a09837e8b888fe3f65,110,52,58,f883bd6d70b043a09837e8b888fe3f65->c82f84bf3f2b451393445a0cb6883665,0.5273,mixto,Ventanilla Única Social - Subsecretaría de Evaluación Social,undefined - Subsecretaría de Economía y Empresas de Menor Tamaño
1ad6835586034de0b29f4a402b182c6c,6a322ad743e3464bae56d2d9b180078a,110,80,30,1ad6835586034de0b29f4a402b182c6c->6a322ad743e3464bae56d2d9b180078a,0.7273,mixto,Comisaría Virtual 2 - Carabineros de Chile,6a322ad743e3464bae56d2d9b180078a
5235b9f356954973a226cb6fc12c9d6e,eaf8f2b0ccd04cf2a7bfcf357fe88ca2,109,61,48,5235b9f356954973a226cb6fc12c9d6e->eaf8f2b0ccd04cf2a7bfcf357fe88ca2,0.5596,mixto,Sistema Alta Dirección Pública - Dirección Nacional del Servicio Civil,Empleos Públicos - Servicio Civil
5ad019e5f0e445e8b37fc4ed60a3447c,d602a0071f3f4db8b37a87cffd89bf23,109,15,94,d602a0071f3f4db8b37a87cffd89bf23->5ad019e5f0e445e8b37fc4ed60a3447c,0.8624,mixto,5ad019e5f0e445e8b37fc4ed60a3447c,PJUD - PODER JUDICIAL
64d9be8046574fbfbc1fb14c9912afea,91f3f86897ff4ae39e50cbd7035fa8af,109,59,50,64d9be8046574fbfbc1fb14c9912afea->91f3f86897ff4ae39e50cbd7035fa8af,0.5413,mixto,ASDigital - Ministerio de salud,APIs Receta Electrónica - Subsecretaría de Salud Pública
347178b052294153af290d6a84589868,67339e06f4b44f78994ff4785178807a,108,32,76,67339e06f4b44f78994ff4785178807a->347178b052294153af290d6a84589868,0.7037,mixto,Mi Fiscalía en Línea - Ministerio Público,Mercado+Público - Dirección de Compras y Contratación Pública
2549b51828ce40af920a932dd2102217,ef1dd1f1a5b94d0eacb669f7b3ec2911,108,50,58,ef1dd1f1a5b94d0eacb669f7b3ec2911->2549b51828ce40af920a932dd2102217,0.537,mixto,undefined - Servicio de Impuestos Internos,Mi Crédito CAE - Comisión Administradora del Sistema de Créditos para Estudios Superiores
6743ad379b094f98ad903d0f0304add1,d602a0071f3f4db8b37a87cffd89bf23,108,61,47,6743ad379b094f98ad903d0f0304add1->d602a0071f3f4db8b37a87cffd89bf23,0.5648,mixto,Procedimiento Administrativo Electrónico - Superintendencia de Seguridad Social,PJUD - PODER JUDICIAL
285f4ab87d9a4484a4e8fa6e7db43fe6,ed6beff4035f49c6997be95df71e5544,108,19,89,ed6beff4035f49c6997be95df71e5544->285f4ab87d9a4484a4e8fa6e7db43fe6,0.8241,mixto,Sistema de Registro - Subsecretaría de Evaluación Social,Subsidio Familiar Automático - Subsecretaría de Evaluación Social
0de46482bc4d409c86f652534e4b47eb,123,107,54,53,0de46482bc4d409c86f652534e4b47eb->123,0.5047,mixto,documentos - cyberdocs - Servicio Nacional del Patrimonio Cultural,Registro Civil - SRCeI
d602a0071f3f4db8b37a87cffd89bf23,ef1dd1f1a5b94d0eacb669f7b3ec2911,107,57,50,d602a0071f3f4db8b37a87cffd89bf23->ef1dd1f1a5b94d0eacb669f7b3ec2911,0.5327,mixto,PJUD - PODER JUDICIAL,Mi Crédito CAE - Comisión Administradora del Sistema de Créditos para Estudios Superiores
ae412e532f1a48428bd0c5ad1f02f816,d602a0071f3f4db8b37a87cffd89bf23,107,15,92,d602a0071f3f4db8b37a87cffd89bf23->ae412e532f1a48428bd0c5ad1f02f816,0.8598,mixto,Sistema de gestión de licencia - Subsecretaría de Transportes,PJUD - PODER JUDICIAL
1bb1657eb2eb43808f0529810258aa3b,2549b51828ce40af920a932dd2102217,107,58,49,1bb1657eb2eb43808f0529810258aa3b->2549b51828ce40af920a932dd2102217,0.5421,mixto,Autenticación Sistemas DPP - Defensoría Penal Pública,undefined - Servicio de Impuestos Internos
64d9be8046574fbfbc1fb14c9912afea,c82f84bf3f2b451393445a0cb6883665,107,41,66,c82f84bf3f2b451393445a0cb6883665->64d9be8046574fbfbc1fb14c9912afea,0.6168,mixto,ASDigital - Ministerio de salud,Ventanilla Única Social - Subsecretaría de Evaluación Social
f883bd6d70b043a09837e8b888fe3f65,ffaec74bfd414f8394bab077a989e27f,106,50,56,ffaec74bfd414f8394bab077a989e27f->f883bd6d70b043a09837e8b888fe3f65,0.5283,mixto,undefined - Subsecretaría de Economía y Empresas de Menor Tamaño,miChileAtiende - Instituto de Previsión Social
123,dcd0b6134a8846c1ac7171f8530945ab,106,44,62,dcd0b6134a8846c1ac7171f8530945ab->123,0.5849,mixto,Registro Civil - SRCeI,Identidad Única - Ministerio de Vivienda y Urbanismo - Subsecretaría de Vivienda y Urbanismo
74e60dc3bc26493d81088e4d322b7c39,e8dde9d26979498786c6ba5a82f70ad3,106,48,58,e8dde9d26979498786c6ba5a82f70ad3->74e60dc3bc26493d81088e4d322b7c39,0.5472,mixto,SignPass - BPO Advisors SpA,"undefined - Sociedad Administradora de Fondos de Cesantía de Chile II S.A., AFC Chile"
9ae54d261e454c93ae1c2cdec0fd03e6,c82f84bf3f2b451393445a0cb6883665,105,53,52,9ae54d261e454c93ae1c2cdec0fd03e6->c82f84bf3f2b451393445a0cb6883665,0.5048,mixto,Login certificado afiliacion - Fondo Nacional de Salud,Ventanilla Única Social - Subsecretaría de Evaluación Social
14cc5dc0682d44fe99d2d91e1eaafac7,c82f84bf3f2b451393445a0cb6883665,105,60,45,14cc5dc0682d44fe99d2d91e1eaafac7->c82f84bf3f2b451393445a0cb6883665,0.5714,mixto,SIMPLE - Corporación Nacional de Desarrollo Indígena,Ventanilla Única Social - Subsecretaría de Evaluación Social
123,2ff516ac74a44ebfa3a522adbde28a0f,105,68,37,123->2ff516ac74a44ebfa3a522adbde28a0f,0.6476,mixto,Registro Civil - SRCeI,E-Sign ClaveÚnica - ESIGN S.A.
86144f0d3b814c1d8c013f7aade6c55d,9a76efc4c34e4bd7843206658dc45454,105,35,70,9a76efc4c34e4bd7843206658dc45454->86144f0d3b814c1d8c013f7aade6c55d,0.6667,mixto,Sernac - Portal del consumidor - Servicio Nacional del Consumidor,Portal Ciudadano ClaveÚnica - Secretaría de Gobierno Digital
347178b052294153af290d6a84589868,67eb30db49f240b08ab2b3f422f92cdf,104,61,43,347178b052294153af290d6a84589868->67eb30db49f240b08ab2b3f422f92cdf,0.5865,mixto,Mi Fiscalía en Línea - Ministerio Público,Portal MiDT - Dirección del Trabajo
558b533275bd41bca3094acb6a85113a,ac7a1bf135744666be846c5bffff7cc8,104,85,19,558b533275bd41bca3094acb6a85113a->ac7a1bf135744666be846c5bffff7cc8,0.8173,mixto,Servicio de Evaluación Ambiental - Servicio de Evaluación Ambiental,Servicio de Evaluacion Ambiental - SERVICIO DE EVALUACION AMBIENTAL
123,74e60dc3bc26493d81088e4d322b7c39,104,66,38,123->74e60dc3bc26493d81088e4d322b7c39,0.6346,mixto,Registro Civil - SRCeI,SignPass - BPO Advisors SpA
123,6bcf44d8a73c473cb78f0cb92508a232,104,40,64,6bcf44d8a73c473cb78f0cb92508a232->123,0.6154,mixto,Registro Civil - SRCeI,6bcf44d8a73c473cb78f0cb92508a232
123,ef1dd1f1a5b94d0eacb669f7b3ec2911,104,49,55,ef1dd1f1a5b94d0eacb669f7b3ec2911->123,0.5288,mixto,Registro Civil - SRCeI,Mi Crédito CAE - Comisión Administradora del Sistema de Créditos para Estudios Superiores
4a94478dd25f4430a0a023b87e11170d,64d9be8046574fbfbc1fb14c9912afea,104,84,20,4a94478dd25f4430a0a023b87e11170d->64d9be8046574fbfbc1fb14c9912afea,0.8077,mixto,Milicenciamedica.cl - Subsecretaría de Salud Pública,ASDigital - Ministerio de salud
94d27864f86d422faa68efccb908cc34,dd7629fec91f4599b3cf8c0dd0b984ac,104,44,60,dd7629fec91f4599b3cf8c0dd0b984ac->94d27864f86d422faa68efccb908cc34,0.5769,mixto,94d27864f86d422faa68efccb908cc34,Sucursal Virtual FONASA - Fondo Nacional de Salud
3468d450481e44aaaf10e7c9b43ed7c7,6daae6995cb245348bb2b5432ccc9948,103,18,85,6daae6995cb245348bb2b5432ccc9948->3468d450481e44aaaf10e7c9b43ed7c7,0.8252,mixto,SVIP - Dirección General del Territorio Marítimo y Marina Mercante,DIRECTEMAR - Dirección General del Territorio Marítimo y Marina Mercante
123,2e0f9d54f6534336a19fffacd7b6af40,103,37,66,2e0f9d54f6534336a19fffacd7b6af40->123,0.6408,mixto,Registro Civil - SRCeI,Sitio Web UNO Privado - AFP Uno
279bdc4889564edba8ec3d808a74db1a,b972e814004e4624a566f308901cca7c,102,33,69,b972e814004e4624a566f308901cca7c->279bdc4889564edba8ec3d808a74db1a,0.6765,mixto,docdigital - docdigital,DocDigital Versión 3 - Subsecretaría General de la Presidencia de la República
cb9e2b9dd1cd44c5b7d4fdcfbbf3f5e0,dd7629fec91f4599b3cf8c0dd0b984ac,102,48,54,dd7629fec91f4599b3cf8c0dd0b984ac->cb9e2b9dd1cd44c5b7d4fdcfbbf3f5e0,0.5294,mixto,Portal Usuario 2.0 - Subsecretaría de Justicia,Sucursal Virtual FONASA - Fondo Nacional de Salud
347178b052294153af290d6a84589868,6a322ad743e3464bae56d2d9b180078a,102,71,31,347178b052294153af290d6a84589868->6a322ad743e3464bae56d2d9b180078a,0.6961,mixto,Mi Fiscalía en Línea - Ministerio Público,6a322ad743e3464bae56d2d9b180078a
123,a7925c7ee6674a30ae9f3f4045785095,102,47,55,a7925c7ee6674a30ae9f3f4045785095->123,0.5392,mixto,Registro Civil - SRCeI,Gestión Documental - Ilustre Municipalidad de Peñalolén
6a322ad743e3464bae56d2d9b180078a,ee00832abfba40b38335ce48a12981b5,101,56,45,6a322ad743e3464bae56d2d9b180078a->ee00832abfba40b38335ce48a12981b5,0.5545,mixto,6a322ad743e3464bae56d2d9b180078a,Autenticacion Nube  Privada - Servicio de Impuestos Internos
347178b052294153af290d6a84589868,ffaec74bfd414f8394bab077a989e27f,101,34,67,ffaec74bfd414f8394bab077a989e27f->347178b052294153af290d6a84589868,0.6634,mixto,Mi Fiscalía en Línea - Ministerio Público,miChileAtiende - Instituto de Previsión Social
91f3f86897ff4ae39e50cbd7035fa8af,ffaec74bfd414f8394bab077a989e27f,101,22,79,ffaec74bfd414f8394bab077a989e27f->91f3f86897ff4ae39e50cbd7035fa8af,0.7822,mixto,APIs Receta Electrónica - Subsecretaría de Salud Pública,miChileAtiende - Instituto de Previsión Social
fb3957569a8d49528c3571bcb4703f55,ffaec74bfd414f8394bab077a989e27f,100,36,64,ffaec74bfd414f8394bab077a989e27f->fb3957569a8d49528c3571bcb4703f55,0.64,mixto,MINVU - Subsecretaría de Vivienda y Urbanismo,miChileAtiende - Instituto de Previsión Social
123,ae54454684154c25bd33c6e04609652b,100,47,53,ae54454684154c25bd33c6e04609652b->123,0.53,mixto,Registro Civil - SRCeI,Sistema de Apelación Contra de Isapres - Subsecretaría de Salud Pública
b972e814004e4624a566f308901cca7c,eaf8f2b0ccd04cf2a7bfcf357fe88ca2,100,43,57,eaf8f2b0ccd04cf2a7bfcf357fe88ca2->b972e814004e4624a566f308901cca7c,0.57,mixto,DocDigital Versión 3 - Subsecretaría General de la Presidencia de la República,Empleos Públicos - Servicio Civil
94d27864f86d422faa68efccb908cc34,ffaec74bfd414f8394bab077a989e27f,100,42,58,ffaec74bfd414f8394bab077a989e27f->94d27864f86d422faa68efccb908cc34,0.58,mixto,94d27864f86d422faa68efccb908cc34,miChileAtiende - Instituto de Previsión Social
347178b052294153af290d6a84589868,94d27864f86d422faa68efccb908cc34,99,63,36,347178b052294153af290d6a84589868->94d27864f86d422faa68efccb908cc34,0.6364,mixto,Mi Fiscalía en Línea - Ministerio Público,94d27864f86d422faa68efccb908cc34
cb9e2b9dd1cd44c5b7d4fdcfbbf3f5e0,e8dde9d26979498786c6ba5a82f70ad3,99,52,47,cb9e2b9dd1cd44c5b7d4fdcfbbf3f5e0->e8dde9d26979498786c6ba5a82f70ad3,0.5253,mixto,Portal Usuario 2.0 - Subsecretaría de Justicia,"undefined - Sociedad Administradora de Fondos de Cesantía de Chile II S.A., AFC Chile"
c13d78fe65b94d05ad83b59494767b9f,d602a0071f3f4db8b37a87cffd89bf23,99,50,49,c13d78fe65b94d05ad83b59494767b9f->d602a0071f3f4db8b37a87cffd89bf23,0.5051,mixto,Beneficios Personal - Gendarmería de Chile,PJUD - PODER JUDICIAL
9a76efc4c34e4bd7843206658dc45454,eaf8f2b0ccd04cf2a7bfcf357fe88ca2,99,61,38,9a76efc4c34e4bd7843206658dc45454->eaf8f2b0ccd04cf2a7bfcf357fe88ca2,0.6162,mixto,Portal Ciudadano ClaveÚnica - Secretaría de Gobierno Digital,Empleos Públicos - Servicio Civil
2549b51828ce40af920a932dd2102217,fb3957569a8d49528c3571bcb4703f55,99,25,74,fb3957569a8d49528c3571bcb4703f55->2549b51828ce40af920a932dd2102217,0.7475,mixto,undefined - Servicio de Impuestos Internos,MINVU - Subsecretaría de Vivienda y Urbanismo
2549b51828ce40af920a932dd2102217,dc821110e3f34bf3984d61955ced2e69,98,57,41,2549b51828ce40af920a932dd2102217->dc821110e3f34bf3984d61955ced2e69,0.5816,mixto,undefined - Servicio de Impuestos Internos,Licencia de Conducir Digital - Subsecretaría de Transportes
01b56ab5b9be43e19fa06300994787ec,1ad6835586034de0b29f4a402b182c6c,98,59,39,01b56ab5b9be43e19fa06300994787ec->1ad6835586034de0b29f4a402b182c6c,0.602,mixto,Bitácora Web - Ministerio Público,Comisaría Virtual 2 - Carabineros de Chile
79bvfghg9a0a8tm25d16sddg7d61d4710,e8dde9d26979498786c6ba5a82f70ad3,96,45,51,e8dde9d26979498786c6ba5a82f70ad3->79bvfghg9a0a8tm25d16sddg7d61d4710,0.5312,mixto,Extranjeria - Secretaría de Gobierno Digital,"undefined - Sociedad Administradora de Fondos de Cesantía de Chile II S.A., AFC Chile"
e9d3577612dd49c3b62b654e33dccefb,f883bd6d70b043a09837e8b888fe3f65,95,22,73,f883bd6d70b043a09837e8b888fe3f65->e9d3577612dd49c3b62b654e33dccefb,0.7684,mixto,AutenticacionAccesoParaFirma - Certinet S.A.,undefined - Subsecretaría de Economía y Empresas de Menor Tamaño
2c12290764aa4f67ba25e9cf801bd06c,38b3f29fe39b4e87b5f7982165de8cf1,95,86,9,2c12290764aa4f67ba25e9cf801bd06c->38b3f29fe39b4e87b5f7982165de8cf1,0.9053,consistente,Servel - Servicio Electoral,Portal Servel - Servicio Electoral
67339e06f4b44f78994ff4785178807a,86144f0d3b814c1d8c013f7aade6c55d,95,47,48,86144f0d3b814c1d8c013f7aade6c55d->67339e06f4b44f78994ff4785178807a,0.5053,mixto,Mercado+Público - Dirección de Compras y Contratación Pública,Sernac - Portal del consumidor - Servicio Nacional del Consumidor
942d80695ebe4218af105e03e6622f49,b972e814004e4624a566f308901cca7c,94,43,51,b972e814004e4624a566f308901cca7c->942d80695ebe4218af105e03e6622f49,0.5426,mixto,Catálogo CPAT - Secretaría de Gobierno Digital,DocDigital Versión 3 - Subsecretaría General de la Presidencia de la República
6a322ad743e3464bae56d2d9b180078a,86144f0d3b814c1d8c013f7aade6c55d,94,44,50,86144f0d3b814c1d8c013f7aade6c55d->6a322ad743e3464bae56d2d9b180078a,0.5319,mixto,6a322ad743e3464bae56d2d9b180078a,Sernac - Portal del consumidor - Servicio Nacional del Consumidor
4a94478dd25f4430a0a023b87e11170d,eaf8f2b0ccd04cf2a7bfcf357fe88ca2,94,55,39,4a94478dd25f4430a0a023b87e11170d->eaf8f2b0ccd04cf2a7bfcf357fe88ca2,0.5851,mixto,Milicenciamedica.cl - Subsecretaría de Salud Pública,Empleos Públicos - Servicio Civil
2549b51828ce40af920a932dd2102217,c5b83bbfa22c4c31a5743485b4c6e524,94,46,48,c5b83bbfa22c4c31a5743485b4c6e524->2549b51828ce40af920a932dd2102217,0.5106,mixto,undefined - Servicio de Impuestos Internos,Bolsa Nacional de Empleo - Subsecretaría del Trabajo
94d27864f86d422faa68efccb908cc34,f883bd6d70b043a09837e8b888fe3f65,94,42,52,f883bd6d70b043a09837e8b888fe3f65->94d27864f86d422faa68efccb908cc34,0.5532,mixto,94d27864f86d422faa68efccb908cc34,undefined - Subsecretaría de Economía y Empresas de Menor Tamaño
123,4ef0ced873174ee9afc306e414132c72,93,50,43,123->4ef0ced873174ee9afc306e414132c72,0.5376,mixto,Registro Civil - SRCeI,Carabineros de Chile - Cerofilas - Carabineros de Chile
cd28f604c0b947398b97af66908be0b6,d602a0071f3f4db8b37a87cffd89bf23,93,18,75,d602a0071f3f4db8b37a87cffd89bf23->cd28f604c0b947398b97af66908be0b6,0.8065,mixto,TDLC Chile - Tribunal de Defensa de la Libre Competencia,PJUD - PODER JUDICIAL
dc821110e3f34bf3984d61955ced2e69,e8dde9d26979498786c6ba5a82f70ad3,93,39,54,e8dde9d26979498786c6ba5a82f70ad3->dc821110e3f34bf3984d61955ced2e69,0.5806,mixto,Licencia de Conducir Digital - Subsecretaría de Transportes,"undefined - Sociedad Administradora de Fondos de Cesantía de Chile II S.A., AFC Chile"
123,3346db58cd2d474fbcf63e827462b85d,93,53,40,123->3346db58cd2d474fbcf63e827462b85d,0.5699,mixto,Registro Civil - SRCeI,Single Sign-On - Subsecretaría de Evaluación Social
209ce526160947f0b398566cd4cbfd0d,495c261c0f484bd08e232f7358452c4d,92,58,34,209ce526160947f0b398566cd4cbfd0d->495c261c0f484bd08e232f7358452c4d,0.6304,mixto,Portal de Aplicaciones Sence - Servicio Nacional de Capacitacion y Empleo,undefined - Comisión para el Mercado Financiero
495c261c0f484bd08e232f7358452c4d,67eb30db49f240b08ab2b3f422f92cdf,92,47,45,495c261c0f484bd08e232f7358452c4d->67eb30db49f240b08ab2b3f422f92cdf,0.5109,mixto,undefined - Comisión para el Mercado Financiero,Portal MiDT - Dirección del Trabajo
67eb30db49f240b08ab2b3f422f92cdf,68244c73eb7a429a9c70a3dbf247293f,92,51,41,67eb30db49f240b08ab2b3f422f92cdf->68244c73eb7a429a9c70a3dbf247293f,0.5543,mixto,Portal MiDT - Dirección del Trabajo,Bolsa nacional de empleo - Subsecretaría del Trabajo
67eb30db49f240b08ab2b3f422f92cdf,ee00832abfba40b38335ce48a12981b5,92,38,54,ee00832abfba40b38335ce48a12981b5->67eb30db49f240b08ab2b3f422f92cdf,0.587,mixto,Portal MiDT - Dirección del Trabajo,Autenticacion Nube  Privada - Servicio de Impuestos Internos
3346db58cd2d474fbcf63e827462b85d,c82f84bf3f2b451393445a0cb6883665,92,50,42,3346db58cd2d474fbcf63e827462b85d->c82f84bf3f2b451393445a0cb6883665,0.5435,mixto,Single Sign-On - Subsecretaría de Evaluación Social,Ventanilla Única Social - Subsecretaría de Evaluación Social
645a4f092abd49f0820b8a5507e3dea0,d602a0071f3f4db8b37a87cffd89bf23,91,33,58,d602a0071f3f4db8b37a87cffd89bf23->645a4f092abd49f0820b8a5507e3dea0,0.6374,mixto,Sistema Servicios en línea - Caja de Previsión de la Defensa Nacional,PJUD - PODER JUDICIAL
38b3f29fe39b4e87b5f7982165de8cf1,6e12533e73a048efa8bcc0a30f2b7684,91,19,72,6e12533e73a048efa8bcc0a30f2b7684->38b3f29fe39b4e87b5f7982165de8cf1,0.7912,mixto,Portal Servel - Servicio Electoral,Dirección General de Movilización Nacional - Dirección General de Movilización Nacional
856e64720e4f47afa86454cee150efd5,d602a0071f3f4db8b37a87cffd89bf23,91,30,61,d602a0071f3f4db8b37a87cffd89bf23->856e64720e4f47afa86454cee150efd5,0.6703,mixto,Superintendencia de Educación Superior - Superintendencia de educacion superior,PJUD - PODER JUDICIAL
4060f34dc33042fda53efdfd0594b679,eaf8f2b0ccd04cf2a7bfcf357fe88ca2,91,39,52,eaf8f2b0ccd04cf2a7bfcf357fe88ca2->4060f34dc33042fda53efdfd0594b679,0.5714,mixto,Capacitación ChileCompra - Dirección ChileCompra,Empleos Públicos - Servicio Civil
01b56ab5b9be43e19fa06300994787ec,9a76efc4c34e4bd7843206658dc45454,90,25,65,9a76efc4c34e4bd7843206658dc45454->01b56ab5b9be43e19fa06300994787ec,0.7222,mixto,Bitácora Web - Ministerio Público,Portal Ciudadano ClaveÚnica - Secretaría de Gobierno Digital
64d9be8046574fbfbc1fb14c9912afea,6daae6995cb245348bb2b5432ccc9948,90,51,39,64d9be8046574fbfbc1fb14c9912afea->6daae6995cb245348bb2b5432ccc9948,0.5667,mixto,ASDigital - Ministerio de salud,DIRECTEMAR - Dirección General del Territorio Marítimo y Marina Mercante
239b1152a21a4cebb35b2a9dc02b10a9,3a631284571347bf8acba49209e63034,90,48,42,239b1152a21a4cebb35b2a9dc02b10a9->3a631284571347bf8acba49209e63034,0.5333,mixto,Agencia de Calidad de la Educación - MINISTERIO DE EDUCACION,Gesparvu Junji - Junta Nacional de Jardines Infantiles
e8dde9d26979498786c6ba5a82f70ad3,ef1dd1f1a5b94d0eacb669f7b3ec2911,90,34,56,ef1dd1f1a5b94d0eacb669f7b3ec2911->e8dde9d26979498786c6ba5a82f70ad3,0.6222,mixto,"undefined - Sociedad Administradora de Fondos de Cesantía de Chile II S.A., AFC Chile",Mi Crédito CAE - Comisión Administradora del Sistema de Créditos para Estudios Superiores
9a76efc4c34e4bd7843206658dc45454,ef1dd1f1a5b94d0eacb669f7b3ec2911,90,58,32,9a76efc4c34e4bd7843206658dc45454->ef1dd1f1a5b94d0eacb669f7b3ec2911,0.6444,mixto,Portal Ciudadano ClaveÚnica - Secretaría de Gobierno Digital,Mi Crédito CAE - Comisión Administradora del Sistema de Créditos para Estudios Superiores
78b147a9c73f4d6d8f6d1e0f0b082556,e8dde9d26979498786c6ba5a82f70ad3,89,32,57,e8dde9d26979498786c6ba5a82f70ad3->78b147a9c73f4d6d8f6d1e0f0b082556,0.6404,mixto,Afiliación voluntaria en AFC - Administradora de Fondos de Cesantía,"undefined - Sociedad Administradora de Fondos de Cesantía de Chile II S.A., AFC Chile"
4a94478dd25f4430a0a023b87e11170d,c5b83bbfa22c4c31a5743485b4c6e524,89,49,40,4a94478dd25f4430a0a023b87e11170d->c5b83bbfa22c4c31a5743485b4c6e524,0.5506,mixto,Milicenciamedica.cl - Subsecretaría de Salud Pública,Bolsa Nacional de Empleo - Subsecretaría del Trabajo
8c4b94e7835b495e90eeca57d62cd1ff,ae412e532f1a48428bd0c5ad1f02f816,89,52,37,8c4b94e7835b495e90eeca57d62cd1ff->ae412e532f1a48428bd0c5ad1f02f816,0.5843,mixto,Intranet SEIM - Subsecretaría de Transportes,Sistema de gestión de licencia - Subsecretaría de Transportes
0a750e36725e495ba32bd43a5f170724,c82f84bf3f2b451393445a0cb6883665,88,46,42,0a750e36725e495ba32bd43a5f170724->c82f84bf3f2b451393445a0cb6883665,0.5227,mixto,FUAS-Mineduc - Subsecretaría de Educación,Ventanilla Única Social - Subsecretaría de Evaluación Social
4a94478dd25f4430a0a023b87e11170d,fb3957569a8d49528c3571bcb4703f55,88,50,38,4a94478dd25f4430a0a023b87e11170d->fb3957569a8d49528c3571bcb4703f55,0.5682,mixto,Milicenciamedica.cl - Subsecretaría de Salud Pública,MINVU - Subsecretaría de Vivienda y Urbanismo
0faae9b6b5084555a1873eff484b4d9c,123,88,44,44,0faae9b6b5084555a1873eff484b4d9c->123,0.5,mixto,Agendamiento Licencia Conducir - Municipalidad de Puente Alto,Registro Civil - SRCeI
123,3af2d18b09e6443fa289e956fc10669f,88,33,55,3af2d18b09e6443fa289e956fc10669f->123,0.625,mixto,Registro Civil - SRCeI,Red Movilidad - Subsecretaría de Transportes
1bb1657eb2eb43808f0529810258aa3b,67339e06f4b44f78994ff4785178807a,88,46,42,1bb1657eb2eb43808f0529810258aa3b->67339e06f4b44f78994ff4785178807a,0.5227,mixto,Autenticación Sistemas DPP - Defensoría Penal Pública,Mercado+Público - Dirección de Compras y Contratación Pública
123,d0b1e3a4c2434e65be47566dcc3e2ee0,88,44,44,123->d0b1e3a4c2434e65be47566dcc3e2ee0,0.5,mixto,Registro Civil - SRCeI,Municipalidad de Los Angeles - Ilustre Municipalidad de Los Angeles
d602a0071f3f4db8b37a87cffd89bf23,e49052056b49428b86e0e8972a273c89,88,70,18,d602a0071f3f4db8b37a87cffd89bf23->e49052056b49428b86e0e8972a273c89,0.7955,mixto,PJUD - PODER JUDICIAL,Consejo de Defensa del Estado - CONSEJO DE DEFENZA DEL ESTADO
7249a9adb1c343aba8db068dbe0c3795,ffaec74bfd414f8394bab077a989e27f,88,48,40,7249a9adb1c343aba8db068dbe0c3795->ffaec74bfd414f8394bab077a989e27f,0.5455,mixto,Simple Trámites - Subsecretaría de Evaluación Social,miChileAtiende - Instituto de Previsión Social
4a94478dd25f4430a0a023b87e11170d,9ae54d261e454c93ae1c2cdec0fd03e6,88,40,48,9ae54d261e454c93ae1c2cdec0fd03e6->4a94478dd25f4430a0a023b87e11170d,0.5455,mixto,Milicenciamedica.cl - Subsecretaría de Salud Pública,Login certificado afiliacion - Fondo Nacional de Salud
79bvfghg9a0a8tm25d16sddg7d61d4710,94d27864f86d422faa68efccb908cc34,87,54,33,79bvfghg9a0a8tm25d16sddg7d61d4710->94d27864f86d422faa68efccb908cc34,0.6207,mixto,Extranjeria - Secretaría de Gobierno Digital,94d27864f86d422faa68efccb908cc34
6a322ad743e3464bae56d2d9b180078a,b972e814004e4624a566f308901cca7c,87,52,35,6a322ad743e3464bae56d2d9b180078a->b972e814004e4624a566f308901cca7c,0.5977,mixto,6a322ad743e3464bae56d2d9b180078a,DocDigital Versión 3 - Subsecretaría General de la Presidencia de la República
4a94478dd25f4430a0a023b87e11170d,b15e46acff6b4a7487ad18cdac3a21d0,87,42,45,b15e46acff6b4a7487ad18cdac3a21d0->4a94478dd25f4430a0a023b87e11170d,0.5172,mixto,Milicenciamedica.cl - Subsecretaría de Salud Pública,Hospital Sotero del Río - Servicio Salud Metropolitano Sur Oriente
285f4ab87d9a4484a4e8fa6e7db43fe6,ffaec74bfd414f8394bab077a989e27f,86,22,64,ffaec74bfd414f8394bab077a989e27f->285f4ab87d9a4484a4e8fa6e7db43fe6,0.7442,mixto,Sistema de Registro - Subsecretaría de Evaluación Social,miChileAtiende - Instituto de Previsión Social
01b56ab5b9be43e19fa06300994787ec,c82f84bf3f2b451393445a0cb6883665,86,53,33,01b56ab5b9be43e19fa06300994787ec->c82f84bf3f2b451393445a0cb6883665,0.6163,mixto,Bitácora Web - Ministerio Público,Ventanilla Única Social - Subsecretaría de Evaluación Social
67eb30db49f240b08ab2b3f422f92cdf,86144f0d3b814c1d8c013f7aade6c55d,86,38,48,86144f0d3b814c1d8c013f7aade6c55d->67eb30db49f240b08ab2b3f422f92cdf,0.5581,mixto,Portal MiDT - Dirección del Trabajo,Sernac - Portal del consumidor - Servicio Nacional del Consumidor
e8dde9d26979498786c6ba5a82f70ad3,f883bd6d70b043a09837e8b888fe3f65,85,49,36,e8dde9d26979498786c6ba5a82f70ad3->f883bd6d70b043a09837e8b888fe3f65,0.5765,mixto,"undefined - Sociedad Administradora de Fondos de Cesantía de Chile II S.A., AFC Chile",undefined - Subsecretaría de Economía y Empresas de Menor Tamaño
b972e814004e4624a566f308901cca7c,c7898e94d376496db2a6d220f486db47,85,31,54,c7898e94d376496db2a6d220f486db47->b972e814004e4624a566f308901cca7c,0.6353,mixto,DocDigital Versión 3 - Subsecretaría General de la Presidencia de la República,Sistemas Internos - Subsecretaría de Bienes Nacionales
1ad6835586034de0b29f4a402b182c6c,4a94478dd25f4430a0a023b87e11170d,85,41,44,4a94478dd25f4430a0a023b87e11170d->1ad6835586034de0b29f4a402b182c6c,0.5176,mixto,Comisaría Virtual 2 - Carabineros de Chile,Milicenciamedica.cl - Subsecretaría de Salud Pública
5492b6e4db6948aca469c21d05b18721,d602a0071f3f4db8b37a87cffd89bf23,85,42,43,d602a0071f3f4db8b37a87cffd89bf23->5492b6e4db6948aca469c21d05b18721,0.5059,mixto,Ley del Lobby - Comisión para la Integridad PÚblica y Transparencia,PJUD - PODER JUDICIAL
123,9c9359fefd164d388f8a5edc2bac301e,85,52,33,123->9c9359fefd164d388f8a5edc2bac301e,0.6118,mixto,Registro Civil - SRCeI,Contraloría - Contraloría General de la República
1eec93924a1046efbad70c851782ab8a,d5dac98442bb425ba884809990aa064d,85,34,51,d5dac98442bb425ba884809990aa064d->1eec93924a1046efbad70c851782ab8a,0.6,mixto,Trámites INAPI - Instituto Nacional de Propiedad Industrial,Sistema Gestión Expedientes - Subsecretaría de Economía y Empresas de Menor Tamaño
2ae2ca1a377048a58815f54a432f8a21,d602a0071f3f4db8b37a87cffd89bf23,84,32,52,d602a0071f3f4db8b37a87cffd89bf23->2ae2ca1a377048a58815f54a432f8a21,0.619,mixto,Portal Paciente - Subsecretaría de Redes Asistenciales,PJUD - PODER JUDICIAL
4a94478dd25f4430a0a023b87e11170d,86144f0d3b814c1d8c013f7aade6c55d,84,43,41,4a94478dd25f4430a0a023b87e11170d->86144f0d3b814c1d8c013f7aade6c55d,0.5119,mixto,Milicenciamedica.cl - Subsecretaría de Salud Pública,Sernac - Portal del consumidor - Servicio Nacional del Consumidor
123,894c246eb00a482da371617f75149e30,84,11,73,894c246eb00a482da371617f75149e30->123,0.869,mixto,Registro Civil - SRCeI,Contraloria General de la Republica - CONTRALORIA
c82f84bf3f2b451393445a0cb6883665,dfd423dde87b47d382b736a15a36ac68,84,25,59,dfd423dde87b47d382b736a15a36ac68->c82f84bf3f2b451393445a0cb6883665,0.7024,mixto,Ventanilla Única Social - Subsecretaría de Evaluación Social,App La Florida - Municipalidad de La Florida
2549b51828ce40af920a932dd2102217,ae54454684154c25bd33c6e04609652b,83,27,56,ae54454684154c25bd33c6e04609652b->2549b51828ce40af920a932dd2102217,0.6747,mixto,undefined - Servicio de Impuestos Internos,Sistema de Apelación Contra de Isapres - Subsecretaría de Salud Pública
1eec93924a1046efbad70c851782ab8a,68b13a1228424526b43e2f78716efd3b,83,43,40,1eec93924a1046efbad70c851782ab8a->68b13a1228424526b43e2f78716efd3b,0.5181,mixto,Trámites INAPI - Instituto Nacional de Propiedad Industrial,Pagos Diario Oficial - Subsecretaría del Interior
6a322ad743e3464bae56d2d9b180078a,eaf8f2b0ccd04cf2a7bfcf357fe88ca2,83,40,43,eaf8f2b0ccd04cf2a7bfcf357fe88ca2->6a322ad743e3464bae56d2d9b180078a,0.5181,mixto,6a322ad743e3464bae56d2d9b180078a,Empleos Públicos - Servicio Civil
0de46482bc4d409c86f652534e4b47eb,d602a0071f3f4db8b37a87cffd89bf23,83,39,44,d602a0071f3f4db8b37a87cffd89bf23->0de46482bc4d409c86f652534e4b47eb,0.5301,mixto,documentos - cyberdocs - Servicio Nacional del Patrimonio Cultural,PJUD - PODER JUDICIAL
2ff516ac74a44ebfa3a522adbde28a0f,c82f84bf3f2b451393445a0cb6883665,83,32,51,c82f84bf3f2b451393445a0cb6883665->2ff516ac74a44ebfa3a522adbde28a0f,0.6145,mixto,E-Sign ClaveÚnica - ESIGN S.A.,Ventanilla Única Social - Subsecretaría de Evaluación Social
4234d86a351e4a7e9ea293e33836ae45,67eb30db49f240b08ab2b3f422f92cdf,82,82,0,4234d86a351e4a7e9ea293e33836ae45->67eb30db49f240b08ab2b3f422f92cdf,1.0,consistente,Oficina Virtual DGA - Dirección General de Aguas,Portal MiDT - Dirección del Trabajo
2549b51828ce40af920a932dd2102217,dcd0b6134a8846c1ac7171f8530945ab,82,35,47,dcd0b6134a8846c1ac7171f8530945ab->2549b51828ce40af920a932dd2102217,0.5732,mixto,undefined - Servicio de Impuestos Internos,Identidad Única - Ministerio de Vivienda y Urbanismo - Subsecretaría de Vivienda y Urbanismo
399e7fc266894562850261cfbc06b992,4f22549f9d3a443cb041c0e55395dbf1,82,43,39,399e7fc266894562850261cfbc06b992->4f22549f9d3a443cb041c0e55395dbf1,0.5244,mixto,Denuncia en Linea - Ministerio Público,Comisaría Virtual Denuncias - Carabineros de Chile
347178b052294153af290d6a84589868,91f3f86897ff4ae39e50cbd7035fa8af,82,48,34,347178b052294153af290d6a84589868->91f3f86897ff4ae39e50cbd7035fa8af,0.5854,mixto,Mi Fiscalía en Línea - Ministerio Público,APIs Receta Electrónica - Subsecretaría de Salud Pública
6d52b87b5a964c61ad7e28afd9499f18,9a76efc4c34e4bd7843206658dc45454,82,49,33,6d52b87b5a964c61ad7e28afd9499f18->9a76efc4c34e4bd7843206658dc45454,0.5976,mixto,Mis Trámites CGR - Contraloría General de la República,Portal Ciudadano ClaveÚnica - Secretaría de Gobierno Digital
9c9359fefd164d388f8a5edc2bac301e,fe1194092c934e70b824f3014a2f020d,82,30,52,fe1194092c934e70b824f3014a2f020d->9c9359fefd164d388f8a5edc2bac301e,0.6341,mixto,Contraloría - Contraloría General de la República,Portal Único de Fondos Concursables del Estado - Subsecretaría General de Gobierno
2549b51828ce40af920a932dd2102217,cb9e2b9dd1cd44c5b7d4fdcfbbf3f5e0,81,35,46,cb9e2b9dd1cd44c5b7d4fdcfbbf3f5e0->2549b51828ce40af920a932dd2102217,0.5679,mixto,undefined - Servicio de Impuestos Internos,Portal Usuario 2.0 - Subsecretaría de Justicia
6d52b87b5a964c61ad7e28afd9499f18,dd7629fec91f4599b3cf8c0dd0b984ac,81,79,2,6d52b87b5a964c61ad7e28afd9499f18->dd7629fec91f4599b3cf8c0dd0b984ac,0.9753,consistente,Mis Trámites CGR - Contraloría General de la República,Sucursal Virtual FONASA - Fondo Nacional de Salud
c82f84bf3f2b451393445a0cb6883665,dcd0b6134a8846c1ac7171f8530945ab,80,45,35,c82f84bf3f2b451393445a0cb6883665->dcd0b6134a8846c1ac7171f8530945ab,0.5625,mixto,Ventanilla Única Social - Subsecretaría de Evaluación Social,Identidad Única - Ministerio de Vivienda y Urbanismo - Subsecretaría de Vivienda y Urbanismo
123,645a4f092abd49f0820b8a5507e3dea0,80,36,44,645a4f092abd49f0820b8a5507e3dea0->123,0.55,mixto,Registro Civil - SRCeI,Sistema Servicios en línea - Caja de Previsión de la Defensa Nacional
9a76efc4c34e4bd7843206658dc45454,9ae54d261e454c93ae1c2cdec0fd03e6,80,64,16,9a76efc4c34e4bd7843206658dc45454->9ae54d261e454c93ae1c2cdec0fd03e6,0.8,mixto,Portal Ciudadano ClaveÚnica - Secretaría de Gobierno Digital,Login certificado afiliacion - Fondo Nacional de Salud
3af2d18b09e6443fa289e956fc10669f,d602a0071f3f4db8b37a87cffd89bf23,80,34,46,d602a0071f3f4db8b37a87cffd89bf23->3af2d18b09e6443fa289e956fc10669f,0.575,mixto,Red Movilidad - Subsecretaría de Transportes,PJUD - PODER JUDICIAL
b972e814004e4624a566f308901cca7c,d69a36460b0c4bee9cdc5fd2f58e6a0e,80,31,49,d69a36460b0c4bee9cdc5fd2f58e6a0e->b972e814004e4624a566f308901cca7c,0.6125,mixto,DocDigital Versión 3 - Subsecretaría General de la Presidencia de la República,SGMAULE - Servicio de Salud Maule
430f7e4799cf4b2581c70a60115bbbed,91f3f86897ff4ae39e50cbd7035fa8af,79,39,40,91f3f86897ff4ae39e50cbd7035fa8af->430f7e4799cf4b2581c70a60115bbbed,0.5063,mixto,Ingreso solicitudes DT - Subsecretaría de Salud Pública,APIs Receta Electrónica - Subsecretaría de Salud Pública
d602a0071f3f4db8b37a87cffd89bf23,dcd0b6134a8846c1ac7171f8530945ab,79,53,26,d602a0071f3f4db8b37a87cffd89bf23->dcd0b6134a8846c1ac7171f8530945ab,0.6709,mixto,PJUD - PODER JUDICIAL,Identidad Única - Ministerio de Vivienda y Urbanismo - Subsecretaría de Vivienda y Urbanismo
67339e06f4b44f78994ff4785178807a,88d08ee1a5384a7fbe4bfddb8928ce82,79,33,46,88d08ee1a5384a7fbe4bfddb8928ce82->67339e06f4b44f78994ff4785178807a,0.5823,mixto,Mercado+Público - Dirección de Compras y Contratación Pública,Sistema Midas - Subsecretaría de Salud Pública
64d9be8046574fbfbc1fb14c9912afea,9a76efc4c34e4bd7843206658dc45454,79,19,60,9a76efc4c34e4bd7843206658dc45454->64d9be8046574fbfbc1fb14c9912afea,0.7595,mixto,ASDigital - Ministerio de salud,Portal Ciudadano ClaveÚnica - Secretaría de Gobierno Digital
b1b009877e0c4e0790fd92559d853d69,dd7629fec91f4599b3cf8c0dd0b984ac,79,34,45,dd7629fec91f4599b3cf8c0dd0b984ac->b1b009877e0c4e0790fd92559d853d69,0.5696,mixto,Mi Súper - Superintendencia de Salud,Sucursal Virtual FONASA - Fondo Nacional de Salud
e8dde9d26979498786c6ba5a82f70ad3,fb3957569a8d49528c3571bcb4703f55,78,37,41,fb3957569a8d49528c3571bcb4703f55->e8dde9d26979498786c6ba5a82f70ad3,0.5256,mixto,"undefined - Sociedad Administradora de Fondos de Cesantía de Chile II S.A., AFC Chile",MINVU - Subsecretaría de Vivienda y Urbanismo
97c4ca6968044bd0b8b151e7d41ef060,fb944d98fea445bda57de000993d3e25,78,6,72,fb944d98fea445bda57de000993d3e25->97c4ca6968044bd0b8b151e7d41ef060,0.9231,consistente,Servicios en Línea - Hospital Regional de Talca - Hospital Regional de Talca,Accede a tu Portal Paciente - Servicio de Salud Maule
347178b052294153af290d6a84589868,cb9e2b9dd1cd44c5b7d4fdcfbbf3f5e0,78,38,40,cb9e2b9dd1cd44c5b7d4fdcfbbf3f5e0->347178b052294153af290d6a84589868,0.5128,mixto,Mi Fiscalía en Línea - Ministerio Público,Portal Usuario 2.0 - Subsecretaría de Justicia
01b56ab5b9be43e19fa06300994787ec,6a322ad743e3464bae56d2d9b180078a,78,42,36,01b56ab5b9be43e19fa06300994787ec->6a322ad743e3464bae56d2d9b180078a,0.5385,mixto,Bitácora Web - Ministerio Público,6a322ad743e3464bae56d2d9b180078a
0faae9b6b5084555a1873eff484b4d9c,dfd423dde87b47d382b736a15a36ac68,78,48,30,0faae9b6b5084555a1873eff484b4d9c->dfd423dde87b47d382b736a15a36ac68,0.6154,mixto,Agendamiento Licencia Conducir - Municipalidad de Puente Alto,App La Florida - Municipalidad de La Florida
123,fb3957569a8d49528c3571bcb4703f55,78,39,39,123->fb3957569a8d49528c3571bcb4703f55,0.5,mixto,Registro Civil - SRCeI,MINVU - Subsecretaría de Vivienda y Urbanismo
67339e06f4b44f78994ff4785178807a,c52ceac3693c4644bb20f07dd8aa7103,77,33,44,c52ceac3693c4644bb20f07dd8aa7103->67339e06f4b44f78994ff4785178807a,0.5714,mixto,Mercado+Público - Dirección de Compras y Contratación Pública,Firma Electronica - Secretaría de Gobierno Digital
4234d86a351e4a7e9ea293e33836ae45,d602a0071f3f4db8b37a87cffd89bf23,77,56,21,4234d86a351e4a7e9ea293e33836ae45->d602a0071f3f4db8b37a87cffd89bf23,0.7273,mixto,Oficina Virtual DGA - Dirección General de Aguas,PJUD - PODER JUDICIAL
64d9be8046574fbfbc1fb14c9912afea,c567f19e4b0b409491faa28b331bf1d3,77,27,50,c567f19e4b0b409491faa28b331bf1d3->64d9be8046574fbfbc1fb14c9912afea,0.6494,mixto,ASDigital - Ministerio de salud,c567f19e4b0b409491faa28b331bf1d3
209ce526160947f0b398566cd4cbfd0d,fb3957569a8d49528c3571bcb4703f55,76,32,44,fb3957569a8d49528c3571bcb4703f55->209ce526160947f0b398566cd4cbfd0d,0.5789,mixto,Portal de Aplicaciones Sence - Servicio Nacional de Capacitacion y Empleo,MINVU - Subsecretaría de Vivienda y Urbanismo
123,7249a9adb1c343aba8db068dbe0c3795,76,35,41,7249a9adb1c343aba8db068dbe0c3795->123,0.5395,mixto,Registro Civil - SRCeI,Simple Trámites - Subsecretaría de Evaluación Social
4f22549f9d3a443cb041c0e55395dbf1,9a76efc4c34e4bd7843206658dc45454,76,15,61,9a76efc4c34e4bd7843206658dc45454->4f22549f9d3a443cb041c0e55395dbf1,0.8026,mixto,Comisaría Virtual Denuncias - Carabineros de Chile,Portal Ciudadano ClaveÚnica - Secretaría de Gobierno Digital
88d08ee1a5384a7fbe4bfddb8928ce82,b972e814004e4624a566f308901cca7c,76,47,29,88d08ee1a5384a7fbe4bfddb8928ce82->b972e814004e4624a566f308901cca7c,0.6184,mixto,Sistema Midas - Subsecretaría de Salud Pública,DocDigital Versión 3 - Subsecretaría General de la Presidencia de la República
2e0f9d54f6534336a19fffacd7b6af40,e8dde9d26979498786c6ba5a82f70ad3,76,33,43,e8dde9d26979498786c6ba5a82f70ad3->2e0f9d54f6534336a19fffacd7b6af40,0.5658,mixto,Sitio Web UNO Privado - AFP Uno,"undefined - Sociedad Administradora de Fondos de Cesantía de Chile II S.A., AFC Chile"
347178b052294153af290d6a84589868,eaf8f2b0ccd04cf2a7bfcf357fe88ca2,76,52,24,347178b052294153af290d6a84589868->eaf8f2b0ccd04cf2a7bfcf357fe88ca2,0.6842,mixto,Mi Fiscalía en Línea - Ministerio Público,Empleos Públicos - Servicio Civil
9ae54d261e454c93ae1c2cdec0fd03e6,d602a0071f3f4db8b37a87cffd89bf23,75,32,43,d602a0071f3f4db8b37a87cffd89bf23->9ae54d261e454c93ae1c2cdec0fd03e6,0.5733,mixto,Login certificado afiliacion - Fondo Nacional de Salud,PJUD - PODER JUDICIAL
1ad6835586034de0b29f4a402b182c6c,399e7fc266894562850261cfbc06b992,75,49,26,1ad6835586034de0b29f4a402b182c6c->399e7fc266894562850261cfbc06b992,0.6533,mixto,Comisaría Virtual 2 - Carabineros de Chile,Denuncia en Linea - Ministerio Público
31050e1a1dcb4c9899ba77be32449e54,d602a0071f3f4db8b37a87cffd89bf23,75,28,47,d602a0071f3f4db8b37a87cffd89bf23->31050e1a1dcb4c9899ba77be32449e54,0.6267,mixto,Bono electrónico y LME - Superintendencia de Seguridad Social,PJUD - PODER JUDICIAL
495c261c0f484bd08e232f7358452c4d,91f3f86897ff4ae39e50cbd7035fa8af,75,52,23,495c261c0f484bd08e232f7358452c4d->91f3f86897ff4ae39e50cbd7035fa8af,0.6933,mixto,undefined - Comisión para el Mercado Financiero,APIs Receta Electrónica - Subsecretaría de Salud Pública
16ffe077cc1a4b11a19bea91abce6f9c,67339e06f4b44f78994ff4785178807a,75,68,7,16ffe077cc1a4b11a19bea91abce6f9c->67339e06f4b44f78994ff4785178807a,0.9067,consistente,SIMEF v5 - Subsecretaría de Justicia,Mercado+Público - Dirección de Compras y Contratación Pública
a53d759fed7840a1b00e8d903669e8a1,ffaec74bfd414f8394bab077a989e27f,75,68,7,a53d759fed7840a1b00e8d903669e8a1->ffaec74bfd414f8394bab077a989e27f,0.9067,consistente,CasillaÚnica - Subsecretaría de Hacienda,miChileAtiende - Instituto de Previsión Social
a7709b21161d459298dc5dc58e77310b,ea62071feb644e4e81394dfa5c500ff3,75,47,28,a7709b21161d459298dc5dc58e77310b->ea62071feb644e4e81394dfa5c500ff3,0.6267,mixto,DIPRECA - Dirección de Previsión de Carabineros de Chile,DIPRECA - Dirección de Previsión de Carabineros de Chile
2549b51828ce40af920a932dd2102217,56da1c80cfea4a5b83326bfef271fc3e,75,32,43,56da1c80cfea4a5b83326bfef271fc3e->2549b51828ce40af920a932dd2102217,0.5733,mixto,undefined - Servicio de Impuestos Internos,Escritorio de Aplicaciones - Ministerio Público
08165f6182bc4dfc9dc1d7774508bbc6,91f3f86897ff4ae39e50cbd7035fa8af,74,21,53,91f3f86897ff4ae39e50cbd7035fa8af->08165f6182bc4dfc9dc1d7774508bbc6,0.7162,mixto,e-certchile - E-Cert Chile,APIs Receta Electrónica - Subsecretaría de Salud Pública
9a76efc4c34e4bd7843206658dc45454,c5b83bbfa22c4c31a5743485b4c6e524,74,29,45,c5b83bbfa22c4c31a5743485b4c6e524->9a76efc4c34e4bd7843206658dc45454,0.6081,mixto,Portal Ciudadano ClaveÚnica - Secretaría de Gobierno Digital,Bolsa Nacional de Empleo - Subsecretaría del Trabajo
209ce526160947f0b398566cd4cbfd0d,94d27864f86d422faa68efccb908cc34,74,38,36,209ce526160947f0b398566cd4cbfd0d->94d27864f86d422faa68efccb908cc34,0.5135,mixto,Portal de Aplicaciones Sence - Servicio Nacional de Capacitacion y Empleo,94d27864f86d422faa68efccb908cc34
645a4f092abd49f0820b8a5507e3dea0,6a322ad743e3464bae56d2d9b180078a,74,24,50,6a322ad743e3464bae56d2d9b180078a->645a4f092abd49f0820b8a5507e3dea0,0.6757,mixto,Sistema Servicios en línea - Caja de Previsión de la Defensa Nacional,6a322ad743e3464bae56d2d9b180078a
2ff516ac74a44ebfa3a522adbde28a0f,4234d86a351e4a7e9ea293e33836ae45,74,70,4,2ff516ac74a44ebfa3a522adbde28a0f->4234d86a351e4a7e9ea293e33836ae45,0.9459,consistente,E-Sign ClaveÚnica - ESIGN S.A.,Oficina Virtual DGA - Dirección General de Aguas
2ae2ca1a377048a58815f54a432f8a21,c82f84bf3f2b451393445a0cb6883665,74,40,34,2ae2ca1a377048a58815f54a432f8a21->c82f84bf3f2b451393445a0cb6883665,0.5405,mixto,Portal Paciente - Subsecretaría de Redes Asistenciales,Ventanilla Única Social - Subsecretaría de Evaluación Social
6d52b87b5a964c61ad7e28afd9499f18,ae4caa1cb2154cac89440f3fe18251cb,73,41,32,6d52b87b5a964c61ad7e28afd9499f18->ae4caa1cb2154cac89440f3fe18251cb,0.5616,mixto,Mis Trámites CGR - Contraloría General de la República,Ingreso de causas y escritos - Corporación Administrativa del Poder Judicial
a7709b21161d459298dc5dc58e77310b,c13d78fe65b94d05ad83b59494767b9f,73,41,32,a7709b21161d459298dc5dc58e77310b->c13d78fe65b94d05ad83b59494767b9f,0.5616,mixto,DIPRECA - Dirección de Previsión de Carabineros de Chile,Beneficios Personal - Gendarmería de Chile
123,1bb1657eb2eb43808f0529810258aa3b,73,46,27,123->1bb1657eb2eb43808f0529810258aa3b,0.6301,mixto,Registro Civil - SRCeI,Autenticación Sistemas DPP - Defensoría Penal Pública
2ff516ac74a44ebfa3a522adbde28a0f,91f3f86897ff4ae39e50cbd7035fa8af,73,27,46,91f3f86897ff4ae39e50cbd7035fa8af->2ff516ac74a44ebfa3a522adbde28a0f,0.6301,mixto,E-Sign ClaveÚnica - ESIGN S.A.,APIs Receta Electrónica - Subsecretaría de Salud Pública
123,39efc8cccc114c25bf2da1413ecf51a6,73,13,60,39efc8cccc114c25bf2da1413ecf51a6->123,0.8219,mixto,Registro Civil - SRCeI,Bloqueo de pasaporte en el Exterior - Ministerio de Relaciones Exteriores
0f33ab6447034fe49d1629353a119e47,fd595f24910c4126b7398b3e081af528,73,46,27,0f33ab6447034fe49d1629353a119e47->fd595f24910c4126b7398b3e081af528,0.6301,mixto,Superintendencia en Línea - Mi Portal - Superintendencia de Seguridad Social,Instituto Seguridad Laboral - Instituto Seguridad Laboral
67339e06f4b44f78994ff4785178807a,ae54454684154c25bd33c6e04609652b,72,34,38,ae54454684154c25bd33c6e04609652b->67339e06f4b44f78994ff4785178807a,0.5278,mixto,Mercado+Público - Dirección de Compras y Contratación Pública,Sistema de Apelación Contra de Isapres - Subsecretaría de Salud Pública
d602a0071f3f4db8b37a87cffd89bf23,e423b8339a57485d8b524937d93e4f44,72,36,36,d602a0071f3f4db8b37a87cffd89bf23->e423b8339a57485d8b524937d93e4f44,0.5,mixto,PJUD - PODER JUDICIAL,SIMPLE - Gendarmería de Chile
006b85a984e94ce88ddb035ec01b2d70,d602a0071f3f4db8b37a87cffd89bf23,72,30,42,d602a0071f3f4db8b37a87cffd89bf23->006b85a984e94ce88ddb035ec01b2d70,0.5833,mixto,006b85a984e94ce88ddb035ec01b2d70,PJUD - PODER JUDICIAL
9a76efc4c34e4bd7843206658dc45454,ae54454684154c25bd33c6e04609652b,72,45,27,9a76efc4c34e4bd7843206658dc45454->ae54454684154c25bd33c6e04609652b,0.625,mixto,Portal Ciudadano ClaveÚnica - Secretaría de Gobierno Digital,Sistema de Apelación Contra de Isapres - Subsecretaría de Salud Pública
08165f6182bc4dfc9dc1d7774508bbc6,ee00832abfba40b38335ce48a12981b5,72,64,8,08165f6182bc4dfc9dc1d7774508bbc6->ee00832abfba40b38335ce48a12981b5,0.8889,mixto,e-certchile - E-Cert Chile,Autenticacion Nube  Privada - Servicio de Impuestos Internos
31050e1a1dcb4c9899ba77be32449e54,67eb30db49f240b08ab2b3f422f92cdf,71,65,6,31050e1a1dcb4c9899ba77be32449e54->67eb30db49f240b08ab2b3f422f92cdf,0.9155,consistente,Bono electrónico y LME - Superintendencia de Seguridad Social,Portal MiDT - Dirección del Trabajo
d602a0071f3f4db8b37a87cffd89bf23,fdd7e5cf453e42d7b8cb2334d3a7bff9,71,39,32,d602a0071f3f4db8b37a87cffd89bf23->fdd7e5cf453e42d7b8cb2334d3a7bff9,0.5493,mixto,PJUD - PODER JUDICIAL,Telesalud - Subsecretaría de Redes Asistenciales
209ce526160947f0b398566cd4cbfd0d,cb9e2b9dd1cd44c5b7d4fdcfbbf3f5e0,71,47,24,209ce526160947f0b398566cd4cbfd0d->cb9e2b9dd1cd44c5b7d4fdcfbbf3f5e0,0.662,mixto,Portal de Aplicaciones Sence - Servicio Nacional de Capacitacion y Empleo,Portal Usuario 2.0 - Subsecretaría de Justicia
495c261c0f484bd08e232f7358452c4d,94d27864f86d422faa68efccb908cc34,71,34,37,94d27864f86d422faa68efccb908cc34->495c261c0f484bd08e232f7358452c4d,0.5211,mixto,undefined - Comisión para el Mercado Financiero,94d27864f86d422faa68efccb908cc34
9c9359fefd164d388f8a5edc2bac301e,eaf8f2b0ccd04cf2a7bfcf357fe88ca2,71,33,38,eaf8f2b0ccd04cf2a7bfcf357fe88ca2->9c9359fefd164d388f8a5edc2bac301e,0.5352,mixto,Contraloría - Contraloría General de la República,Empleos Públicos - Servicio Civil
5235b9f356954973a226cb6fc12c9d6e,d602a0071f3f4db8b37a87cffd89bf23,70,23,47,d602a0071f3f4db8b37a87cffd89bf23->5235b9f356954973a226cb6fc12c9d6e,0.6714,mixto,Sistema Alta Dirección Pública - Dirección Nacional del Servicio Civil,PJUD - PODER JUDICIAL
4a94478dd25f4430a0a023b87e11170d,6d52b87b5a964c61ad7e28afd9499f18,70,24,46,6d52b87b5a964c61ad7e28afd9499f18->4a94478dd25f4430a0a023b87e11170d,0.6571,mixto,Milicenciamedica.cl - Subsecretaría de Salud Pública,Mis Trámites CGR - Contraloría General de la República
9a76efc4c34e4bd7843206658dc45454,d74a389b77734996ba37fa61a0d08341,70,44,26,9a76efc4c34e4bd7843206658dc45454->d74a389b77734996ba37fa61a0d08341,0.6286,mixto,Portal Ciudadano ClaveÚnica - Secretaría de Gobierno Digital,DECLARACION JURADA - Servicio Agrícola y Ganadero
67339e06f4b44f78994ff4785178807a,c13d78fe65b94d05ad83b59494767b9f,70,31,39,c13d78fe65b94d05ad83b59494767b9f->67339e06f4b44f78994ff4785178807a,0.5571,mixto,Mercado+Público - Dirección de Compras y Contratación Pública,Beneficios Personal - Gendarmería de Chile
67339e06f4b44f78994ff4785178807a,ffaec74bfd414f8394bab077a989e27f,70,33,37,ffaec74bfd414f8394bab077a989e27f->67339e06f4b44f78994ff4785178807a,0.5286,mixto,Mercado+Público - Dirección de Compras y Contratación Pública,miChileAtiende - Instituto de Previsión Social
2ae2ca1a377048a58815f54a432f8a21,ffaec74bfd414f8394bab077a989e27f,70,23,47,ffaec74bfd414f8394bab077a989e27f->2ae2ca1a377048a58815f54a432f8a21,0.6714,mixto,Portal Paciente - Subsecretaría de Redes Asistenciales,miChileAtiende - Instituto de Previsión Social
638aea308ffb483198d5c1387e2cc017,ae4caa1cb2154cac89440f3fe18251cb,69,38,31,638aea308ffb483198d5c1387e2cc017->ae4caa1cb2154cac89440f3fe18251cb,0.5507,mixto,"Portal ""Mi SUPERIR"" - Superintendencia de Insolvencia y Reemprendimiento",Ingreso de causas y escritos - Corporación Administrativa del Poder Judicial
08165f6182bc4dfc9dc1d7774508bbc6,495c261c0f484bd08e232f7358452c4d,69,34,35,495c261c0f484bd08e232f7358452c4d->08165f6182bc4dfc9dc1d7774508bbc6,0.5072,mixto,e-certchile - E-Cert Chile,undefined - Comisión para el Mercado Financiero
67339e06f4b44f78994ff4785178807a,74e60dc3bc26493d81088e4d322b7c39,69,35,34,67339e06f4b44f78994ff4785178807a->74e60dc3bc26493d81088e4d322b7c39,0.5072,mixto,Mercado+Público - Dirección de Compras y Contratación Pública,SignPass - BPO Advisors SpA
c82f84bf3f2b451393445a0cb6883665,dd02dca897074e77972f506652629762,69,34,35,dd02dca897074e77972f506652629762->c82f84bf3f2b451393445a0cb6883665,0.5072,mixto,Ventanilla Única Social - Subsecretaría de Evaluación Social,Resultados Subsidio Eléctrico - Subsecretaría de Energía
0de46482bc4d409c86f652534e4b47eb,ee00832abfba40b38335ce48a12981b5,69,48,21,0de46482bc4d409c86f652534e4b47eb->ee00832abfba40b38335ce48a12981b5,0.6957,mixto,documentos - cyberdocs - Servicio Nacional del Patrimonio Cultural,Autenticacion Nube  Privada - Servicio de Impuestos Internos
2ae2ca1a377048a58815f54a432f8a21,9a76efc4c34e4bd7843206658dc45454,69,20,49,9a76efc4c34e4bd7843206658dc45454->2ae2ca1a377048a58815f54a432f8a21,0.7101,mixto,Portal Paciente - Subsecretaría de Redes Asistenciales,Portal Ciudadano ClaveÚnica - Secretaría de Gobierno Digital
2ae2ca1a377048a58815f54a432f8a21,dd7629fec91f4599b3cf8c0dd0b984ac,68,20,48,dd7629fec91f4599b3cf8c0dd0b984ac->2ae2ca1a377048a58815f54a432f8a21,0.7059,mixto,Portal Paciente - Subsecretaría de Redes Asistenciales,Sucursal Virtual FONASA - Fondo Nacional de Salud
0f33ab6447034fe49d1629353a119e47,91f3f86897ff4ae39e50cbd7035fa8af,68,33,35,91f3f86897ff4ae39e50cbd7035fa8af->0f33ab6447034fe49d1629353a119e47,0.5147,mixto,Superintendencia en Línea - Mi Portal - Superintendencia de Seguridad Social,APIs Receta Electrónica - Subsecretaría de Salud Pública
2ae2ca1a377048a58815f54a432f8a21,a647689891b84948871ff7099253a553,68,29,39,a647689891b84948871ff7099253a553->2ae2ca1a377048a58815f54a432f8a21,0.5735,mixto,Portal Paciente - Subsecretaría de Redes Asistenciales,Autoconsulta SSASUR - Servicio Salud Araucanía Sur
1ad6835586034de0b29f4a402b182c6c,dd7629fec91f4599b3cf8c0dd0b984ac,68,32,36,dd7629fec91f4599b3cf8c0dd0b984ac->1ad6835586034de0b29f4a402b182c6c,0.5294,mixto,Comisaría Virtual 2 - Carabineros de Chile,Sucursal Virtual FONASA - Fondo Nacional de Salud
4a94478dd25f4430a0a023b87e11170d,f883bd6d70b043a09837e8b888fe3f65,68,44,24,4a94478dd25f4430a0a023b87e11170d->f883bd6d70b043a09837e8b888fe3f65,0.6471,mixto,Milicenciamedica.cl - Subsecretaría de Salud Pública,undefined - Subsecretaría de Economía y Empresas de Menor Tamaño
2549b51828ce40af920a932dd2102217,be09a0ddbb9b4c4aaf78903e0ca27a75,68,33,35,be09a0ddbb9b4c4aaf78903e0ca27a75->2549b51828ce40af920a932dd2102217,0.5147,mixto,undefined - Servicio de Impuestos Internos,Contingencia - Comisión Administradora de Sistema de Créditos para Estudios Superiores
a7709b21161d459298dc5dc58e77310b,ae4caa1cb2154cac89440f3fe18251cb,67,40,27,a7709b21161d459298dc5dc58e77310b->ae4caa1cb2154cac89440f3fe18251cb,0.597,mixto,DIPRECA - Dirección de Previsión de Carabineros de Chile,Ingreso de causas y escritos - Corporación Administrativa del Poder Judicial
c82f84bf3f2b451393445a0cb6883665,ed6beff4035f49c6997be95df71e5544,67,22,45,ed6beff4035f49c6997be95df71e5544->c82f84bf3f2b451393445a0cb6883665,0.6716,mixto,Ventanilla Única Social - Subsecretaría de Evaluación Social,Subsidio Familiar Automático - Subsecretaría de Evaluación Social
4f4d89fa8ce34da19ecb340c1d267a3e,f883bd6d70b043a09837e8b888fe3f65,67,15,52,f883bd6d70b043a09837e8b888fe3f65->4f4d89fa8ce34da19ecb340c1d267a3e,0.7761,mixto,Registro Nacional de MiPymes - Subsecretaría de Economía y Empresas de Menor Tamaño,undefined - Subsecretaría de Economía y Empresas de Menor Tamaño
123,32f2a35e790544ec9e040345f8a364f3,67,24,43,32f2a35e790544ec9e040345f8a364f3->123,0.6418,mixto,Registro Civil - SRCeI,Defensoría Penal Pública - DEFENSORIA PENAL PUBLICA
645a4f092abd49f0820b8a5507e3dea0,a4db025d032f42578306d5461abdda40,67,16,51,a4db025d032f42578306d5461abdda40->645a4f092abd49f0820b8a5507e3dea0,0.7612,mixto,Sistema Servicios en línea - Caja de Previsión de la Defensa Nacional,CAPREDENApp - Redin
67339e06f4b44f78994ff4785178807a,dc821110e3f34bf3984d61955ced2e69,66,44,22,67339e06f4b44f78994ff4785178807a->dc821110e3f34bf3984d61955ced2e69,0.6667,mixto,Mercado+Público - Dirección de Compras y Contratación Pública,Licencia de Conducir Digital - Subsecretaría de Transportes
638aea308ffb483198d5c1387e2cc017,f883bd6d70b043a09837e8b888fe3f65,66,27,39,f883bd6d70b043a09837e8b888fe3f65->638aea308ffb483198d5c1387e2cc017,0.5909,mixto,"Portal ""Mi SUPERIR"" - Superintendencia de Insolvencia y Reemprendimiento",undefined - Subsecretaría de Economía y Empresas de Menor Tamaño
67339e06f4b44f78994ff4785178807a,dcd0b6134a8846c1ac7171f8530945ab,66,37,29,67339e06f4b44f78994ff4785178807a->dcd0b6134a8846c1ac7171f8530945ab,0.5606,mixto,Mercado+Público - Dirección de Compras y Contratación Pública,Identidad Única - Ministerio de Vivienda y Urbanismo - Subsecretaría de Vivienda y Urbanismo
ae4caa1cb2154cac89440f3fe18251cb,fb3957569a8d49528c3571bcb4703f55,66,27,39,fb3957569a8d49528c3571bcb4703f55->ae4caa1cb2154cac89440f3fe18251cb,0.5909,mixto,Ingreso de causas y escritos - Corporación Administrativa del Poder Judicial,MINVU - Subsecretaría de Vivienda y Urbanismo
2ae2ca1a377048a58815f54a432f8a21,b15e46acff6b4a7487ad18cdac3a21d0,66,50,16,2ae2ca1a377048a58815f54a432f8a21->b15e46acff6b4a7487ad18cdac3a21d0,0.7576,mixto,Portal Paciente - Subsecretaría de Redes Asistenciales,Hospital Sotero del Río - Servicio Salud Metropolitano Sur Oriente
9f88dc88029e42d3a5b082ab396be6d3,eaf8f2b0ccd04cf2a7bfcf357fe88ca2,65,32,33,eaf8f2b0ccd04cf2a7bfcf357fe88ca2->9f88dc88029e42d3a5b082ab396be6d3,0.5077,mixto,Sistema de Postulación Único - Carabineros de Chile,Empleos Públicos - Servicio Civil
2ff516ac74a44ebfa3a522adbde28a0f,6a322ad743e3464bae56d2d9b180078a,65,20,45,6a322ad743e3464bae56d2d9b180078a->2ff516ac74a44ebfa3a522adbde28a0f,0.6923,mixto,E-Sign ClaveÚnica - ESIGN S.A.,6a322ad743e3464bae56d2d9b180078a
20acab350ddf489c931028b7a6a1ff99,645a4f092abd49f0820b8a5507e3dea0,65,37,28,20acab350ddf489c931028b7a6a1ff99->645a4f092abd49f0820b8a5507e3dea0,0.5692,mixto,Sucursal Virtual Jeafosale - Ejército de Chile,Sistema Servicios en línea - Caja de Previsión de la Defensa Nacional
9a76efc4c34e4bd7843206658dc45454,fb3957569a8d49528c3571bcb4703f55,65,33,32,9a76efc4c34e4bd7843206658dc45454->fb3957569a8d49528c3571bcb4703f55,0.5077,mixto,Portal Ciudadano ClaveÚnica - Secretaría de Gobierno Digital,MINVU - Subsecretaría de Vivienda y Urbanismo
0f33ab6447034fe49d1629353a119e47,31050e1a1dcb4c9899ba77be32449e54,65,41,24,0f33ab6447034fe49d1629353a119e47->31050e1a1dcb4c9899ba77be32449e54,0.6308,mixto,Superintendencia en Línea - Mi Portal - Superintendencia de Seguridad Social,Bono electrónico y LME - Superintendencia de Seguridad Social
4a94478dd25f4430a0a023b87e11170d,b1b009877e0c4e0790fd92559d853d69,65,31,34,b1b009877e0c4e0790fd92559d853d69->4a94478dd25f4430a0a023b87e11170d,0.5231,mixto,Milicenciamedica.cl - Subsecretaría de Salud Pública,Mi Súper - Superintendencia de Salud
a7709b21161d459298dc5dc58e77310b,edd67e7adef0443982c72ffc4d55ca4a,65,46,19,a7709b21161d459298dc5dc58e77310b->edd67e7adef0443982c72ffc4d55ca4a,0.7077,mixto,DIPRECA - Dirección de Previsión de Carabineros de Chile,Portal de Beneficios - Gendarmería de Chile
cc892c05f6d94315be2b7539e45b9170,d602a0071f3f4db8b37a87cffd89bf23,65,10,55,d602a0071f3f4db8b37a87cffd89bf23->cc892c05f6d94315be2b7539e45b9170,0.8462,mixto,Ventanilla Única 2.0 - Ministerio del Medio Ambiente,PJUD - PODER JUDICIAL
64d9be8046574fbfbc1fb14c9912afea,6a322ad743e3464bae56d2d9b180078a,65,39,26,64d9be8046574fbfbc1fb14c9912afea->6a322ad743e3464bae56d2d9b180078a,0.6,mixto,ASDigital - Ministerio de salud,6a322ad743e3464bae56d2d9b180078a
c5b83bbfa22c4c31a5743485b4c6e524,ffaec74bfd414f8394bab077a989e27f,65,33,32,c5b83bbfa22c4c31a5743485b4c6e524->ffaec74bfd414f8394bab077a989e27f,0.5077,mixto,Bolsa Nacional de Empleo - Subsecretaría del Trabajo,miChileAtiende - Instituto de Previsión Social
2549b51828ce40af920a932dd2102217,399e7fc266894562850261cfbc06b992,65,58,7,2549b51828ce40af920a932dd2102217->399e7fc266894562850261cfbc06b992,0.8923,mixto,undefined - Servicio de Impuestos Internos,Denuncia en Linea - Ministerio Público
74e60dc3bc26493d81088e4d322b7c39,b9e3f79c40594953af24e9a43eba4e0c,64,24,40,b9e3f79c40594953af24e9a43eba4e0c->74e60dc3bc26493d81088e4d322b7c39,0.625,mixto,SignPass - BPO Advisors SpA,e-Digital - E-Digital PKI SpA.
dd7629fec91f4599b3cf8c0dd0b984ac,fdd7e5cf453e42d7b8cb2334d3a7bff9,64,33,31,dd7629fec91f4599b3cf8c0dd0b984ac->fdd7e5cf453e42d7b8cb2334d3a7bff9,0.5156,mixto,Sucursal Virtual FONASA - Fondo Nacional de Salud,Telesalud - Subsecretaría de Redes Asistenciales
14cc5dc0682d44fe99d2d91e1eaafac7,9a76efc4c34e4bd7843206658dc45454,64,17,47,9a76efc4c34e4bd7843206658dc45454->14cc5dc0682d44fe99d2d91e1eaafac7,0.7344,mixto,SIMPLE - Corporación Nacional de Desarrollo Indígena,Portal Ciudadano ClaveÚnica - Secretaría de Gobierno Digital
e8dde9d26979498786c6ba5a82f70ad3,ee00832abfba40b38335ce48a12981b5,64,30,34,ee00832abfba40b38335ce48a12981b5->e8dde9d26979498786c6ba5a82f70ad3,0.5312,mixto,"undefined - Sociedad Administradora de Fondos de Cesantía de Chile II S.A., AFC Chile",Autenticacion Nube  Privada - Servicio de Impuestos Internos
399e7fc266894562850261cfbc06b992,86144f0d3b814c1d8c013f7aade6c55d,63,23,40,86144f0d3b814c1d8c013f7aade6c55d->399e7fc266894562850261cfbc06b992,0.6349,mixto,Denuncia en Linea - Ministerio Público,Sernac - Portal del consumidor - Servicio Nacional del Consumidor
86144f0d3b814c1d8c013f7aade6c55d,ae4caa1cb2154cac89440f3fe18251cb,63,29,34,ae4caa1cb2154cac89440f3fe18251cb->86144f0d3b814c1d8c013f7aade6c55d,0.5397,mixto,Sernac - Portal del consumidor - Servicio Nacional del Consumidor,Ingreso de causas y escritos - Corporación Administrativa del Poder Judicial
1ad6835586034de0b29f4a402b182c6c,dc821110e3f34bf3984d61955ced2e69,63,38,25,1ad6835586034de0b29f4a402b182c6c->dc821110e3f34bf3984d61955ced2e69,0.6032,mixto,Comisaría Virtual 2 - Carabineros de Chile,Licencia de Conducir Digital - Subsecretaría de Transportes
2ff516ac74a44ebfa3a522adbde28a0f,ae4caa1cb2154cac89440f3fe18251cb,62,34,28,2ff516ac74a44ebfa3a522adbde28a0f->ae4caa1cb2154cac89440f3fe18251cb,0.5484,mixto,E-Sign ClaveÚnica - ESIGN S.A.,Ingreso de causas y escritos - Corporación Administrativa del Poder Judicial
c5b83bbfa22c4c31a5743485b4c6e524,dd7629fec91f4599b3cf8c0dd0b984ac,62,38,24,c5b83bbfa22c4c31a5743485b4c6e524->dd7629fec91f4599b3cf8c0dd0b984ac,0.6129,mixto,Bolsa Nacional de Empleo - Subsecretaría del Trabajo,Sucursal Virtual FONASA - Fondo Nacional de Salud
123,e423b8339a57485d8b524937d93e4f44,62,37,25,123->e423b8339a57485d8b524937d93e4f44,0.5968,mixto,Registro Civil - SRCeI,SIMPLE - Gendarmería de Chile
dc821110e3f34bf3984d61955ced2e69,ffaec74bfd414f8394bab077a989e27f,62,21,41,ffaec74bfd414f8394bab077a989e27f->dc821110e3f34bf3984d61955ced2e69,0.6613,mixto,Licencia de Conducir Digital - Subsecretaría de Transportes,miChileAtiende - Instituto de Previsión Social
18bec3e707784a978d9d89f2967f87de,d602a0071f3f4db8b37a87cffd89bf23,62,25,37,d602a0071f3f4db8b37a87cffd89bf23->18bec3e707784a978d9d89f2967f87de,0.5968,mixto,SERVEL- RENDICION - Servicio Electoral,PJUD - PODER JUDICIAL
347178b052294153af290d6a84589868,b972e814004e4624a566f308901cca7c,62,31,31,347178b052294153af290d6a84589868->b972e814004e4624a566f308901cca7c,0.5,mixto,Mi Fiscalía en Línea - Ministerio Público,DocDigital Versión 3 - Subsecretaría General de la Presidencia de la República
68b13a1228424526b43e2f78716efd3b,f883bd6d70b043a09837e8b888fe3f65,62,35,27,68b13a1228424526b43e2f78716efd3b->f883bd6d70b043a09837e8b888fe3f65,0.5645,mixto,Pagos Diario Oficial - Subsecretaría del Interior,undefined - Subsecretaría de Economía y Empresas de Menor Tamaño
dd7629fec91f4599b3cf8c0dd0b984ac,f883bd6d70b043a09837e8b888fe3f65,62,31,31,dd7629fec91f4599b3cf8c0dd0b984ac->f883bd6d70b043a09837e8b888fe3f65,0.5,mixto,Sucursal Virtual FONASA - Fondo Nacional de Salud,undefined - Subsecretaría de Economía y Empresas de Menor Tamaño
1ad6835586034de0b29f4a402b182c6c,e8dde9d26979498786c6ba5a82f70ad3,61,35,26,1ad6835586034de0b29f4a402b182c6c->e8dde9d26979498786c6ba5a82f70ad3,0.5738,mixto,Comisaría Virtual 2 - Carabineros de Chile,"undefined - Sociedad Administradora de Fondos de Cesantía de Chile II S.A., AFC Chile"
51e1587ac2364f19bb4a9344841af223,ee00832abfba40b38335ce48a12981b5,61,13,48,ee00832abfba40b38335ce48a12981b5->51e1587ac2364f19bb4a9344841af223,0.7869,mixto,www.sii.cl - Servicio de Impuestos Internos,Autenticacion Nube  Privada - Servicio de Impuestos Internos
67339e06f4b44f78994ff4785178807a,ac8e668f620b403b9ccc6486c0e365c7,61,19,42,ac8e668f620b403b9ccc6486c0e365c7->67339e06f4b44f78994ff4785178807a,0.6885,mixto,Mercado+Público - Dirección de Compras y Contratación Pública,ac8e668f620b403b9ccc6486c0e365c7
86144f0d3b814c1d8c013f7aade6c55d,e8dde9d26979498786c6ba5a82f70ad3,61,35,26,86144f0d3b814c1d8c013f7aade6c55d->e8dde9d26979498786c6ba5a82f70ad3,0.5738,mixto,Sernac - Portal del consumidor - Servicio Nacional del Consumidor,"undefined - Sociedad Administradora de Fondos de Cesantía de Chile II S.A., AFC Chile"
68b13a1228424526b43e2f78716efd3b,ae4caa1cb2154cac89440f3fe18251cb,61,39,22,68b13a1228424526b43e2f78716efd3b->ae4caa1cb2154cac89440f3fe18251cb,0.6393,mixto,Pagos Diario Oficial - Subsecretaría del Interior,Ingreso de causas y escritos - Corporación Administrativa del Poder Judicial
123,40fc9588a8e04b28852ec1163528bb8a,61,26,35,40fc9588a8e04b28852ec1163528bb8a->123,0.5738,mixto,Registro Civil - SRCeI,PAEx DGMN - Dirección General de Movilización Nacional
6d52b87b5a964c61ad7e28afd9499f18,ffaec74bfd414f8394bab077a989e27f,61,22,39,ffaec74bfd414f8394bab077a989e27f->6d52b87b5a964c61ad7e28afd9499f18,0.6393,mixto,Mis Trámites CGR - Contraloría General de la República,miChileAtiende - Instituto de Previsión Social
399e7fc266894562850261cfbc06b992,9a76efc4c34e4bd7843206658dc45454,61,12,49,9a76efc4c34e4bd7843206658dc45454->399e7fc266894562850261cfbc06b992,0.8033,mixto,Denuncia en Linea - Ministerio Público,Portal Ciudadano ClaveÚnica - Secretaría de Gobierno Digital
67eb30db49f240b08ab2b3f422f92cdf,74e60dc3bc26493d81088e4d322b7c39,61,32,29,67eb30db49f240b08ab2b3f422f92cdf->74e60dc3bc26493d81088e4d322b7c39,0.5246,mixto,Portal MiDT - Dirección del Trabajo,SignPass - BPO Advisors SpA
79bvfghg9a0a8tm25d16sddg7d61d4710,ffaec74bfd414f8394bab077a989e27f,61,32,29,79bvfghg9a0a8tm25d16sddg7d61d4710->ffaec74bfd414f8394bab077a989e27f,0.5246,mixto,Extranjeria - Secretaría de Gobierno Digital,miChileAtiende - Instituto de Previsión Social
6e12533e73a048efa8bcc0a30f2b7684,9a76efc4c34e4bd7843206658dc45454,61,10,51,9a76efc4c34e4bd7843206658dc45454->6e12533e73a048efa8bcc0a30f2b7684,0.8361,mixto,Dirección General de Movilización Nacional - Dirección General de Movilización Nacional,Portal Ciudadano ClaveÚnica - Secretaría de Gobierno Digital
6f7b8ef5a7204c4b92d0ca778317d790,b972e814004e4624a566f308901cca7c,61,32,29,6f7b8ef5a7204c4b92d0ca778317d790->b972e814004e4624a566f308901cca7c,0.5246,mixto,Gestor documental ZeCeroPapel - Servicio Nacional de Protección Especializada a la Niñez y Adolescencia,DocDigital Versión 3 - Subsecretaría General de la Presidencia de la República
478deb22cecd489eb3ed2dcc954a975b,d602a0071f3f4db8b37a87cffd89bf23,60,5,55,d602a0071f3f4db8b37a87cffd89bf23->478deb22cecd489eb3ed2dcc954a975b,0.9167,consistente,Portal Vecino - Municipalidad de Providencia,PJUD - PODER JUDICIAL
2ff516ac74a44ebfa3a522adbde28a0f,ee00832abfba40b38335ce48a12981b5,60,51,9,2ff516ac74a44ebfa3a522adbde28a0f->ee00832abfba40b38335ce48a12981b5,0.85,mixto,E-Sign ClaveÚnica - ESIGN S.A.,Autenticacion Nube  Privada - Servicio de Impuestos Internos
64d9be8046574fbfbc1fb14c9912afea,ae4caa1cb2154cac89440f3fe18251cb,60,30,30,64d9be8046574fbfbc1fb14c9912afea->ae4caa1cb2154cac89440f3fe18251cb,0.5,mixto,ASDigital - Ministerio de salud,Ingreso de causas y escritos - Corporación Administrativa del Poder Judicial
67339e06f4b44f78994ff4785178807a,ac7a1bf135744666be846c5bffff7cc8,60,48,12,67339e06f4b44f78994ff4785178807a->ac7a1bf135744666be846c5bffff7cc8,0.8,mixto,Mercado+Público - Dirección de Compras y Contratación Pública,Servicio de Evaluacion Ambiental - SERVICIO DE EVALUACION AMBIENTAL
495c261c0f484bd08e232f7358452c4d,dd7629fec91f4599b3cf8c0dd0b984ac,60,24,36,dd7629fec91f4599b3cf8c0dd0b984ac->495c261c0f484bd08e232f7358452c4d,0.6,mixto,undefined - Comisión para el Mercado Financiero,Sucursal Virtual FONASA - Fondo Nacional de Salud
209ce526160947f0b398566cd4cbfd0d,6daae6995cb245348bb2b5432ccc9948,60,32,28,209ce526160947f0b398566cd4cbfd0d->6daae6995cb245348bb2b5432ccc9948,0.5333,mixto,Portal de Aplicaciones Sence - Servicio Nacional de Capacitacion y Empleo,DIRECTEMAR - Dirección General del Territorio Marítimo y Marina Mercante
2549b51828ce40af920a932dd2102217,b6a7ac98c6704aa6b6512efa5fa8dbfe,60,40,20,2549b51828ce40af920a932dd2102217->b6a7ac98c6704aa6b6512efa5fa8dbfe,0.6667,mixto,undefined - Servicio de Impuestos Internos,Corfo - Corporación de Fomento de la Producción
d5dac98442bb425ba884809990aa064d,d602a0071f3f4db8b37a87cffd89bf23,60,32,28,d5dac98442bb425ba884809990aa064d->d602a0071f3f4db8b37a87cffd89bf23,0.5333,mixto,Sistema Gestión Expedientes - Subsecretaría de Economía y Empresas de Menor Tamaño,PJUD - PODER JUDICIAL
67eb30db49f240b08ab2b3f422f92cdf,ae54454684154c25bd33c6e04609652b,60,34,26,67eb30db49f240b08ab2b3f422f92cdf->ae54454684154c25bd33c6e04609652b,0.5667,mixto,Portal MiDT - Dirección del Trabajo,Sistema de Apelación Contra de Isapres - Subsecretaría de Salud Pública
2c12290764aa4f67ba25e9cf801bd06c,d602a0071f3f4db8b37a87cffd89bf23,60,7,53,d602a0071f3f4db8b37a87cffd89bf23->2c12290764aa4f67ba25e9cf801bd06c,0.8833,mixto,Servel - Servicio Electoral,PJUD - PODER JUDICIAL
74e60dc3bc26493d81088e4d322b7c39,ee00832abfba40b38335ce48a12981b5,59,44,15,74e60dc3bc26493d81088e4d322b7c39->ee00832abfba40b38335ce48a12981b5,0.7458,mixto,SignPass - BPO Advisors SpA,Autenticacion Nube  Privada - Servicio de Impuestos Internos
67339e06f4b44f78994ff4785178807a,d0b1e3a4c2434e65be47566dcc3e2ee0,59,24,35,d0b1e3a4c2434e65be47566dcc3e2ee0->67339e06f4b44f78994ff4785178807a,0.5932,mixto,Mercado+Público - Dirección de Compras y Contratación Pública,Municipalidad de Los Angeles - Ilustre Municipalidad de Los Angeles
209ce526160947f0b398566cd4cbfd0d,347178b052294153af290d6a84589868,59,21,38,347178b052294153af290d6a84589868->209ce526160947f0b398566cd4cbfd0d,0.6441,mixto,Portal de Aplicaciones Sence - Servicio Nacional de Capacitacion y Empleo,Mi Fiscalía en Línea - Ministerio Público
123,fd595f24910c4126b7398b3e081af528,59,29,30,fd595f24910c4126b7398b3e081af528->123,0.5085,mixto,Registro Civil - SRCeI,Instituto Seguridad Laboral - Instituto Seguridad Laboral
0f33ab6447034fe49d1629353a119e47,347178b052294153af290d6a84589868,59,39,20,0f33ab6447034fe49d1629353a119e47->347178b052294153af290d6a84589868,0.661,mixto,Superintendencia en Línea - Mi Portal - Superintendencia de Seguridad Social,Mi Fiscalía en Línea - Ministerio Público
6a322ad743e3464bae56d2d9b180078a,a7709b21161d459298dc5dc58e77310b,58,23,35,a7709b21161d459298dc5dc58e77310b->6a322ad743e3464bae56d2d9b180078a,0.6034,mixto,6a322ad743e3464bae56d2d9b180078a,DIPRECA - Dirección de Previsión de Carabineros de Chile
91f3f86897ff4ae39e50cbd7035fa8af,9c503a3a614d483f8feb0de5edd9a9ba,58,15,43,9c503a3a614d483f8feb0de5edd9a9ba->91f3f86897ff4ae39e50cbd7035fa8af,0.7414,mixto,APIs Receta Electrónica - Subsecretaría de Salud Pública,COMPIN Licencias Medicas - Subsecretaría de Salud Pública
67eb30db49f240b08ab2b3f422f92cdf,9321fceaab9d4b7c8b8eca8e30b0654d,58,18,40,9321fceaab9d4b7c8b8eca8e30b0654d->67eb30db49f240b08ab2b3f422f92cdf,0.6897,mixto,Portal MiDT - Dirección del Trabajo,DT e-learning MiPyME - Dirección del Trabajo
6a322ad743e3464bae56d2d9b180078a,74e60dc3bc26493d81088e4d322b7c39,58,38,20,6a322ad743e3464bae56d2d9b180078a->74e60dc3bc26493d81088e4d322b7c39,0.6552,mixto,6a322ad743e3464bae56d2d9b180078a,SignPass - BPO Advisors SpA
3346db58cd2d474fbcf63e827462b85d,dd7629fec91f4599b3cf8c0dd0b984ac,58,34,24,3346db58cd2d474fbcf63e827462b85d->dd7629fec91f4599b3cf8c0dd0b984ac,0.5862,mixto,Single Sign-On - Subsecretaría de Evaluación Social,Sucursal Virtual FONASA - Fondo Nacional de Salud
0b145fb41bc84dc58a5beb5b4ef11b17,6daae6995cb245348bb2b5432ccc9948,58,28,30,6daae6995cb245348bb2b5432ccc9948->0b145fb41bc84dc58a5beb5b4ef11b17,0.5172,mixto,Servicios en linea - Caja de Previsión de la Defensa Nacional,DIRECTEMAR - Dirección General del Territorio Marítimo y Marina Mercante
1ad6835586034de0b29f4a402b182c6c,74e60dc3bc26493d81088e4d322b7c39,57,51,6,1ad6835586034de0b29f4a402b182c6c->74e60dc3bc26493d81088e4d322b7c39,0.8947,mixto,Comisaría Virtual 2 - Carabineros de Chile,SignPass - BPO Advisors SpA
347178b052294153af290d6a84589868,dc821110e3f34bf3984d61955ced2e69,57,27,30,dc821110e3f34bf3984d61955ced2e69->347178b052294153af290d6a84589868,0.5263,mixto,Mi Fiscalía en Línea - Ministerio Público,Licencia de Conducir Digital - Subsecretaría de Transportes
b7c988fa6132435480b57f66696827fd,ffaec74bfd414f8394bab077a989e27f,57,8,49,ffaec74bfd414f8394bab077a989e27f->b7c988fa6132435480b57f66696827fd,0.8596,mixto,Pase Cultural - Subsecretaría de Evaluación Social,miChileAtiende - Instituto de Previsión Social
2549b51828ce40af920a932dd2102217,2e0f9d54f6534336a19fffacd7b6af40,57,25,32,2e0f9d54f6534336a19fffacd7b6af40->2549b51828ce40af920a932dd2102217,0.5614,mixto,undefined - Servicio de Impuestos Internos,Sitio Web UNO Privado - AFP Uno
209ce526160947f0b398566cd4cbfd0d,f883bd6d70b043a09837e8b888fe3f65,57,34,23,209ce526160947f0b398566cd4cbfd0d->f883bd6d70b043a09837e8b888fe3f65,0.5965,mixto,Portal de Aplicaciones Sence - Servicio Nacional de Capacitacion y Empleo,undefined - Subsecretaría de Economía y Empresas de Menor Tamaño
2e0f9d54f6534336a19fffacd7b6af40,dd7629fec91f4599b3cf8c0dd0b984ac,57,27,30,dd7629fec91f4599b3cf8c0dd0b984ac->2e0f9d54f6534336a19fffacd7b6af40,0.5263,mixto,Sitio Web UNO Privado - AFP Uno,Sucursal Virtual FONASA - Fondo Nacional de Salud
67339e06f4b44f78994ff4785178807a,6f7b8ef5a7204c4b92d0ca778317d790,57,34,23,67339e06f4b44f78994ff4785178807a->6f7b8ef5a7204c4b92d0ca778317d790,0.5965,mixto,Mercado+Público - Dirección de Compras y Contratación Pública,Gestor documental ZeCeroPapel - Servicio Nacional de Protección Especializada a la Niñez y Adolescencia
2ae2ca1a377048a58815f54a432f8a21,4a94478dd25f4430a0a023b87e11170d,56,34,22,2ae2ca1a377048a58815f54a432f8a21->4a94478dd25f4430a0a023b87e11170d,0.6071,mixto,Portal Paciente - Subsecretaría de Redes Asistenciales,Milicenciamedica.cl - Subsecretaría de Salud Pública
645a4f092abd49f0820b8a5507e3dea0,dd7629fec91f4599b3cf8c0dd0b984ac,56,16,40,dd7629fec91f4599b3cf8c0dd0b984ac->645a4f092abd49f0820b8a5507e3dea0,0.7143,mixto,Sistema Servicios en línea - Caja de Previsión de la Defensa Nacional,Sucursal Virtual FONASA - Fondo Nacional de Salud
645a4f092abd49f0820b8a5507e3dea0,67eb30db49f240b08ab2b3f422f92cdf,56,18,38,67eb30db49f240b08ab2b3f422f92cdf->645a4f092abd49f0820b8a5507e3dea0,0.6786,mixto,Sistema Servicios en línea - Caja de Previsión de la Defensa Nacional,Portal MiDT - Dirección del Trabajo
68244c73eb7a429a9c70a3dbf247293f,c5b83bbfa22c4c31a5743485b4c6e524,56,30,26,68244c73eb7a429a9c70a3dbf247293f->c5b83bbfa22c4c31a5743485b4c6e524,0.5357,mixto,Bolsa nacional de empleo - Subsecretaría del Trabajo,Bolsa Nacional de Empleo - Subsecretaría del Trabajo
123,41da80f6154c4d918166fc43862f5d78,56,25,31,41da80f6154c4d918166fc43862f5d78->123,0.5536,mixto,Registro Civil - SRCeI,Web Cajmetro - Corporación de Asistencia Judicial de la Región Metropolitana
6daae6995cb245348bb2b5432ccc9948,e8dde9d26979498786c6ba5a82f70ad3,56,35,21,6daae6995cb245348bb2b5432ccc9948->e8dde9d26979498786c6ba5a82f70ad3,0.625,mixto,DIRECTEMAR - Dirección General del Territorio Marítimo y Marina Mercante,"undefined - Sociedad Administradora de Fondos de Cesantía de Chile II S.A., AFC Chile"
387ff07354a74657a44369e05d83234a,9ae54d261e454c93ae1c2cdec0fd03e6,56,27,29,9ae54d261e454c93ae1c2cdec0fd03e6->387ff07354a74657a44369e05d83234a,0.5179,mixto,Nuevo Sitio Web FONASA - Fondo Nacional de Salud,Login certificado afiliacion - Fondo Nacional de Salud
123,d44f2fafe10b4397ac7557cd13747bd2,56,27,29,d44f2fafe10b4397ac7557cd13747bd2->123,0.5179,mixto,Registro Civil - SRCeI,RPI - MTT
c82f84bf3f2b451393445a0cb6883665,fdd7e5cf453e42d7b8cb2334d3a7bff9,56,22,34,fdd7e5cf453e42d7b8cb2334d3a7bff9->c82f84bf3f2b451393445a0cb6883665,0.6071,mixto,Ventanilla Única Social - Subsecretaría de Evaluación Social,Telesalud - Subsecretaría de Redes Asistenciales
6daae6995cb245348bb2b5432ccc9948,f883bd6d70b043a09837e8b888fe3f65,56,29,27,6daae6995cb245348bb2b5432ccc9948->f883bd6d70b043a09837e8b888fe3f65,0.5179,mixto,DIRECTEMAR - Dirección General del Territorio Marítimo y Marina Mercante,undefined - Subsecretaría de Economía y Empresas de Menor Tamaño
c52ceac3693c4644bb20f07dd8aa7103,d602a0071f3f4db8b37a87cffd89bf23,55,29,26,c52ceac3693c4644bb20f07dd8aa7103->d602a0071f3f4db8b37a87cffd89bf23,0.5273,mixto,Firma Electronica - Secretaría de Gobierno Digital,PJUD - PODER JUDICIAL
1eec93924a1046efbad70c851782ab8a,67339e06f4b44f78994ff4785178807a,55,28,27,1eec93924a1046efbad70c851782ab8a->67339e06f4b44f78994ff4785178807a,0.5091,mixto,Trámites INAPI - Instituto Nacional de Propiedad Industrial,Mercado+Público - Dirección de Compras y Contratación Pública
91f3f86897ff4ae39e50cbd7035fa8af,ae412e532f1a48428bd0c5ad1f02f816,55,16,39,ae412e532f1a48428bd0c5ad1f02f816->91f3f86897ff4ae39e50cbd7035fa8af,0.7091,mixto,APIs Receta Electrónica - Subsecretaría de Salud Pública,Sistema de gestión de licencia - Subsecretaría de Transportes
2ae2ca1a377048a58815f54a432f8a21,91f3f86897ff4ae39e50cbd7035fa8af,55,29,26,2ae2ca1a377048a58815f54a432f8a21->91f3f86897ff4ae39e50cbd7035fa8af,0.5273,mixto,Portal Paciente - Subsecretaría de Redes Asistenciales,APIs Receta Electrónica - Subsecretaría de Salud Pública
645a4f092abd49f0820b8a5507e3dea0,e8dde9d26979498786c6ba5a82f70ad3,54,28,26,645a4f092abd49f0820b8a5507e3dea0->e8dde9d26979498786c6ba5a82f70ad3,0.5185,mixto,Sistema Servicios en línea - Caja de Previsión de la Defensa Nacional,"undefined - Sociedad Administradora de Fondos de Cesantía de Chile II S.A., AFC Chile"
01b56ab5b9be43e19fa06300994787ec,91f3f86897ff4ae39e50cbd7035fa8af,54,8,46,91f3f86897ff4ae39e50cbd7035fa8af->01b56ab5b9be43e19fa06300994787ec,0.8519,mixto,Bitácora Web - Ministerio Público,APIs Receta Electrónica - Subsecretaría de Salud Pública
123,26ce850e25c04398a2da12f4478e7597,54,23,31,26ce850e25c04398a2da12f4478e7597->123,0.5741,mixto,Registro Civil - SRCeI,Registro de profesionales - Subsecretaría de Educación
4060f34dc33042fda53efdfd0594b679,d602a0071f3f4db8b37a87cffd89bf23,54,24,30,d602a0071f3f4db8b37a87cffd89bf23->4060f34dc33042fda53efdfd0594b679,0.5556,mixto,Capacitación ChileCompra - Dirección ChileCompra,PJUD - PODER JUDICIAL
64b50202d6b74bfcb78c7342823e0f4f,e8dde9d26979498786c6ba5a82f70ad3,54,40,14,64b50202d6b74bfcb78c7342823e0f4f->e8dde9d26979498786c6ba5a82f70ad3,0.7407,mixto,Cesantía - Comisión Administradora de Sistema de Créditos para Estudios Superiores,"undefined - Sociedad Administradora de Fondos de Cesantía de Chile II S.A., AFC Chile"
91f3f86897ff4ae39e50cbd7035fa8af,eaf8f2b0ccd04cf2a7bfcf357fe88ca2,54,27,27,91f3f86897ff4ae39e50cbd7035fa8af->eaf8f2b0ccd04cf2a7bfcf357fe88ca2,0.5,mixto,APIs Receta Electrónica - Subsecretaría de Salud Pública,Empleos Públicos - Servicio Civil
c82f84bf3f2b451393445a0cb6883665,d74a389b77734996ba37fa61a0d08341,54,6,48,d74a389b77734996ba37fa61a0d08341->c82f84bf3f2b451393445a0cb6883665,0.8889,mixto,Ventanilla Única Social - Subsecretaría de Evaluación Social,DECLARACION JURADA - Servicio Agrícola y Ganadero
64d9be8046574fbfbc1fb14c9912afea,94d27864f86d422faa68efccb908cc34,54,33,21,64d9be8046574fbfbc1fb14c9912afea->94d27864f86d422faa68efccb908cc34,0.6111,mixto,ASDigital - Ministerio de salud,94d27864f86d422faa68efccb908cc34
9c9359fefd164d388f8a5edc2bac301e,b3eb39eeec084dcd92806f5f6081e175,54,28,26,9c9359fefd164d388f8a5edc2bac301e->b3eb39eeec084dcd92806f5f6081e175,0.5185,mixto,Contraloría - Contraloría General de la República,munimelipilla ceropapel - Municipalidad de Melipilla
67339e06f4b44f78994ff4785178807a,c5b83bbfa22c4c31a5743485b4c6e524,53,25,28,c5b83bbfa22c4c31a5743485b4c6e524->67339e06f4b44f78994ff4785178807a,0.5283,mixto,Mercado+Público - Dirección de Compras y Contratación Pública,Bolsa Nacional de Empleo - Subsecretaría del Trabajo
ae4caa1cb2154cac89440f3fe18251cb,dc821110e3f34bf3984d61955ced2e69,53,29,24,ae4caa1cb2154cac89440f3fe18251cb->dc821110e3f34bf3984d61955ced2e69,0.5472,mixto,Ingreso de causas y escritos - Corporación Administrativa del Poder Judicial,Licencia de Conducir Digital - Subsecretaría de Transportes
ae4caa1cb2154cac89440f3fe18251cb,c5b83bbfa22c4c31a5743485b4c6e524,53,15,38,c5b83bbfa22c4c31a5743485b4c6e524->ae4caa1cb2154cac89440f3fe18251cb,0.717,mixto,Ingreso de causas y escritos - Corporación Administrativa del Poder Judicial,Bolsa Nacional de Empleo - Subsecretaría del Trabajo
7f2c2c35a2de4624ad938147f73f271a,c82f84bf3f2b451393445a0cb6883665,53,25,28,c82f84bf3f2b451393445a0cb6883665->7f2c2c35a2de4624ad938147f73f271a,0.5283,mixto,Registro Nacional de Mascotas y Animales de Compañía - Subsecretaría de Desarrollo Regional y Administrativo,Ventanilla Única Social - Subsecretaría de Evaluación Social
4461c788433345b8a4a296b35aa9499d,d602a0071f3f4db8b37a87cffd89bf23,53,23,30,d602a0071f3f4db8b37a87cffd89bf23->4461c788433345b8a4a296b35aa9499d,0.566,mixto,Superintendencia de Educación - Superintendencia de Educación,PJUD - PODER JUDICIAL
209ce526160947f0b398566cd4cbfd0d,64d9be8046574fbfbc1fb14c9912afea,53,21,32,64d9be8046574fbfbc1fb14c9912afea->209ce526160947f0b398566cd4cbfd0d,0.6038,mixto,Portal de Aplicaciones Sence - Servicio Nacional de Capacitacion y Empleo,ASDigital - Ministerio de salud
3346db58cd2d474fbcf63e827462b85d,ae4caa1cb2154cac89440f3fe18251cb,53,26,27,ae4caa1cb2154cac89440f3fe18251cb->3346db58cd2d474fbcf63e827462b85d,0.5094,mixto,Single Sign-On - Subsecretaría de Evaluación Social,Ingreso de causas y escritos - Corporación Administrativa del Poder Judicial
4830b97416a14d1485ccb85c9f9baa4e,6a322ad743e3464bae56d2d9b180078a,53,34,19,4830b97416a14d1485ccb85c9f9baa4e->6a322ad743e3464bae56d2d9b180078a,0.6415,mixto,Trámites SP - Superintendencia de Penssiones,6a322ad743e3464bae56d2d9b180078a
18bec3e707784a978d9d89f2967f87de,2549b51828ce40af920a932dd2102217,53,26,27,2549b51828ce40af920a932dd2102217->18bec3e707784a978d9d89f2967f87de,0.5094,mixto,SERVEL- RENDICION - Servicio Electoral,undefined - Servicio de Impuestos Internos
ae54454684154c25bd33c6e04609652b,ffaec74bfd414f8394bab077a989e27f,52,30,22,ae54454684154c25bd33c6e04609652b->ffaec74bfd414f8394bab077a989e27f,0.5769,mixto,Sistema de Apelación Contra de Isapres - Subsecretaría de Salud Pública,miChileAtiende - Instituto de Previsión Social
86144f0d3b814c1d8c013f7aade6c55d,c2f8201a4d224d81babdcea072e5cec4,52,29,23,86144f0d3b814c1d8c013f7aade6c55d->c2f8201a4d224d81babdcea072e5cec4,0.5577,mixto,Sernac - Portal del consumidor - Servicio Nacional del Consumidor,https://tramites.subtel.gob.cl - Subsecretaría de Telecomunicaciones
8c4b94e7835b495e90eeca57d62cd1ff,ed07316d9d6344a9ab11e8a41fdc413a,52,3,49,ed07316d9d6344a9ab11e8a41fdc413a->8c4b94e7835b495e90eeca57d62cd1ff,0.9423,consistente,Intranet SEIM - Subsecretaría de Transportes,NEXTEO - Subsecretaría de Transportes
64d9be8046574fbfbc1fb14c9912afea,b1b009877e0c4e0790fd92559d853d69,52,14,38,b1b009877e0c4e0790fd92559d853d69->64d9be8046574fbfbc1fb14c9912afea,0.7308,mixto,ASDigital - Ministerio de salud,Mi Súper - Superintendencia de Salud
79bvfghg9a0a8tm25d16sddg7d61d4710,ee00832abfba40b38335ce48a12981b5,52,29,23,79bvfghg9a0a8tm25d16sddg7d61d4710->ee00832abfba40b38335ce48a12981b5,0.5577,mixto,Extranjeria - Secretaría de Gobierno Digital,Autenticacion Nube  Privada - Servicio de Impuestos Internos
638aea308ffb483198d5c1387e2cc017,c82f84bf3f2b451393445a0cb6883665,52,4,48,c82f84bf3f2b451393445a0cb6883665->638aea308ffb483198d5c1387e2cc017,0.9231,consistente,"Portal ""Mi SUPERIR"" - Superintendencia de Insolvencia y Reemprendimiento",Ventanilla Única Social - Subsecretaría de Evaluación Social
dd7629fec91f4599b3cf8c0dd0b984ac,ee00832abfba40b38335ce48a12981b5,52,32,20,dd7629fec91f4599b3cf8c0dd0b984ac->ee00832abfba40b38335ce48a12981b5,0.6154,mixto,Sucursal Virtual FONASA - Fondo Nacional de Salud,Autenticacion Nube  Privada - Servicio de Impuestos Internos
9c9359fefd164d388f8a5edc2bac301e,a6c839544c0440f5bf2ce98e7396613f,52,32,20,9c9359fefd164d388f8a5edc2bac301e->a6c839544c0440f5bf2ce98e7396613f,0.6154,mixto,Contraloría - Contraloría General de la República,Aula Virtual CEA - Contraloría General de la República
2549b51828ce40af920a932dd2102217,645a4f092abd49f0820b8a5507e3dea0,51,31,20,2549b51828ce40af920a932dd2102217->645a4f092abd49f0820b8a5507e3dea0,0.6078,mixto,undefined - Servicio de Impuestos Internos,Sistema Servicios en línea - Caja de Previsión de la Defensa Nacional
2549b51828ce40af920a932dd2102217,d74a389b77734996ba37fa61a0d08341,51,7,44,d74a389b77734996ba37fa61a0d08341->2549b51828ce40af920a932dd2102217,0.8627,mixto,undefined - Servicio de Impuestos Internos,DECLARACION JURADA - Servicio Agrícola y Ganadero
4a94478dd25f4430a0a023b87e11170d,b972e814004e4624a566f308901cca7c,51,27,24,4a94478dd25f4430a0a023b87e11170d->b972e814004e4624a566f308901cca7c,0.5294,mixto,Milicenciamedica.cl - Subsecretaría de Salud Pública,DocDigital Versión 3 - Subsecretaría General de la Presidencia de la República
1eec93924a1046efbad70c851782ab8a,347178b052294153af290d6a84589868,51,15,36,347178b052294153af290d6a84589868->1eec93924a1046efbad70c851782ab8a,0.7059,mixto,Trámites INAPI - Instituto Nacional de Propiedad Industrial,Mi Fiscalía en Línea - Ministerio Público
ae4caa1cb2154cac89440f3fe18251cb,cc28da1df13d4147b5420ccc231a458e,51,6,45,cc28da1df13d4147b5420ccc231a458e->ae4caa1cb2154cac89440f3fe18251cb,0.8824,mixto,Ingreso de causas y escritos - Corporación Administrativa del Poder Judicial,Canal de denuncias - Poder Judicial
ae412e532f1a48428bd0c5ad1f02f816,c52ceac3693c4644bb20f07dd8aa7103,51,27,24,ae412e532f1a48428bd0c5ad1f02f816->c52ceac3693c4644bb20f07dd8aa7103,0.5294,mixto,Sistema de gestión de licencia - Subsecretaría de Transportes,Firma Electronica - Secretaría de Gobierno Digital
3346db58cd2d474fbcf63e827462b85d,c63d7e67e1f8454386089193582563ea,51,29,22,3346db58cd2d474fbcf63e827462b85d->c63d7e67e1f8454386089193582563ea,0.5686,mixto,Single Sign-On - Subsecretaría de Evaluación Social,Campus Virtual - Subsecretaría de Evaluación Social
67eb30db49f240b08ab2b3f422f92cdf,cb9e2b9dd1cd44c5b7d4fdcfbbf3f5e0,51,32,19,67eb30db49f240b08ab2b3f422f92cdf->cb9e2b9dd1cd44c5b7d4fdcfbbf3f5e0,0.6275,mixto,Portal MiDT - Dirección del Trabajo,Portal Usuario 2.0 - Subsecretaría de Justicia
d602a0071f3f4db8b37a87cffd89bf23,dfd423dde87b47d382b736a15a36ac68,51,24,27,dfd423dde87b47d382b736a15a36ac68->d602a0071f3f4db8b37a87cffd89bf23,0.5294,mixto,PJUD - PODER JUDICIAL,App La Florida - Municipalidad de La Florida
0f33ab6447034fe49d1629353a119e47,495c261c0f484bd08e232f7358452c4d,51,31,20,0f33ab6447034fe49d1629353a119e47->495c261c0f484bd08e232f7358452c4d,0.6078,mixto,Superintendencia en Línea - Mi Portal - Superintendencia de Seguridad Social,undefined - Comisión para el Mercado Financiero
38b3f29fe39b4e87b5f7982165de8cf1,40fc9588a8e04b28852ec1163528bb8a,51,15,36,40fc9588a8e04b28852ec1163528bb8a->38b3f29fe39b4e87b5f7982165de8cf1,0.7059,mixto,Portal Servel - Servicio Electoral,PAEx DGMN - Dirección General de Movilización Nacional
123,1eec93924a1046efbad70c851782ab8a,51,18,33,1eec93924a1046efbad70c851782ab8a->123,0.6471,mixto,Registro Civil - SRCeI,Trámites INAPI - Instituto Nacional de Propiedad Industrial
08165f6182bc4dfc9dc1d7774508bbc6,0f33ab6447034fe49d1629353a119e47,50,24,26,0f33ab6447034fe49d1629353a119e47->08165f6182bc4dfc9dc1d7774508bbc6,0.52,mixto,e-certchile - E-Cert Chile,Superintendencia en Línea - Mi Portal - Superintendencia de Seguridad Social
209ce526160947f0b398566cd4cbfd0d,ab2dd6e0890c4b5483973add6fa1b91b,50,22,28,ab2dd6e0890c4b5483973add6fa1b91b->209ce526160947f0b398566cd4cbfd0d,0.56,mixto,Portal de Aplicaciones Sence - Servicio Nacional de Capacitacion y Empleo,Sercotec - Servicio de Cooperación Técnica
209ce526160947f0b398566cd4cbfd0d,2ff516ac74a44ebfa3a522adbde28a0f,50,26,24,209ce526160947f0b398566cd4cbfd0d->2ff516ac74a44ebfa3a522adbde28a0f,0.52,mixto,Portal de Aplicaciones Sence - Servicio Nacional de Capacitacion y Empleo,E-Sign ClaveÚnica - ESIGN S.A.
5235b9f356954973a226cb6fc12c9d6e,c7d9f088b4be4e38924fcfa78a6b5496,50,23,27,c7d9f088b4be4e38924fcfa78a6b5496->5235b9f356954973a226cb6fc12c9d6e,0.54,mixto,Sistema Alta Dirección Pública - Dirección Nacional del Servicio Civil,Directores para Chile - Servicio Civil
67eb30db49f240b08ab2b3f422f92cdf,ac8e668f620b403b9ccc6486c0e365c7,50,42,8,67eb30db49f240b08ab2b3f422f92cdf->ac8e668f620b403b9ccc6486c0e365c7,0.84,mixto,Portal MiDT - Dirección del Trabajo,ac8e668f620b403b9ccc6486c0e365c7
52449c34bb1e47fe81802bf322dae8ee,d602a0071f3f4db8b37a87cffd89bf23,50,21,29,d602a0071f3f4db8b37a87cffd89bf23->52449c34bb1e47fe81802bf322dae8ee,0.58,mixto,bcm2.sii.cl - Servicio de Impuestos Internos,PJUD - PODER JUDICIAL
4a94478dd25f4430a0a023b87e11170d,79bvfghg9a0a8tm25d16sddg7d61d4710,50,30,20,4a94478dd25f4430a0a023b87e11170d->79bvfghg9a0a8tm25d16sddg7d61d4710,0.6,mixto,Milicenciamedica.cl - Subsecretaría de Salud Pública,Extranjeria - Secretaría de Gobierno Digital
86144f0d3b814c1d8c013f7aade6c55d,91f3f86897ff4ae39e50cbd7035fa8af,50,22,28,91f3f86897ff4ae39e50cbd7035fa8af->86144f0d3b814c1d8c013f7aade6c55d,0.56,mixto,Sernac - Portal del consumidor - Servicio Nacional del Consumidor,APIs Receta Electrónica - Subsecretaría de Salud Pública
ae54454684154c25bd33c6e04609652b,c82f84bf3f2b451393445a0cb6883665,50,30,20,ae54454684154c25bd33c6e04609652b->c82f84bf3f2b451393445a0cb6883665,0.6,mixto,Sistema de Apelación Contra de Isapres - Subsecretaría de Salud Pública,Ventanilla Única Social - Subsecretaría de Evaluación Social
d0b1e3a4c2434e65be47566dcc3e2ee0,d602a0071f3f4db8b37a87cffd89bf23,50,22,28,d602a0071f3f4db8b37a87cffd89bf23->d0b1e3a4c2434e65be47566dcc3e2ee0,0.56,mixto,Municipalidad de Los Angeles - Ilustre Municipalidad de Los Angeles,PJUD - PODER JUDICIAL
01b56ab5b9be43e19fa06300994787ec,347178b052294153af290d6a84589868,50,18,32,347178b052294153af290d6a84589868->01b56ab5b9be43e19fa06300994787ec,0.64,mixto,Bitácora Web - Ministerio Público,Mi Fiscalía en Línea - Ministerio Público
ee1016d1de3347b79368186e86dfc2c2,fea91b9f08cc4f54a295711a70734a22,50,24,26,fea91b9f08cc4f54a295711a70734a22->ee1016d1de3347b79368186e86dfc2c2,0.52,mixto,DOM Digital - municipalidad de puerto montt,fea91b9f08cc4f54a295711a70734a22
6f7b8ef5a7204c4b92d0ca778317d790,d602a0071f3f4db8b37a87cffd89bf23,49,19,30,d602a0071f3f4db8b37a87cffd89bf23->6f7b8ef5a7204c4b92d0ca778317d790,0.6122,mixto,Gestor documental ZeCeroPapel - Servicio Nacional de Protección Especializada a la Niñez y Adolescencia,PJUD - PODER JUDICIAL
08165f6182bc4dfc9dc1d7774508bbc6,209ce526160947f0b398566cd4cbfd0d,49,22,27,209ce526160947f0b398566cd4cbfd0d->08165f6182bc4dfc9dc1d7774508bbc6,0.551,mixto,e-certchile - E-Cert Chile,Portal de Aplicaciones Sence - Servicio Nacional de Capacitacion y Empleo
ae4caa1cb2154cac89440f3fe18251cb,ef1dd1f1a5b94d0eacb669f7b3ec2911,49,26,23,ae4caa1cb2154cac89440f3fe18251cb->ef1dd1f1a5b94d0eacb669f7b3ec2911,0.5306,mixto,Ingreso de causas y escritos - Corporación Administrativa del Poder Judicial,Mi Crédito CAE - Comisión Administradora del Sistema de Créditos para Estudios Superiores
6e12533e73a048efa8bcc0a30f2b7684,9ae54d261e454c93ae1c2cdec0fd03e6,49,23,26,9ae54d261e454c93ae1c2cdec0fd03e6->6e12533e73a048efa8bcc0a30f2b7684,0.5306,mixto,Dirección General de Movilización Nacional - Dirección General de Movilización Nacional,Login certificado afiliacion - Fondo Nacional de Salud
52449c34bb1e47fe81802bf322dae8ee,e8dde9d26979498786c6ba5a82f70ad3,49,22,27,e8dde9d26979498786c6ba5a82f70ad3->52449c34bb1e47fe81802bf322dae8ee,0.551,mixto,bcm2.sii.cl - Servicio de Impuestos Internos,"undefined - Sociedad Administradora de Fondos de Cesantía de Chile II S.A., AFC Chile"
123,638aea308ffb483198d5c1387e2cc017,49,42,7,123->638aea308ffb483198d5c1387e2cc017,0.8571,mixto,Registro Civil - SRCeI,"Portal ""Mi SUPERIR"" - Superintendencia de Insolvencia y Reemprendimiento"
4f22549f9d3a443cb041c0e55395dbf1,d602a0071f3f4db8b37a87cffd89bf23,49,26,23,4f22549f9d3a443cb041c0e55395dbf1->d602a0071f3f4db8b37a87cffd89bf23,0.5306,mixto,Comisaría Virtual Denuncias - Carabineros de Chile,PJUD - PODER JUDICIAL
6daae6995cb245348bb2b5432ccc9948,9a76efc4c34e4bd7843206658dc45454,49,15,34,9a76efc4c34e4bd7843206658dc45454->6daae6995cb245348bb2b5432ccc9948,0.6939,mixto,DIRECTEMAR - Dirección General del Territorio Marítimo y Marina Mercante,Portal Ciudadano ClaveÚnica - Secretaría de Gobierno Digital
645a4f092abd49f0820b8a5507e3dea0,c82f84bf3f2b451393445a0cb6883665,49,21,28,c82f84bf3f2b451393445a0cb6883665->645a4f092abd49f0820b8a5507e3dea0,0.5714,mixto,Sistema Servicios en línea - Caja de Previsión de la Defensa Nacional,Ventanilla Única Social - Subsecretaría de Evaluación Social
67eb30db49f240b08ab2b3f422f92cdf,6e12533e73a048efa8bcc0a30f2b7684,49,13,36,6e12533e73a048efa8bcc0a30f2b7684->67eb30db49f240b08ab2b3f422f92cdf,0.7347,mixto,Portal MiDT - Dirección del Trabajo,Dirección General de Movilización Nacional - Dirección General de Movilización Nacional
6e12533e73a048efa8bcc0a30f2b7684,ffaec74bfd414f8394bab077a989e27f,48,11,37,ffaec74bfd414f8394bab077a989e27f->6e12533e73a048efa8bcc0a30f2b7684,0.7708,mixto,Dirección General de Movilización Nacional - Dirección General de Movilización Nacional,miChileAtiende - Instituto de Previsión Social
2549b51828ce40af920a932dd2102217,6daae6995cb245348bb2b5432ccc9948,48,13,35,6daae6995cb245348bb2b5432ccc9948->2549b51828ce40af920a932dd2102217,0.7292,mixto,undefined - Servicio de Impuestos Internos,DIRECTEMAR - Dirección General del Territorio Marítimo y Marina Mercante
006b85a984e94ce88ddb035ec01b2d70,88d08ee1a5384a7fbe4bfddb8928ce82,48,24,24,006b85a984e94ce88ddb035ec01b2d70->88d08ee1a5384a7fbe4bfddb8928ce82,0.5,mixto,006b85a984e94ce88ddb035ec01b2d70,Sistema Midas - Subsecretaría de Salud Pública
01b56ab5b9be43e19fa06300994787ec,4830b97416a14d1485ccb85c9f9baa4e,48,40,8,01b56ab5b9be43e19fa06300994787ec->4830b97416a14d1485ccb85c9f9baa4e,0.8333,mixto,Bitácora Web - Ministerio Público,Trámites SP - Superintendencia de Penssiones
b972e814004e4624a566f308901cca7c,e8dde9d26979498786c6ba5a82f70ad3,48,34,14,b972e814004e4624a566f308901cca7c->e8dde9d26979498786c6ba5a82f70ad3,0.7083,mixto,DocDigital Versión 3 - Subsecretaría General de la Presidencia de la República,"undefined - Sociedad Administradora de Fondos de Cesantía de Chile II S.A., AFC Chile"
1ad6835586034de0b29f4a402b182c6c,209ce526160947f0b398566cd4cbfd0d,48,22,26,209ce526160947f0b398566cd4cbfd0d->1ad6835586034de0b29f4a402b182c6c,0.5417,mixto,Comisaría Virtual 2 - Carabineros de Chile,Portal de Aplicaciones Sence - Servicio Nacional de Capacitacion y Empleo
209ce526160947f0b398566cd4cbfd0d,ae5b803c779a4b38b70f9e4b6d33dc26,48,11,37,ae5b803c779a4b38b70f9e4b6d33dc26->209ce526160947f0b398566cd4cbfd0d,0.7708,mixto,Portal de Aplicaciones Sence - Servicio Nacional de Capacitacion y Empleo,Sistema DocWeb - Subsecretaría de Justicia
645a4f092abd49f0820b8a5507e3dea0,a7709b21161d459298dc5dc58e77310b,48,27,21,645a4f092abd49f0820b8a5507e3dea0->a7709b21161d459298dc5dc58e77310b,0.5625,mixto,Sistema Servicios en línea - Caja de Previsión de la Defensa Nacional,DIPRECA - Dirección de Previsión de Carabineros de Chile
dc821110e3f34bf3984d61955ced2e69,fd595f24910c4126b7398b3e081af528,47,34,13,dc821110e3f34bf3984d61955ced2e69->fd595f24910c4126b7398b3e081af528,0.7234,mixto,Licencia de Conducir Digital - Subsecretaría de Transportes,Instituto Seguridad Laboral - Instituto Seguridad Laboral
209ce526160947f0b398566cd4cbfd0d,ef1dd1f1a5b94d0eacb669f7b3ec2911,47,21,26,ef1dd1f1a5b94d0eacb669f7b3ec2911->209ce526160947f0b398566cd4cbfd0d,0.5532,mixto,Portal de Aplicaciones Sence - Servicio Nacional de Capacitacion y Empleo,Mi Crédito CAE - Comisión Administradora del Sistema de Créditos para Estudios Superiores
eaf8f2b0ccd04cf2a7bfcf357fe88ca2,ffaec74bfd414f8394bab077a989e27f,47,21,26,ffaec74bfd414f8394bab077a989e27f->eaf8f2b0ccd04cf2a7bfcf357fe88ca2,0.5532,mixto,Empleos Públicos - Servicio Civil,miChileAtiende - Instituto de Previsión Social
2629fabfb8e7428bb34e3d4f43ffdc9b,f883bd6d70b043a09837e8b888fe3f65,47,17,30,f883bd6d70b043a09837e8b888fe3f65->2629fabfb8e7428bb34e3d4f43ffdc9b,0.6383,mixto,Thomas Signe - Thomas-Signe Chile S.A,undefined - Subsecretaría de Economía y Empresas de Menor Tamaño
74e60dc3bc26493d81088e4d322b7c39,91f3f86897ff4ae39e50cbd7035fa8af,47,26,21,74e60dc3bc26493d81088e4d322b7c39->91f3f86897ff4ae39e50cbd7035fa8af,0.5532,mixto,SignPass - BPO Advisors SpA,APIs Receta Electrónica - Subsecretaría de Salud Pública
74e60dc3bc26493d81088e4d322b7c39,c82f84bf3f2b451393445a0cb6883665,47,20,27,c82f84bf3f2b451393445a0cb6883665->74e60dc3bc26493d81088e4d322b7c39,0.5745,mixto,SignPass - BPO Advisors SpA,Ventanilla Única Social - Subsecretaría de Evaluación Social
c765193a11274b73b1ffa97efd6fbc3b,d602a0071f3f4db8b37a87cffd89bf23,47,13,34,d602a0071f3f4db8b37a87cffd89bf23->c765193a11274b73b1ffa97efd6fbc3b,0.7234,mixto,Servicio Único de Identidad - SMA - Superintendencia del Medio Ambiente,PJUD - PODER JUDICIAL
209ce526160947f0b398566cd4cbfd0d,dc821110e3f34bf3984d61955ced2e69,47,23,24,dc821110e3f34bf3984d61955ced2e69->209ce526160947f0b398566cd4cbfd0d,0.5106,mixto,Portal de Aplicaciones Sence - Servicio Nacional de Capacitacion y Empleo,Licencia de Conducir Digital - Subsecretaría de Transportes
16ffe077cc1a4b11a19bea91abce6f9c,a7a98dfdf4dd4a8fa248cae682395965,47,39,8,16ffe077cc1a4b11a19bea91abce6f9c->a7a98dfdf4dd4a8fa248cae682395965,0.8298,mixto,SIMEF v5 - Subsecretaría de Justicia,Sistema Informático Registro Nacional de Mediadores - Subsecretaría de Justicia
b972e814004e4624a566f308901cca7c,c82f84bf3f2b451393445a0cb6883665,47,31,16,b972e814004e4624a566f308901cca7c->c82f84bf3f2b451393445a0cb6883665,0.6596,mixto,DocDigital Versión 3 - Subsecretaría General de la Presidencia de la República,Ventanilla Única Social - Subsecretaría de Evaluación Social
52449c34bb1e47fe81802bf322dae8ee,9a76efc4c34e4bd7843206658dc45454,47,13,34,9a76efc4c34e4bd7843206658dc45454->52449c34bb1e47fe81802bf322dae8ee,0.7234,mixto,bcm2.sii.cl - Servicio de Impuestos Internos,Portal Ciudadano ClaveÚnica - Secretaría de Gobierno Digital
b6a7ac98c6704aa6b6512efa5fa8dbfe,f883bd6d70b043a09837e8b888fe3f65,47,35,12,b6a7ac98c6704aa6b6512efa5fa8dbfe->f883bd6d70b043a09837e8b888fe3f65,0.7447,mixto,Corfo - Corporación de Fomento de la Producción,undefined - Subsecretaría de Economía y Empresas de Menor Tamaño
0f33ab6447034fe49d1629353a119e47,67339e06f4b44f78994ff4785178807a,47,18,29,67339e06f4b44f78994ff4785178807a->0f33ab6447034fe49d1629353a119e47,0.617,mixto,Superintendencia en Línea - Mi Portal - Superintendencia de Seguridad Social,Mercado+Público - Dirección de Compras y Contratación Pública
a7925c7ee6674a30ae9f3f4045785095,dfd423dde87b47d382b736a15a36ac68,46,23,23,a7925c7ee6674a30ae9f3f4045785095->dfd423dde87b47d382b736a15a36ac68,0.5,mixto,Gestión Documental - Ilustre Municipalidad de Peñalolén,App La Florida - Municipalidad de La Florida
2549b51828ce40af920a932dd2102217,fd595f24910c4126b7398b3e081af528,46,21,25,fd595f24910c4126b7398b3e081af528->2549b51828ce40af920a932dd2102217,0.5435,mixto,undefined - Servicio de Impuestos Internos,Instituto Seguridad Laboral - Instituto Seguridad Laboral
08165f6182bc4dfc9dc1d7774508bbc6,94d27864f86d422faa68efccb908cc34,46,21,25,94d27864f86d422faa68efccb908cc34->08165f6182bc4dfc9dc1d7774508bbc6,0.5435,mixto,e-certchile - E-Cert Chile,94d27864f86d422faa68efccb908cc34
67339e06f4b44f78994ff4785178807a,6daae6995cb245348bb2b5432ccc9948,46,9,37,6daae6995cb245348bb2b5432ccc9948->67339e06f4b44f78994ff4785178807a,0.8043,mixto,Mercado+Público - Dirección de Compras y Contratación Pública,DIRECTEMAR - Dirección General del Territorio Marítimo y Marina Mercante
38b3f29fe39b4e87b5f7982165de8cf1,c82f84bf3f2b451393445a0cb6883665,46,27,19,38b3f29fe39b4e87b5f7982165de8cf1->c82f84bf3f2b451393445a0cb6883665,0.587,mixto,Portal Servel - Servicio Electoral,Ventanilla Única Social - Subsecretaría de Evaluación Social
ae4caa1cb2154cac89440f3fe18251cb,fdd7e5cf453e42d7b8cb2334d3a7bff9,46,8,38,fdd7e5cf453e42d7b8cb2334d3a7bff9->ae4caa1cb2154cac89440f3fe18251cb,0.8261,mixto,Ingreso de causas y escritos - Corporación Administrativa del Poder Judicial,Telesalud - Subsecretaría de Redes Asistenciales
d44f2fafe10b4397ac7557cd13747bd2,dc821110e3f34bf3984d61955ced2e69,46,32,14,d44f2fafe10b4397ac7557cd13747bd2->dc821110e3f34bf3984d61955ced2e69,0.6957,mixto,RPI - MTT,Licencia de Conducir Digital - Subsecretaría de Transportes
08165f6182bc4dfc9dc1d7774508bbc6,4830b97416a14d1485ccb85c9f9baa4e,46,13,33,4830b97416a14d1485ccb85c9f9baa4e->08165f6182bc4dfc9dc1d7774508bbc6,0.7174,mixto,e-certchile - E-Cert Chile,Trámites SP - Superintendencia de Penssiones
67339e06f4b44f78994ff4785178807a,9b8e5105e75b4d77a3e416729122b83a,46,30,16,67339e06f4b44f78994ff4785178807a->9b8e5105e75b4d77a3e416729122b83a,0.6522,mixto,Mercado+Público - Dirección de Compras y Contratación Pública,Gestor Documental - Municipalidad de Coyhaique
4a94478dd25f4430a0a023b87e11170d,52449c34bb1e47fe81802bf322dae8ee,46,34,12,4a94478dd25f4430a0a023b87e11170d->52449c34bb1e47fe81802bf322dae8ee,0.7391,mixto,Milicenciamedica.cl - Subsecretaría de Salud Pública,bcm2.sii.cl - Servicio de Impuestos Internos
02f0f8beb94542deac503efd6a774262,4a94478dd25f4430a0a023b87e11170d,46,15,31,4a94478dd25f4430a0a023b87e11170d->02f0f8beb94542deac503efd6a774262,0.6739,mixto,SSMSO - Servicio de Salud Sur Oriente,Milicenciamedica.cl - Subsecretaría de Salud Pública
4060f34dc33042fda53efdfd0594b679,b972e814004e4624a566f308901cca7c,45,26,19,4060f34dc33042fda53efdfd0594b679->b972e814004e4624a566f308901cca7c,0.5778,mixto,Capacitación ChileCompra - Dirección ChileCompra,DocDigital Versión 3 - Subsecretaría General de la Presidencia de la República
123,e5b8388e1275417395d526c566b0e1e8,45,27,18,123->e5b8388e1275417395d526c566b0e1e8,0.6,mixto,Registro Civil - SRCeI,Servicio Nacional de Aduanas - Servicio Nacional de Aduanas
ae54454684154c25bd33c6e04609652b,dc821110e3f34bf3984d61955ced2e69,45,21,24,dc821110e3f34bf3984d61955ced2e69->ae54454684154c25bd33c6e04609652b,0.5333,mixto,Sistema de Apelación Contra de Isapres - Subsecretaría de Salud Pública,Licencia de Conducir Digital - Subsecretaría de Transportes
95b7bf6083634811b6ec1552e2ed5fad,d254feea701346a399887b9fe59ac61a,45,21,24,d254feea701346a399887b9fe59ac61a->95b7bf6083634811b6ec1552e2ed5fad,0.5333,mixto,Gestión Telesalud - Subsecretaría de Redes Asistenciales,Plataforma de Telemedicina - Subsecretaría de Redes Asistenciales
209ce526160947f0b398566cd4cbfd0d,9c9359fefd164d388f8a5edc2bac301e,45,19,26,9c9359fefd164d388f8a5edc2bac301e->209ce526160947f0b398566cd4cbfd0d,0.5778,mixto,Portal de Aplicaciones Sence - Servicio Nacional de Capacitacion y Empleo,Contraloría - Contraloría General de la República
86144f0d3b814c1d8c013f7aade6c55d,eaf8f2b0ccd04cf2a7bfcf357fe88ca2,45,16,29,eaf8f2b0ccd04cf2a7bfcf357fe88ca2->86144f0d3b814c1d8c013f7aade6c55d,0.6444,mixto,Sernac - Portal del consumidor - Servicio Nacional del Consumidor,Empleos Públicos - Servicio Civil
123,888fb026b62d4a75920fe44a0af43ad4,45,18,27,888fb026b62d4a75920fe44a0af43ad4->123,0.6,mixto,Registro Civil - SRCeI,Subsecretaría de Transportes - Subsecretaría de Transportes
4830b97416a14d1485ccb85c9f9baa4e,dd7629fec91f4599b3cf8c0dd0b984ac,45,15,30,dd7629fec91f4599b3cf8c0dd0b984ac->4830b97416a14d1485ccb85c9f9baa4e,0.6667,mixto,Trámites SP - Superintendencia de Penssiones,Sucursal Virtual FONASA - Fondo Nacional de Salud
89578284a7f748ce95f21a5003c7467a,d602a0071f3f4db8b37a87cffd89bf23,45,3,42,d602a0071f3f4db8b37a87cffd89bf23->89578284a7f748ce95f21a5003c7467a,0.9333,consistente,Registro Voluntario de Contratos Agrícolas - Subsecretaría de Economía y Empresas de Menor Tamaño,PJUD - PODER JUDICIAL
2ae2ca1a377048a58815f54a432f8a21,67eb30db49f240b08ab2b3f422f92cdf,45,20,25,67eb30db49f240b08ab2b3f422f92cdf->2ae2ca1a377048a58815f54a432f8a21,0.5556,mixto,Portal Paciente - Subsecretaría de Redes Asistenciales,Portal MiDT - Dirección del Trabajo
0335e32e61b248ae8ab98cb955f915dd,a3d2f5bccc104cf6bdd3817c86236b0e,44,30,14,0335e32e61b248ae8ab98cb955f915dd->a3d2f5bccc104cf6bdd3817c86236b0e,0.6818,mixto,Sistema de ambiente de Clientes - Central de Abastecimiento del Sistema Nacional de Servicios de Salud,Sistema Ambiente Proveedores - Central de Abastecimiento del Sistema Nacional de Servicios de Salud
ae54454684154c25bd33c6e04609652b,b1b009877e0c4e0790fd92559d853d69,44,29,15,ae54454684154c25bd33c6e04609652b->b1b009877e0c4e0790fd92559d853d69,0.6591,mixto,Sistema de Apelación Contra de Isapres - Subsecretaría de Salud Pública,Mi Súper - Superintendencia de Salud
56da1c80cfea4a5b83326bfef271fc3e,6a322ad743e3464bae56d2d9b180078a,44,25,19,56da1c80cfea4a5b83326bfef271fc3e->6a322ad743e3464bae56d2d9b180078a,0.5682,mixto,Escritorio de Aplicaciones - Ministerio Público,6a322ad743e3464bae56d2d9b180078a
31050e1a1dcb4c9899ba77be32449e54,ae54454684154c25bd33c6e04609652b,44,24,20,31050e1a1dcb4c9899ba77be32449e54->ae54454684154c25bd33c6e04609652b,0.5455,mixto,Bono electrónico y LME - Superintendencia de Seguridad Social,Sistema de Apelación Contra de Isapres - Subsecretaría de Salud Pública
38b3f29fe39b4e87b5f7982165de8cf1,9a76efc4c34e4bd7843206658dc45454,44,11,33,9a76efc4c34e4bd7843206658dc45454->38b3f29fe39b4e87b5f7982165de8cf1,0.75,mixto,Portal Servel - Servicio Electoral,Portal Ciudadano ClaveÚnica - Secretaría de Gobierno Digital
6a322ad743e3464bae56d2d9b180078a,cb9e2b9dd1cd44c5b7d4fdcfbbf3f5e0,44,25,19,6a322ad743e3464bae56d2d9b180078a->cb9e2b9dd1cd44c5b7d4fdcfbbf3f5e0,0.5682,mixto,6a322ad743e3464bae56d2d9b180078a,Portal Usuario 2.0 - Subsecretaría de Justicia
d602a0071f3f4db8b37a87cffd89bf23,f15bd4421f604ffbae3d627bef601546,44,29,15,d602a0071f3f4db8b37a87cffd89bf23->f15bd4421f604ffbae3d627bef601546,0.6591,mixto,PJUD - PODER JUDICIAL,Transferencia de Archivos - Ministerio Público
16ffe077cc1a4b11a19bea91abce6f9c,2549b51828ce40af920a932dd2102217,44,22,22,16ffe077cc1a4b11a19bea91abce6f9c->2549b51828ce40af920a932dd2102217,0.5,mixto,SIMEF v5 - Subsecretaría de Justicia,undefined - Servicio de Impuestos Internos
91f3f86897ff4ae39e50cbd7035fa8af,dc821110e3f34bf3984d61955ced2e69,44,19,25,dc821110e3f34bf3984d61955ced2e69->91f3f86897ff4ae39e50cbd7035fa8af,0.5682,mixto,APIs Receta Electrónica - Subsecretaría de Salud Pública,Licencia de Conducir Digital - Subsecretaría de Transportes
1bb1657eb2eb43808f0529810258aa3b,94d27864f86d422faa68efccb908cc34,44,29,15,1bb1657eb2eb43808f0529810258aa3b->94d27864f86d422faa68efccb908cc34,0.6591,mixto,Autenticación Sistemas DPP - Defensoría Penal Pública,94d27864f86d422faa68efccb908cc34
6a322ad743e3464bae56d2d9b180078a,dc821110e3f34bf3984d61955ced2e69,44,26,18,6a322ad743e3464bae56d2d9b180078a->dc821110e3f34bf3984d61955ced2e69,0.5909,mixto,6a322ad743e3464bae56d2d9b180078a,Licencia de Conducir Digital - Subsecretaría de Transportes
88d08ee1a5384a7fbe4bfddb8928ce82,9c9359fefd164d388f8a5edc2bac301e,44,21,23,9c9359fefd164d388f8a5edc2bac301e->88d08ee1a5384a7fbe4bfddb8928ce82,0.5227,mixto,Sistema Midas - Subsecretaría de Salud Pública,Contraloría - Contraloría General de la República
123,31050e1a1dcb4c9899ba77be32449e54,44,34,10,123->31050e1a1dcb4c9899ba77be32449e54,0.7727,mixto,Registro Civil - SRCeI,Bono electrónico y LME - Superintendencia de Seguridad Social
08165f6182bc4dfc9dc1d7774508bbc6,645a4f092abd49f0820b8a5507e3dea0,44,40,4,08165f6182bc4dfc9dc1d7774508bbc6->645a4f092abd49f0820b8a5507e3dea0,0.9091,consistente,e-certchile - E-Cert Chile,Sistema Servicios en línea - Caja de Previsión de la Defensa Nacional
387ff07354a74657a44369e05d83234a,c82f84bf3f2b451393445a0cb6883665,44,26,18,387ff07354a74657a44369e05d83234a->c82f84bf3f2b451393445a0cb6883665,0.5909,mixto,Nuevo Sitio Web FONASA - Fondo Nacional de Salud,Ventanilla Única Social - Subsecretaría de Evaluación Social
0f33ab6447034fe49d1629353a119e47,b1b009877e0c4e0790fd92559d853d69,43,25,18,0f33ab6447034fe49d1629353a119e47->b1b009877e0c4e0790fd92559d853d69,0.5814,mixto,Superintendencia en Línea - Mi Portal - Superintendencia de Seguridad Social,Mi Súper - Superintendencia de Salud
18bec3e707784a978d9d89f2967f87de,38b3f29fe39b4e87b5f7982165de8cf1,43,17,26,38b3f29fe39b4e87b5f7982165de8cf1->18bec3e707784a978d9d89f2967f87de,0.6047,mixto,SERVEL- RENDICION - Servicio Electoral,Portal Servel - Servicio Electoral
0f33ab6447034fe49d1629353a119e47,eaf8f2b0ccd04cf2a7bfcf357fe88ca2,43,27,16,0f33ab6447034fe49d1629353a119e47->eaf8f2b0ccd04cf2a7bfcf357fe88ca2,0.6279,mixto,Superintendencia en Línea - Mi Portal - Superintendencia de Seguridad Social,Empleos Públicos - Servicio Civil
ae4caa1cb2154cac89440f3fe18251cb,ae54454684154c25bd33c6e04609652b,43,16,27,ae54454684154c25bd33c6e04609652b->ae4caa1cb2154cac89440f3fe18251cb,0.6279,mixto,Ingreso de causas y escritos - Corporación Administrativa del Poder Judicial,Sistema de Apelación Contra de Isapres - Subsecretaría de Salud Pública
67339e06f4b44f78994ff4785178807a,b6a7ac98c6704aa6b6512efa5fa8dbfe,43,28,15,67339e06f4b44f78994ff4785178807a->b6a7ac98c6704aa6b6512efa5fa8dbfe,0.6512,mixto,Mercado+Público - Dirección de Compras y Contratación Pública,Corfo - Corporación de Fomento de la Producción
dcd0b6134a8846c1ac7171f8530945ab,fb3957569a8d49528c3571bcb4703f55,43,22,21,dcd0b6134a8846c1ac7171f8530945ab->fb3957569a8d49528c3571bcb4703f55,0.5116,mixto,Identidad Única - Ministerio de Vivienda y Urbanismo - Subsecretaría de Vivienda y Urbanismo,MINVU - Subsecretaría de Vivienda y Urbanismo
01b56ab5b9be43e19fa06300994787ec,6daae6995cb245348bb2b5432ccc9948,43,29,14,01b56ab5b9be43e19fa06300994787ec->6daae6995cb245348bb2b5432ccc9948,0.6744,mixto,Bitácora Web - Ministerio Público,DIRECTEMAR - Dirección General del Territorio Marítimo y Marina Mercante
4a94478dd25f4430a0a023b87e11170d,ee00832abfba40b38335ce48a12981b5,43,29,14,4a94478dd25f4430a0a023b87e11170d->ee00832abfba40b38335ce48a12981b5,0.6744,mixto,Milicenciamedica.cl - Subsecretaría de Salud Pública,Autenticacion Nube  Privada - Servicio de Impuestos Internos
123,64b50202d6b74bfcb78c7342823e0f4f,43,14,29,64b50202d6b74bfcb78c7342823e0f4f->123,0.6744,mixto,Registro Civil - SRCeI,Cesantía - Comisión Administradora de Sistema de Créditos para Estudios Superiores
64d9be8046574fbfbc1fb14c9912afea,b972e814004e4624a566f308901cca7c,43,14,29,b972e814004e4624a566f308901cca7c->64d9be8046574fbfbc1fb14c9912afea,0.6744,mixto,ASDigital - Ministerio de salud,DocDigital Versión 3 - Subsecretaría General de la Presidencia de la República
9c9359fefd164d388f8a5edc2bac301e,ae4caa1cb2154cac89440f3fe18251cb,43,20,23,ae4caa1cb2154cac89440f3fe18251cb->9c9359fefd164d388f8a5edc2bac301e,0.5349,mixto,Contraloría - Contraloría General de la República,Ingreso de causas y escritos - Corporación Administrativa del Poder Judicial
123,fdd7e5cf453e42d7b8cb2334d3a7bff9,43,24,19,123->fdd7e5cf453e42d7b8cb2334d3a7bff9,0.5581,mixto,Registro Civil - SRCeI,Telesalud - Subsecretaría de Redes Asistenciales
4a94478dd25f4430a0a023b87e11170d,fb944d98fea445bda57de000993d3e25,43,19,24,fb944d98fea445bda57de000993d3e25->4a94478dd25f4430a0a023b87e11170d,0.5581,mixto,Milicenciamedica.cl - Subsecretaría de Salud Pública,Accede a tu Portal Paciente - Servicio de Salud Maule
91f3f86897ff4ae39e50cbd7035fa8af,b972e814004e4624a566f308901cca7c,43,21,22,b972e814004e4624a566f308901cca7c->91f3f86897ff4ae39e50cbd7035fa8af,0.5116,mixto,APIs Receta Electrónica - Subsecretaría de Salud Pública,DocDigital Versión 3 - Subsecretaría General de la Presidencia de la República
91f3f86897ff4ae39e50cbd7035fa8af,f883bd6d70b043a09837e8b888fe3f65,43,20,23,f883bd6d70b043a09837e8b888fe3f65->91f3f86897ff4ae39e50cbd7035fa8af,0.5349,mixto,APIs Receta Electrónica - Subsecretaría de Salud Pública,undefined - Subsecretaría de Economía y Empresas de Menor Tamaño
a6c839544c0440f5bf2ce98e7396613f,eaf8f2b0ccd04cf2a7bfcf357fe88ca2,43,20,23,eaf8f2b0ccd04cf2a7bfcf357fe88ca2->a6c839544c0440f5bf2ce98e7396613f,0.5349,mixto,Aula Virtual CEA - Contraloría General de la República,Empleos Públicos - Servicio Civil
3346db58cd2d474fbcf63e827462b85d,780fb7c030e043f7bd9f40ca4ab06bd4,42,27,15,3346db58cd2d474fbcf63e827462b85d->780fb7c030e043f7bd9f40ca4ab06bd4,0.6429,mixto,Single Sign-On - Subsecretaría de Evaluación Social,App Funcionarios La Florida - Municipalidad de La Florida
6a322ad743e3464bae56d2d9b180078a,ae54454684154c25bd33c6e04609652b,42,22,20,6a322ad743e3464bae56d2d9b180078a->ae54454684154c25bd33c6e04609652b,0.5238,mixto,6a322ad743e3464bae56d2d9b180078a,Sistema de Apelación Contra de Isapres - Subsecretaría de Salud Pública
38b3f29fe39b4e87b5f7982165de8cf1,eaf8f2b0ccd04cf2a7bfcf357fe88ca2,42,13,29,eaf8f2b0ccd04cf2a7bfcf357fe88ca2->38b3f29fe39b4e87b5f7982165de8cf1,0.6905,mixto,Portal Servel - Servicio Electoral,Empleos Públicos - Servicio Civil
3346db58cd2d474fbcf63e827462b85d,eaf8f2b0ccd04cf2a7bfcf357fe88ca2,42,25,17,3346db58cd2d474fbcf63e827462b85d->eaf8f2b0ccd04cf2a7bfcf357fe88ca2,0.5952,mixto,Single Sign-On - Subsecretaría de Evaluación Social,Empleos Públicos - Servicio Civil
6a322ad743e3464bae56d2d9b180078a,79bvfghg9a0a8tm25d16sddg7d61d4710,42,15,27,79bvfghg9a0a8tm25d16sddg7d61d4710->6a322ad743e3464bae56d2d9b180078a,0.6429,mixto,6a322ad743e3464bae56d2d9b180078a,Extranjeria - Secretaría de Gobierno Digital
2ff516ac74a44ebfa3a522adbde28a0f,e8dde9d26979498786c6ba5a82f70ad3,42,19,23,e8dde9d26979498786c6ba5a82f70ad3->2ff516ac74a44ebfa3a522adbde28a0f,0.5476,mixto,E-Sign ClaveÚnica - ESIGN S.A.,"undefined - Sociedad Administradora de Fondos de Cesantía de Chile II S.A., AFC Chile"
01b56ab5b9be43e19fa06300994787ec,c13d78fe65b94d05ad83b59494767b9f,42,23,19,01b56ab5b9be43e19fa06300994787ec->c13d78fe65b94d05ad83b59494767b9f,0.5476,mixto,Bitácora Web - Ministerio Público,Beneficios Personal - Gendarmería de Chile
645a4f092abd49f0820b8a5507e3dea0,ae4caa1cb2154cac89440f3fe18251cb,42,13,29,ae4caa1cb2154cac89440f3fe18251cb->645a4f092abd49f0820b8a5507e3dea0,0.6905,mixto,Sistema Servicios en línea - Caja de Previsión de la Defensa Nacional,Ingreso de causas y escritos - Corporación Administrativa del Poder Judicial
6a322ad743e3464bae56d2d9b180078a,fb3957569a8d49528c3571bcb4703f55,42,18,24,fb3957569a8d49528c3571bcb4703f55->6a322ad743e3464bae56d2d9b180078a,0.5714,mixto,6a322ad743e3464bae56d2d9b180078a,MINVU - Subsecretaría de Vivienda y Urbanismo
1bb1657eb2eb43808f0529810258aa3b,638aea308ffb483198d5c1387e2cc017,42,2,40,638aea308ffb483198d5c1387e2cc017->1bb1657eb2eb43808f0529810258aa3b,0.9524,consistente,Autenticación Sistemas DPP - Defensoría Penal Pública,"Portal ""Mi SUPERIR"" - Superintendencia de Insolvencia y Reemprendimiento"
9c9359fefd164d388f8a5edc2bac301e,c82f84bf3f2b451393445a0cb6883665,42,18,24,c82f84bf3f2b451393445a0cb6883665->9c9359fefd164d388f8a5edc2bac301e,0.5714,mixto,Contraloría - Contraloría General de la República,Ventanilla Única Social - Subsecretaría de Evaluación Social
64b50202d6b74bfcb78c7342823e0f4f,e10304f95c2b40738695563eb9b8662c,41,30,11,64b50202d6b74bfcb78c7342823e0f4f->e10304f95c2b40738695563eb9b8662c,0.7317,mixto,Cesantía - Comisión Administradora de Sistema de Créditos para Estudios Superiores,SISTEMA DE ATENCIÓN DE CONSULTA - Comisión Administradora del Sistema de Créditos para Estudios Superiores
5f686fded1294c02a7a5c3298f2eec5b,64d9be8046574fbfbc1fb14c9912afea,41,21,20,5f686fded1294c02a7a5c3298f2eec5b->64d9be8046574fbfbc1fb14c9912afea,0.5122,mixto,Sistema SEIM - Subsecretaría de Transportes,ASDigital - Ministerio de salud
2549b51828ce40af920a932dd2102217,a7709b21161d459298dc5dc58e77310b,41,23,18,2549b51828ce40af920a932dd2102217->a7709b21161d459298dc5dc58e77310b,0.561,mixto,undefined - Servicio de Impuestos Internos,DIPRECA - Dirección de Previsión de Carabineros de Chile
cb9e2b9dd1cd44c5b7d4fdcfbbf3f5e0,ee00832abfba40b38335ce48a12981b5,41,20,21,ee00832abfba40b38335ce48a12981b5->cb9e2b9dd1cd44c5b7d4fdcfbbf3f5e0,0.5122,mixto,Portal Usuario 2.0 - Subsecretaría de Justicia,Autenticacion Nube  Privada - Servicio de Impuestos Internos
94d27864f86d422faa68efccb908cc34,eaf8f2b0ccd04cf2a7bfcf357fe88ca2,41,18,23,eaf8f2b0ccd04cf2a7bfcf357fe88ca2->94d27864f86d422faa68efccb908cc34,0.561,mixto,94d27864f86d422faa68efccb908cc34,Empleos Públicos - Servicio Civil
4830b97416a14d1485ccb85c9f9baa4e,67339e06f4b44f78994ff4785178807a,41,9,32,67339e06f4b44f78994ff4785178807a->4830b97416a14d1485ccb85c9f9baa4e,0.7805,mixto,Trámites SP - Superintendencia de Penssiones,Mercado+Público - Dirección de Compras y Contratación Pública
ab2dd6e0890c4b5483973add6fa1b91b,c82f84bf3f2b451393445a0cb6883665,41,7,34,c82f84bf3f2b451393445a0cb6883665->ab2dd6e0890c4b5483973add6fa1b91b,0.8293,mixto,Sercotec - Servicio de Cooperación Técnica,Ventanilla Única Social - Subsecretaría de Evaluación Social
4a94478dd25f4430a0a023b87e11170d,74e60dc3bc26493d81088e4d322b7c39,41,19,22,74e60dc3bc26493d81088e4d322b7c39->4a94478dd25f4430a0a023b87e11170d,0.5366,mixto,Milicenciamedica.cl - Subsecretaría de Salud Pública,SignPass - BPO Advisors SpA
2549b51828ce40af920a932dd2102217,9ad41e803fff463bac913cedefca7796,41,15,26,9ad41e803fff463bac913cedefca7796->2549b51828ce40af920a932dd2102217,0.6341,mixto,undefined - Servicio de Impuestos Internos,Servicio Electoral - Cerofilas - Servicio Electoral
209ce526160947f0b398566cd4cbfd0d,86144f0d3b814c1d8c013f7aade6c55d,41,17,24,86144f0d3b814c1d8c013f7aade6c55d->209ce526160947f0b398566cd4cbfd0d,0.5854,mixto,Portal de Aplicaciones Sence - Servicio Nacional de Capacitacion y Empleo,Sernac - Portal del consumidor - Servicio Nacional del Consumidor
dcd0b6134a8846c1ac7171f8530945ab,f883bd6d70b043a09837e8b888fe3f65,41,9,32,f883bd6d70b043a09837e8b888fe3f65->dcd0b6134a8846c1ac7171f8530945ab,0.7805,mixto,Identidad Única - Ministerio de Vivienda y Urbanismo - Subsecretaría de Vivienda y Urbanismo,undefined - Subsecretaría de Economía y Empresas de Menor Tamaño
40fc9588a8e04b28852ec1163528bb8a,6a322ad743e3464bae56d2d9b180078a,41,34,7,40fc9588a8e04b28852ec1163528bb8a->6a322ad743e3464bae56d2d9b180078a,0.8293,mixto,PAEx DGMN - Dirección General de Movilización Nacional,6a322ad743e3464bae56d2d9b180078a
dd7629fec91f4599b3cf8c0dd0b984ac,fb944d98fea445bda57de000993d3e25,41,25,16,dd7629fec91f4599b3cf8c0dd0b984ac->fb944d98fea445bda57de000993d3e25,0.6098,mixto,Sucursal Virtual FONASA - Fondo Nacional de Salud,Accede a tu Portal Paciente - Servicio de Salud Maule
b785d3ec935248ff8a8fd358f7765463,d602a0071f3f4db8b37a87cffd89bf23,41,32,9,b785d3ec935248ff8a8fd358f7765463->d602a0071f3f4db8b37a87cffd89bf23,0.7805,mixto,Pesca Recreativa - Servicio Nacional de Pesca y Acuicultura,PJUD - PODER JUDICIAL
645a4f092abd49f0820b8a5507e3dea0,9a76efc4c34e4bd7843206658dc45454,41,18,23,9a76efc4c34e4bd7843206658dc45454->645a4f092abd49f0820b8a5507e3dea0,0.561,mixto,Sistema Servicios en línea - Caja de Previsión de la Defensa Nacional,Portal Ciudadano ClaveÚnica - Secretaría de Gobierno Digital
86144f0d3b814c1d8c013f7aade6c55d,ffaec74bfd414f8394bab077a989e27f,41,13,28,ffaec74bfd414f8394bab077a989e27f->86144f0d3b814c1d8c013f7aade6c55d,0.6829,mixto,Sernac - Portal del consumidor - Servicio Nacional del Consumidor,miChileAtiende - Instituto de Previsión Social
c7d9f088b4be4e38924fcfa78a6b5496,eaf8f2b0ccd04cf2a7bfcf357fe88ca2,41,29,12,c7d9f088b4be4e38924fcfa78a6b5496->eaf8f2b0ccd04cf2a7bfcf357fe88ca2,0.7073,mixto,Directores para Chile - Servicio Civil,Empleos Públicos - Servicio Civil
40fc9588a8e04b28852ec1163528bb8a,6e12533e73a048efa8bcc0a30f2b7684,40,3,37,6e12533e73a048efa8bcc0a30f2b7684->40fc9588a8e04b28852ec1163528bb8a,0.925,consistente,PAEx DGMN - Dirección General de Movilización Nacional,Dirección General de Movilización Nacional - Dirección General de Movilización Nacional
645a4f092abd49f0820b8a5507e3dea0,6e12533e73a048efa8bcc0a30f2b7684,40,20,20,645a4f092abd49f0820b8a5507e3dea0->6e12533e73a048efa8bcc0a30f2b7684,0.5,mixto,Sistema Servicios en línea - Caja de Previsión de la Defensa Nacional,Dirección General de Movilización Nacional - Dirección General de Movilización Nacional
4830b97416a14d1485ccb85c9f9baa4e,4a94478dd25f4430a0a023b87e11170d,40,9,31,4a94478dd25f4430a0a023b87e11170d->4830b97416a14d1485ccb85c9f9baa4e,0.775,mixto,Trámites SP - Superintendencia de Penssiones,Milicenciamedica.cl - Subsecretaría de Salud Pública
52449c34bb1e47fe81802bf322dae8ee,c82f84bf3f2b451393445a0cb6883665,40,24,16,52449c34bb1e47fe81802bf322dae8ee->c82f84bf3f2b451393445a0cb6883665,0.6,mixto,bcm2.sii.cl - Servicio de Impuestos Internos,Ventanilla Única Social - Subsecretaría de Evaluación Social
64d9be8046574fbfbc1fb14c9912afea,dd7629fec91f4599b3cf8c0dd0b984ac,40,9,31,dd7629fec91f4599b3cf8c0dd0b984ac->64d9be8046574fbfbc1fb14c9912afea,0.775,mixto,ASDigital - Ministerio de salud,Sucursal Virtual FONASA - Fondo Nacional de Salud
b9e3f79c40594953af24e9a43eba4e0c,ee00832abfba40b38335ce48a12981b5,40,38,2,b9e3f79c40594953af24e9a43eba4e0c->ee00832abfba40b38335ce48a12981b5,0.95,consistente,e-Digital - E-Digital PKI SpA.,Autenticacion Nube  Privada - Servicio de Impuestos Internos
3346db58cd2d474fbcf63e827462b85d,4a94478dd25f4430a0a023b87e11170d,40,22,18,3346db58cd2d474fbcf63e827462b85d->4a94478dd25f4430a0a023b87e11170d,0.55,mixto,Single Sign-On - Subsecretaría de Evaluación Social,Milicenciamedica.cl - Subsecretaría de Salud Pública
38b3f29fe39b4e87b5f7982165de8cf1,9ad41e803fff463bac913cedefca7796,40,20,20,38b3f29fe39b4e87b5f7982165de8cf1->9ad41e803fff463bac913cedefca7796,0.5,mixto,Portal Servel - Servicio Electoral,Servicio Electoral - Cerofilas - Servicio Electoral
ae412e532f1a48428bd0c5ad1f02f816,bca102f277434b31b59e4894d9eb5ef8,40,31,9,ae412e532f1a48428bd0c5ad1f02f816->bca102f277434b31b59e4894d9eb5ef8,0.775,mixto,Sistema de gestión de licencia - Subsecretaría de Transportes,Plataforma SEM 2.0 - Subsecretaría de Desarrollo Regional y Administrativo
16b1032179824088a8d42a4107c6a8f4,ffaec74bfd414f8394bab077a989e27f,40,23,17,16b1032179824088a8d42a4107c6a8f4->ffaec74bfd414f8394bab077a989e27f,0.575,mixto,Simulador de Pensiones - Subsecretaría de Previsión Social,miChileAtiende - Instituto de Previsión Social
495c261c0f484bd08e232f7358452c4d,ee00832abfba40b38335ce48a12981b5,40,26,14,495c261c0f484bd08e232f7358452c4d->ee00832abfba40b38335ce48a12981b5,0.65,mixto,undefined - Comisión para el Mercado Financiero,Autenticacion Nube  Privada - Servicio de Impuestos Internos
4830b97416a14d1485ccb85c9f9baa4e,d602a0071f3f4db8b37a87cffd89bf23,40,19,21,d602a0071f3f4db8b37a87cffd89bf23->4830b97416a14d1485ccb85c9f9baa4e,0.525,mixto,Trámites SP - Superintendencia de Penssiones,PJUD - PODER JUDICIAL
be09a0ddbb9b4c4aaf78903e0ca27a75,e10304f95c2b40738695563eb9b8662c,40,21,19,be09a0ddbb9b4c4aaf78903e0ca27a75->e10304f95c2b40738695563eb9b8662c,0.525,mixto,Contingencia - Comisión Administradora de Sistema de Créditos para Estudios Superiores,SISTEMA DE ATENCIÓN DE CONSULTA - Comisión Administradora del Sistema de Créditos para Estudios Superiores
86144f0d3b814c1d8c013f7aade6c55d,dd7629fec91f4599b3cf8c0dd0b984ac,40,27,13,86144f0d3b814c1d8c013f7aade6c55d->dd7629fec91f4599b3cf8c0dd0b984ac,0.675,mixto,Sernac - Portal del consumidor - Servicio Nacional del Consumidor,Sucursal Virtual FONASA - Fondo Nacional de Salud
67eb30db49f240b08ab2b3f422f92cdf,dcd0b6134a8846c1ac7171f8530945ab,40,17,23,dcd0b6134a8846c1ac7171f8530945ab->67eb30db49f240b08ab2b3f422f92cdf,0.575,mixto,Portal MiDT - Dirección del Trabajo,Identidad Única - Ministerio de Vivienda y Urbanismo - Subsecretaría de Vivienda y Urbanismo
67339e06f4b44f78994ff4785178807a,e1a6055d78bf444e905bb069bae9b363,40,35,5,67339e06f4b44f78994ff4785178807a->e1a6055d78bf444e905bb069bae9b363,0.875,mixto,Mercado+Público - Dirección de Compras y Contratación Pública,Registro de Acuerdos con Plazo de Pago Excepcional - Subsecretaría de Economía y Empresas de Menor Tamaño
123,91ec6f001c14494a87463fca5adc2bb0,40,9,31,91ec6f001c14494a87463fca5adc2bb0->123,0.775,mixto,Registro Civil - SRCeI,91ec6f001c14494a87463fca5adc2bb0
2549b51828ce40af920a932dd2102217,894c246eb00a482da371617f75149e30,39,23,16,2549b51828ce40af920a932dd2102217->894c246eb00a482da371617f75149e30,0.5897,mixto,undefined - Servicio de Impuestos Internos,Contraloria General de la Republica - CONTRALORIA
2ff516ac74a44ebfa3a522adbde28a0f,347178b052294153af290d6a84589868,39,12,27,347178b052294153af290d6a84589868->2ff516ac74a44ebfa3a522adbde28a0f,0.6923,mixto,E-Sign ClaveÚnica - ESIGN S.A.,Mi Fiscalía en Línea - Ministerio Público
1e801411cdbd40aa92ad0dfc09000f69,d602a0071f3f4db8b37a87cffd89bf23,39,22,17,1e801411cdbd40aa92ad0dfc09000f69->d602a0071f3f4db8b37a87cffd89bf23,0.5641,mixto,Intranet Navidad - Municipalidad de Navidad,PJUD - PODER JUDICIAL
1bb1657eb2eb43808f0529810258aa3b,c82f84bf3f2b451393445a0cb6883665,39,18,21,c82f84bf3f2b451393445a0cb6883665->1bb1657eb2eb43808f0529810258aa3b,0.5385,mixto,Autenticación Sistemas DPP - Defensoría Penal Pública,Ventanilla Única Social - Subsecretaría de Evaluación Social
123,3e2a4d42827d43d0b90248199e58e98e,39,26,13,123->3e2a4d42827d43d0b90248199e58e98e,0.6667,mixto,Registro Civil - SRCeI,Mineduc-Ayudamineduc - Subsecretaría de Educación
67eb30db49f240b08ab2b3f422f92cdf,b6a7ac98c6704aa6b6512efa5fa8dbfe,39,22,17,67eb30db49f240b08ab2b3f422f92cdf->b6a7ac98c6704aa6b6512efa5fa8dbfe,0.5641,mixto,Portal MiDT - Dirección del Trabajo,Corfo - Corporación de Fomento de la Producción
3af2d18b09e6443fa289e956fc10669f,9a76efc4c34e4bd7843206658dc45454,39,10,29,9a76efc4c34e4bd7843206658dc45454->3af2d18b09e6443fa289e956fc10669f,0.7436,mixto,Red Movilidad - Subsecretaría de Transportes,Portal Ciudadano ClaveÚnica - Secretaría de Gobierno Digital
1c6f1fdb9e7544aaac5f4daf9243ca1e,67339e06f4b44f78994ff4785178807a,39,21,18,1c6f1fdb9e7544aaac5f4daf9243ca1e->67339e06f4b44f78994ff4785178807a,0.5385,mixto,Sistemas Municipales - Municipalidad de Recoleta,Mercado+Público - Dirección de Compras y Contratación Pública
be09a0ddbb9b4c4aaf78903e0ca27a75,d602a0071f3f4db8b37a87cffd89bf23,39,18,21,d602a0071f3f4db8b37a87cffd89bf23->be09a0ddbb9b4c4aaf78903e0ca27a75,0.5385,mixto,Contingencia - Comisión Administradora de Sistema de Créditos para Estudios Superiores,PJUD - PODER JUDICIAL
2549b51828ce40af920a932dd2102217,88d08ee1a5384a7fbe4bfddb8928ce82,39,19,20,88d08ee1a5384a7fbe4bfddb8928ce82->2549b51828ce40af920a932dd2102217,0.5128,mixto,undefined - Servicio de Impuestos Internos,Sistema Midas - Subsecretaría de Salud Pública
2ff516ac74a44ebfa3a522adbde28a0f,4a94478dd25f4430a0a023b87e11170d,39,12,27,4a94478dd25f4430a0a023b87e11170d->2ff516ac74a44ebfa3a522adbde28a0f,0.6923,mixto,E-Sign ClaveÚnica - ESIGN S.A.,Milicenciamedica.cl - Subsecretaría de Salud Pública
9c9359fefd164d388f8a5edc2bac301e,b125b71f0bca4b1a8bf41976b744becb,39,9,30,b125b71f0bca4b1a8bf41976b744becb->9c9359fefd164d388f8a5edc2bac301e,0.7692,mixto,Contraloría - Contraloría General de la República,Fondos Concursables - Gobierno Regional de la Región de Coquimbo
347178b052294153af290d6a84589868,6d52b87b5a964c61ad7e28afd9499f18,39,14,25,6d52b87b5a964c61ad7e28afd9499f18->347178b052294153af290d6a84589868,0.641,mixto,Mi Fiscalía en Línea - Ministerio Público,Mis Trámites CGR - Contraloría General de la República
9b8e5105e75b4d77a3e416729122b83a,b972e814004e4624a566f308901cca7c,39,15,24,b972e814004e4624a566f308901cca7c->9b8e5105e75b4d77a3e416729122b83a,0.6154,mixto,Gestor Documental - Municipalidad de Coyhaique,DocDigital Versión 3 - Subsecretaría General de la Presidencia de la República
d602a0071f3f4db8b37a87cffd89bf23,fb944d98fea445bda57de000993d3e25,38,17,21,fb944d98fea445bda57de000993d3e25->d602a0071f3f4db8b37a87cffd89bf23,0.5526,mixto,PJUD - PODER JUDICIAL,Accede a tu Portal Paciente - Servicio de Salud Maule
cb9e2b9dd1cd44c5b7d4fdcfbbf3f5e0,eaf8f2b0ccd04cf2a7bfcf357fe88ca2,38,11,27,eaf8f2b0ccd04cf2a7bfcf357fe88ca2->cb9e2b9dd1cd44c5b7d4fdcfbbf3f5e0,0.7105,mixto,Portal Usuario 2.0 - Subsecretaría de Justicia,Empleos Públicos - Servicio Civil
123,5235b9f356954973a226cb6fc12c9d6e,38,25,13,123->5235b9f356954973a226cb6fc12c9d6e,0.6579,mixto,Registro Civil - SRCeI,Sistema Alta Dirección Pública - Dirección Nacional del Servicio Civil
006b85a984e94ce88ddb035ec01b2d70,9c9359fefd164d388f8a5edc2bac301e,38,21,17,006b85a984e94ce88ddb035ec01b2d70->9c9359fefd164d388f8a5edc2bac301e,0.5526,mixto,006b85a984e94ce88ddb035ec01b2d70,Contraloría - Contraloría General de la República
347178b052294153af290d6a84589868,dd7629fec91f4599b3cf8c0dd0b984ac,38,26,12,347178b052294153af290d6a84589868->dd7629fec91f4599b3cf8c0dd0b984ac,0.6842,mixto,Mi Fiscalía en Línea - Ministerio Público,Sucursal Virtual FONASA - Fondo Nacional de Salud
123,8af63e063a2a42098caed55eeb24acf0,38,28,10,123->8af63e063a2a42098caed55eeb24acf0,0.7368,mixto,Registro Civil - SRCeI,Acceso Clave Unica UFRO - Universidad de La Frontera
9a76efc4c34e4bd7843206658dc45454,fb944d98fea445bda57de000993d3e25,38,34,4,9a76efc4c34e4bd7843206658dc45454->fb944d98fea445bda57de000993d3e25,0.8947,mixto,Portal Ciudadano ClaveÚnica - Secretaría de Gobierno Digital,Accede a tu Portal Paciente - Servicio de Salud Maule
818d938a32ad4dc19cfd13f6575ddc5a,eb838855f2344f65a4c925df80cdcad5,38,11,27,eb838855f2344f65a4c925df80cdcad5->818d938a32ad4dc19cfd13f6575ddc5a,0.7105,mixto,SSO - Servicio Agricola y Ganadero,Cero Filas SAG - Servicio Agrícola y Ganadero
399e7fc266894562850261cfbc06b992,67339e06f4b44f78994ff4785178807a,38,17,21,67339e06f4b44f78994ff4785178807a->399e7fc266894562850261cfbc06b992,0.5526,mixto,Denuncia en Linea - Ministerio Público,Mercado+Público - Dirección de Compras y Contratación Pública
fd595f24910c4126b7398b3e081af528,ffaec74bfd414f8394bab077a989e27f,38,15,23,ffaec74bfd414f8394bab077a989e27f->fd595f24910c4126b7398b3e081af528,0.6053,mixto,Instituto Seguridad Laboral - Instituto Seguridad Laboral,miChileAtiende - Instituto de Previsión Social
d602a0071f3f4db8b37a87cffd89bf23,ed6beff4035f49c6997be95df71e5544,38,19,19,d602a0071f3f4db8b37a87cffd89bf23->ed6beff4035f49c6997be95df71e5544,0.5,mixto,PJUD - PODER JUDICIAL,Subsidio Familiar Automático - Subsecretaría de Evaluación Social
9c9359fefd164d388f8a5edc2bac301e,dd7629fec91f4599b3cf8c0dd0b984ac,38,19,19,9c9359fefd164d388f8a5edc2bac301e->dd7629fec91f4599b3cf8c0dd0b984ac,0.5,mixto,Contraloría - Contraloría General de la República,Sucursal Virtual FONASA - Fondo Nacional de Salud
0f09709c70c441b59a6fe616f84a5302,44db06efed134a91bffa7407f60d7979,38,26,12,0f09709c70c441b59a6fe616f84a5302->44db06efed134a91bffa7407f60d7979,0.6842,mixto,Segundo Tribunal Ambiental - Segundo Tribunal Ambiental,Tramitación Eletrónica TC - Tribunal Constitucional de Chile
08165f6182bc4dfc9dc1d7774508bbc6,b9e3f79c40594953af24e9a43eba4e0c,38,15,23,b9e3f79c40594953af24e9a43eba4e0c->08165f6182bc4dfc9dc1d7774508bbc6,0.6053,mixto,e-certchile - E-Cert Chile,e-Digital - E-Digital PKI SpA.
64d9be8046574fbfbc1fb14c9912afea,e8dde9d26979498786c6ba5a82f70ad3,38,15,23,e8dde9d26979498786c6ba5a82f70ad3->64d9be8046574fbfbc1fb14c9912afea,0.6053,mixto,ASDigital - Ministerio de salud,"undefined - Sociedad Administradora de Fondos de Cesantía de Chile II S.A., AFC Chile"
ae4caa1cb2154cac89440f3fe18251cb,c13d78fe65b94d05ad83b59494767b9f,38,21,17,ae4caa1cb2154cac89440f3fe18251cb->c13d78fe65b94d05ad83b59494767b9f,0.5526,mixto,Ingreso de causas y escritos - Corporación Administrativa del Poder Judicial,Beneficios Personal - Gendarmería de Chile
02f0f8beb94542deac503efd6a774262,eaf8f2b0ccd04cf2a7bfcf357fe88ca2,38,16,22,eaf8f2b0ccd04cf2a7bfcf357fe88ca2->02f0f8beb94542deac503efd6a774262,0.5789,mixto,SSMSO - Servicio de Salud Sur Oriente,Empleos Públicos - Servicio Civil
495c261c0f484bd08e232f7358452c4d,638aea308ffb483198d5c1387e2cc017,37,25,12,495c261c0f484bd08e232f7358452c4d->638aea308ffb483198d5c1387e2cc017,0.6757,mixto,undefined - Comisión para el Mercado Financiero,"Portal ""Mi SUPERIR"" - Superintendencia de Insolvencia y Reemprendimiento"
347178b052294153af290d6a84589868,5ad019e5f0e445e8b37fc4ed60a3447c,37,37,0,347178b052294153af290d6a84589868->5ad019e5f0e445e8b37fc4ed60a3447c,1.0,consistente,Mi Fiscalía en Línea - Ministerio Público,5ad019e5f0e445e8b37fc4ed60a3447c
1bb1657eb2eb43808f0529810258aa3b,eaf8f2b0ccd04cf2a7bfcf357fe88ca2,37,25,12,1bb1657eb2eb43808f0529810258aa3b->eaf8f2b0ccd04cf2a7bfcf357fe88ca2,0.6757,mixto,Autenticación Sistemas DPP - Defensoría Penal Pública,Empleos Públicos - Servicio Civil
3af2d18b09e6443fa289e956fc10669f,c82f84bf3f2b451393445a0cb6883665,37,12,25,c82f84bf3f2b451393445a0cb6883665->3af2d18b09e6443fa289e956fc10669f,0.6757,mixto,Red Movilidad - Subsecretaría de Transportes,Ventanilla Única Social - Subsecretaría de Evaluación Social
9a76efc4c34e4bd7843206658dc45454,ac8e668f620b403b9ccc6486c0e365c7,37,19,18,9a76efc4c34e4bd7843206658dc45454->ac8e668f620b403b9ccc6486c0e365c7,0.5135,mixto,Portal Ciudadano ClaveÚnica - Secretaría de Gobierno Digital,ac8e668f620b403b9ccc6486c0e365c7
88d08ee1a5384a7fbe4bfddb8928ce82,dd7629fec91f4599b3cf8c0dd0b984ac,37,19,18,88d08ee1a5384a7fbe4bfddb8928ce82->dd7629fec91f4599b3cf8c0dd0b984ac,0.5135,mixto,Sistema Midas - Subsecretaría de Salud Pública,Sucursal Virtual FONASA - Fondo Nacional de Salud
0b145fb41bc84dc58a5beb5b4ef11b17,a4db025d032f42578306d5461abdda40,37,24,13,0b145fb41bc84dc58a5beb5b4ef11b17->a4db025d032f42578306d5461abdda40,0.6486,mixto,Servicios en linea - Caja de Previsión de la Defensa Nacional,CAPREDENApp - Redin
1eec93924a1046efbad70c851782ab8a,67eb30db49f240b08ab2b3f422f92cdf,37,19,18,1eec93924a1046efbad70c851782ab8a->67eb30db49f240b08ab2b3f422f92cdf,0.5135,mixto,Trámites INAPI - Instituto Nacional de Propiedad Industrial,Portal MiDT - Dirección del Trabajo
67339e06f4b44f78994ff4785178807a,c7898e94d376496db2a6d220f486db47,37,19,18,67339e06f4b44f78994ff4785178807a->c7898e94d376496db2a6d220f486db47,0.5135,mixto,Mercado+Público - Dirección de Compras y Contratación Pública,Sistemas Internos - Subsecretaría de Bienes Nacionales
2ff516ac74a44ebfa3a522adbde28a0f,b9e3f79c40594953af24e9a43eba4e0c,37,13,24,b9e3f79c40594953af24e9a43eba4e0c->2ff516ac74a44ebfa3a522adbde28a0f,0.6486,mixto,E-Sign ClaveÚnica - ESIGN S.A.,e-Digital - E-Digital PKI SpA.
67339e06f4b44f78994ff4785178807a,b1b009877e0c4e0790fd92559d853d69,37,19,18,67339e06f4b44f78994ff4785178807a->b1b009877e0c4e0790fd92559d853d69,0.5135,mixto,Mercado+Público - Dirección de Compras y Contratación Pública,Mi Súper - Superintendencia de Salud
123,ae412e532f1a48428bd0c5ad1f02f816,37,15,22,ae412e532f1a48428bd0c5ad1f02f816->123,0.5946,mixto,Registro Civil - SRCeI,Sistema de gestión de licencia - Subsecretaría de Transportes
7f2c2c35a2de4624ad938147f73f271a,818d938a32ad4dc19cfd13f6575ddc5a,37,17,20,818d938a32ad4dc19cfd13f6575ddc5a->7f2c2c35a2de4624ad938147f73f271a,0.5405,mixto,Registro Nacional de Mascotas y Animales de Compañía - Subsecretaría de Desarrollo Regional y Administrativo,SSO - Servicio Agricola y Ganadero
6d52b87b5a964c61ad7e28afd9499f18,eaf8f2b0ccd04cf2a7bfcf357fe88ca2,37,10,27,eaf8f2b0ccd04cf2a7bfcf357fe88ca2->6d52b87b5a964c61ad7e28afd9499f18,0.7297,mixto,Mis Trámites CGR - Contraloría General de la República,Empleos Públicos - Servicio Civil
1ad6835586034de0b29f4a402b182c6c,67339e06f4b44f78994ff4785178807a,37,17,20,67339e06f4b44f78994ff4785178807a->1ad6835586034de0b29f4a402b182c6c,0.5405,mixto,Comisaría Virtual 2 - Carabineros de Chile,Mercado+Público - Dirección de Compras y Contratación Pública
123,56da1c80cfea4a5b83326bfef271fc3e,37,24,13,123->56da1c80cfea4a5b83326bfef271fc3e,0.6486,mixto,Registro Civil - SRCeI,Escritorio de Aplicaciones - Ministerio Público
dd7629fec91f4599b3cf8c0dd0b984ac,fb3957569a8d49528c3571bcb4703f55,36,17,19,fb3957569a8d49528c3571bcb4703f55->dd7629fec91f4599b3cf8c0dd0b984ac,0.5278,mixto,Sucursal Virtual FONASA - Fondo Nacional de Salud,MINVU - Subsecretaría de Vivienda y Urbanismo
67eb30db49f240b08ab2b3f422f92cdf,dc821110e3f34bf3984d61955ced2e69,36,10,26,dc821110e3f34bf3984d61955ced2e69->67eb30db49f240b08ab2b3f422f92cdf,0.7222,mixto,Portal MiDT - Dirección del Trabajo,Licencia de Conducir Digital - Subsecretaría de Transportes
2e0f9d54f6534336a19fffacd7b6af40,9a76efc4c34e4bd7843206658dc45454,36,14,22,9a76efc4c34e4bd7843206658dc45454->2e0f9d54f6534336a19fffacd7b6af40,0.6111,mixto,Sitio Web UNO Privado - AFP Uno,Portal Ciudadano ClaveÚnica - Secretaría de Gobierno Digital
1eec93924a1046efbad70c851782ab8a,2549b51828ce40af920a932dd2102217,36,18,18,1eec93924a1046efbad70c851782ab8a->2549b51828ce40af920a932dd2102217,0.5,mixto,Trámites INAPI - Instituto Nacional de Propiedad Industrial,undefined - Servicio de Impuestos Internos
67339e06f4b44f78994ff4785178807a,ae412e532f1a48428bd0c5ad1f02f816,36,14,22,ae412e532f1a48428bd0c5ad1f02f816->67339e06f4b44f78994ff4785178807a,0.6111,mixto,Mercado+Público - Dirección de Compras y Contratación Pública,Sistema de gestión de licencia - Subsecretaría de Transportes
dd7629fec91f4599b3cf8c0dd0b984ac,fd595f24910c4126b7398b3e081af528,36,17,19,fd595f24910c4126b7398b3e081af528->dd7629fec91f4599b3cf8c0dd0b984ac,0.5278,mixto,Sucursal Virtual FONASA - Fondo Nacional de Salud,Instituto Seguridad Laboral - Instituto Seguridad Laboral
dc821110e3f34bf3984d61955ced2e69,dd7629fec91f4599b3cf8c0dd0b984ac,36,21,15,dc821110e3f34bf3984d61955ced2e69->dd7629fec91f4599b3cf8c0dd0b984ac,0.5833,mixto,Licencia de Conducir Digital - Subsecretaría de Transportes,Sucursal Virtual FONASA - Fondo Nacional de Salud
31050e1a1dcb4c9899ba77be32449e54,c82f84bf3f2b451393445a0cb6883665,36,10,26,c82f84bf3f2b451393445a0cb6883665->31050e1a1dcb4c9899ba77be32449e54,0.7222,mixto,Bono electrónico y LME - Superintendencia de Seguridad Social,Ventanilla Única Social - Subsecretaría de Evaluación Social
ae4caa1cb2154cac89440f3fe18251cb,b1b009877e0c4e0790fd92559d853d69,36,15,21,b1b009877e0c4e0790fd92559d853d69->ae4caa1cb2154cac89440f3fe18251cb,0.5833,mixto,Ingreso de causas y escritos - Corporación Administrativa del Poder Judicial,Mi Súper - Superintendencia de Salud
c82f84bf3f2b451393445a0cb6883665,e5b8388e1275417395d526c566b0e1e8,36,19,17,c82f84bf3f2b451393445a0cb6883665->e5b8388e1275417395d526c566b0e1e8,0.5278,mixto,Ventanilla Única Social - Subsecretaría de Evaluación Social,Servicio Nacional de Aduanas - Servicio Nacional de Aduanas
c13d78fe65b94d05ad83b59494767b9f,e423b8339a57485d8b524937d93e4f44,36,13,23,e423b8339a57485d8b524937d93e4f44->c13d78fe65b94d05ad83b59494767b9f,0.6389,mixto,Beneficios Personal - Gendarmería de Chile,SIMPLE - Gendarmería de Chile
2ff516ac74a44ebfa3a522adbde28a0f,495c261c0f484bd08e232f7358452c4d,36,18,18,2ff516ac74a44ebfa3a522adbde28a0f->495c261c0f484bd08e232f7358452c4d,0.5,mixto,E-Sign ClaveÚnica - ESIGN S.A.,undefined - Comisión para el Mercado Financiero
b972e814004e4624a566f308901cca7c,c6f7ed5bd4954356b00aac92c9fff41a,36,10,26,c6f7ed5bd4954356b00aac92c9fff41a->b972e814004e4624a566f308901cca7c,0.7222,mixto,DocDigital Versión 3 - Subsecretaría General de la Presidencia de la República,Transformación Digital - Subsecretaría General de la Presidencia de la República
2549b51828ce40af920a932dd2102217,9ae54d261e454c93ae1c2cdec0fd03e6,36,13,23,9ae54d261e454c93ae1c2cdec0fd03e6->2549b51828ce40af920a932dd2102217,0.6389,mixto,undefined - Servicio de Impuestos Internos,Login certificado afiliacion - Fondo Nacional de Salud
123,8c1942e0cdce4f71b53f62474322f0b7,36,18,18,123->8c1942e0cdce4f71b53f62474322f0b7,0.5,mixto,Registro Civil - SRCeI,Superintendencia de Electricidad y Combustibles - SUPERINTENDECIA DE ELECTRICIDAD Y COMBUSTIBLES
02f0f8beb94542deac503efd6a774262,d602a0071f3f4db8b37a87cffd89bf23,36,15,21,d602a0071f3f4db8b37a87cffd89bf23->02f0f8beb94542deac503efd6a774262,0.5833,mixto,SSMSO - Servicio de Salud Sur Oriente,PJUD - PODER JUDICIAL
3468d450481e44aaaf10e7c9b43ed7c7,b992e6a27eb249658efce6ca0cc286dc,35,8,27,b992e6a27eb249658efce6ca0cc286dc->3468d450481e44aaaf10e7c9b43ed7c7,0.7714,mixto,SVIP - Dirección General del Territorio Marítimo y Marina Mercante,Vumar - Subsecretaría de Transportes
94d27864f86d422faa68efccb908cc34,b972e814004e4624a566f308901cca7c,35,13,22,b972e814004e4624a566f308901cca7c->94d27864f86d422faa68efccb908cc34,0.6286,mixto,94d27864f86d422faa68efccb908cc34,DocDigital Versión 3 - Subsecretaría General de la Presidencia de la República
7249a9adb1c343aba8db068dbe0c3795,d602a0071f3f4db8b37a87cffd89bf23,35,18,17,7249a9adb1c343aba8db068dbe0c3795->d602a0071f3f4db8b37a87cffd89bf23,0.5143,mixto,Simple Trámites - Subsecretaría de Evaluación Social,PJUD - PODER JUDICIAL
56da1c80cfea4a5b83326bfef271fc3e,91f3f86897ff4ae39e50cbd7035fa8af,35,22,13,56da1c80cfea4a5b83326bfef271fc3e->91f3f86897ff4ae39e50cbd7035fa8af,0.6286,mixto,Escritorio de Aplicaciones - Ministerio Público,APIs Receta Electrónica - Subsecretaría de Salud Pública
4a94478dd25f4430a0a023b87e11170d,f25d86b606d74e51b1d33695030d0618,35,22,13,4a94478dd25f4430a0a023b87e11170d->f25d86b606d74e51b1d33695030d0618,0.6286,mixto,Milicenciamedica.cl - Subsecretaría de Salud Pública,SUSESO Contigo - Superintendencia de Seguridad Social
1ad6835586034de0b29f4a402b182c6c,91f3f86897ff4ae39e50cbd7035fa8af,35,13,22,91f3f86897ff4ae39e50cbd7035fa8af->1ad6835586034de0b29f4a402b182c6c,0.6286,mixto,Comisaría Virtual 2 - Carabineros de Chile,APIs Receta Electrónica - Subsecretaría de Salud Pública
67eb30db49f240b08ab2b3f422f92cdf,6d52b87b5a964c61ad7e28afd9499f18,35,14,21,6d52b87b5a964c61ad7e28afd9499f18->67eb30db49f240b08ab2b3f422f92cdf,0.6,mixto,Portal MiDT - Dirección del Trabajo,Mis Trámites CGR - Contraloría General de la República
123,88d08ee1a5384a7fbe4bfddb8928ce82,35,20,15,123->88d08ee1a5384a7fbe4bfddb8928ce82,0.5714,mixto,Registro Civil - SRCeI,Sistema Midas - Subsecretaría de Salud Pública
6a322ad743e3464bae56d2d9b180078a,c5b83bbfa22c4c31a5743485b4c6e524,35,17,18,c5b83bbfa22c4c31a5743485b4c6e524->6a322ad743e3464bae56d2d9b180078a,0.5143,mixto,6a322ad743e3464bae56d2d9b180078a,Bolsa Nacional de Empleo - Subsecretaría del Trabajo
2549b51828ce40af920a932dd2102217,e5b8388e1275417395d526c566b0e1e8,35,25,10,2549b51828ce40af920a932dd2102217->e5b8388e1275417395d526c566b0e1e8,0.7143,mixto,undefined - Servicio de Impuestos Internos,Servicio Nacional de Aduanas - Servicio Nacional de Aduanas
1ad6835586034de0b29f4a402b182c6c,ee00832abfba40b38335ce48a12981b5,35,16,19,ee00832abfba40b38335ce48a12981b5->1ad6835586034de0b29f4a402b182c6c,0.5429,mixto,Comisaría Virtual 2 - Carabineros de Chile,Autenticacion Nube  Privada - Servicio de Impuestos Internos
006b85a984e94ce88ddb035ec01b2d70,14cc5dc0682d44fe99d2d91e1eaafac7,34,7,27,14cc5dc0682d44fe99d2d91e1eaafac7->006b85a984e94ce88ddb035ec01b2d70,0.7941,mixto,006b85a984e94ce88ddb035ec01b2d70,SIMPLE - Corporación Nacional de Desarrollo Indígena
3d6941a46f8b4441973872f1f209bdec,dd7629fec91f4599b3cf8c0dd0b984ac,34,14,20,dd7629fec91f4599b3cf8c0dd0b984ac->3d6941a46f8b4441973872f1f209bdec,0.5882,mixto,Devolución de Pagos en excesos - Fondo Nacional de Salud,Sucursal Virtual FONASA - Fondo Nacional de Salud
4234d86a351e4a7e9ea293e33836ae45,5ad019e5f0e445e8b37fc4ed60a3447c,34,14,20,5ad019e5f0e445e8b37fc4ed60a3447c->4234d86a351e4a7e9ea293e33836ae45,0.5882,mixto,Oficina Virtual DGA - Dirección General de Aguas,5ad019e5f0e445e8b37fc4ed60a3447c
c52ceac3693c4644bb20f07dd8aa7103,ed07316d9d6344a9ab11e8a41fdc413a,34,11,23,ed07316d9d6344a9ab11e8a41fdc413a->c52ceac3693c4644bb20f07dd8aa7103,0.6765,mixto,Firma Electronica - Secretaría de Gobierno Digital,NEXTEO - Subsecretaría de Transportes
7249a9adb1c343aba8db068dbe0c3795,9c9359fefd164d388f8a5edc2bac301e,34,16,18,9c9359fefd164d388f8a5edc2bac301e->7249a9adb1c343aba8db068dbe0c3795,0.5294,mixto,Simple Trámites - Subsecretaría de Evaluación Social,Contraloría - Contraloría General de la República
67339e06f4b44f78994ff4785178807a,cc892c05f6d94315be2b7539e45b9170,34,22,12,67339e06f4b44f78994ff4785178807a->cc892c05f6d94315be2b7539e45b9170,0.6471,mixto,Mercado+Público - Dirección de Compras y Contratación Pública,Ventanilla Única 2.0 - Ministerio del Medio Ambiente
67eb30db49f240b08ab2b3f422f92cdf,cc892c05f6d94315be2b7539e45b9170,34,22,12,67eb30db49f240b08ab2b3f422f92cdf->cc892c05f6d94315be2b7539e45b9170,0.6471,mixto,Portal MiDT - Dirección del Trabajo,Ventanilla Única 2.0 - Ministerio del Medio Ambiente
6a322ad743e3464bae56d2d9b180078a,6d52b87b5a964c61ad7e28afd9499f18,34,14,20,6d52b87b5a964c61ad7e28afd9499f18->6a322ad743e3464bae56d2d9b180078a,0.5882,mixto,6a322ad743e3464bae56d2d9b180078a,Mis Trámites CGR - Contraloría General de la República
74e60dc3bc26493d81088e4d322b7c39,ae4caa1cb2154cac89440f3fe18251cb,34,11,23,ae4caa1cb2154cac89440f3fe18251cb->74e60dc3bc26493d81088e4d322b7c39,0.6765,mixto,SignPass - BPO Advisors SpA,Ingreso de causas y escritos - Corporación Administrativa del Poder Judicial
5235b9f356954973a226cb6fc12c9d6e,b972e814004e4624a566f308901cca7c,34,19,15,5235b9f356954973a226cb6fc12c9d6e->b972e814004e4624a566f308901cca7c,0.5588,mixto,Sistema Alta Dirección Pública - Dirección Nacional del Servicio Civil,DocDigital Versión 3 - Subsecretaría General de la Presidencia de la República
4830b97416a14d1485ccb85c9f9baa4e,cd40ad229df147389504190c71de61f5,34,34,0,4830b97416a14d1485ccb85c9f9baa4e->cd40ad229df147389504190c71de61f5,1.0,consistente,Trámites SP - Superintendencia de Penssiones,Sistema de Acceso Unico - Instituto de Desarrollo Agropecuario
9c9359fefd164d388f8a5edc2bac301e,c52ceac3693c4644bb20f07dd8aa7103,34,17,17,9c9359fefd164d388f8a5edc2bac301e->c52ceac3693c4644bb20f07dd8aa7103,0.5,mixto,Contraloría - Contraloría General de la República,Firma Electronica - Secretaría de Gobierno Digital
fdd7e5cf453e42d7b8cb2334d3a7bff9,ffaec74bfd414f8394bab077a989e27f,34,15,19,ffaec74bfd414f8394bab077a989e27f->fdd7e5cf453e42d7b8cb2334d3a7bff9,0.5588,mixto,Telesalud - Subsecretaría de Redes Asistenciales,miChileAtiende - Instituto de Previsión Social
387ff07354a74657a44369e05d83234a,e8dde9d26979498786c6ba5a82f70ad3,34,30,4,387ff07354a74657a44369e05d83234a->e8dde9d26979498786c6ba5a82f70ad3,0.8824,mixto,Nuevo Sitio Web FONASA - Fondo Nacional de Salud,"undefined - Sociedad Administradora de Fondos de Cesantía de Chile II S.A., AFC Chile"
6daae6995cb245348bb2b5432ccc9948,c82f84bf3f2b451393445a0cb6883665,34,13,21,c82f84bf3f2b451393445a0cb6883665->6daae6995cb245348bb2b5432ccc9948,0.6176,mixto,DIRECTEMAR - Dirección General del Territorio Marítimo y Marina Mercante,Ventanilla Única Social - Subsecretaría de Evaluación Social
a7a98dfdf4dd4a8fa248cae682395965,cb9e2b9dd1cd44c5b7d4fdcfbbf3f5e0,34,12,22,cb9e2b9dd1cd44c5b7d4fdcfbbf3f5e0->a7a98dfdf4dd4a8fa248cae682395965,0.6471,mixto,Sistema Informático Registro Nacional de Mediadores - Subsecretaría de Justicia,Portal Usuario 2.0 - Subsecretaría de Justicia
b972e814004e4624a566f308901cca7c,fcba6a53824845da9d6330719f43a430,34,4,30,fcba6a53824845da9d6330719f43a430->b972e814004e4624a566f308901cca7c,0.8824,mixto,DocDigital Versión 3 - Subsecretaría General de la Presidencia de la República,Intranet - Gobierno Regional de la Región de Los Lagos
387ff07354a74657a44369e05d83234a,ffaec74bfd414f8394bab077a989e27f,34,14,20,ffaec74bfd414f8394bab077a989e27f->387ff07354a74657a44369e05d83234a,0.5882,mixto,Nuevo Sitio Web FONASA - Fondo Nacional de Salud,miChileAtiende - Instituto de Previsión Social
0a0b41b45e2143ad8d97436f8561b1ca,3346db58cd2d474fbcf63e827462b85d,33,15,18,3346db58cd2d474fbcf63e827462b85d->0a0b41b45e2143ad8d97436f8561b1ca,0.5455,mixto,Sistemas Recoleta - Municipalidad de Recoleta,Single Sign-On - Subsecretaría de Evaluación Social
67339e06f4b44f78994ff4785178807a,d74a389b77734996ba37fa61a0d08341,33,5,28,d74a389b77734996ba37fa61a0d08341->67339e06f4b44f78994ff4785178807a,0.8485,mixto,Mercado+Público - Dirección de Compras y Contratación Pública,DECLARACION JURADA - Servicio Agrícola y Ganadero
38b3f29fe39b4e87b5f7982165de8cf1,e8dde9d26979498786c6ba5a82f70ad3,33,26,7,38b3f29fe39b4e87b5f7982165de8cf1->e8dde9d26979498786c6ba5a82f70ad3,0.7879,mixto,Portal Servel - Servicio Electoral,"undefined - Sociedad Administradora de Fondos de Cesantía de Chile II S.A., AFC Chile"
94d27864f86d422faa68efccb908cc34,e5b8388e1275417395d526c566b0e1e8,33,9,24,e5b8388e1275417395d526c566b0e1e8->94d27864f86d422faa68efccb908cc34,0.7273,mixto,94d27864f86d422faa68efccb908cc34,Servicio Nacional de Aduanas - Servicio Nacional de Aduanas
0f33ab6447034fe49d1629353a119e47,1ad6835586034de0b29f4a402b182c6c,33,17,16,0f33ab6447034fe49d1629353a119e47->1ad6835586034de0b29f4a402b182c6c,0.5152,mixto,Superintendencia en Línea - Mi Portal - Superintendencia de Seguridad Social,Comisaría Virtual 2 - Carabineros de Chile
b4206ac5e3224dfd900588a8f7caf95e,e8dde9d26979498786c6ba5a82f70ad3,33,24,9,b4206ac5e3224dfd900588a8f7caf95e->e8dde9d26979498786c6ba5a82f70ad3,0.7273,mixto,FONASA - Portal Beneficiario - Fondo Nacional de Salud,"undefined - Sociedad Administradora de Fondos de Cesantía de Chile II S.A., AFC Chile"
91f3f86897ff4ae39e50cbd7035fa8af,d74a389b77734996ba37fa61a0d08341,33,9,24,d74a389b77734996ba37fa61a0d08341->91f3f86897ff4ae39e50cbd7035fa8af,0.7273,mixto,APIs Receta Electrónica - Subsecretaría de Salud Pública,DECLARACION JURADA - Servicio Agrícola y Ganadero
0de46482bc4d409c86f652534e4b47eb,c82f84bf3f2b451393445a0cb6883665,33,17,16,0de46482bc4d409c86f652534e4b47eb->c82f84bf3f2b451393445a0cb6883665,0.5152,mixto,documentos - cyberdocs - Servicio Nacional del Patrimonio Cultural,Ventanilla Única Social - Subsecretaría de Evaluación Social
41da80f6154c4d918166fc43862f5d78,9a76efc4c34e4bd7843206658dc45454,33,14,19,9a76efc4c34e4bd7843206658dc45454->41da80f6154c4d918166fc43862f5d78,0.5758,mixto,Web Cajmetro - Corporación de Asistencia Judicial de la Región Metropolitana,Portal Ciudadano ClaveÚnica - Secretaría de Gobierno Digital
02f0f8beb94542deac503efd6a774262,d254feea701346a399887b9fe59ac61a,33,15,18,d254feea701346a399887b9fe59ac61a->02f0f8beb94542deac503efd6a774262,0.5455,mixto,SSMSO - Servicio de Salud Sur Oriente,Plataforma de Telemedicina - Subsecretaría de Redes Asistenciales
347178b052294153af290d6a84589868,cc892c05f6d94315be2b7539e45b9170,33,17,16,347178b052294153af290d6a84589868->cc892c05f6d94315be2b7539e45b9170,0.5152,mixto,Mi Fiscalía en Línea - Ministerio Público,Ventanilla Única 2.0 - Ministerio del Medio Ambiente
3af2d18b09e6443fa289e956fc10669f,e8dde9d26979498786c6ba5a82f70ad3,33,17,16,3af2d18b09e6443fa289e956fc10669f->e8dde9d26979498786c6ba5a82f70ad3,0.5152,mixto,Red Movilidad - Subsecretaría de Transportes,"undefined - Sociedad Administradora de Fondos de Cesantía de Chile II S.A., AFC Chile"
c150a834cbcc40d09aeed2f8703f4dd3,d602a0071f3f4db8b37a87cffd89bf23,33,10,23,d602a0071f3f4db8b37a87cffd89bf23->c150a834cbcc40d09aeed2f8703f4dd3,0.697,mixto,Trámites Dirección Trabajo - Dirección del Trabajo,PJUD - PODER JUDICIAL
40fc9588a8e04b28852ec1163528bb8a,d602a0071f3f4db8b37a87cffd89bf23,33,10,23,d602a0071f3f4db8b37a87cffd89bf23->40fc9588a8e04b28852ec1163528bb8a,0.697,mixto,PAEx DGMN - Dirección General de Movilización Nacional,PJUD - PODER JUDICIAL
88d08ee1a5384a7fbe4bfddb8928ce82,ae4caa1cb2154cac89440f3fe18251cb,33,18,15,88d08ee1a5384a7fbe4bfddb8928ce82->ae4caa1cb2154cac89440f3fe18251cb,0.5455,mixto,Sistema Midas - Subsecretaría de Salud Pública,Ingreso de causas y escritos - Corporación Administrativa del Poder Judicial
f883bd6d70b043a09837e8b888fe3f65,fd595f24910c4126b7398b3e081af528,33,24,9,f883bd6d70b043a09837e8b888fe3f65->fd595f24910c4126b7398b3e081af528,0.7273,mixto,undefined - Subsecretaría de Economía y Empresas de Menor Tamaño,Instituto Seguridad Laboral - Instituto Seguridad Laboral
08165f6182bc4dfc9dc1d7774508bbc6,64d9be8046574fbfbc1fb14c9912afea,33,11,22,64d9be8046574fbfbc1fb14c9912afea->08165f6182bc4dfc9dc1d7774508bbc6,0.6667,mixto,e-certchile - E-Cert Chile,ASDigital - Ministerio de salud
5ad019e5f0e445e8b37fc4ed60a3447c,b972e814004e4624a566f308901cca7c,33,7,26,b972e814004e4624a566f308901cca7c->5ad019e5f0e445e8b37fc4ed60a3447c,0.7879,mixto,5ad019e5f0e445e8b37fc4ed60a3447c,DocDigital Versión 3 - Subsecretaría General de la Presidencia de la República
16ffe077cc1a4b11a19bea91abce6f9c,cb9e2b9dd1cd44c5b7d4fdcfbbf3f5e0,33,14,19,cb9e2b9dd1cd44c5b7d4fdcfbbf3f5e0->16ffe077cc1a4b11a19bea91abce6f9c,0.5758,mixto,SIMEF v5 - Subsecretaría de Justicia,Portal Usuario 2.0 - Subsecretaría de Justicia
347178b052294153af290d6a84589868,ae54454684154c25bd33c6e04609652b,33,15,18,ae54454684154c25bd33c6e04609652b->347178b052294153af290d6a84589868,0.5455,mixto,Mi Fiscalía en Línea - Ministerio Público,Sistema de Apelación Contra de Isapres - Subsecretaría de Salud Pública
123,6d52b87b5a964c61ad7e28afd9499f18,33,21,12,123->6d52b87b5a964c61ad7e28afd9499f18,0.6364,mixto,Registro Civil - SRCeI,Mis Trámites CGR - Contraloría General de la República
38b3f29fe39b4e87b5f7982165de8cf1,ae4caa1cb2154cac89440f3fe18251cb,32,22,10,38b3f29fe39b4e87b5f7982165de8cf1->ae4caa1cb2154cac89440f3fe18251cb,0.6875,mixto,Portal Servel - Servicio Electoral,Ingreso de causas y escritos - Corporación Administrativa del Poder Judicial
3346db58cd2d474fbcf63e827462b85d,6a322ad743e3464bae56d2d9b180078a,32,18,14,3346db58cd2d474fbcf63e827462b85d->6a322ad743e3464bae56d2d9b180078a,0.5625,mixto,Single Sign-On - Subsecretaría de Evaluación Social,6a322ad743e3464bae56d2d9b180078a
a7709b21161d459298dc5dc58e77310b,c82f84bf3f2b451393445a0cb6883665,32,15,17,c82f84bf3f2b451393445a0cb6883665->a7709b21161d459298dc5dc58e77310b,0.5312,mixto,DIPRECA - Dirección de Previsión de Carabineros de Chile,Ventanilla Única Social - Subsecretaría de Evaluación Social
6743ad379b094f98ad903d0f0304add1,ffaec74bfd414f8394bab077a989e27f,32,10,22,ffaec74bfd414f8394bab077a989e27f->6743ad379b094f98ad903d0f0304add1,0.6875,mixto,Procedimiento Administrativo Electrónico - Superintendencia de Seguridad Social,miChileAtiende - Instituto de Previsión Social
495c261c0f484bd08e232f7358452c4d,ae54454684154c25bd33c6e04609652b,32,20,12,495c261c0f484bd08e232f7358452c4d->ae54454684154c25bd33c6e04609652b,0.625,mixto,undefined - Comisión para el Mercado Financiero,Sistema de Apelación Contra de Isapres - Subsecretaría de Salud Pública
2549b51828ce40af920a932dd2102217,41da80f6154c4d918166fc43862f5d78,32,22,10,2549b51828ce40af920a932dd2102217->41da80f6154c4d918166fc43862f5d78,0.6875,mixto,undefined - Servicio de Impuestos Internos,Web Cajmetro - Corporación de Asistencia Judicial de la Región Metropolitana
64b50202d6b74bfcb78c7342823e0f4f,d602a0071f3f4db8b37a87cffd89bf23,32,12,20,d602a0071f3f4db8b37a87cffd89bf23->64b50202d6b74bfcb78c7342823e0f4f,0.625,mixto,Cesantía - Comisión Administradora de Sistema de Créditos para Estudios Superiores,PJUD - PODER JUDICIAL
9ae54d261e454c93ae1c2cdec0fd03e6,ae4caa1cb2154cac89440f3fe18251cb,32,21,11,9ae54d261e454c93ae1c2cdec0fd03e6->ae4caa1cb2154cac89440f3fe18251cb,0.6562,mixto,Login certificado afiliacion - Fondo Nacional de Salud,Ingreso de causas y escritos - Corporación Administrativa del Poder Judicial
2549b51828ce40af920a932dd2102217,6e12533e73a048efa8bcc0a30f2b7684,32,20,12,2549b51828ce40af920a932dd2102217->6e12533e73a048efa8bcc0a30f2b7684,0.625,mixto,undefined - Servicio de Impuestos Internos,Dirección General de Movilización Nacional - Dirección General de Movilización Nacional
4830b97416a14d1485ccb85c9f9baa4e,74e60dc3bc26493d81088e4d322b7c39,32,7,25,74e60dc3bc26493d81088e4d322b7c39->4830b97416a14d1485ccb85c9f9baa4e,0.7812,mixto,Trámites SP - Superintendencia de Penssiones,SignPass - BPO Advisors SpA
67eb30db49f240b08ab2b3f422f92cdf,9c9359fefd164d388f8a5edc2bac301e,32,23,9,67eb30db49f240b08ab2b3f422f92cdf->9c9359fefd164d388f8a5edc2bac301e,0.7188,mixto,Portal MiDT - Dirección del Trabajo,Contraloría - Contraloría General de la República
309b72a99d154079a6ab5d23444fd7dd,88d08ee1a5384a7fbe4bfddb8928ce82,32,5,27,88d08ee1a5384a7fbe4bfddb8928ce82->309b72a99d154079a6ab5d23444fd7dd,0.8438,mixto,Mordedores - Subsecretaría de Salud Pública,Sistema Midas - Subsecretaría de Salud Pública
1eec93924a1046efbad70c851782ab8a,94d27864f86d422faa68efccb908cc34,32,19,13,1eec93924a1046efbad70c851782ab8a->94d27864f86d422faa68efccb908cc34,0.5938,mixto,Trámites INAPI - Instituto Nacional de Propiedad Industrial,94d27864f86d422faa68efccb908cc34
ef1dd1f1a5b94d0eacb669f7b3ec2911,ffaec74bfd414f8394bab077a989e27f,32,19,13,ef1dd1f1a5b94d0eacb669f7b3ec2911->ffaec74bfd414f8394bab077a989e27f,0.5938,mixto,Mi Crédito CAE - Comisión Administradora del Sistema de Créditos para Estudios Superiores,miChileAtiende - Instituto de Previsión Social
a647689891b84948871ff7099253a553,d602a0071f3f4db8b37a87cffd89bf23,32,19,13,a647689891b84948871ff7099253a553->d602a0071f3f4db8b37a87cffd89bf23,0.5938,mixto,Autoconsulta SSASUR - Servicio Salud Araucanía Sur,PJUD - PODER JUDICIAL
4bb573e349504824b5b5a050a83e094d,67eb30db49f240b08ab2b3f422f92cdf,32,7,25,67eb30db49f240b08ab2b3f422f92cdf->4bb573e349504824b5b5a050a83e094d,0.7812,mixto,ChileCompra - Centro de Ayuda - Dirección de Compras y Contratación Pública,Portal MiDT - Dirección del Trabajo
64d9be8046574fbfbc1fb14c9912afea,dcd0b6134a8846c1ac7171f8530945ab,32,14,18,dcd0b6134a8846c1ac7171f8530945ab->64d9be8046574fbfbc1fb14c9912afea,0.5625,mixto,ASDigital - Ministerio de salud,Identidad Única - Ministerio de Vivienda y Urbanismo - Subsecretaría de Vivienda y Urbanismo
399e7fc266894562850261cfbc06b992,4a94478dd25f4430a0a023b87e11170d,32,20,12,399e7fc266894562850261cfbc06b992->4a94478dd25f4430a0a023b87e11170d,0.625,mixto,Denuncia en Linea - Ministerio Público,Milicenciamedica.cl - Subsecretaría de Salud Pública
4a94478dd25f4430a0a023b87e11170d,ef1dd1f1a5b94d0eacb669f7b3ec2911,32,25,7,4a94478dd25f4430a0a023b87e11170d->ef1dd1f1a5b94d0eacb669f7b3ec2911,0.7812,mixto,Milicenciamedica.cl - Subsecretaría de Salud Pública,Mi Crédito CAE - Comisión Administradora del Sistema de Créditos para Estudios Superiores
ae4caa1cb2154cac89440f3fe18251cb,e423b8339a57485d8b524937d93e4f44,32,8,24,e423b8339a57485d8b524937d93e4f44->ae4caa1cb2154cac89440f3fe18251cb,0.75,mixto,Ingreso de causas y escritos - Corporación Administrativa del Poder Judicial,SIMPLE - Gendarmería de Chile
638aea308ffb483198d5c1387e2cc017,9fd20d626db942aeb4d84f9c475d3bea,32,11,21,9fd20d626db942aeb4d84f9c475d3bea->638aea308ffb483198d5c1387e2cc017,0.6562,mixto,"Portal ""Mi SUPERIR"" - Superintendencia de Insolvencia y Reemprendimiento",Superir - Superintendencia de Insolvencia y Reemprendimiento
2549b51828ce40af920a932dd2102217,31050e1a1dcb4c9899ba77be32449e54,32,12,20,31050e1a1dcb4c9899ba77be32449e54->2549b51828ce40af920a932dd2102217,0.625,mixto,undefined - Servicio de Impuestos Internos,Bono electrónico y LME - Superintendencia de Seguridad Social
2549b51828ce40af920a932dd2102217,38b3f29fe39b4e87b5f7982165de8cf1,31,12,19,38b3f29fe39b4e87b5f7982165de8cf1->2549b51828ce40af920a932dd2102217,0.6129,mixto,undefined - Servicio de Impuestos Internos,Portal Servel - Servicio Electoral
2549b51828ce40af920a932dd2102217,6d52b87b5a964c61ad7e28afd9499f18,31,14,17,6d52b87b5a964c61ad7e28afd9499f18->2549b51828ce40af920a932dd2102217,0.5484,mixto,undefined - Servicio de Impuestos Internos,Mis Trámites CGR - Contraloría General de la República
123,b34fe8a89b9a43189ec5be764c3b695c,31,20,11,123->b34fe8a89b9a43189ec5be764c3b695c,0.6452,mixto,Registro Civil - SRCeI,Canales Digitales AFP UNO - AFP Uno
c82f84bf3f2b451393445a0cb6883665,fd595f24910c4126b7398b3e081af528,31,19,12,c82f84bf3f2b451393445a0cb6883665->fd595f24910c4126b7398b3e081af528,0.6129,mixto,Ventanilla Única Social - Subsecretaría de Evaluación Social,Instituto Seguridad Laboral - Instituto Seguridad Laboral
67eb30db49f240b08ab2b3f422f92cdf,6daae6995cb245348bb2b5432ccc9948,31,18,13,67eb30db49f240b08ab2b3f422f92cdf->6daae6995cb245348bb2b5432ccc9948,0.5806,mixto,Portal MiDT - Dirección del Trabajo,DIRECTEMAR - Dirección General del Territorio Marítimo y Marina Mercante
209ce526160947f0b398566cd4cbfd0d,79bvfghg9a0a8tm25d16sddg7d61d4710,31,10,21,79bvfghg9a0a8tm25d16sddg7d61d4710->209ce526160947f0b398566cd4cbfd0d,0.6774,mixto,Portal de Aplicaciones Sence - Servicio Nacional de Capacitacion y Empleo,Extranjeria - Secretaría de Gobierno Digital
2549b51828ce40af920a932dd2102217,4f4d89fa8ce34da19ecb340c1d267a3e,31,19,12,2549b51828ce40af920a932dd2102217->4f4d89fa8ce34da19ecb340c1d267a3e,0.6129,mixto,undefined - Servicio de Impuestos Internos,Registro Nacional de MiPymes - Subsecretaría de Economía y Empresas de Menor Tamaño
209ce526160947f0b398566cd4cbfd0d,3d639e0a581e4afbbc3976eed669f5c6,31,20,11,209ce526160947f0b398566cd4cbfd0d->3d639e0a581e4afbbc3976eed669f5c6,0.6452,mixto,Portal de Aplicaciones Sence - Servicio Nacional de Capacitacion y Empleo,Mi Portal de Emprendimiento - Subsecretaría de Evaluación Social
1ad6835586034de0b29f4a402b182c6c,41da80f6154c4d918166fc43862f5d78,31,22,9,1ad6835586034de0b29f4a402b182c6c->41da80f6154c4d918166fc43862f5d78,0.7097,mixto,Comisaría Virtual 2 - Carabineros de Chile,Web Cajmetro - Corporación de Asistencia Judicial de la Región Metropolitana
2ae2ca1a377048a58815f54a432f8a21,ae4caa1cb2154cac89440f3fe18251cb,31,10,21,ae4caa1cb2154cac89440f3fe18251cb->2ae2ca1a377048a58815f54a432f8a21,0.6774,mixto,Portal Paciente - Subsecretaría de Redes Asistenciales,Ingreso de causas y escritos - Corporación Administrativa del Poder Judicial
86144f0d3b814c1d8c013f7aade6c55d,ae54454684154c25bd33c6e04609652b,31,12,19,ae54454684154c25bd33c6e04609652b->86144f0d3b814c1d8c013f7aade6c55d,0.6129,mixto,Sernac - Portal del consumidor - Servicio Nacional del Consumidor,Sistema de Apelación Contra de Isapres - Subsecretaría de Salud Pública
67eb30db49f240b08ab2b3f422f92cdf,ef1dd1f1a5b94d0eacb669f7b3ec2911,31,21,10,67eb30db49f240b08ab2b3f422f92cdf->ef1dd1f1a5b94d0eacb669f7b3ec2911,0.6774,mixto,Portal MiDT - Dirección del Trabajo,Mi Crédito CAE - Comisión Administradora del Sistema de Créditos para Estudios Superiores
123,818d938a32ad4dc19cfd13f6575ddc5a,31,15,16,818d938a32ad4dc19cfd13f6575ddc5a->123,0.5161,mixto,Registro Civil - SRCeI,SSO - Servicio Agricola y Ganadero
67339e06f4b44f78994ff4785178807a,9f5eb34dc330412990d7da2fd1db9e64,31,12,19,9f5eb34dc330412990d7da2fd1db9e64->67339e06f4b44f78994ff4785178807a,0.6129,mixto,Mercado+Público - Dirección de Compras y Contratación Pública,9f5eb34dc330412990d7da2fd1db9e64
88d08ee1a5384a7fbe4bfddb8928ce82,c82f84bf3f2b451393445a0cb6883665,31,20,11,88d08ee1a5384a7fbe4bfddb8928ce82->c82f84bf3f2b451393445a0cb6883665,0.6452,mixto,Sistema Midas - Subsecretaría de Salud Pública,Ventanilla Única Social - Subsecretaría de Evaluación Social
51e1587ac2364f19bb4a9344841af223,e8dde9d26979498786c6ba5a82f70ad3,31,8,23,e8dde9d26979498786c6ba5a82f70ad3->51e1587ac2364f19bb4a9344841af223,0.7419,mixto,www.sii.cl - Servicio de Impuestos Internos,"undefined - Sociedad Administradora de Fondos de Cesantía de Chile II S.A., AFC Chile"
0a750e36725e495ba32bd43a5f170724,2549b51828ce40af920a932dd2102217,31,18,13,0a750e36725e495ba32bd43a5f170724->2549b51828ce40af920a932dd2102217,0.5806,mixto,FUAS-Mineduc - Subsecretaría de Educación,undefined - Servicio de Impuestos Internos
818d938a32ad4dc19cfd13f6575ddc5a,d74a389b77734996ba37fa61a0d08341,31,17,14,818d938a32ad4dc19cfd13f6575ddc5a->d74a389b77734996ba37fa61a0d08341,0.5484,mixto,SSO - Servicio Agricola y Ganadero,DECLARACION JURADA - Servicio Agrícola y Ganadero
c82f84bf3f2b451393445a0cb6883665,fb944d98fea445bda57de000993d3e25,31,22,9,c82f84bf3f2b451393445a0cb6883665->fb944d98fea445bda57de000993d3e25,0.7097,mixto,Ventanilla Única Social - Subsecretaría de Evaluación Social,Accede a tu Portal Paciente - Servicio de Salud Maule
0a0b41b45e2143ad8d97436f8561b1ca,1c6f1fdb9e7544aaac5f4daf9243ca1e,31,13,18,1c6f1fdb9e7544aaac5f4daf9243ca1e->0a0b41b45e2143ad8d97436f8561b1ca,0.5806,mixto,Sistemas Recoleta - Municipalidad de Recoleta,Sistemas Municipales - Municipalidad de Recoleta
0f33ab6447034fe49d1629353a119e47,6a91c10b9e8341afbd387fb72bab3cf7,31,11,20,6a91c10b9e8341afbd387fb72bab3cf7->0f33ab6447034fe49d1629353a119e47,0.6452,mixto,Superintendencia en Línea - Mi Portal - Superintendencia de Seguridad Social,Comisión de Medicina Preventiva e Invalidez - Subsecretaría de Salud Pública
40fc9588a8e04b28852ec1163528bb8a,ea62071feb644e4e81394dfa5c500ff3,30,7,23,ea62071feb644e4e81394dfa5c500ff3->40fc9588a8e04b28852ec1163528bb8a,0.7667,mixto,PAEx DGMN - Dirección General de Movilización Nacional,DIPRECA - Dirección de Previsión de Carabineros de Chile
209ce526160947f0b398566cd4cbfd0d,6e12533e73a048efa8bcc0a30f2b7684,30,11,19,6e12533e73a048efa8bcc0a30f2b7684->209ce526160947f0b398566cd4cbfd0d,0.6333,mixto,Portal de Aplicaciones Sence - Servicio Nacional de Capacitacion y Empleo,Dirección General de Movilización Nacional - Dirección General de Movilización Nacional
91f3f86897ff4ae39e50cbd7035fa8af,a75f04d8480f47a3a73d3b61be147ec1,30,9,21,a75f04d8480f47a3a73d3b61be147ec1->91f3f86897ff4ae39e50cbd7035fa8af,0.7,mixto,APIs Receta Electrónica - Subsecretaría de Salud Pública,Sistema de Receta Electronica - Subsecretaría de Salud Pública
94d27864f86d422faa68efccb908cc34,dc821110e3f34bf3984d61955ced2e69,30,16,14,94d27864f86d422faa68efccb908cc34->dc821110e3f34bf3984d61955ced2e69,0.5333,mixto,94d27864f86d422faa68efccb908cc34,Licencia de Conducir Digital - Subsecretaría de Transportes
4a94478dd25f4430a0a023b87e11170d,b4206ac5e3224dfd900588a8f7caf95e,30,18,12,4a94478dd25f4430a0a023b87e11170d->b4206ac5e3224dfd900588a8f7caf95e,0.6,mixto,Milicenciamedica.cl - Subsecretaría de Salud Pública,FONASA - Portal Beneficiario - Fondo Nacional de Salud
02f0f8beb94542deac503efd6a774262,91f3f86897ff4ae39e50cbd7035fa8af,30,17,13,02f0f8beb94542deac503efd6a774262->91f3f86897ff4ae39e50cbd7035fa8af,0.5667,mixto,SSMSO - Servicio de Salud Sur Oriente,APIs Receta Electrónica - Subsecretaría de Salud Pública
64b50202d6b74bfcb78c7342823e0f4f,be09a0ddbb9b4c4aaf78903e0ca27a75,30,14,16,be09a0ddbb9b4c4aaf78903e0ca27a75->64b50202d6b74bfcb78c7342823e0f4f,0.5333,mixto,Cesantía - Comisión Administradora de Sistema de Créditos para Estudios Superiores,Contingencia - Comisión Administradora de Sistema de Créditos para Estudios Superiores
c5b83bbfa22c4c31a5743485b4c6e524,cb9e2b9dd1cd44c5b7d4fdcfbbf3f5e0,30,18,12,c5b83bbfa22c4c31a5743485b4c6e524->cb9e2b9dd1cd44c5b7d4fdcfbbf3f5e0,0.6,mixto,Bolsa Nacional de Empleo - Subsecretaría del Trabajo,Portal Usuario 2.0 - Subsecretaría de Justicia
ae4caa1cb2154cac89440f3fe18251cb,d74a389b77734996ba37fa61a0d08341,30,11,19,d74a389b77734996ba37fa61a0d08341->ae4caa1cb2154cac89440f3fe18251cb,0.6333,mixto,Ingreso de causas y escritos - Corporación Administrativa del Poder Judicial,DECLARACION JURADA - Servicio Agrícola y Ganadero
645a4f092abd49f0820b8a5507e3dea0,94d27864f86d422faa68efccb908cc34,30,15,15,645a4f092abd49f0820b8a5507e3dea0->94d27864f86d422faa68efccb908cc34,0.5,mixto,Sistema Servicios en línea - Caja de Previsión de la Defensa Nacional,94d27864f86d422faa68efccb908cc34
e8dde9d26979498786c6ba5a82f70ad3,fb944d98fea445bda57de000993d3e25,30,7,23,fb944d98fea445bda57de000993d3e25->e8dde9d26979498786c6ba5a82f70ad3,0.7667,mixto,"undefined - Sociedad Administradora de Fondos de Cesantía de Chile II S.A., AFC Chile",Accede a tu Portal Paciente - Servicio de Salud Maule
9f88dc88029e42d3a5b082ab396be6d3,d602a0071f3f4db8b37a87cffd89bf23,30,18,12,9f88dc88029e42d3a5b082ab396be6d3->d602a0071f3f4db8b37a87cffd89bf23,0.6,mixto,Sistema de Postulación Único - Carabineros de Chile,PJUD - PODER JUDICIAL
a647689891b84948871ff7099253a553,dd7629fec91f4599b3cf8c0dd0b984ac,30,5,25,dd7629fec91f4599b3cf8c0dd0b984ac->a647689891b84948871ff7099253a553,0.8333,mixto,Autoconsulta SSASUR - Servicio Salud Araucanía Sur,Sucursal Virtual FONASA - Fondo Nacional de Salud
67eb30db49f240b08ab2b3f422f92cdf,79bvfghg9a0a8tm25d16sddg7d61d4710,30,17,13,67eb30db49f240b08ab2b3f422f92cdf->79bvfghg9a0a8tm25d16sddg7d61d4710,0.5667,mixto,Portal MiDT - Dirección del Trabajo,Extranjeria - Secretaría de Gobierno Digital
64d9be8046574fbfbc1fb14c9912afea,ee00832abfba40b38335ce48a12981b5,30,22,8,64d9be8046574fbfbc1fb14c9912afea->ee00832abfba40b38335ce48a12981b5,0.7333,mixto,ASDigital - Ministerio de salud,Autenticacion Nube  Privada - Servicio de Impuestos Internos
2549b51828ce40af920a932dd2102217,b9e3f79c40594953af24e9a43eba4e0c,30,7,23,b9e3f79c40594953af24e9a43eba4e0c->2549b51828ce40af920a932dd2102217,0.7667,mixto,undefined - Servicio de Impuestos Internos,e-Digital - E-Digital PKI SpA.
2549b51828ce40af920a932dd2102217,3af2d18b09e6443fa289e956fc10669f,30,17,13,2549b51828ce40af920a932dd2102217->3af2d18b09e6443fa289e956fc10669f,0.5667,mixto,undefined - Servicio de Impuestos Internos,Red Movilidad - Subsecretaría de Transportes
ae4caa1cb2154cac89440f3fe18251cb,fba5ab8c38d3426492c31c99ad569bdb,30,15,15,ae4caa1cb2154cac89440f3fe18251cb->fba5ab8c38d3426492c31c99ad569bdb,0.5,mixto,Ingreso de causas y escritos - Corporación Administrativa del Poder Judicial,Oficina Judicial Virtual Tribunales Tributarios y Aduaneros - Unidad Administradora de Tribunales Tributarios y Aduaneros
2549b51828ce40af920a932dd2102217,ab2dd6e0890c4b5483973add6fa1b91b,30,17,13,2549b51828ce40af920a932dd2102217->ab2dd6e0890c4b5483973add6fa1b91b,0.5667,mixto,undefined - Servicio de Impuestos Internos,Sercotec - Servicio de Cooperación Técnica
2ae2ca1a377048a58815f54a432f8a21,e8dde9d26979498786c6ba5a82f70ad3,30,19,11,2ae2ca1a377048a58815f54a432f8a21->e8dde9d26979498786c6ba5a82f70ad3,0.6333,mixto,Portal Paciente - Subsecretaría de Redes Asistenciales,"undefined - Sociedad Administradora de Fondos de Cesantía de Chile II S.A., AFC Chile"
94d27864f86d422faa68efccb908cc34,9c9359fefd164d388f8a5edc2bac301e,30,12,18,9c9359fefd164d388f8a5edc2bac301e->94d27864f86d422faa68efccb908cc34,0.6,mixto,94d27864f86d422faa68efccb908cc34,Contraloría - Contraloría General de la República
c765193a11274b73b1ffa97efd6fbc3b,cc892c05f6d94315be2b7539e45b9170,30,8,22,cc892c05f6d94315be2b7539e45b9170->c765193a11274b73b1ffa97efd6fbc3b,0.7333,mixto,Servicio Único de Identidad - SMA - Superintendencia del Medio Ambiente,Ventanilla Única 2.0 - Ministerio del Medio Ambiente
2ae2ca1a377048a58815f54a432f8a21,fdd7e5cf453e42d7b8cb2334d3a7bff9,30,17,13,2ae2ca1a377048a58815f54a432f8a21->fdd7e5cf453e42d7b8cb2334d3a7bff9,0.5667,mixto,Portal Paciente - Subsecretaría de Redes Asistenciales,Telesalud - Subsecretaría de Redes Asistenciales
3d639e0a581e4afbbc3976eed669f5c6,d602a0071f3f4db8b37a87cffd89bf23,30,14,16,d602a0071f3f4db8b37a87cffd89bf23->3d639e0a581e4afbbc3976eed669f5c6,0.5333,mixto,Mi Portal de Emprendimiento - Subsecretaría de Evaluación Social,PJUD - PODER JUDICIAL
51e1587ac2364f19bb4a9344841af223,d602a0071f3f4db8b37a87cffd89bf23,30,17,13,51e1587ac2364f19bb4a9344841af223->d602a0071f3f4db8b37a87cffd89bf23,0.5667,mixto,www.sii.cl - Servicio de Impuestos Internos,PJUD - PODER JUDICIAL
14cc5dc0682d44fe99d2d91e1eaafac7,ffaec74bfd414f8394bab077a989e27f,30,18,12,14cc5dc0682d44fe99d2d91e1eaafac7->ffaec74bfd414f8394bab077a989e27f,0.6,mixto,SIMPLE - Corporación Nacional de Desarrollo Indígena,miChileAtiende - Instituto de Previsión Social
347178b052294153af290d6a84589868,ee00832abfba40b38335ce48a12981b5,30,20,10,347178b052294153af290d6a84589868->ee00832abfba40b38335ce48a12981b5,0.6667,mixto,Mi Fiscalía en Línea - Ministerio Público,Autenticacion Nube  Privada - Servicio de Impuestos Internos
86144f0d3b814c1d8c013f7aade6c55d,f883bd6d70b043a09837e8b888fe3f65,30,16,14,86144f0d3b814c1d8c013f7aade6c55d->f883bd6d70b043a09837e8b888fe3f65,0.5333,mixto,Sernac - Portal del consumidor - Servicio Nacional del Consumidor,undefined - Subsecretaría de Economía y Empresas de Menor Tamaño
006b85a984e94ce88ddb035ec01b2d70,ae4caa1cb2154cac89440f3fe18251cb,29,11,18,ae4caa1cb2154cac89440f3fe18251cb->006b85a984e94ce88ddb035ec01b2d70,0.6207,mixto,006b85a984e94ce88ddb035ec01b2d70,Ingreso de causas y escritos - Corporación Administrativa del Poder Judicial
74e60dc3bc26493d81088e4d322b7c39,94d27864f86d422faa68efccb908cc34,29,12,17,94d27864f86d422faa68efccb908cc34->74e60dc3bc26493d81088e4d322b7c39,0.5862,mixto,SignPass - BPO Advisors SpA,94d27864f86d422faa68efccb908cc34
123,ac8e668f620b403b9ccc6486c0e365c7,29,15,14,123->ac8e668f620b403b9ccc6486c0e365c7,0.5172,mixto,Registro Civil - SRCeI,ac8e668f620b403b9ccc6486c0e365c7
b972e814004e4624a566f308901cca7c,cb9e2b9dd1cd44c5b7d4fdcfbbf3f5e0,29,18,11,b972e814004e4624a566f308901cca7c->cb9e2b9dd1cd44c5b7d4fdcfbbf3f5e0,0.6207,mixto,DocDigital Versión 3 - Subsecretaría General de la Presidencia de la República,Portal Usuario 2.0 - Subsecretaría de Justicia
4a94478dd25f4430a0a023b87e11170d,6daae6995cb245348bb2b5432ccc9948,29,18,11,4a94478dd25f4430a0a023b87e11170d->6daae6995cb245348bb2b5432ccc9948,0.6207,mixto,Milicenciamedica.cl - Subsecretaría de Salud Pública,DIRECTEMAR - Dirección General del Territorio Marítimo y Marina Mercante
67339e06f4b44f78994ff4785178807a,ef1dd1f1a5b94d0eacb669f7b3ec2911,29,16,13,67339e06f4b44f78994ff4785178807a->ef1dd1f1a5b94d0eacb669f7b3ec2911,0.5517,mixto,Mercado+Público - Dirección de Compras y Contratación Pública,Mi Crédito CAE - Comisión Administradora del Sistema de Créditos para Estudios Superiores
399e7fc266894562850261cfbc06b992,c82f84bf3f2b451393445a0cb6883665,29,17,12,399e7fc266894562850261cfbc06b992->c82f84bf3f2b451393445a0cb6883665,0.5862,mixto,Denuncia en Linea - Ministerio Público,Ventanilla Única Social - Subsecretaría de Evaluación Social
67339e06f4b44f78994ff4785178807a,6e12533e73a048efa8bcc0a30f2b7684,29,16,13,67339e06f4b44f78994ff4785178807a->6e12533e73a048efa8bcc0a30f2b7684,0.5517,mixto,Mercado+Público - Dirección de Compras y Contratación Pública,Dirección General de Movilización Nacional - Dirección General de Movilización Nacional
2549b51828ce40af920a932dd2102217,8c1942e0cdce4f71b53f62474322f0b7,29,14,15,8c1942e0cdce4f71b53f62474322f0b7->2549b51828ce40af920a932dd2102217,0.5172,mixto,undefined - Servicio de Impuestos Internos,Superintendencia de Electricidad y Combustibles - SUPERINTENDECIA DE ELECTRICIDAD Y COMBUSTIBLES
01b56ab5b9be43e19fa06300994787ec,08165f6182bc4dfc9dc1d7774508bbc6,29,20,9,01b56ab5b9be43e19fa06300994787ec->08165f6182bc4dfc9dc1d7774508bbc6,0.6897,mixto,Bitácora Web - Ministerio Público,e-certchile - E-Cert Chile
6e12533e73a048efa8bcc0a30f2b7684,c5b83bbfa22c4c31a5743485b4c6e524,29,15,14,6e12533e73a048efa8bcc0a30f2b7684->c5b83bbfa22c4c31a5743485b4c6e524,0.5172,mixto,Dirección General de Movilización Nacional - Dirección General de Movilización Nacional,Bolsa Nacional de Empleo - Subsecretaría del Trabajo
9a76efc4c34e4bd7843206658dc45454,b7c988fa6132435480b57f66696827fd,29,22,7,9a76efc4c34e4bd7843206658dc45454->b7c988fa6132435480b57f66696827fd,0.7586,mixto,Portal Ciudadano ClaveÚnica - Secretaría de Gobierno Digital,Pase Cultural - Subsecretaría de Evaluación Social
4a94478dd25f4430a0a023b87e11170d,fdd7e5cf453e42d7b8cb2334d3a7bff9,29,14,15,fdd7e5cf453e42d7b8cb2334d3a7bff9->4a94478dd25f4430a0a023b87e11170d,0.5172,mixto,Milicenciamedica.cl - Subsecretaría de Salud Pública,Telesalud - Subsecretaría de Redes Asistenciales
2549b51828ce40af920a932dd2102217,3d639e0a581e4afbbc3976eed669f5c6,29,21,8,2549b51828ce40af920a932dd2102217->3d639e0a581e4afbbc3976eed669f5c6,0.7241,mixto,undefined - Servicio de Impuestos Internos,Mi Portal de Emprendimiento - Subsecretaría de Evaluación Social
0de46482bc4d409c86f652534e4b47eb,ae4caa1cb2154cac89440f3fe18251cb,29,14,15,ae4caa1cb2154cac89440f3fe18251cb->0de46482bc4d409c86f652534e4b47eb,0.5172,mixto,documentos - cyberdocs - Servicio Nacional del Patrimonio Cultural,Ingreso de causas y escritos - Corporación Administrativa del Poder Judicial
67339e06f4b44f78994ff4785178807a,cb9e2b9dd1cd44c5b7d4fdcfbbf3f5e0,29,14,15,cb9e2b9dd1cd44c5b7d4fdcfbbf3f5e0->67339e06f4b44f78994ff4785178807a,0.5172,mixto,Mercado+Público - Dirección de Compras y Contratación Pública,Portal Usuario 2.0 - Subsecretaría de Justicia
5492b6e4db6948aca469c21d05b18721,9c9359fefd164d388f8a5edc2bac301e,29,19,10,5492b6e4db6948aca469c21d05b18721->9c9359fefd164d388f8a5edc2bac301e,0.6552,mixto,Ley del Lobby - Comisión para la Integridad PÚblica y Transparencia,Contraloría - Contraloría General de la República
5492b6e4db6948aca469c21d05b18721,67eb30db49f240b08ab2b3f422f92cdf,29,20,9,5492b6e4db6948aca469c21d05b18721->67eb30db49f240b08ab2b3f422f92cdf,0.6897,mixto,Ley del Lobby - Comisión para la Integridad PÚblica y Transparencia,Portal MiDT - Dirección del Trabajo
4830b97416a14d1485ccb85c9f9baa4e,ee00832abfba40b38335ce48a12981b5,29,21,8,4830b97416a14d1485ccb85c9f9baa4e->ee00832abfba40b38335ce48a12981b5,0.7241,mixto,Trámites SP - Superintendencia de Penssiones,Autenticacion Nube  Privada - Servicio de Impuestos Internos
123,86480a9f563349b1a2974d9f43548e59,29,12,17,86480a9f563349b1a2974d9f43548e59->123,0.5862,mixto,Registro Civil - SRCeI,Portal Pacientes HMS - Ejército de Chile
67339e06f4b44f78994ff4785178807a,e16bdf2168e144d396be917a93114bfa,29,13,16,e16bdf2168e144d396be917a93114bfa->67339e06f4b44f78994ff4785178807a,0.5517,mixto,Mercado+Público - Dirección de Compras y Contratación Pública,Intranet Municipalidad Osorno - Municipalidad de Osorno
62a5285108824e269a3fa09e9c233440,8c1942e0cdce4f71b53f62474322f0b7,29,14,15,8c1942e0cdce4f71b53f62474322f0b7->62a5285108824e269a3fa09e9c233440,0.5172,mixto,SEC - Atención Ciudadana - Superintendencia de Electricidad y Combustibles,Superintendencia de Electricidad y Combustibles - SUPERINTENDECIA DE ELECTRICIDAD Y COMBUSTIBLES
91f3f86897ff4ae39e50cbd7035fa8af,d8420be9114342368d9bc32882809746,28,3,25,d8420be9114342368d9bc32882809746->91f3f86897ff4ae39e50cbd7035fa8af,0.8929,mixto,APIs Receta Electrónica - Subsecretaría de Salud Pública,Plataforma Atención Remota - Subsecretaría de Redes Asistenciales
91ec6f001c14494a87463fca5adc2bb0,dd7629fec91f4599b3cf8c0dd0b984ac,28,21,7,91ec6f001c14494a87463fca5adc2bb0->dd7629fec91f4599b3cf8c0dd0b984ac,0.75,mixto,91ec6f001c14494a87463fca5adc2bb0,Sucursal Virtual FONASA - Fondo Nacional de Salud
6e12533e73a048efa8bcc0a30f2b7684,c82f84bf3f2b451393445a0cb6883665,28,17,11,6e12533e73a048efa8bcc0a30f2b7684->c82f84bf3f2b451393445a0cb6883665,0.6071,mixto,Dirección General de Movilización Nacional - Dirección General de Movilización Nacional,Ventanilla Única Social - Subsecretaría de Evaluación Social
4a9c2f22f9d047569a0ceafcb9741033,eaf8f2b0ccd04cf2a7bfcf357fe88ca2,28,2,26,eaf8f2b0ccd04cf2a7bfcf357fe88ca2->4a9c2f22f9d047569a0ceafcb9741033,0.9286,consistente,Campus Servicio Civil - Dirección Nacional del Servicio Civil,Empleos Públicos - Servicio Civil
d602a0071f3f4db8b37a87cffd89bf23,f6aab18a7d0947f08867efae57e7d5b4,28,14,14,d602a0071f3f4db8b37a87cffd89bf23->f6aab18a7d0947f08867efae57e7d5b4,0.5,mixto,PJUD - PODER JUDICIAL,ZeCeroPapel - Dirección de Previsión de Carabineros de Chile
9c9359fefd164d388f8a5edc2bac301e,dab6b8ce23604fa7b9ace2c2121d943e,28,22,6,9c9359fefd164d388f8a5edc2bac301e->dab6b8ce23604fa7b9ace2c2121d943e,0.7857,mixto,Contraloría - Contraloría General de la República,Intranet MSGG - Ministerio Secretaría General de Gobierno
ac7a1bf135744666be846c5bffff7cc8,b972e814004e4624a566f308901cca7c,28,19,9,ac7a1bf135744666be846c5bffff7cc8->b972e814004e4624a566f308901cca7c,0.6786,mixto,Servicio de Evaluacion Ambiental - SERVICIO DE EVALUACION AMBIENTAL,DocDigital Versión 3 - Subsecretaría General de la Presidencia de la República
228ce6ed11d14e84ac2ae00cb5639515,9c9359fefd164d388f8a5edc2bac301e,28,26,2,228ce6ed11d14e84ac2ae00cb5639515->9c9359fefd164d388f8a5edc2bac301e,0.9286,consistente,Plataforma HSA-MSGG - Ministerio Secretaría General de Gobierno,Contraloría - Contraloría General de la República
3af2d18b09e6443fa289e956fc10669f,67339e06f4b44f78994ff4785178807a,28,21,7,3af2d18b09e6443fa289e956fc10669f->67339e06f4b44f78994ff4785178807a,0.75,mixto,Red Movilidad - Subsecretaría de Transportes,Mercado+Público - Dirección de Compras y Contratación Pública
b3b9221510904977b1c9f12ea7108119,c150a834cbcc40d09aeed2f8703f4dd3,28,18,10,b3b9221510904977b1c9f12ea7108119->c150a834cbcc40d09aeed2f8703f4dd3,0.6429,mixto,Contactanos DT - Dirección del Trabajo,Trámites Dirección Trabajo - Dirección del Trabajo
2549b51828ce40af920a932dd2102217,2ae2ca1a377048a58815f54a432f8a21,28,14,14,2549b51828ce40af920a932dd2102217->2ae2ca1a377048a58815f54a432f8a21,0.5,mixto,undefined - Servicio de Impuestos Internos,Portal Paciente - Subsecretaría de Redes Asistenciales
0a750e36725e495ba32bd43a5f170724,ef1dd1f1a5b94d0eacb669f7b3ec2911,28,15,13,0a750e36725e495ba32bd43a5f170724->ef1dd1f1a5b94d0eacb669f7b3ec2911,0.5357,mixto,FUAS-Mineduc - Subsecretaría de Educación,Mi Crédito CAE - Comisión Administradora del Sistema de Créditos para Estudios Superiores
2549b51828ce40af920a932dd2102217,6a91c10b9e8341afbd387fb72bab3cf7,28,20,8,2549b51828ce40af920a932dd2102217->6a91c10b9e8341afbd387fb72bab3cf7,0.7143,mixto,undefined - Servicio de Impuestos Internos,Comisión de Medicina Preventiva e Invalidez - Subsecretaría de Salud Pública
309b72a99d154079a6ab5d23444fd7dd,91f3f86897ff4ae39e50cbd7035fa8af,28,20,8,309b72a99d154079a6ab5d23444fd7dd->91f3f86897ff4ae39e50cbd7035fa8af,0.7143,mixto,Mordedores - Subsecretaría de Salud Pública,APIs Receta Electrónica - Subsecretaría de Salud Pública
88d08ee1a5384a7fbe4bfddb8928ce82,b992e6a27eb249658efce6ca0cc286dc,28,15,13,88d08ee1a5384a7fbe4bfddb8928ce82->b992e6a27eb249658efce6ca0cc286dc,0.5357,mixto,Sistema Midas - Subsecretaría de Salud Pública,Vumar - Subsecretaría de Transportes
123,c13d78fe65b94d05ad83b59494767b9f,28,10,18,c13d78fe65b94d05ad83b59494767b9f->123,0.6429,mixto,Registro Civil - SRCeI,Beneficios Personal - Gendarmería de Chile
b15e46acff6b4a7487ad18cdac3a21d0,c82f84bf3f2b451393445a0cb6883665,28,9,19,c82f84bf3f2b451393445a0cb6883665->b15e46acff6b4a7487ad18cdac3a21d0,0.6786,mixto,Hospital Sotero del Río - Servicio Salud Metropolitano Sur Oriente,Ventanilla Única Social - Subsecretaría de Evaluación Social
495c261c0f484bd08e232f7358452c4d,64d9be8046574fbfbc1fb14c9912afea,28,5,23,64d9be8046574fbfbc1fb14c9912afea->495c261c0f484bd08e232f7358452c4d,0.8214,mixto,undefined - Comisión para el Mercado Financiero,ASDigital - Ministerio de salud
209ce526160947f0b398566cd4cbfd0d,ac8e668f620b403b9ccc6486c0e365c7,28,20,8,209ce526160947f0b398566cd4cbfd0d->ac8e668f620b403b9ccc6486c0e365c7,0.7143,mixto,Portal de Aplicaciones Sence - Servicio Nacional de Capacitacion y Empleo,ac8e668f620b403b9ccc6486c0e365c7
64d9be8046574fbfbc1fb14c9912afea,8c1942e0cdce4f71b53f62474322f0b7,28,7,21,8c1942e0cdce4f71b53f62474322f0b7->64d9be8046574fbfbc1fb14c9912afea,0.75,mixto,ASDigital - Ministerio de salud,Superintendencia de Electricidad y Combustibles - SUPERINTENDECIA DE ELECTRICIDAD Y COMBUSTIBLES
9ad41e803fff463bac913cedefca7796,eaf8f2b0ccd04cf2a7bfcf357fe88ca2,28,13,15,eaf8f2b0ccd04cf2a7bfcf357fe88ca2->9ad41e803fff463bac913cedefca7796,0.5357,mixto,Servicio Electoral - Cerofilas - Servicio Electoral,Empleos Públicos - Servicio Civil
9728891232324c3cb03aa5382847d19d,b972e814004e4624a566f308901cca7c,28,19,9,9728891232324c3cb03aa5382847d19d->b972e814004e4624a566f308901cca7c,0.6786,mixto,9728891232324c3cb03aa5382847d19d,DocDigital Versión 3 - Subsecretaría General de la Presidencia de la República
0f33ab6447034fe49d1629353a119e47,94d27864f86d422faa68efccb908cc34,28,22,6,0f33ab6447034fe49d1629353a119e47->94d27864f86d422faa68efccb908cc34,0.7857,mixto,Superintendencia en Línea - Mi Portal - Superintendencia de Seguridad Social,94d27864f86d422faa68efccb908cc34
1ad6835586034de0b29f4a402b182c6c,4ef0ced873174ee9afc306e414132c72,28,15,13,1ad6835586034de0b29f4a402b182c6c->4ef0ced873174ee9afc306e414132c72,0.5357,mixto,Comisaría Virtual 2 - Carabineros de Chile,Carabineros de Chile - Cerofilas - Carabineros de Chile
0f33ab6447034fe49d1629353a119e47,6d52b87b5a964c61ad7e28afd9499f18,28,18,10,0f33ab6447034fe49d1629353a119e47->6d52b87b5a964c61ad7e28afd9499f18,0.6429,mixto,Superintendencia en Línea - Mi Portal - Superintendencia de Seguridad Social,Mis Trámites CGR - Contraloría General de la República
32f2a35e790544ec9e040345f8a364f3,41da80f6154c4d918166fc43862f5d78,28,12,16,41da80f6154c4d918166fc43862f5d78->32f2a35e790544ec9e040345f8a364f3,0.5714,mixto,Defensoría Penal Pública - DEFENSORIA PENAL PUBLICA,Web Cajmetro - Corporación de Asistencia Judicial de la Región Metropolitana
6d52b87b5a964c61ad7e28afd9499f18,ae54454684154c25bd33c6e04609652b,27,10,17,ae54454684154c25bd33c6e04609652b->6d52b87b5a964c61ad7e28afd9499f18,0.6296,mixto,Mis Trámites CGR - Contraloría General de la República,Sistema de Apelación Contra de Isapres - Subsecretaría de Salud Pública
d602a0071f3f4db8b37a87cffd89bf23,fdf0c4b762684098915b4fa4884af400,27,15,12,d602a0071f3f4db8b37a87cffd89bf23->fdf0c4b762684098915b4fa4884af400,0.5556,mixto,PJUD - PODER JUDICIAL,Subsecretaría de Justicia - Cerofilas - Subsecretaría de Justicia
44568175e9ff4fdcb98cd4e9d368ce11,f883bd6d70b043a09837e8b888fe3f65,27,17,10,44568175e9ff4fdcb98cd4e9d368ce11->f883bd6d70b043a09837e8b888fe3f65,0.6296,mixto,Sistema Integrado DAES - Subsecretaría de Economía y Empresas de Menor Tamaño,undefined - Subsecretaría de Economía y Empresas de Menor Tamaño
a647689891b84948871ff7099253a553,ffaec74bfd414f8394bab077a989e27f,27,11,16,ffaec74bfd414f8394bab077a989e27f->a647689891b84948871ff7099253a553,0.5926,mixto,Autoconsulta SSASUR - Servicio Salud Araucanía Sur,miChileAtiende - Instituto de Previsión Social
1ad6835586034de0b29f4a402b182c6c,86144f0d3b814c1d8c013f7aade6c55d,27,22,5,1ad6835586034de0b29f4a402b182c6c->86144f0d3b814c1d8c013f7aade6c55d,0.8148,mixto,Comisaría Virtual 2 - Carabineros de Chile,Sernac - Portal del consumidor - Servicio Nacional del Consumidor
4830b97416a14d1485ccb85c9f9baa4e,495c261c0f484bd08e232f7358452c4d,27,15,12,4830b97416a14d1485ccb85c9f9baa4e->495c261c0f484bd08e232f7358452c4d,0.5556,mixto,Trámites SP - Superintendencia de Penssiones,undefined - Comisión para el Mercado Financiero
52449c34bb1e47fe81802bf322dae8ee,6a322ad743e3464bae56d2d9b180078a,27,16,11,52449c34bb1e47fe81802bf322dae8ee->6a322ad743e3464bae56d2d9b180078a,0.5926,mixto,bcm2.sii.cl - Servicio de Impuestos Internos,6a322ad743e3464bae56d2d9b180078a
7d0c4697a4f849e38021ccb192e0b4a7,eaf8f2b0ccd04cf2a7bfcf357fe88ca2,27,6,21,eaf8f2b0ccd04cf2a7bfcf357fe88ca2->7d0c4697a4f849e38021ccb192e0b4a7,0.7778,mixto,"Niños, Niñas y Adolescentes - Subsecretaría de Evaluación Social",Empleos Públicos - Servicio Civil
123,f2eaffaf45b84b9c8e39cc303a97e9d7,27,16,11,123->f2eaffaf45b84b9c8e39cc303a97e9d7,0.5926,mixto,Registro Civil - SRCeI,SIMPLE - Secretaría de Gobierno Digital
123,7f2c2c35a2de4624ad938147f73f271a,27,15,12,123->7f2c2c35a2de4624ad938147f73f271a,0.5556,mixto,Registro Civil - SRCeI,Registro Nacional de Mascotas y Animales de Compañía - Subsecretaría de Desarrollo Regional y Administrativo
9a76efc4c34e4bd7843206658dc45454,dcd0b6134a8846c1ac7171f8530945ab,27,14,13,9a76efc4c34e4bd7843206658dc45454->dcd0b6134a8846c1ac7171f8530945ab,0.5185,mixto,Portal Ciudadano ClaveÚnica - Secretaría de Gobierno Digital,Identidad Única - Ministerio de Vivienda y Urbanismo - Subsecretaría de Vivienda y Urbanismo
fb944d98fea445bda57de000993d3e25,ffaec74bfd414f8394bab077a989e27f,27,13,14,ffaec74bfd414f8394bab077a989e27f->fb944d98fea445bda57de000993d3e25,0.5185,mixto,Accede a tu Portal Paciente - Servicio de Salud Maule,miChileAtiende - Instituto de Previsión Social
2ae2ca1a377048a58815f54a432f8a21,d254feea701346a399887b9fe59ac61a,27,11,16,d254feea701346a399887b9fe59ac61a->2ae2ca1a377048a58815f54a432f8a21,0.5926,mixto,Portal Paciente - Subsecretaría de Redes Asistenciales,Plataforma de Telemedicina - Subsecretaría de Redes Asistenciales
9f3c39663dac4e6791811016adc217da,d602a0071f3f4db8b37a87cffd89bf23,27,1,26,d602a0071f3f4db8b37a87cffd89bf23->9f3c39663dac4e6791811016adc217da,0.963,consistente,"Sistema Cuenta Cultura - Ministerio de las Culturas, las Artes y el Patrimonio",PJUD - PODER JUDICIAL
6743ad379b094f98ad903d0f0304add1,9a76efc4c34e4bd7843206658dc45454,27,3,24,9a76efc4c34e4bd7843206658dc45454->6743ad379b094f98ad903d0f0304add1,0.8889,mixto,Procedimiento Administrativo Electrónico - Superintendencia de Seguridad Social,Portal Ciudadano ClaveÚnica - Secretaría de Gobierno Digital
2ff516ac74a44ebfa3a522adbde28a0f,5235b9f356954973a226cb6fc12c9d6e,27,0,27,5235b9f356954973a226cb6fc12c9d6e->2ff516ac74a44ebfa3a522adbde28a0f,1.0,consistente,E-Sign ClaveÚnica - ESIGN S.A.,Sistema Alta Dirección Pública - Dirección Nacional del Servicio Civil
d602a0071f3f4db8b37a87cffd89bf23,fd595f24910c4126b7398b3e081af528,27,20,7,d602a0071f3f4db8b37a87cffd89bf23->fd595f24910c4126b7398b3e081af528,0.7407,mixto,PJUD - PODER JUDICIAL,Instituto Seguridad Laboral - Instituto Seguridad Laboral
2a4a00c47ac6468395984ee10ebc8dc3,d602a0071f3f4db8b37a87cffd89bf23,27,14,13,2a4a00c47ac6468395984ee10ebc8dc3->d602a0071f3f4db8b37a87cffd89bf23,0.5185,mixto,Portal único de Trámites SERPAT - Servicio Nacional del Patrimonio Cultural,PJUD - PODER JUDICIAL
01b56ab5b9be43e19fa06300994787ec,94d27864f86d422faa68efccb908cc34,27,18,9,01b56ab5b9be43e19fa06300994787ec->94d27864f86d422faa68efccb908cc34,0.6667,mixto,Bitácora Web - Ministerio Público,94d27864f86d422faa68efccb908cc34
123,3009f6f4befb498fbed7dbf1b189f47c,27,6,21,3009f6f4befb498fbed7dbf1b189f47c->123,0.7778,mixto,Registro Civil - SRCeI,Sistema Electrónico de Postulación - Comision Nacional de Riego
a6c839544c0440f5bf2ce98e7396613f,d602a0071f3f4db8b37a87cffd89bf23,27,15,12,a6c839544c0440f5bf2ce98e7396613f->d602a0071f3f4db8b37a87cffd89bf23,0.5556,mixto,Aula Virtual CEA - Contraloría General de la República,PJUD - PODER JUDICIAL
9c9359fefd164d388f8a5edc2bac301e,ab2dd6e0890c4b5483973add6fa1b91b,27,21,6,9c9359fefd164d388f8a5edc2bac301e->ab2dd6e0890c4b5483973add6fa1b91b,0.7778,mixto,Contraloría - Contraloría General de la República,Sercotec - Servicio de Cooperación Técnica
7f2c2c35a2de4624ad938147f73f271a,d602a0071f3f4db8b37a87cffd89bf23,27,9,18,d602a0071f3f4db8b37a87cffd89bf23->7f2c2c35a2de4624ad938147f73f271a,0.6667,mixto,Registro Nacional de Mascotas y Animales de Compañía - Subsecretaría de Desarrollo Regional y Administrativo,PJUD - PODER JUDICIAL
0b145fb41bc84dc58a5beb5b4ef11b17,d602a0071f3f4db8b37a87cffd89bf23,27,4,23,d602a0071f3f4db8b37a87cffd89bf23->0b145fb41bc84dc58a5beb5b4ef11b17,0.8519,mixto,Servicios en linea - Caja de Previsión de la Defensa Nacional,PJUD - PODER JUDICIAL
88d08ee1a5384a7fbe4bfddb8928ce82,95b7bf6083634811b6ec1552e2ed5fad,27,17,10,88d08ee1a5384a7fbe4bfddb8928ce82->95b7bf6083634811b6ec1552e2ed5fad,0.6296,mixto,Sistema Midas - Subsecretaría de Salud Pública,Gestión Telesalud - Subsecretaría de Redes Asistenciales
d602a0071f3f4db8b37a87cffd89bf23,d737d0eb953546a79b478a6944694bde,27,18,9,d602a0071f3f4db8b37a87cffd89bf23->d737d0eb953546a79b478a6944694bde,0.6667,mixto,PJUD - PODER JUDICIAL,Tribunal Calificador de Elecciones - TRIBUNAL CALIFICADOR DE ELECCIONES
1ad6835586034de0b29f4a402b182c6c,32f2a35e790544ec9e040345f8a364f3,26,10,16,32f2a35e790544ec9e040345f8a364f3->1ad6835586034de0b29f4a402b182c6c,0.6154,mixto,Comisaría Virtual 2 - Carabineros de Chile,Defensoría Penal Pública - DEFENSORIA PENAL PUBLICA
55c1817c84554dc881bc439a4b00abed,67eb30db49f240b08ab2b3f422f92cdf,26,15,11,55c1817c84554dc881bc439a4b00abed->67eb30db49f240b08ab2b3f422f92cdf,0.5769,mixto,Municipalidad de Colina - Municipalidad de Colina,Portal MiDT - Dirección del Trabajo
64d9be8046574fbfbc1fb14c9912afea,86144f0d3b814c1d8c013f7aade6c55d,26,10,16,86144f0d3b814c1d8c013f7aade6c55d->64d9be8046574fbfbc1fb14c9912afea,0.6154,mixto,ASDigital - Ministerio de salud,Sernac - Portal del consumidor - Servicio Nacional del Consumidor
9a76efc4c34e4bd7843206658dc45454,fd595f24910c4126b7398b3e081af528,26,18,8,9a76efc4c34e4bd7843206658dc45454->fd595f24910c4126b7398b3e081af528,0.6923,mixto,Portal Ciudadano ClaveÚnica - Secretaría de Gobierno Digital,Instituto Seguridad Laboral - Instituto Seguridad Laboral
08165f6182bc4dfc9dc1d7774508bbc6,347178b052294153af290d6a84589868,26,4,22,347178b052294153af290d6a84589868->08165f6182bc4dfc9dc1d7774508bbc6,0.8462,mixto,e-certchile - E-Cert Chile,Mi Fiscalía en Línea - Ministerio Público
9ae54d261e454c93ae1c2cdec0fd03e6,b4206ac5e3224dfd900588a8f7caf95e,26,9,17,b4206ac5e3224dfd900588a8f7caf95e->9ae54d261e454c93ae1c2cdec0fd03e6,0.6538,mixto,Login certificado afiliacion - Fondo Nacional de Salud,FONASA - Portal Beneficiario - Fondo Nacional de Salud
88d08ee1a5384a7fbe4bfddb8928ce82,eaf8f2b0ccd04cf2a7bfcf357fe88ca2,26,13,13,88d08ee1a5384a7fbe4bfddb8928ce82->eaf8f2b0ccd04cf2a7bfcf357fe88ca2,0.5,mixto,Sistema Midas - Subsecretaría de Salud Pública,Empleos Públicos - Servicio Civil
1bb1657eb2eb43808f0529810258aa3b,4a94478dd25f4430a0a023b87e11170d,26,14,12,1bb1657eb2eb43808f0529810258aa3b->4a94478dd25f4430a0a023b87e11170d,0.5385,mixto,Autenticación Sistemas DPP - Defensoría Penal Pública,Milicenciamedica.cl - Subsecretaría de Salud Pública
b972e814004e4624a566f308901cca7c,ed07316d9d6344a9ab11e8a41fdc413a,26,0,26,ed07316d9d6344a9ab11e8a41fdc413a->b972e814004e4624a566f308901cca7c,1.0,consistente,DocDigital Versión 3 - Subsecretaría General de la Presidencia de la República,NEXTEO - Subsecretaría de Transportes
be09a0ddbb9b4c4aaf78903e0ca27a75,c82f84bf3f2b451393445a0cb6883665,26,8,18,c82f84bf3f2b451393445a0cb6883665->be09a0ddbb9b4c4aaf78903e0ca27a75,0.6923,mixto,Contingencia - Comisión Administradora de Sistema de Créditos para Estudios Superiores,Ventanilla Única Social - Subsecretaría de Evaluación Social
6a91c10b9e8341afbd387fb72bab3cf7,ae54454684154c25bd33c6e04609652b,26,12,14,ae54454684154c25bd33c6e04609652b->6a91c10b9e8341afbd387fb72bab3cf7,0.5385,mixto,Comisión de Medicina Preventiva e Invalidez - Subsecretaría de Salud Pública,Sistema de Apelación Contra de Isapres - Subsecretaría de Salud Pública
1bb1657eb2eb43808f0529810258aa3b,c52ceac3693c4644bb20f07dd8aa7103,26,14,12,1bb1657eb2eb43808f0529810258aa3b->c52ceac3693c4644bb20f07dd8aa7103,0.5385,mixto,Autenticación Sistemas DPP - Defensoría Penal Pública,Firma Electronica - Secretaría de Gobierno Digital
67339e06f4b44f78994ff4785178807a,d78965c7cc7241de9494df4348e86691,26,13,13,67339e06f4b44f78994ff4785178807a->d78965c7cc7241de9494df4348e86691,0.5,mixto,Mercado+Público - Dirección de Compras y Contratación Pública,Gestor Documental SSMS - Servicio de Salud Metropolitano Sur
6d52b87b5a964c61ad7e28afd9499f18,9c9359fefd164d388f8a5edc2bac301e,26,9,17,9c9359fefd164d388f8a5edc2bac301e->6d52b87b5a964c61ad7e28afd9499f18,0.6538,mixto,Mis Trámites CGR - Contraloría General de la República,Contraloría - Contraloría General de la República
41da80f6154c4d918166fc43862f5d78,6a322ad743e3464bae56d2d9b180078a,26,13,13,41da80f6154c4d918166fc43862f5d78->6a322ad743e3464bae56d2d9b180078a,0.5,mixto,Web Cajmetro - Corporación de Asistencia Judicial de la Región Metropolitana,6a322ad743e3464bae56d2d9b180078a
6a91c10b9e8341afbd387fb72bab3cf7,ae4caa1cb2154cac89440f3fe18251cb,26,14,12,6a91c10b9e8341afbd387fb72bab3cf7->ae4caa1cb2154cac89440f3fe18251cb,0.5385,mixto,Comisión de Medicina Preventiva e Invalidez - Subsecretaría de Salud Pública,Ingreso de causas y escritos - Corporación Administrativa del Poder Judicial
0faae9b6b5084555a1873eff484b4d9c,d602a0071f3f4db8b37a87cffd89bf23,26,12,14,d602a0071f3f4db8b37a87cffd89bf23->0faae9b6b5084555a1873eff484b4d9c,0.5385,mixto,Agendamiento Licencia Conducir - Municipalidad de Puente Alto,PJUD - PODER JUDICIAL
495c261c0f484bd08e232f7358452c4d,6daae6995cb245348bb2b5432ccc9948,26,13,13,495c261c0f484bd08e232f7358452c4d->6daae6995cb245348bb2b5432ccc9948,0.5,mixto,undefined - Comisión para el Mercado Financiero,DIRECTEMAR - Dirección General del Territorio Marítimo y Marina Mercante
ac8e668f620b403b9ccc6486c0e365c7,d602a0071f3f4db8b37a87cffd89bf23,26,5,21,d602a0071f3f4db8b37a87cffd89bf23->ac8e668f620b403b9ccc6486c0e365c7,0.8077,mixto,ac8e668f620b403b9ccc6486c0e365c7,PJUD - PODER JUDICIAL
6daae6995cb245348bb2b5432ccc9948,dc821110e3f34bf3984d61955ced2e69,26,14,12,6daae6995cb245348bb2b5432ccc9948->dc821110e3f34bf3984d61955ced2e69,0.5385,mixto,DIRECTEMAR - Dirección General del Territorio Marítimo y Marina Mercante,Licencia de Conducir Digital - Subsecretaría de Transportes
3e2a4d42827d43d0b90248199e58e98e,c82f84bf3f2b451393445a0cb6883665,26,8,18,c82f84bf3f2b451393445a0cb6883665->3e2a4d42827d43d0b90248199e58e98e,0.6923,mixto,Mineduc-Ayudamineduc - Subsecretaría de Educación,Ventanilla Única Social - Subsecretaría de Evaluación Social
13ba077e1e654a54993e85f4fdfd2aa3,64d9be8046574fbfbc1fb14c9912afea,26,9,17,64d9be8046574fbfbc1fb14c9912afea->13ba077e1e654a54993e85f4fdfd2aa3,0.6538,mixto,Formación - Subsecretaría de Salud Pública,ASDigital - Ministerio de salud
0f09709c70c441b59a6fe616f84a5302,cd28f604c0b947398b97af66908be0b6,26,17,9,0f09709c70c441b59a6fe616f84a5302->cd28f604c0b947398b97af66908be0b6,0.6538,mixto,Segundo Tribunal Ambiental - Segundo Tribunal Ambiental,TDLC Chile - Tribunal de Defensa de la Libre Competencia
64d9be8046574fbfbc1fb14c9912afea,eb838855f2344f65a4c925df80cdcad5,26,13,13,64d9be8046574fbfbc1fb14c9912afea->eb838855f2344f65a4c925df80cdcad5,0.5,mixto,ASDigital - Ministerio de salud,Cero Filas SAG - Servicio Agrícola y Ganadero
209ce526160947f0b398566cd4cbfd0d,2ae2ca1a377048a58815f54a432f8a21,26,12,14,2ae2ca1a377048a58815f54a432f8a21->209ce526160947f0b398566cd4cbfd0d,0.5385,mixto,Portal de Aplicaciones Sence - Servicio Nacional de Capacitacion y Empleo,Portal Paciente - Subsecretaría de Redes Asistenciales
2c12290764aa4f67ba25e9cf801bd06c,9a76efc4c34e4bd7843206658dc45454,26,21,5,2c12290764aa4f67ba25e9cf801bd06c->9a76efc4c34e4bd7843206658dc45454,0.8077,mixto,Servel - Servicio Electoral,Portal Ciudadano ClaveÚnica - Secretaría de Gobierno Digital
a7709b21161d459298dc5dc58e77310b,dd7629fec91f4599b3cf8c0dd0b984ac,26,10,16,dd7629fec91f4599b3cf8c0dd0b984ac->a7709b21161d459298dc5dc58e77310b,0.6154,mixto,DIPRECA - Dirección de Previsión de Carabineros de Chile,Sucursal Virtual FONASA - Fondo Nacional de Salud
6a91c10b9e8341afbd387fb72bab3cf7,9a76efc4c34e4bd7843206658dc45454,26,6,20,9a76efc4c34e4bd7843206658dc45454->6a91c10b9e8341afbd387fb72bab3cf7,0.7692,mixto,Comisión de Medicina Preventiva e Invalidez - Subsecretaría de Salud Pública,Portal Ciudadano ClaveÚnica - Secretaría de Gobierno Digital
86144f0d3b814c1d8c013f7aade6c55d,94d27864f86d422faa68efccb908cc34,26,15,11,86144f0d3b814c1d8c013f7aade6c55d->94d27864f86d422faa68efccb908cc34,0.5769,mixto,Sernac - Portal del consumidor - Servicio Nacional del Consumidor,94d27864f86d422faa68efccb908cc34
495c261c0f484bd08e232f7358452c4d,79bvfghg9a0a8tm25d16sddg7d61d4710,26,4,22,79bvfghg9a0a8tm25d16sddg7d61d4710->495c261c0f484bd08e232f7358452c4d,0.8462,mixto,undefined - Comisión para el Mercado Financiero,Extranjeria - Secretaría de Gobierno Digital
64d9be8046574fbfbc1fb14c9912afea,ae412e532f1a48428bd0c5ad1f02f816,26,12,14,ae412e532f1a48428bd0c5ad1f02f816->64d9be8046574fbfbc1fb14c9912afea,0.5385,mixto,ASDigital - Ministerio de salud,Sistema de gestión de licencia - Subsecretaría de Transportes
1006a34f43ad4c308f0a57736ffd4eeb,d254feea701346a399887b9fe59ac61a,26,7,19,d254feea701346a399887b9fe59ac61a->1006a34f43ad4c308f0a57736ffd4eeb,0.7308,mixto,1006a34f43ad4c308f0a57736ffd4eeb,Plataforma de Telemedicina - Subsecretaría de Redes Asistenciales
4f22549f9d3a443cb041c0e55395dbf1,86144f0d3b814c1d8c013f7aade6c55d,26,15,11,4f22549f9d3a443cb041c0e55395dbf1->86144f0d3b814c1d8c013f7aade6c55d,0.5769,mixto,Comisaría Virtual Denuncias - Carabineros de Chile,Sernac - Portal del consumidor - Servicio Nacional del Consumidor
1ad6835586034de0b29f4a402b182c6c,495c261c0f484bd08e232f7358452c4d,26,12,14,495c261c0f484bd08e232f7358452c4d->1ad6835586034de0b29f4a402b182c6c,0.5385,mixto,Comisaría Virtual 2 - Carabineros de Chile,undefined - Comisión para el Mercado Financiero
123,fdf0c4b762684098915b4fa4884af400,26,19,7,123->fdf0c4b762684098915b4fa4884af400,0.7308,mixto,Registro Civil - SRCeI,Subsecretaría de Justicia - Cerofilas - Subsecretaría de Justicia
b972e814004e4624a566f308901cca7c,dd7629fec91f4599b3cf8c0dd0b984ac,25,17,8,b972e814004e4624a566f308901cca7c->dd7629fec91f4599b3cf8c0dd0b984ac,0.68,mixto,DocDigital Versión 3 - Subsecretaría General de la Presidencia de la República,Sucursal Virtual FONASA - Fondo Nacional de Salud
4f4d89fa8ce34da19ecb340c1d267a3e,67339e06f4b44f78994ff4785178807a,25,7,18,67339e06f4b44f78994ff4785178807a->4f4d89fa8ce34da19ecb340c1d267a3e,0.72,mixto,Registro Nacional de MiPymes - Subsecretaría de Economía y Empresas de Menor Tamaño,Mercado+Público - Dirección de Compras y Contratación Pública
ab2dd6e0890c4b5483973add6fa1b91b,e8dde9d26979498786c6ba5a82f70ad3,25,20,5,ab2dd6e0890c4b5483973add6fa1b91b->e8dde9d26979498786c6ba5a82f70ad3,0.8,mixto,Sercotec - Servicio de Cooperación Técnica,"undefined - Sociedad Administradora de Fondos de Cesantía de Chile II S.A., AFC Chile"
123,b992e6a27eb249658efce6ca0cc286dc,25,16,9,123->b992e6a27eb249658efce6ca0cc286dc,0.64,mixto,Registro Civil - SRCeI,Vumar - Subsecretaría de Transportes
a647689891b84948871ff7099253a553,c82f84bf3f2b451393445a0cb6883665,25,11,14,c82f84bf3f2b451393445a0cb6883665->a647689891b84948871ff7099253a553,0.56,mixto,Autoconsulta SSASUR - Servicio Salud Araucanía Sur,Ventanilla Única Social - Subsecretaría de Evaluación Social
67eb30db49f240b08ab2b3f422f92cdf,6a91c10b9e8341afbd387fb72bab3cf7,25,8,17,6a91c10b9e8341afbd387fb72bab3cf7->67eb30db49f240b08ab2b3f422f92cdf,0.68,mixto,Portal MiDT - Dirección del Trabajo,Comisión de Medicina Preventiva e Invalidez - Subsecretaría de Salud Pública
4a94478dd25f4430a0a023b87e11170d,d44f2fafe10b4397ac7557cd13747bd2,25,2,23,d44f2fafe10b4397ac7557cd13747bd2->4a94478dd25f4430a0a023b87e11170d,0.92,consistente,Milicenciamedica.cl - Subsecretaría de Salud Pública,RPI - MTT
d602a0071f3f4db8b37a87cffd89bf23,f83678e2b4854792a356c72a255c0da4,25,25,0,d602a0071f3f4db8b37a87cffd89bf23->f83678e2b4854792a356c72a255c0da4,1.0,consistente,PJUD - PODER JUDICIAL,DomDigital Mun. Viña del Mar - Municipalidad de Viña del Mar
123,52449c34bb1e47fe81802bf322dae8ee,25,13,12,123->52449c34bb1e47fe81802bf322dae8ee,0.52,mixto,Registro Civil - SRCeI,bcm2.sii.cl - Servicio de Impuestos Internos
2e0f9d54f6534336a19fffacd7b6af40,c82f84bf3f2b451393445a0cb6883665,25,7,18,c82f84bf3f2b451393445a0cb6883665->2e0f9d54f6534336a19fffacd7b6af40,0.72,mixto,Sitio Web UNO Privado - AFP Uno,Ventanilla Única Social - Subsecretaría de Evaluación Social
86144f0d3b814c1d8c013f7aade6c55d,b1b009877e0c4e0790fd92559d853d69,25,13,12,86144f0d3b814c1d8c013f7aade6c55d->b1b009877e0c4e0790fd92559d853d69,0.52,mixto,Sernac - Portal del consumidor - Servicio Nacional del Consumidor,Mi Súper - Superintendencia de Salud
0de46482bc4d409c86f652534e4b47eb,ffaec74bfd414f8394bab077a989e27f,25,9,16,ffaec74bfd414f8394bab077a989e27f->0de46482bc4d409c86f652534e4b47eb,0.64,mixto,documentos - cyberdocs - Servicio Nacional del Patrimonio Cultural,miChileAtiende - Instituto de Previsión Social
9a76efc4c34e4bd7843206658dc45454,b972e814004e4624a566f308901cca7c,25,19,6,9a76efc4c34e4bd7843206658dc45454->b972e814004e4624a566f308901cca7c,0.76,mixto,Portal Ciudadano ClaveÚnica - Secretaría de Gobierno Digital,DocDigital Versión 3 - Subsecretaría General de la Presidencia de la República
2549b51828ce40af920a932dd2102217,2a4a00c47ac6468395984ee10ebc8dc3,25,13,12,2549b51828ce40af920a932dd2102217->2a4a00c47ac6468395984ee10ebc8dc3,0.52,mixto,undefined - Servicio de Impuestos Internos,Portal único de Trámites SERPAT - Servicio Nacional del Patrimonio Cultural
5492b6e4db6948aca469c21d05b18721,64d9be8046574fbfbc1fb14c9912afea,25,15,10,5492b6e4db6948aca469c21d05b18721->64d9be8046574fbfbc1fb14c9912afea,0.6,mixto,Ley del Lobby - Comisión para la Integridad PÚblica y Transparencia,ASDigital - Ministerio de salud
b1b009877e0c4e0790fd92559d853d69,e8dde9d26979498786c6ba5a82f70ad3,25,13,12,b1b009877e0c4e0790fd92559d853d69->e8dde9d26979498786c6ba5a82f70ad3,0.52,mixto,Mi Súper - Superintendencia de Salud,"undefined - Sociedad Administradora de Fondos de Cesantía de Chile II S.A., AFC Chile"
6e12533e73a048efa8bcc0a30f2b7684,ae4caa1cb2154cac89440f3fe18251cb,25,9,16,ae4caa1cb2154cac89440f3fe18251cb->6e12533e73a048efa8bcc0a30f2b7684,0.64,mixto,Dirección General de Movilización Nacional - Dirección General de Movilización Nacional,Ingreso de causas y escritos - Corporación Administrativa del Poder Judicial
88d08ee1a5384a7fbe4bfddb8928ce82,f883bd6d70b043a09837e8b888fe3f65,25,18,7,88d08ee1a5384a7fbe4bfddb8928ce82->f883bd6d70b043a09837e8b888fe3f65,0.72,mixto,Sistema Midas - Subsecretaría de Salud Pública,undefined - Subsecretaría de Economía y Empresas de Menor Tamaño
006b85a984e94ce88ddb035ec01b2d70,6d52b87b5a964c61ad7e28afd9499f18,25,13,12,006b85a984e94ce88ddb035ec01b2d70->6d52b87b5a964c61ad7e28afd9499f18,0.52,mixto,006b85a984e94ce88ddb035ec01b2d70,Mis Trámites CGR - Contraloría General de la República
55c1817c84554dc881bc439a4b00abed,dfd423dde87b47d382b736a15a36ac68,25,11,14,dfd423dde87b47d382b736a15a36ac68->55c1817c84554dc881bc439a4b00abed,0.56,mixto,Municipalidad de Colina - Municipalidad de Colina,App La Florida - Municipalidad de La Florida
2e0f9d54f6534336a19fffacd7b6af40,67339e06f4b44f78994ff4785178807a,25,12,13,67339e06f4b44f78994ff4785178807a->2e0f9d54f6534336a19fffacd7b6af40,0.52,mixto,Sitio Web UNO Privado - AFP Uno,Mercado+Público - Dirección de Compras y Contratación Pública
b1b009877e0c4e0790fd92559d853d69,eaf8f2b0ccd04cf2a7bfcf357fe88ca2,25,13,12,b1b009877e0c4e0790fd92559d853d69->eaf8f2b0ccd04cf2a7bfcf357fe88ca2,0.52,mixto,Mi Súper - Superintendencia de Salud,Empleos Públicos - Servicio Civil
4830b97416a14d1485ccb85c9f9baa4e,ae4caa1cb2154cac89440f3fe18251cb,25,23,2,4830b97416a14d1485ccb85c9f9baa4e->ae4caa1cb2154cac89440f3fe18251cb,0.92,consistente,Trámites SP - Superintendencia de Penssiones,Ingreso de causas y escritos - Corporación Administrativa del Poder Judicial
dcd0b6134a8846c1ac7171f8530945ab,ee1016d1de3347b79368186e86dfc2c2,25,11,14,ee1016d1de3347b79368186e86dfc2c2->dcd0b6134a8846c1ac7171f8530945ab,0.56,mixto,Identidad Única - Ministerio de Vivienda y Urbanismo - Subsecretaría de Vivienda y Urbanismo,DOM Digital - municipalidad de puerto montt
41da80f6154c4d918166fc43862f5d78,cb9e2b9dd1cd44c5b7d4fdcfbbf3f5e0,25,17,8,41da80f6154c4d918166fc43862f5d78->cb9e2b9dd1cd44c5b7d4fdcfbbf3f5e0,0.68,mixto,Web Cajmetro - Corporación de Asistencia Judicial de la Región Metropolitana,Portal Usuario 2.0 - Subsecretaría de Justicia
4a94478dd25f4430a0a023b87e11170d,9c9359fefd164d388f8a5edc2bac301e,25,14,11,4a94478dd25f4430a0a023b87e11170d->9c9359fefd164d388f8a5edc2bac301e,0.56,mixto,Milicenciamedica.cl - Subsecretaría de Salud Pública,Contraloría - Contraloría General de la República
14cc5dc0682d44fe99d2d91e1eaafac7,9c9359fefd164d388f8a5edc2bac301e,25,15,10,14cc5dc0682d44fe99d2d91e1eaafac7->9c9359fefd164d388f8a5edc2bac301e,0.6,mixto,SIMPLE - Corporación Nacional de Desarrollo Indígena,Contraloría - Contraloría General de la República
67339e06f4b44f78994ff4785178807a,942d80695ebe4218af105e03e6622f49,25,6,19,942d80695ebe4218af105e03e6622f49->67339e06f4b44f78994ff4785178807a,0.76,mixto,Mercado+Público - Dirección de Compras y Contratación Pública,Catálogo CPAT - Secretaría de Gobierno Digital
40fc9588a8e04b28852ec1163528bb8a,9a76efc4c34e4bd7843206658dc45454,24,8,16,9a76efc4c34e4bd7843206658dc45454->40fc9588a8e04b28852ec1163528bb8a,0.6667,mixto,PAEx DGMN - Dirección General de Movilización Nacional,Portal Ciudadano ClaveÚnica - Secretaría de Gobierno Digital
2549b51828ce40af920a932dd2102217,78d2a80a1628414097285e5ece0cab12,24,11,13,78d2a80a1628414097285e5ece0cab12->2549b51828ce40af920a932dd2102217,0.5417,mixto,undefined - Servicio de Impuestos Internos,78d2a80a1628414097285e5ece0cab12
1e801411cdbd40aa92ad0dfc09000f69,3346db58cd2d474fbcf63e827462b85d,24,5,19,3346db58cd2d474fbcf63e827462b85d->1e801411cdbd40aa92ad0dfc09000f69,0.7917,mixto,Intranet Navidad - Municipalidad de Navidad,Single Sign-On - Subsecretaría de Evaluación Social
c63d7e67e1f8454386089193582563ea,c82f84bf3f2b451393445a0cb6883665,24,14,10,c63d7e67e1f8454386089193582563ea->c82f84bf3f2b451393445a0cb6883665,0.5833,mixto,Campus Virtual - Subsecretaría de Evaluación Social,Ventanilla Única Social - Subsecretaría de Evaluación Social
6e12533e73a048efa8bcc0a30f2b7684,e8dde9d26979498786c6ba5a82f70ad3,24,12,12,6e12533e73a048efa8bcc0a30f2b7684->e8dde9d26979498786c6ba5a82f70ad3,0.5,mixto,Dirección General de Movilización Nacional - Dirección General de Movilización Nacional,"undefined - Sociedad Administradora de Fondos de Cesantía de Chile II S.A., AFC Chile"
1eec93924a1046efbad70c851782ab8a,ae4caa1cb2154cac89440f3fe18251cb,24,16,8,1eec93924a1046efbad70c851782ab8a->ae4caa1cb2154cac89440f3fe18251cb,0.6667,mixto,Trámites INAPI - Instituto Nacional de Propiedad Industrial,Ingreso de causas y escritos - Corporación Administrativa del Poder Judicial
91f3f86897ff4ae39e50cbd7035fa8af,9ae54d261e454c93ae1c2cdec0fd03e6,24,11,13,9ae54d261e454c93ae1c2cdec0fd03e6->91f3f86897ff4ae39e50cbd7035fa8af,0.5417,mixto,APIs Receta Electrónica - Subsecretaría de Salud Pública,Login certificado afiliacion - Fondo Nacional de Salud
2e0f9d54f6534336a19fffacd7b6af40,67eb30db49f240b08ab2b3f422f92cdf,24,7,17,67eb30db49f240b08ab2b3f422f92cdf->2e0f9d54f6534336a19fffacd7b6af40,0.7083,mixto,Sitio Web UNO Privado - AFP Uno,Portal MiDT - Dirección del Trabajo
209ce526160947f0b398566cd4cbfd0d,ee00832abfba40b38335ce48a12981b5,24,15,9,209ce526160947f0b398566cd4cbfd0d->ee00832abfba40b38335ce48a12981b5,0.625,mixto,Portal de Aplicaciones Sence - Servicio Nacional de Capacitacion y Empleo,Autenticacion Nube  Privada - Servicio de Impuestos Internos
209ce526160947f0b398566cd4cbfd0d,2e0f9d54f6534336a19fffacd7b6af40,24,16,8,209ce526160947f0b398566cd4cbfd0d->2e0f9d54f6534336a19fffacd7b6af40,0.6667,mixto,Portal de Aplicaciones Sence - Servicio Nacional de Capacitacion y Empleo,Sitio Web UNO Privado - AFP Uno
3e2a4d42827d43d0b90248199e58e98e,d602a0071f3f4db8b37a87cffd89bf23,24,5,19,d602a0071f3f4db8b37a87cffd89bf23->3e2a4d42827d43d0b90248199e58e98e,0.7917,mixto,Mineduc-Ayudamineduc - Subsecretaría de Educación,PJUD - PODER JUDICIAL
035b14f7f84242ef8ca0e78b0352777d,2ae2ca1a377048a58815f54a432f8a21,24,0,24,2ae2ca1a377048a58815f54a432f8a21->035b14f7f84242ef8ca0e78b0352777d,1.0,consistente,035b14f7f84242ef8ca0e78b0352777d,Portal Paciente - Subsecretaría de Redes Asistenciales
123,b7c988fa6132435480b57f66696827fd,24,11,13,b7c988fa6132435480b57f66696827fd->123,0.5417,mixto,Registro Civil - SRCeI,Pase Cultural - Subsecretaría de Evaluación Social
3346db58cd2d474fbcf63e827462b85d,91f3f86897ff4ae39e50cbd7035fa8af,24,23,1,3346db58cd2d474fbcf63e827462b85d->91f3f86897ff4ae39e50cbd7035fa8af,0.9583,consistente,Single Sign-On - Subsecretaría de Evaluación Social,APIs Receta Electrónica - Subsecretaría de Salud Pública
94d27864f86d422faa68efccb908cc34,b785d3ec935248ff8a8fd358f7765463,24,8,16,b785d3ec935248ff8a8fd358f7765463->94d27864f86d422faa68efccb908cc34,0.6667,mixto,94d27864f86d422faa68efccb908cc34,Pesca Recreativa - Servicio Nacional de Pesca y Acuicultura
495c261c0f484bd08e232f7358452c4d,dc821110e3f34bf3984d61955ced2e69,24,16,8,495c261c0f484bd08e232f7358452c4d->dc821110e3f34bf3984d61955ced2e69,0.6667,mixto,undefined - Comisión para el Mercado Financiero,Licencia de Conducir Digital - Subsecretaría de Transportes
67eb30db49f240b08ab2b3f422f92cdf,ab2dd6e0890c4b5483973add6fa1b91b,24,10,14,ab2dd6e0890c4b5483973add6fa1b91b->67eb30db49f240b08ab2b3f422f92cdf,0.5833,mixto,Portal MiDT - Dirección del Trabajo,Sercotec - Servicio de Cooperación Técnica
2549b51828ce40af920a932dd2102217,4060f34dc33042fda53efdfd0594b679,24,6,18,4060f34dc33042fda53efdfd0594b679->2549b51828ce40af920a932dd2102217,0.75,mixto,undefined - Servicio de Impuestos Internos,Capacitación ChileCompra - Dirección ChileCompra
94d27864f86d422faa68efccb908cc34,e10304f95c2b40738695563eb9b8662c,24,18,6,94d27864f86d422faa68efccb908cc34->e10304f95c2b40738695563eb9b8662c,0.75,mixto,94d27864f86d422faa68efccb908cc34,SISTEMA DE ATENCIÓN DE CONSULTA - Comisión Administradora del Sistema de Créditos para Estudios Superiores
67eb30db49f240b08ab2b3f422f92cdf,c68583c7f0f3400fbc57c639a37ab30c,24,2,22,c68583c7f0f3400fbc57c639a37ab30c->67eb30db49f240b08ab2b3f422f92cdf,0.9167,consistente,Portal MiDT - Dirección del Trabajo,senda.gob .cl SIDOC - Servicio Nacional de Prevención y Rehabilitación del Consumo de Drogas y Alcohol
209ce526160947f0b398566cd4cbfd0d,91f3f86897ff4ae39e50cbd7035fa8af,24,14,10,209ce526160947f0b398566cd4cbfd0d->91f3f86897ff4ae39e50cbd7035fa8af,0.5833,mixto,Portal de Aplicaciones Sence - Servicio Nacional de Capacitacion y Empleo,APIs Receta Electrónica - Subsecretaría de Salud Pública
1b67fbb6a43c4479ae3a6166b926e396,b972e814004e4624a566f308901cca7c,24,9,15,b972e814004e4624a566f308901cca7c->1b67fbb6a43c4479ae3a6166b926e396,0.625,mixto,1b67fbb6a43c4479ae3a6166b926e396,DocDigital Versión 3 - Subsecretaría General de la Presidencia de la República
1bb1657eb2eb43808f0529810258aa3b,399e7fc266894562850261cfbc06b992,24,24,0,1bb1657eb2eb43808f0529810258aa3b->399e7fc266894562850261cfbc06b992,1.0,consistente,Autenticación Sistemas DPP - Defensoría Penal Pública,Denuncia en Linea - Ministerio Público
b4206ac5e3224dfd900588a8f7caf95e,c82f84bf3f2b451393445a0cb6883665,24,10,14,c82f84bf3f2b451393445a0cb6883665->b4206ac5e3224dfd900588a8f7caf95e,0.5833,mixto,FONASA - Portal Beneficiario - Fondo Nacional de Salud,Ventanilla Única Social - Subsecretaría de Evaluación Social
dd7629fec91f4599b3cf8c0dd0b984ac,ef1dd1f1a5b94d0eacb669f7b3ec2911,24,12,12,dd7629fec91f4599b3cf8c0dd0b984ac->ef1dd1f1a5b94d0eacb669f7b3ec2911,0.5,mixto,Sucursal Virtual FONASA - Fondo Nacional de Salud,Mi Crédito CAE - Comisión Administradora del Sistema de Créditos para Estudios Superiores
463f33b89c2c4f13aa89f8f5d5096d6a,ae412e532f1a48428bd0c5ad1f02f816,24,14,10,463f33b89c2c4f13aa89f8f5d5096d6a->ae412e532f1a48428bd0c5ad1f02f816,0.5833,mixto,Extranet IMVallenar - Municipalidad de Vallenar,Sistema de gestión de licencia - Subsecretaría de Transportes
2ae2ca1a377048a58815f54a432f8a21,9ae54d261e454c93ae1c2cdec0fd03e6,24,8,16,9ae54d261e454c93ae1c2cdec0fd03e6->2ae2ca1a377048a58815f54a432f8a21,0.6667,mixto,Portal Paciente - Subsecretaría de Redes Asistenciales,Login certificado afiliacion - Fondo Nacional de Salud
b15e46acff6b4a7487ad18cdac3a21d0,d602a0071f3f4db8b37a87cffd89bf23,24,18,6,b15e46acff6b4a7487ad18cdac3a21d0->d602a0071f3f4db8b37a87cffd89bf23,0.75,mixto,Hospital Sotero del Río - Servicio Salud Metropolitano Sur Oriente,PJUD - PODER JUDICIAL
780fb7c030e043f7bd9f40ca4ab06bd4,ed07316d9d6344a9ab11e8a41fdc413a,24,0,24,ed07316d9d6344a9ab11e8a41fdc413a->780fb7c030e043f7bd9f40ca4ab06bd4,1.0,consistente,App Funcionarios La Florida - Municipalidad de La Florida,NEXTEO - Subsecretaría de Transportes
6d52b87b5a964c61ad7e28afd9499f18,b3eb39eeec084dcd92806f5f6081e175,24,16,8,6d52b87b5a964c61ad7e28afd9499f18->b3eb39eeec084dcd92806f5f6081e175,0.6667,mixto,Mis Trámites CGR - Contraloría General de la República,munimelipilla ceropapel - Municipalidad de Melipilla
4a94478dd25f4430a0a023b87e11170d,c13d78fe65b94d05ad83b59494767b9f,24,4,20,c13d78fe65b94d05ad83b59494767b9f->4a94478dd25f4430a0a023b87e11170d,0.8333,mixto,Milicenciamedica.cl - Subsecretaría de Salud Pública,Beneficios Personal - Gendarmería de Chile
3af2d18b09e6443fa289e956fc10669f,4a94478dd25f4430a0a023b87e11170d,24,11,13,4a94478dd25f4430a0a023b87e11170d->3af2d18b09e6443fa289e956fc10669f,0.5417,mixto,Red Movilidad - Subsecretaría de Transportes,Milicenciamedica.cl - Subsecretaría de Salud Pública
a7709b21161d459298dc5dc58e77310b,e8dde9d26979498786c6ba5a82f70ad3,24,16,8,a7709b21161d459298dc5dc58e77310b->e8dde9d26979498786c6ba5a82f70ad3,0.6667,mixto,DIPRECA - Dirección de Previsión de Carabineros de Chile,"undefined - Sociedad Administradora de Fondos de Cesantía de Chile II S.A., AFC Chile"
1ad6835586034de0b29f4a402b182c6c,94d27864f86d422faa68efccb908cc34,24,12,12,1ad6835586034de0b29f4a402b182c6c->94d27864f86d422faa68efccb908cc34,0.5,mixto,Comisaría Virtual 2 - Carabineros de Chile,94d27864f86d422faa68efccb908cc34
5492b6e4db6948aca469c21d05b18721,6d52b87b5a964c61ad7e28afd9499f18,24,16,8,5492b6e4db6948aca469c21d05b18721->6d52b87b5a964c61ad7e28afd9499f18,0.6667,mixto,Ley del Lobby - Comisión para la Integridad PÚblica y Transparencia,Mis Trámites CGR - Contraloría General de la República
9ad41e803fff463bac913cedefca7796,d602a0071f3f4db8b37a87cffd89bf23,24,4,20,d602a0071f3f4db8b37a87cffd89bf23->9ad41e803fff463bac913cedefca7796,0.8333,mixto,Servicio Electoral - Cerofilas - Servicio Electoral,PJUD - PODER JUDICIAL
1bb1657eb2eb43808f0529810258aa3b,6a322ad743e3464bae56d2d9b180078a,23,15,8,1bb1657eb2eb43808f0529810258aa3b->6a322ad743e3464bae56d2d9b180078a,0.6522,mixto,Autenticación Sistemas DPP - Defensoría Penal Pública,6a322ad743e3464bae56d2d9b180078a
9f88dc88029e42d3a5b082ab396be6d3,c5b83bbfa22c4c31a5743485b4c6e524,23,13,10,9f88dc88029e42d3a5b082ab396be6d3->c5b83bbfa22c4c31a5743485b4c6e524,0.5652,mixto,Sistema de Postulación Único - Carabineros de Chile,Bolsa Nacional de Empleo - Subsecretaría del Trabajo
0de46482bc4d409c86f652534e4b47eb,9a76efc4c34e4bd7843206658dc45454,23,4,19,9a76efc4c34e4bd7843206658dc45454->0de46482bc4d409c86f652534e4b47eb,0.8261,mixto,documentos - cyberdocs - Servicio Nacional del Patrimonio Cultural,Portal Ciudadano ClaveÚnica - Secretaría de Gobierno Digital
2ff516ac74a44ebfa3a522adbde28a0f,ffaec74bfd414f8394bab077a989e27f,23,10,13,ffaec74bfd414f8394bab077a989e27f->2ff516ac74a44ebfa3a522adbde28a0f,0.5652,mixto,E-Sign ClaveÚnica - ESIGN S.A.,miChileAtiende - Instituto de Previsión Social
2549b51828ce40af920a932dd2102217,b4206ac5e3224dfd900588a8f7caf95e,23,16,7,2549b51828ce40af920a932dd2102217->b4206ac5e3224dfd900588a8f7caf95e,0.6957,mixto,undefined - Servicio de Impuestos Internos,FONASA - Portal Beneficiario - Fondo Nacional de Salud
399e7fc266894562850261cfbc06b992,7d0c4697a4f849e38021ccb192e0b4a7,23,6,17,7d0c4697a4f849e38021ccb192e0b4a7->399e7fc266894562850261cfbc06b992,0.7391,mixto,Denuncia en Linea - Ministerio Público,"Niños, Niñas y Adolescentes - Subsecretaría de Evaluación Social"
0f33ab6447034fe49d1629353a119e47,f883bd6d70b043a09837e8b888fe3f65,23,12,11,0f33ab6447034fe49d1629353a119e47->f883bd6d70b043a09837e8b888fe3f65,0.5217,mixto,Superintendencia en Línea - Mi Portal - Superintendencia de Seguridad Social,undefined - Subsecretaría de Economía y Empresas de Menor Tamaño
9a76efc4c34e4bd7843206658dc45454,ed07316d9d6344a9ab11e8a41fdc413a,23,19,4,9a76efc4c34e4bd7843206658dc45454->ed07316d9d6344a9ab11e8a41fdc413a,0.8261,mixto,Portal Ciudadano ClaveÚnica - Secretaría de Gobierno Digital,NEXTEO - Subsecretaría de Transportes
6a322ad743e3464bae56d2d9b180078a,9c9359fefd164d388f8a5edc2bac301e,23,13,10,6a322ad743e3464bae56d2d9b180078a->9c9359fefd164d388f8a5edc2bac301e,0.5652,mixto,6a322ad743e3464bae56d2d9b180078a,Contraloría - Contraloría General de la República
7f2c2c35a2de4624ad938147f73f271a,9a76efc4c34e4bd7843206658dc45454,23,8,15,9a76efc4c34e4bd7843206658dc45454->7f2c2c35a2de4624ad938147f73f271a,0.6522,mixto,Registro Nacional de Mascotas y Animales de Compañía - Subsecretaría de Desarrollo Regional y Administrativo,Portal Ciudadano ClaveÚnica - Secretaría de Gobierno Digital
31050e1a1dcb4c9899ba77be32449e54,e8dde9d26979498786c6ba5a82f70ad3,23,8,15,e8dde9d26979498786c6ba5a82f70ad3->31050e1a1dcb4c9899ba77be32449e54,0.6522,mixto,Bono electrónico y LME - Superintendencia de Seguridad Social,"undefined - Sociedad Administradora de Fondos de Cesantía de Chile II S.A., AFC Chile"
67339e06f4b44f78994ff4785178807a,ee1016d1de3347b79368186e86dfc2c2,23,18,5,67339e06f4b44f78994ff4785178807a->ee1016d1de3347b79368186e86dfc2c2,0.7826,mixto,Mercado+Público - Dirección de Compras y Contratación Pública,DOM Digital - municipalidad de puerto montt
ae4caa1cb2154cac89440f3fe18251cb,b785d3ec935248ff8a8fd358f7765463,23,6,17,b785d3ec935248ff8a8fd358f7765463->ae4caa1cb2154cac89440f3fe18251cb,0.7391,mixto,Ingreso de causas y escritos - Corporación Administrativa del Poder Judicial,Pesca Recreativa - Servicio Nacional de Pesca y Acuicultura
31050e1a1dcb4c9899ba77be32449e54,ae4caa1cb2154cac89440f3fe18251cb,23,6,17,ae4caa1cb2154cac89440f3fe18251cb->31050e1a1dcb4c9899ba77be32449e54,0.7391,mixto,Bono electrónico y LME - Superintendencia de Seguridad Social,Ingreso de causas y escritos - Corporación Administrativa del Poder Judicial
c13d78fe65b94d05ad83b59494767b9f,c82f84bf3f2b451393445a0cb6883665,23,13,10,c13d78fe65b94d05ad83b59494767b9f->c82f84bf3f2b451393445a0cb6883665,0.5652,mixto,Beneficios Personal - Gendarmería de Chile,Ventanilla Única Social - Subsecretaría de Evaluación Social
123,78d2a80a1628414097285e5ece0cab12,23,7,16,78d2a80a1628414097285e5ece0cab12->123,0.6957,mixto,Registro Civil - SRCeI,78d2a80a1628414097285e5ece0cab12
2549b51828ce40af920a932dd2102217,68b13a1228424526b43e2f78716efd3b,23,15,8,2549b51828ce40af920a932dd2102217->68b13a1228424526b43e2f78716efd3b,0.6522,mixto,undefined - Servicio de Impuestos Internos,Pagos Diario Oficial - Subsecretaría del Interior
6d52b87b5a964c61ad7e28afd9499f16,6d52b87b5a964c61ad7e28afd9499f18,23,5,18,6d52b87b5a964c61ad7e28afd9499f18->6d52b87b5a964c61ad7e28afd9499f16,0.7826,mixto,Mis Trámites CGR - Contraloría General de la República,Mis Trámites CGR - Contraloría General de la República
b3eb39eeec084dcd92806f5f6081e175,d602a0071f3f4db8b37a87cffd89bf23,23,12,11,b3eb39eeec084dcd92806f5f6081e175->d602a0071f3f4db8b37a87cffd89bf23,0.5217,mixto,munimelipilla ceropapel - Municipalidad de Melipilla,PJUD - PODER JUDICIAL
9a8b89a81b6a4af6a344229958ea3cdf,9c9359fefd164d388f8a5edc2bac301e,23,7,16,9c9359fefd164d388f8a5edc2bac301e->9a8b89a81b6a4af6a344229958ea3cdf,0.6957,mixto,Registros Ley 19862 - Subsecretaría de Hacienda,Contraloría - Contraloría General de la República
713f93125f6242069f9df14b7988ec8f,d602a0071f3f4db8b37a87cffd89bf23,23,14,9,713f93125f6242069f9df14b7988ec8f->d602a0071f3f4db8b37a87cffd89bf23,0.6087,mixto,BackOffice Tramites Jurídico - Dirección del Trabajo,PJUD - PODER JUDICIAL
6a322ad743e3464bae56d2d9b180078a,6daae6995cb245348bb2b5432ccc9948,23,11,12,6daae6995cb245348bb2b5432ccc9948->6a322ad743e3464bae56d2d9b180078a,0.5217,mixto,6a322ad743e3464bae56d2d9b180078a,DIRECTEMAR - Dirección General del Territorio Marítimo y Marina Mercante
79bvfghg9a0a8tm25d16sddg7d61d4710,91f3f86897ff4ae39e50cbd7035fa8af,23,11,12,91f3f86897ff4ae39e50cbd7035fa8af->79bvfghg9a0a8tm25d16sddg7d61d4710,0.5217,mixto,Extranjeria - Secretaría de Gobierno Digital,APIs Receta Electrónica - Subsecretaría de Salud Pública
1ad6835586034de0b29f4a402b182c6c,f883bd6d70b043a09837e8b888fe3f65,23,8,15,f883bd6d70b043a09837e8b888fe3f65->1ad6835586034de0b29f4a402b182c6c,0.6522,mixto,Comisaría Virtual 2 - Carabineros de Chile,undefined - Subsecretaría de Economía y Empresas de Menor Tamaño
ae4caa1cb2154cac89440f3fe18251cb,f44bedcfbdb64a818e717b872a002abd,23,10,13,f44bedcfbdb64a818e717b872a002abd->ae4caa1cb2154cac89440f3fe18251cb,0.5652,mixto,Ingreso de causas y escritos - Corporación Administrativa del Poder Judicial,Ingreso a Municipalidad de Santiago - Municipalidad de Santiago
14cc5dc0682d44fe99d2d91e1eaafac7,67339e06f4b44f78994ff4785178807a,23,15,8,14cc5dc0682d44fe99d2d91e1eaafac7->67339e06f4b44f78994ff4785178807a,0.6522,mixto,SIMPLE - Corporación Nacional de Desarrollo Indígena,Mercado+Público - Dirección de Compras y Contratación Pública
123,f44bedcfbdb64a818e717b872a002abd,23,11,12,f44bedcfbdb64a818e717b872a002abd->123,0.5217,mixto,Registro Civil - SRCeI,Ingreso a Municipalidad de Santiago - Municipalidad de Santiago
32f2a35e790544ec9e040345f8a364f3,9a76efc4c34e4bd7843206658dc45454,23,5,18,9a76efc4c34e4bd7843206658dc45454->32f2a35e790544ec9e040345f8a364f3,0.7826,mixto,Defensoría Penal Pública - DEFENSORIA PENAL PUBLICA,Portal Ciudadano ClaveÚnica - Secretaría de Gobierno Digital
6a322ad743e3464bae56d2d9b180078a,ae412e532f1a48428bd0c5ad1f02f816,23,14,9,6a322ad743e3464bae56d2d9b180078a->ae412e532f1a48428bd0c5ad1f02f816,0.6087,mixto,6a322ad743e3464bae56d2d9b180078a,Sistema de gestión de licencia - Subsecretaría de Transportes
38b3f29fe39b4e87b5f7982165de8cf1,ffaec74bfd414f8394bab077a989e27f,23,10,13,ffaec74bfd414f8394bab077a989e27f->38b3f29fe39b4e87b5f7982165de8cf1,0.5652,mixto,Portal Servel - Servicio Electoral,miChileAtiende - Instituto de Previsión Social
558b533275bd41bca3094acb6a85113a,64d9be8046574fbfbc1fb14c9912afea,23,10,13,64d9be8046574fbfbc1fb14c9912afea->558b533275bd41bca3094acb6a85113a,0.5652,mixto,Servicio de Evaluación Ambiental - Servicio de Evaluación Ambiental,ASDigital - Ministerio de salud
91f3f86897ff4ae39e50cbd7035fa8af,cb9e2b9dd1cd44c5b7d4fdcfbbf3f5e0,23,5,18,cb9e2b9dd1cd44c5b7d4fdcfbbf3f5e0->91f3f86897ff4ae39e50cbd7035fa8af,0.7826,mixto,APIs Receta Electrónica - Subsecretaría de Salud Pública,Portal Usuario 2.0 - Subsecretaría de Justicia
b972e814004e4624a566f308901cca7c,f883bd6d70b043a09837e8b888fe3f65,22,13,9,b972e814004e4624a566f308901cca7c->f883bd6d70b043a09837e8b888fe3f65,0.5909,mixto,DocDigital Versión 3 - Subsecretaría General de la Presidencia de la República,undefined - Subsecretaría de Economía y Empresas de Menor Tamaño
3009f6f4befb498fbed7dbf1b189f47c,569c7b3055084660b7d89fe87a1d6d37,22,5,17,569c7b3055084660b7d89fe87a1d6d37->3009f6f4befb498fbed7dbf1b189f47c,0.7727,mixto,Sistema Electrónico de Postulación - Comision Nacional de Riego,SIMPLE - CNR - Comisión Nacional de Riego
ae54454684154c25bd33c6e04609652b,dd7629fec91f4599b3cf8c0dd0b984ac,22,15,7,ae54454684154c25bd33c6e04609652b->dd7629fec91f4599b3cf8c0dd0b984ac,0.6818,mixto,Sistema de Apelación Contra de Isapres - Subsecretaría de Salud Pública,Sucursal Virtual FONASA - Fondo Nacional de Salud
1e801411cdbd40aa92ad0dfc09000f69,9c9359fefd164d388f8a5edc2bac301e,22,9,13,9c9359fefd164d388f8a5edc2bac301e->1e801411cdbd40aa92ad0dfc09000f69,0.5909,mixto,Intranet Navidad - Municipalidad de Navidad,Contraloría - Contraloría General de la República
94d27864f86d422faa68efccb908cc34,eb6b584fde4141aea5dafddee3e7ad4e,22,14,8,94d27864f86d422faa68efccb908cc34->eb6b584fde4141aea5dafddee3e7ad4e,0.6364,mixto,94d27864f86d422faa68efccb908cc34,Listado de trámites digitales - Subsecretaría de Educación
44db06efed134a91bffa7407f60d7979,ae4caa1cb2154cac89440f3fe18251cb,22,12,10,44db06efed134a91bffa7407f60d7979->ae4caa1cb2154cac89440f3fe18251cb,0.5455,mixto,Tramitación Eletrónica TC - Tribunal Constitucional de Chile,Ingreso de causas y escritos - Corporación Administrativa del Poder Judicial
31050e1a1dcb4c9899ba77be32449e54,67339e06f4b44f78994ff4785178807a,22,6,16,67339e06f4b44f78994ff4785178807a->31050e1a1dcb4c9899ba77be32449e54,0.7273,mixto,Bono electrónico y LME - Superintendencia de Seguridad Social,Mercado+Público - Dirección de Compras y Contratación Pública
55c1817c84554dc881bc439a4b00abed,d602a0071f3f4db8b37a87cffd89bf23,22,4,18,d602a0071f3f4db8b37a87cffd89bf23->55c1817c84554dc881bc439a4b00abed,0.8182,mixto,Municipalidad de Colina - Municipalidad de Colina,PJUD - PODER JUDICIAL
59dd121f53ac44ddb03bf52488eec671,b972e814004e4624a566f308901cca7c,22,14,8,59dd121f53ac44ddb03bf52488eec671->b972e814004e4624a566f308901cca7c,0.6364,mixto,.SCSE. - Subsecretaría de Hacienda,DocDigital Versión 3 - Subsecretaría General de la Presidencia de la República
495c261c0f484bd08e232f7358452c4d,74e60dc3bc26493d81088e4d322b7c39,22,16,6,495c261c0f484bd08e232f7358452c4d->74e60dc3bc26493d81088e4d322b7c39,0.7273,mixto,undefined - Comisión para el Mercado Financiero,SignPass - BPO Advisors SpA
64d9be8046574fbfbc1fb14c9912afea,ee1016d1de3347b79368186e86dfc2c2,22,5,17,ee1016d1de3347b79368186e86dfc2c2->64d9be8046574fbfbc1fb14c9912afea,0.7727,mixto,ASDigital - Ministerio de salud,DOM Digital - municipalidad de puerto montt
3d53606b24144d12b360d33834a62638,b972e814004e4624a566f308901cca7c,22,12,10,3d53606b24144d12b360d33834a62638->b972e814004e4624a566f308901cca7c,0.5455,mixto,Sistema Control de Inversión - Gobierno Regional de la Región de Aysén del General Carlos Ibáñez del Campo,DocDigital Versión 3 - Subsecretaría General de la Presidencia de la República
0fee9ea463cb4ae5b1f27bdf560dfbfe,a7709b21161d459298dc5dc58e77310b,22,7,15,a7709b21161d459298dc5dc58e77310b->0fee9ea463cb4ae5b1f27bdf560dfbfe,0.6818,mixto,HOSPITAL DIPRECA - Dirección de Previsión de Carabineros de Chile,DIPRECA - Dirección de Previsión de Carabineros de Chile
399e7fc266894562850261cfbc06b992,67eb30db49f240b08ab2b3f422f92cdf,22,14,8,399e7fc266894562850261cfbc06b992->67eb30db49f240b08ab2b3f422f92cdf,0.6364,mixto,Denuncia en Linea - Ministerio Público,Portal MiDT - Dirección del Trabajo
dcd0b6134a8846c1ac7171f8530945ab,ee00832abfba40b38335ce48a12981b5,22,12,10,dcd0b6134a8846c1ac7171f8530945ab->ee00832abfba40b38335ce48a12981b5,0.5455,mixto,Identidad Única - Ministerio de Vivienda y Urbanismo - Subsecretaría de Vivienda y Urbanismo,Autenticacion Nube  Privada - Servicio de Impuestos Internos
4f4d89fa8ce34da19ecb340c1d267a3e,ee00832abfba40b38335ce48a12981b5,22,9,13,ee00832abfba40b38335ce48a12981b5->4f4d89fa8ce34da19ecb340c1d267a3e,0.5909,mixto,Registro Nacional de MiPymes - Subsecretaría de Economía y Empresas de Menor Tamaño,Autenticacion Nube  Privada - Servicio de Impuestos Internos
006b85a984e94ce88ddb035ec01b2d70,c82f84bf3f2b451393445a0cb6883665,22,15,7,006b85a984e94ce88ddb035ec01b2d70->c82f84bf3f2b451393445a0cb6883665,0.6818,mixto,006b85a984e94ce88ddb035ec01b2d70,Ventanilla Única Social - Subsecretaría de Evaluación Social
15a67718e1784a67bc978ca0dc6bc2df,2ae2ca1a377048a58815f54a432f8a21,22,9,13,2ae2ca1a377048a58815f54a432f8a21->15a67718e1784a67bc978ca0dc6bc2df,0.5909,mixto,Portal de Exámenes - Servicio de Salud Ñuble,Portal Paciente - Subsecretaría de Redes Asistenciales
74ed652f9a9242c590651fe4cff0d492,d602a0071f3f4db8b37a87cffd89bf23,22,2,20,d602a0071f3f4db8b37a87cffd89bf23->74ed652f9a9242c590651fe4cff0d492,0.9091,consistente,Ingreso a Intranet UTA - Universidad de Tarapacá,PJUD - PODER JUDICIAL
91f3f86897ff4ae39e50cbd7035fa8af,ed07316d9d6344a9ab11e8a41fdc413a,22,2,20,ed07316d9d6344a9ab11e8a41fdc413a->91f3f86897ff4ae39e50cbd7035fa8af,0.9091,consistente,APIs Receta Electrónica - Subsecretaría de Salud Pública,NEXTEO - Subsecretaría de Transportes
67339e06f4b44f78994ff4785178807a,888fb026b62d4a75920fe44a0af43ad4,22,17,5,67339e06f4b44f78994ff4785178807a->888fb026b62d4a75920fe44a0af43ad4,0.7727,mixto,Mercado+Público - Dirección de Compras y Contratación Pública,Subsecretaría de Transportes - Subsecretaría de Transportes
86144f0d3b814c1d8c013f7aade6c55d,cb9e2b9dd1cd44c5b7d4fdcfbbf3f5e0,22,3,19,cb9e2b9dd1cd44c5b7d4fdcfbbf3f5e0->86144f0d3b814c1d8c013f7aade6c55d,0.8636,mixto,Sernac - Portal del consumidor - Servicio Nacional del Consumidor,Portal Usuario 2.0 - Subsecretaría de Justicia
3a631284571347bf8acba49209e63034,b972e814004e4624a566f308901cca7c,22,7,15,b972e814004e4624a566f308901cca7c->3a631284571347bf8acba49209e63034,0.6818,mixto,Gesparvu Junji - Junta Nacional de Jardines Infantiles,DocDigital Versión 3 - Subsecretaría General de la Presidencia de la República
399e7fc266894562850261cfbc06b992,6d52b87b5a964c61ad7e28afd9499f18,22,10,12,6d52b87b5a964c61ad7e28afd9499f18->399e7fc266894562850261cfbc06b992,0.5455,mixto,Denuncia en Linea - Ministerio Público,Mis Trámites CGR - Contraloría General de la República
430f7e4799cf4b2581c70a60115bbbed,64d9be8046574fbfbc1fb14c9912afea,22,8,14,64d9be8046574fbfbc1fb14c9912afea->430f7e4799cf4b2581c70a60115bbbed,0.6364,mixto,Ingreso solicitudes DT - Subsecretaría de Salud Pública,ASDigital - Ministerio de salud
74e60dc3bc26493d81088e4d322b7c39,ffaec74bfd414f8394bab077a989e27f,22,3,19,ffaec74bfd414f8394bab077a989e27f->74e60dc3bc26493d81088e4d322b7c39,0.8636,mixto,SignPass - BPO Advisors SpA,miChileAtiende - Instituto de Previsión Social
eaf8f2b0ccd04cf2a7bfcf357fe88ca2,ee00832abfba40b38335ce48a12981b5,22,11,11,eaf8f2b0ccd04cf2a7bfcf357fe88ca2->ee00832abfba40b38335ce48a12981b5,0.5,mixto,Empleos Públicos - Servicio Civil,Autenticacion Nube  Privada - Servicio de Impuestos Internos
18bec3e707784a978d9d89f2967f87de,c82f84bf3f2b451393445a0cb6883665,22,4,18,c82f84bf3f2b451393445a0cb6883665->18bec3e707784a978d9d89f2967f87de,0.8182,mixto,SERVEL- RENDICION - Servicio Electoral,Ventanilla Única Social - Subsecretaría de Evaluación Social
4f22549f9d3a443cb041c0e55395dbf1,b972e814004e4624a566f308901cca7c,22,0,22,b972e814004e4624a566f308901cca7c->4f22549f9d3a443cb041c0e55395dbf1,1.0,consistente,Comisaría Virtual Denuncias - Carabineros de Chile,DocDigital Versión 3 - Subsecretaría General de la Presidencia de la República
0f33ab6447034fe49d1629353a119e47,b972e814004e4624a566f308901cca7c,22,11,11,0f33ab6447034fe49d1629353a119e47->b972e814004e4624a566f308901cca7c,0.5,mixto,Superintendencia en Línea - Mi Portal - Superintendencia de Seguridad Social,DocDigital Versión 3 - Subsecretaría General de la Presidencia de la República
3d639e0a581e4afbbc3976eed669f5c6,ffaec74bfd414f8394bab077a989e27f,22,7,15,ffaec74bfd414f8394bab077a989e27f->3d639e0a581e4afbbc3976eed669f5c6,0.6818,mixto,Mi Portal de Emprendimiento - Subsecretaría de Evaluación Social,miChileAtiende - Instituto de Previsión Social
91f3f86897ff4ae39e50cbd7035fa8af,ef1dd1f1a5b94d0eacb669f7b3ec2911,22,13,9,91f3f86897ff4ae39e50cbd7035fa8af->ef1dd1f1a5b94d0eacb669f7b3ec2911,0.5909,mixto,APIs Receta Electrónica - Subsecretaría de Salud Pública,Mi Crédito CAE - Comisión Administradora del Sistema de Créditos para Estudios Superiores
006b85a984e94ce88ddb035ec01b2d70,5492b6e4db6948aca469c21d05b18721,22,7,15,5492b6e4db6948aca469c21d05b18721->006b85a984e94ce88ddb035ec01b2d70,0.6818,mixto,006b85a984e94ce88ddb035ec01b2d70,Ley del Lobby - Comisión para la Integridad PÚblica y Transparencia
0f33ab6447034fe49d1629353a119e47,4ef0ced873174ee9afc306e414132c72,22,11,11,0f33ab6447034fe49d1629353a119e47->4ef0ced873174ee9afc306e414132c72,0.5,mixto,Superintendencia en Línea - Mi Portal - Superintendencia de Seguridad Social,Carabineros de Chile - Cerofilas - Carabineros de Chile
9a76efc4c34e4bd7843206658dc45454,b9e3f79c40594953af24e9a43eba4e0c,22,18,4,9a76efc4c34e4bd7843206658dc45454->b9e3f79c40594953af24e9a43eba4e0c,0.8182,mixto,Portal Ciudadano ClaveÚnica - Secretaría de Gobierno Digital,e-Digital - E-Digital PKI SpA.
b9e3f79c40594953af24e9a43eba4e0c,d602a0071f3f4db8b37a87cffd89bf23,22,11,11,b9e3f79c40594953af24e9a43eba4e0c->d602a0071f3f4db8b37a87cffd89bf23,0.5,mixto,e-Digital - E-Digital PKI SpA.,PJUD - PODER JUDICIAL
4ef0ced873174ee9afc306e414132c72,dd7629fec91f4599b3cf8c0dd0b984ac,22,12,10,4ef0ced873174ee9afc306e414132c72->dd7629fec91f4599b3cf8c0dd0b984ac,0.5455,mixto,Carabineros de Chile - Cerofilas - Carabineros de Chile,Sucursal Virtual FONASA - Fondo Nacional de Salud
a7a98dfdf4dd4a8fa248cae682395965,ae4caa1cb2154cac89440f3fe18251cb,22,4,18,ae4caa1cb2154cac89440f3fe18251cb->a7a98dfdf4dd4a8fa248cae682395965,0.8182,mixto,Sistema Informático Registro Nacional de Mediadores - Subsecretaría de Justicia,Ingreso de causas y escritos - Corporación Administrativa del Poder Judicial
942d80695ebe4218af105e03e6622f49,c6f7ed5bd4954356b00aac92c9fff41a,22,5,17,c6f7ed5bd4954356b00aac92c9fff41a->942d80695ebe4218af105e03e6622f49,0.7727,mixto,Catálogo CPAT - Secretaría de Gobierno Digital,Transformación Digital - Subsecretaría General de la Presidencia de la República
bca102f277434b31b59e4894d9eb5ef8,ed07316d9d6344a9ab11e8a41fdc413a,22,6,16,ed07316d9d6344a9ab11e8a41fdc413a->bca102f277434b31b59e4894d9eb5ef8,0.7273,mixto,Plataforma SEM 2.0 - Subsecretaría de Desarrollo Regional y Administrativo,NEXTEO - Subsecretaría de Transportes
b4206ac5e3224dfd900588a8f7caf95e,d602a0071f3f4db8b37a87cffd89bf23,22,11,11,b4206ac5e3224dfd900588a8f7caf95e->d602a0071f3f4db8b37a87cffd89bf23,0.5,mixto,FONASA - Portal Beneficiario - Fondo Nacional de Salud,PJUD - PODER JUDICIAL
c82f84bf3f2b451393445a0cb6883665,de90d8af20f547aaa9b3300c76251188,22,15,7,c82f84bf3f2b451393445a0cb6883665->de90d8af20f547aaa9b3300c76251188,0.6818,mixto,Ventanilla Única Social - Subsecretaría de Evaluación Social,Postulación en línea DS49 - Subsecretaría de Vivienda y Urbanismo
c5b83bbfa22c4c31a5743485b4c6e524,dc821110e3f34bf3984d61955ced2e69,22,7,15,dc821110e3f34bf3984d61955ced2e69->c5b83bbfa22c4c31a5743485b4c6e524,0.6818,mixto,Bolsa Nacional de Empleo - Subsecretaría del Trabajo,Licencia de Conducir Digital - Subsecretaría de Transportes
4830b97416a14d1485ccb85c9f9baa4e,67eb30db49f240b08ab2b3f422f92cdf,21,11,10,4830b97416a14d1485ccb85c9f9baa4e->67eb30db49f240b08ab2b3f422f92cdf,0.5238,mixto,Trámites SP - Superintendencia de Penssiones,Portal MiDT - Dirección del Trabajo
d602a0071f3f4db8b37a87cffd89bf23,f31ed616d84449edb5fdd8cd332552b2,21,12,9,d602a0071f3f4db8b37a87cffd89bf23->f31ed616d84449edb5fdd8cd332552b2,0.5714,mixto,PJUD - PODER JUDICIAL,dom digital - Municipalidad de Temuco
2549b51828ce40af920a932dd2102217,b1b009877e0c4e0790fd92559d853d69,21,9,12,b1b009877e0c4e0790fd92559d853d69->2549b51828ce40af920a932dd2102217,0.5714,mixto,undefined - Servicio de Impuestos Internos,Mi Súper - Superintendencia de Salud
123,fb74231009884254b2d13b0fd9056247,21,18,3,123->fb74231009884254b2d13b0fd9056247,0.8571,mixto,Registro Civil - SRCeI,Carrera Docente CPEIP - Subsecretaría de Educación
02f0f8beb94542deac503efd6a774262,86144f0d3b814c1d8c013f7aade6c55d,21,15,6,02f0f8beb94542deac503efd6a774262->86144f0d3b814c1d8c013f7aade6c55d,0.7143,mixto,SSMSO - Servicio de Salud Sur Oriente,Sernac - Portal del consumidor - Servicio Nacional del Consumidor
638aea308ffb483198d5c1387e2cc017,9a76efc4c34e4bd7843206658dc45454,21,9,12,9a76efc4c34e4bd7843206658dc45454->638aea308ffb483198d5c1387e2cc017,0.5714,mixto,"Portal ""Mi SUPERIR"" - Superintendencia de Insolvencia y Reemprendimiento",Portal Ciudadano ClaveÚnica - Secretaría de Gobierno Digital
347178b052294153af290d6a84589868,f44bedcfbdb64a818e717b872a002abd,21,8,13,f44bedcfbdb64a818e717b872a002abd->347178b052294153af290d6a84589868,0.619,mixto,Mi Fiscalía en Línea - Ministerio Público,Ingreso a Municipalidad de Santiago - Municipalidad de Santiago
209ce526160947f0b398566cd4cbfd0d,d74a389b77734996ba37fa61a0d08341,21,8,13,d74a389b77734996ba37fa61a0d08341->209ce526160947f0b398566cd4cbfd0d,0.619,mixto,Portal de Aplicaciones Sence - Servicio Nacional de Capacitacion y Empleo,DECLARACION JURADA - Servicio Agrícola y Ganadero
7249a9adb1c343aba8db068dbe0c3795,e8dde9d26979498786c6ba5a82f70ad3,21,11,10,7249a9adb1c343aba8db068dbe0c3795->e8dde9d26979498786c6ba5a82f70ad3,0.5238,mixto,Simple Trámites - Subsecretaría de Evaluación Social,"undefined - Sociedad Administradora de Fondos de Cesantía de Chile II S.A., AFC Chile"
b1b009877e0c4e0790fd92559d853d69,c82f84bf3f2b451393445a0cb6883665,21,8,13,c82f84bf3f2b451393445a0cb6883665->b1b009877e0c4e0790fd92559d853d69,0.619,mixto,Mi Súper - Superintendencia de Salud,Ventanilla Única Social - Subsecretaría de Evaluación Social
209ce526160947f0b398566cd4cbfd0d,4060f34dc33042fda53efdfd0594b679,21,5,16,4060f34dc33042fda53efdfd0594b679->209ce526160947f0b398566cd4cbfd0d,0.7619,mixto,Portal de Aplicaciones Sence - Servicio Nacional de Capacitacion y Empleo,Capacitación ChileCompra - Dirección ChileCompra
0f33ab6447034fe49d1629353a119e47,645a4f092abd49f0820b8a5507e3dea0,21,10,11,645a4f092abd49f0820b8a5507e3dea0->0f33ab6447034fe49d1629353a119e47,0.5238,mixto,Superintendencia en Línea - Mi Portal - Superintendencia de Seguridad Social,Sistema Servicios en línea - Caja de Previsión de la Defensa Nacional
be4240b37c354311af26b2846acba9c7,eaf8f2b0ccd04cf2a7bfcf357fe88ca2,21,13,8,be4240b37c354311af26b2846acba9c7->eaf8f2b0ccd04cf2a7bfcf357fe88ca2,0.619,mixto,Clave Única USACH - Universidad de Santiago de Chile,Empleos Públicos - Servicio Civil
123,ed07316d9d6344a9ab11e8a41fdc413a,21,4,17,ed07316d9d6344a9ab11e8a41fdc413a->123,0.8095,mixto,Registro Civil - SRCeI,NEXTEO - Subsecretaría de Transportes
209ce526160947f0b398566cd4cbfd0d,3346db58cd2d474fbcf63e827462b85d,21,10,11,3346db58cd2d474fbcf63e827462b85d->209ce526160947f0b398566cd4cbfd0d,0.5238,mixto,Portal de Aplicaciones Sence - Servicio Nacional de Capacitacion y Empleo,Single Sign-On - Subsecretaría de Evaluación Social
463f33b89c2c4f13aa89f8f5d5096d6a,d602a0071f3f4db8b37a87cffd89bf23,21,16,5,463f33b89c2c4f13aa89f8f5d5096d6a->d602a0071f3f4db8b37a87cffd89bf23,0.7619,mixto,Extranet IMVallenar - Municipalidad de Vallenar,PJUD - PODER JUDICIAL
2ff516ac74a44ebfa3a522adbde28a0f,4f4d89fa8ce34da19ecb340c1d267a3e,21,20,1,2ff516ac74a44ebfa3a522adbde28a0f->4f4d89fa8ce34da19ecb340c1d267a3e,0.9524,consistente,E-Sign ClaveÚnica - ESIGN S.A.,Registro Nacional de MiPymes - Subsecretaría de Economía y Empresas de Menor Tamaño
02f0f8beb94542deac503efd6a774262,123,21,12,9,02f0f8beb94542deac503efd6a774262->123,0.5714,mixto,SSMSO - Servicio de Salud Sur Oriente,Registro Civil - SRCeI
67339e06f4b44f78994ff4785178807a,f62c9a57b0fc4355a33b3ceefb0952b3,21,6,15,f62c9a57b0fc4355a33b3ceefb0952b3->67339e06f4b44f78994ff4785178807a,0.7143,mixto,Mercado+Público - Dirección de Compras y Contratación Pública,Gestor Documental ZeCeroPapel - Municipalidad de Parral
9c9359fefd164d388f8a5edc2bac301e,f883bd6d70b043a09837e8b888fe3f65,21,18,3,9c9359fefd164d388f8a5edc2bac301e->f883bd6d70b043a09837e8b888fe3f65,0.8571,mixto,Contraloría - Contraloría General de la República,undefined - Subsecretaría de Economía y Empresas de Menor Tamaño
5492b6e4db6948aca469c21d05b18721,eaf8f2b0ccd04cf2a7bfcf357fe88ca2,21,15,6,5492b6e4db6948aca469c21d05b18721->eaf8f2b0ccd04cf2a7bfcf357fe88ca2,0.7143,mixto,Ley del Lobby - Comisión para la Integridad PÚblica y Transparencia,Empleos Públicos - Servicio Civil
0f33ab6447034fe49d1629353a119e47,cb9e2b9dd1cd44c5b7d4fdcfbbf3f5e0,21,16,5,0f33ab6447034fe49d1629353a119e47->cb9e2b9dd1cd44c5b7d4fdcfbbf3f5e0,0.7619,mixto,Superintendencia en Línea - Mi Portal - Superintendencia de Seguridad Social,Portal Usuario 2.0 - Subsecretaría de Justicia
495c261c0f484bd08e232f7358452c4d,ef1dd1f1a5b94d0eacb669f7b3ec2911,21,8,13,ef1dd1f1a5b94d0eacb669f7b3ec2911->495c261c0f484bd08e232f7358452c4d,0.619,mixto,undefined - Comisión para el Mercado Financiero,Mi Crédito CAE - Comisión Administradora del Sistema de Créditos para Estudios Superiores
9fd20d626db942aeb4d84f9c475d3bea,ae4caa1cb2154cac89440f3fe18251cb,21,13,8,9fd20d626db942aeb4d84f9c475d3bea->ae4caa1cb2154cac89440f3fe18251cb,0.619,mixto,Superir - Superintendencia de Insolvencia y Reemprendimiento,Ingreso de causas y escritos - Corporación Administrativa del Poder Judicial
26ce850e25c04398a2da12f4478e7597,dd7629fec91f4599b3cf8c0dd0b984ac,21,6,15,dd7629fec91f4599b3cf8c0dd0b984ac->26ce850e25c04398a2da12f4478e7597,0.7143,mixto,Registro de profesionales - Subsecretaría de Educación,Sucursal Virtual FONASA - Fondo Nacional de Salud
8c1942e0cdce4f71b53f62474322f0b7,9a76efc4c34e4bd7843206658dc45454,21,6,15,9a76efc4c34e4bd7843206658dc45454->8c1942e0cdce4f71b53f62474322f0b7,0.7143,mixto,Superintendencia de Electricidad y Combustibles - SUPERINTENDECIA DE ELECTRICIDAD Y COMBUSTIBLES,Portal Ciudadano ClaveÚnica - Secretaría de Gobierno Digital
67339e06f4b44f78994ff4785178807a,f5d8ddb9e3924b09901a9ce38dddc362,21,12,9,67339e06f4b44f78994ff4785178807a->f5d8ddb9e3924b09901a9ce38dddc362,0.5714,mixto,Mercado+Público - Dirección de Compras y Contratación Pública,Single Sign-On - Subsecretaría de Transportes
91f3f86897ff4ae39e50cbd7035fa8af,9c9359fefd164d388f8a5edc2bac301e,21,7,14,9c9359fefd164d388f8a5edc2bac301e->91f3f86897ff4ae39e50cbd7035fa8af,0.6667,mixto,APIs Receta Electrónica - Subsecretaría de Salud Pública,Contraloría - Contraloría General de la República
123,d254feea701346a399887b9fe59ac61a,21,15,6,123->d254feea701346a399887b9fe59ac61a,0.7143,mixto,Registro Civil - SRCeI,Plataforma de Telemedicina - Subsecretaría de Redes Asistenciales
5492b6e4db6948aca469c21d05b18721,894c246eb00a482da371617f75149e30,21,16,5,5492b6e4db6948aca469c21d05b18721->894c246eb00a482da371617f75149e30,0.7619,mixto,Ley del Lobby - Comisión para la Integridad PÚblica y Transparencia,Contraloria General de la Republica - CONTRALORIA
1ad6835586034de0b29f4a402b182c6c,1bb1657eb2eb43808f0529810258aa3b,21,12,9,1ad6835586034de0b29f4a402b182c6c->1bb1657eb2eb43808f0529810258aa3b,0.5714,mixto,Comisaría Virtual 2 - Carabineros de Chile,Autenticación Sistemas DPP - Defensoría Penal Pública
638aea308ffb483198d5c1387e2cc017,ffaec74bfd414f8394bab077a989e27f,21,8,13,ffaec74bfd414f8394bab077a989e27f->638aea308ffb483198d5c1387e2cc017,0.619,mixto,"Portal ""Mi SUPERIR"" - Superintendencia de Insolvencia y Reemprendimiento",miChileAtiende - Instituto de Previsión Social
56da1c80cfea4a5b83326bfef271fc3e,67339e06f4b44f78994ff4785178807a,21,10,11,67339e06f4b44f78994ff4785178807a->56da1c80cfea4a5b83326bfef271fc3e,0.5238,mixto,Escritorio de Aplicaciones - Ministerio Público,Mercado+Público - Dirección de Compras y Contratación Pública
209ce526160947f0b398566cd4cbfd0d,6a91c10b9e8341afbd387fb72bab3cf7,21,7,14,6a91c10b9e8341afbd387fb72bab3cf7->209ce526160947f0b398566cd4cbfd0d,0.6667,mixto,Portal de Aplicaciones Sence - Servicio Nacional de Capacitacion y Empleo,Comisión de Medicina Preventiva e Invalidez - Subsecretaría de Salud Pública
645a4f092abd49f0820b8a5507e3dea0,67339e06f4b44f78994ff4785178807a,21,5,16,67339e06f4b44f78994ff4785178807a->645a4f092abd49f0820b8a5507e3dea0,0.7619,mixto,Sistema Servicios en línea - Caja de Previsión de la Defensa Nacional,Mercado+Público - Dirección de Compras y Contratación Pública
56da1c80cfea4a5b83326bfef271fc3e,c82f84bf3f2b451393445a0cb6883665,21,16,5,56da1c80cfea4a5b83326bfef271fc3e->c82f84bf3f2b451393445a0cb6883665,0.7619,mixto,Escritorio de Aplicaciones - Ministerio Público,Ventanilla Única Social - Subsecretaría de Evaluación Social
2ff516ac74a44ebfa3a522adbde28a0f,64d9be8046574fbfbc1fb14c9912afea,21,10,11,64d9be8046574fbfbc1fb14c9912afea->2ff516ac74a44ebfa3a522adbde28a0f,0.5238,mixto,E-Sign ClaveÚnica - ESIGN S.A.,ASDigital - Ministerio de salud
b972e814004e4624a566f308901cca7c,dd53a3b5cb47459482a47afc5202b516,21,9,12,dd53a3b5cb47459482a47afc5202b516->b972e814004e4624a566f308901cca7c,0.5714,mixto,DocDigital Versión 3 - Subsecretaría General de la Presidencia de la República,dd53a3b5cb47459482a47afc5202b516
52449c34bb1e47fe81802bf322dae8ee,ae4caa1cb2154cac89440f3fe18251cb,20,6,14,ae4caa1cb2154cac89440f3fe18251cb->52449c34bb1e47fe81802bf322dae8ee,0.7,mixto,bcm2.sii.cl - Servicio de Impuestos Internos,Ingreso de causas y escritos - Corporación Administrativa del Poder Judicial
209ce526160947f0b398566cd4cbfd0d,b7c988fa6132435480b57f66696827fd,20,7,13,b7c988fa6132435480b57f66696827fd->209ce526160947f0b398566cd4cbfd0d,0.65,mixto,Portal de Aplicaciones Sence - Servicio Nacional de Capacitacion y Empleo,Pase Cultural - Subsecretaría de Evaluación Social
08165f6182bc4dfc9dc1d7774508bbc6,86144f0d3b814c1d8c013f7aade6c55d,20,8,12,86144f0d3b814c1d8c013f7aade6c55d->08165f6182bc4dfc9dc1d7774508bbc6,0.6,mixto,e-certchile - E-Cert Chile,Sernac - Portal del consumidor - Servicio Nacional del Consumidor
01b56ab5b9be43e19fa06300994787ec,dc821110e3f34bf3984d61955ced2e69,20,9,11,dc821110e3f34bf3984d61955ced2e69->01b56ab5b9be43e19fa06300994787ec,0.55,mixto,Bitácora Web - Ministerio Público,Licencia de Conducir Digital - Subsecretaría de Transportes
2ae2ca1a377048a58815f54a432f8a21,5af89d91c7c74476ad4546b1db07c56c,20,14,6,2ae2ca1a377048a58815f54a432f8a21->5af89d91c7c74476ad4546b1db07c56c,0.7,mixto,Portal Paciente - Subsecretaría de Redes Asistenciales,Mi HC OnLine - Servicio de Salud Arica y Parinacota
4ef0ced873174ee9afc306e414132c72,9a76efc4c34e4bd7843206658dc45454,20,7,13,9a76efc4c34e4bd7843206658dc45454->4ef0ced873174ee9afc306e414132c72,0.65,mixto,Carabineros de Chile - Cerofilas - Carabineros de Chile,Portal Ciudadano ClaveÚnica - Secretaría de Gobierno Digital
123,5492b6e4db6948aca469c21d05b18721,20,7,13,5492b6e4db6948aca469c21d05b18721->123,0.65,mixto,Registro Civil - SRCeI,Ley del Lobby - Comisión para la Integridad PÚblica y Transparencia
9c9359fefd164d388f8a5edc2bac301e,abd6ab0229c643338812eb3a1707c053,20,6,14,abd6ab0229c643338812eb3a1707c053->9c9359fefd164d388f8a5edc2bac301e,0.7,mixto,Contraloría - Contraloría General de la República,Gestor Documental Gore Antof. - Gobierno Regional de la Región de Antofagasta
8ccf6c97b6eb4670bafec186fbe64f85,ae4caa1cb2154cac89440f3fe18251cb,20,5,15,ae4caa1cb2154cac89440f3fe18251cb->8ccf6c97b6eb4670bafec186fbe64f85,0.75,mixto,Buscador de Jurisprudencia - Poder Judicial,Ingreso de causas y escritos - Corporación Administrativa del Poder Judicial
1ad6835586034de0b29f4a402b182c6c,79bvfghg9a0a8tm25d16sddg7d61d4710,20,3,17,79bvfghg9a0a8tm25d16sddg7d61d4710->1ad6835586034de0b29f4a402b182c6c,0.85,mixto,Comisaría Virtual 2 - Carabineros de Chile,Extranjeria - Secretaría de Gobierno Digital
dd02dca897074e77972f506652629762,ffaec74bfd414f8394bab077a989e27f,20,6,14,ffaec74bfd414f8394bab077a989e27f->dd02dca897074e77972f506652629762,0.7,mixto,Resultados Subsidio Eléctrico - Subsecretaría de Energía,miChileAtiende - Instituto de Previsión Social
d254feea701346a399887b9fe59ac61a,d602a0071f3f4db8b37a87cffd89bf23,20,7,13,d602a0071f3f4db8b37a87cffd89bf23->d254feea701346a399887b9fe59ac61a,0.65,mixto,Plataforma de Telemedicina - Subsecretaría de Redes Asistenciales,PJUD - PODER JUDICIAL
67339e06f4b44f78994ff4785178807a,e1669d0517f14a979d9a93159b4906b0,20,10,10,67339e06f4b44f78994ff4785178807a->e1669d0517f14a979d9a93159b4906b0,0.5,mixto,Mercado+Público - Dirección de Compras y Contratación Pública,Agenda Casino - Presidencia de la República
2ff516ac74a44ebfa3a522adbde28a0f,eaf8f2b0ccd04cf2a7bfcf357fe88ca2,20,11,9,2ff516ac74a44ebfa3a522adbde28a0f->eaf8f2b0ccd04cf2a7bfcf357fe88ca2,0.55,mixto,E-Sign ClaveÚnica - ESIGN S.A.,Empleos Públicos - Servicio Civil
1bb1657eb2eb43808f0529810258aa3b,74e60dc3bc26493d81088e4d322b7c39,20,10,10,1bb1657eb2eb43808f0529810258aa3b->74e60dc3bc26493d81088e4d322b7c39,0.5,mixto,Autenticación Sistemas DPP - Defensoría Penal Pública,SignPass - BPO Advisors SpA
02f0f8beb94542deac503efd6a774262,ae4caa1cb2154cac89440f3fe18251cb,20,4,16,ae4caa1cb2154cac89440f3fe18251cb->02f0f8beb94542deac503efd6a774262,0.8,mixto,SSMSO - Servicio de Salud Sur Oriente,Ingreso de causas y escritos - Corporación Administrativa del Poder Judicial
94d27864f86d422faa68efccb908cc34,dcd0b6134a8846c1ac7171f8530945ab,20,11,9,94d27864f86d422faa68efccb908cc34->dcd0b6134a8846c1ac7171f8530945ab,0.55,mixto,94d27864f86d422faa68efccb908cc34,Identidad Única - Ministerio de Vivienda y Urbanismo - Subsecretaría de Vivienda y Urbanismo
0f33ab6447034fe49d1629353a119e47,86144f0d3b814c1d8c013f7aade6c55d,20,15,5,0f33ab6447034fe49d1629353a119e47->86144f0d3b814c1d8c013f7aade6c55d,0.75,mixto,Superintendencia en Línea - Mi Portal - Superintendencia de Seguridad Social,Sernac - Portal del consumidor - Servicio Nacional del Consumidor
9c9359fefd164d388f8a5edc2bac301e,d69a36460b0c4bee9cdc5fd2f58e6a0e,20,10,10,9c9359fefd164d388f8a5edc2bac301e->d69a36460b0c4bee9cdc5fd2f58e6a0e,0.5,mixto,Contraloría - Contraloría General de la República,SGMAULE - Servicio de Salud Maule
ed07316d9d6344a9ab11e8a41fdc413a,ffaec74bfd414f8394bab077a989e27f,20,17,3,ed07316d9d6344a9ab11e8a41fdc413a->ffaec74bfd414f8394bab077a989e27f,0.85,mixto,NEXTEO - Subsecretaría de Transportes,miChileAtiende - Instituto de Previsión Social
9f88dc88029e42d3a5b082ab396be6d3,c82f84bf3f2b451393445a0cb6883665,20,14,6,9f88dc88029e42d3a5b082ab396be6d3->c82f84bf3f2b451393445a0cb6883665,0.7,mixto,Sistema de Postulación Único - Carabineros de Chile,Ventanilla Única Social - Subsecretaría de Evaluación Social
347178b052294153af290d6a84589868,fba5ab8c38d3426492c31c99ad569bdb,20,12,8,347178b052294153af290d6a84589868->fba5ab8c38d3426492c31c99ad569bdb,0.6,mixto,Mi Fiscalía en Línea - Ministerio Público,Oficina Judicial Virtual Tribunales Tributarios y Aduaneros - Unidad Administradora de Tribunales Tributarios y Aduaneros
40dd6d22197543669fba285cd158079f,d602a0071f3f4db8b37a87cffd89bf23,20,7,13,d602a0071f3f4db8b37a87cffd89bf23->40dd6d22197543669fba285cd158079f,0.65,mixto,Dom digital - Municipalidad de Valdivia,PJUD - PODER JUDICIAL
56da1c80cfea4a5b83326bfef271fc3e,94d27864f86d422faa68efccb908cc34,20,8,12,94d27864f86d422faa68efccb908cc34->56da1c80cfea4a5b83326bfef271fc3e,0.6,mixto,Escritorio de Aplicaciones - Ministerio Público,94d27864f86d422faa68efccb908cc34
123,2c12290764aa4f67ba25e9cf801bd06c,20,5,15,2c12290764aa4f67ba25e9cf801bd06c->123,0.75,mixto,Registro Civil - SRCeI,Servel - Servicio Electoral
94d27864f86d422faa68efccb908cc34,ae54454684154c25bd33c6e04609652b,20,11,9,94d27864f86d422faa68efccb908cc34->ae54454684154c25bd33c6e04609652b,0.55,mixto,94d27864f86d422faa68efccb908cc34,Sistema de Apelación Contra de Isapres - Subsecretaría de Salud Pública
0f33ab6447034fe49d1629353a119e47,9ae55707cfcb459f9dcb36f8719d9cfa,20,3,17,9ae55707cfcb459f9dcb36f8719d9cfa->0f33ab6447034fe49d1629353a119e47,0.85,mixto,Superintendencia en Línea - Mi Portal - Superintendencia de Seguridad Social,Apolo Salud - Servicio de Salud Antofagasta
67eb30db49f240b08ab2b3f422f92cdf,fb3957569a8d49528c3571bcb4703f55,20,6,14,fb3957569a8d49528c3571bcb4703f55->67eb30db49f240b08ab2b3f422f92cdf,0.7,mixto,Portal MiDT - Dirección del Trabajo,MINVU - Subsecretaría de Vivienda y Urbanismo
b992e6a27eb249658efce6ca0cc286dc,d602a0071f3f4db8b37a87cffd89bf23,20,8,12,d602a0071f3f4db8b37a87cffd89bf23->b992e6a27eb249658efce6ca0cc286dc,0.6,mixto,Vumar - Subsecretaría de Transportes,PJUD - PODER JUDICIAL
1510fbeac5394ee69a53cf64a7a093db,2549b51828ce40af920a932dd2102217,20,14,6,1510fbeac5394ee69a53cf64a7a093db->2549b51828ce40af920a932dd2102217,0.7,mixto,1510fbeac5394ee69a53cf64a7a093db,undefined - Servicio de Impuestos Internos
2e0f9d54f6534336a19fffacd7b6af40,ee00832abfba40b38335ce48a12981b5,20,17,3,2e0f9d54f6534336a19fffacd7b6af40->ee00832abfba40b38335ce48a12981b5,0.85,mixto,Sitio Web UNO Privado - AFP Uno,Autenticacion Nube  Privada - Servicio de Impuestos Internos
e8dde9d26979498786c6ba5a82f70ad3,ed6beff4035f49c6997be95df71e5544,20,8,12,ed6beff4035f49c6997be95df71e5544->e8dde9d26979498786c6ba5a82f70ad3,0.6,mixto,"undefined - Sociedad Administradora de Fondos de Cesantía de Chile II S.A., AFC Chile",Subsidio Familiar Automático - Subsecretaría de Evaluación Social
2a1ad7012aa3426ab2592dd06689329b,dcd0b6134a8846c1ac7171f8530945ab,20,1,19,dcd0b6134a8846c1ac7171f8530945ab->2a1ad7012aa3426ab2592dd06689329b,0.95,consistente,dom-digital - Municipalidad de Valparaíso,Identidad Única - Ministerio de Vivienda y Urbanismo - Subsecretaría de Vivienda y Urbanismo
495c261c0f484bd08e232f7358452c4d,eaf8f2b0ccd04cf2a7bfcf357fe88ca2,20,10,10,495c261c0f484bd08e232f7358452c4d->eaf8f2b0ccd04cf2a7bfcf357fe88ca2,0.5,mixto,undefined - Comisión para el Mercado Financiero,Empleos Públicos - Servicio Civil
4ef0ced873174ee9afc306e414132c72,d602a0071f3f4db8b37a87cffd89bf23,20,8,12,d602a0071f3f4db8b37a87cffd89bf23->4ef0ced873174ee9afc306e414132c72,0.6,mixto,Carabineros de Chile - Cerofilas - Carabineros de Chile,PJUD - PODER JUDICIAL
6b126cf845144893948ee9b46d043a5f,d602a0071f3f4db8b37a87cffd89bf23,20,9,11,d602a0071f3f4db8b37a87cffd89bf23->6b126cf845144893948ee9b46d043a5f,0.55,mixto,DOM Digital - Municipalidad de Tome,PJUD - PODER JUDICIAL
6daae6995cb245348bb2b5432ccc9948,ffaec74bfd414f8394bab077a989e27f,20,18,2,6daae6995cb245348bb2b5432ccc9948->ffaec74bfd414f8394bab077a989e27f,0.9,consistente,DIRECTEMAR - Dirección General del Territorio Marítimo y Marina Mercante,miChileAtiende - Instituto de Previsión Social
3af2d18b09e6443fa289e956fc10669f,91f3f86897ff4ae39e50cbd7035fa8af,20,9,11,91f3f86897ff4ae39e50cbd7035fa8af->3af2d18b09e6443fa289e956fc10669f,0.55,mixto,Red Movilidad - Subsecretaría de Transportes,APIs Receta Electrónica - Subsecretaría de Salud Pública
08165f6182bc4dfc9dc1d7774508bbc6,a7709b21161d459298dc5dc58e77310b,20,10,10,08165f6182bc4dfc9dc1d7774508bbc6->a7709b21161d459298dc5dc58e77310b,0.5,mixto,e-certchile - E-Cert Chile,DIPRECA - Dirección de Previsión de Carabineros de Chile
7f2c2c35a2de4624ad938147f73f271a,e8dde9d26979498786c6ba5a82f70ad3,20,11,9,7f2c2c35a2de4624ad938147f73f271a->e8dde9d26979498786c6ba5a82f70ad3,0.55,mixto,Registro Nacional de Mascotas y Animales de Compañía - Subsecretaría de Desarrollo Regional y Administrativo,"undefined - Sociedad Administradora de Fondos de Cesantía de Chile II S.A., AFC Chile"
0dfdb4894c0e486faae2751590db44b8,c82f84bf3f2b451393445a0cb6883665,20,5,15,c82f84bf3f2b451393445a0cb6883665->0dfdb4894c0e486faae2751590db44b8,0.75,mixto,Trámites Online MBN - Subsecretaría de Bienes Nacionales,Ventanilla Única Social - Subsecretaría de Evaluación Social
3d639e0a581e4afbbc3976eed669f5c6,ae4caa1cb2154cac89440f3fe18251cb,20,11,9,3d639e0a581e4afbbc3976eed669f5c6->ae4caa1cb2154cac89440f3fe18251cb,0.55,mixto,Mi Portal de Emprendimiento - Subsecretaría de Evaluación Social,Ingreso de causas y escritos - Corporación Administrativa del Poder Judicial
c2f8201a4d224d81babdcea072e5cec4,d602a0071f3f4db8b37a87cffd89bf23,20,13,7,c2f8201a4d224d81babdcea072e5cec4->d602a0071f3f4db8b37a87cffd89bf23,0.65,mixto,https://tramites.subtel.gob.cl - Subsecretaría de Telecomunicaciones,PJUD - PODER JUDICIAL
8c1942e0cdce4f71b53f62474322f0b7,f883bd6d70b043a09837e8b888fe3f65,20,10,10,8c1942e0cdce4f71b53f62474322f0b7->f883bd6d70b043a09837e8b888fe3f65,0.5,mixto,Superintendencia de Electricidad y Combustibles - SUPERINTENDECIA DE ELECTRICIDAD Y COMBUSTIBLES,undefined - Subsecretaría de Economía y Empresas de Menor Tamaño
32f2a35e790544ec9e040345f8a364f3,e8dde9d26979498786c6ba5a82f70ad3,20,12,8,32f2a35e790544ec9e040345f8a364f3->e8dde9d26979498786c6ba5a82f70ad3,0.6,mixto,Defensoría Penal Pública - DEFENSORIA PENAL PUBLICA,"undefined - Sociedad Administradora de Fondos de Cesantía de Chile II S.A., AFC Chile"
7249a9adb1c343aba8db068dbe0c3795,ae4caa1cb2154cac89440f3fe18251cb,20,9,11,ae4caa1cb2154cac89440f3fe18251cb->7249a9adb1c343aba8db068dbe0c3795,0.55,mixto,Simple Trámites - Subsecretaría de Evaluación Social,Ingreso de causas y escritos - Corporación Administrativa del Poder Judicial
0f33ab6447034fe49d1629353a119e47,f25d86b606d74e51b1d33695030d0618,19,14,5,0f33ab6447034fe49d1629353a119e47->f25d86b606d74e51b1d33695030d0618,0.7368,mixto,Superintendencia en Línea - Mi Portal - Superintendencia de Seguridad Social,SUSESO Contigo - Superintendencia de Seguridad Social
b1b009877e0c4e0790fd92559d853d69,ffaec74bfd414f8394bab077a989e27f,19,12,7,b1b009877e0c4e0790fd92559d853d69->ffaec74bfd414f8394bab077a989e27f,0.6316,mixto,Mi Súper - Superintendencia de Salud,miChileAtiende - Instituto de Previsión Social
dd7629fec91f4599b3cf8c0dd0b984ac,f96bf82e56594a91b22b01e54f9608ed,19,9,10,f96bf82e56594a91b22b01e54f9608ed->dd7629fec91f4599b3cf8c0dd0b984ac,0.5263,mixto,Sucursal Virtual FONASA - Fondo Nacional de Salud,Portal Paciente SSMO - Servicio de Salud Metropolitano Oriente
01b56ab5b9be43e19fa06300994787ec,86144f0d3b814c1d8c013f7aade6c55d,19,11,8,01b56ab5b9be43e19fa06300994787ec->86144f0d3b814c1d8c013f7aade6c55d,0.5789,mixto,Bitácora Web - Ministerio Público,Sernac - Portal del consumidor - Servicio Nacional del Consumidor
08165f6182bc4dfc9dc1d7774508bbc6,6daae6995cb245348bb2b5432ccc9948,19,8,11,6daae6995cb245348bb2b5432ccc9948->08165f6182bc4dfc9dc1d7774508bbc6,0.5789,mixto,e-certchile - E-Cert Chile,DIRECTEMAR - Dirección General del Territorio Marítimo y Marina Mercante
781903276b2548499891c4c91c5d278b,a7709b21161d459298dc5dc58e77310b,19,0,19,a7709b21161d459298dc5dc58e77310b->781903276b2548499891c4c91c5d278b,1.0,consistente,Enrollment Certificadoradelsur - Certificadora del Sur,DIPRECA - Dirección de Previsión de Carabineros de Chile
d602a0071f3f4db8b37a87cffd89bf23,da87b58c9a8245cda82014a16cf8840a,19,11,8,d602a0071f3f4db8b37a87cffd89bf23->da87b58c9a8245cda82014a16cf8840a,0.5789,mixto,PJUD - PODER JUDICIAL,Sistema SIAC/OIRS - Subsecretaría de Justicia
38b3f29fe39b4e87b5f7982165de8cf1,67339e06f4b44f78994ff4785178807a,19,6,13,67339e06f4b44f78994ff4785178807a->38b3f29fe39b4e87b5f7982165de8cf1,0.6842,mixto,Portal Servel - Servicio Electoral,Mercado+Público - Dirección de Compras y Contratación Pública
62a5285108824e269a3fa09e9c233440,d602a0071f3f4db8b37a87cffd89bf23,19,6,13,d602a0071f3f4db8b37a87cffd89bf23->62a5285108824e269a3fa09e9c233440,0.6842,mixto,SEC - Atención Ciudadana - Superintendencia de Electricidad y Combustibles,PJUD - PODER JUDICIAL
01b56ab5b9be43e19fa06300994787ec,399e7fc266894562850261cfbc06b992,19,12,7,01b56ab5b9be43e19fa06300994787ec->399e7fc266894562850261cfbc06b992,0.6316,mixto,Bitácora Web - Ministerio Público,Denuncia en Linea - Ministerio Público
347178b052294153af290d6a84589868,cd28f604c0b947398b97af66908be0b6,19,10,9,347178b052294153af290d6a84589868->cd28f604c0b947398b97af66908be0b6,0.5263,mixto,Mi Fiscalía en Línea - Ministerio Público,TDLC Chile - Tribunal de Defensa de la Libre Competencia
68244c73eb7a429a9c70a3dbf247293f,d602a0071f3f4db8b37a87cffd89bf23,19,10,9,68244c73eb7a429a9c70a3dbf247293f->d602a0071f3f4db8b37a87cffd89bf23,0.5263,mixto,Bolsa nacional de empleo - Subsecretaría del Trabajo,PJUD - PODER JUDICIAL
2549b51828ce40af920a932dd2102217,cd40ad229df147389504190c71de61f5,19,18,1,2549b51828ce40af920a932dd2102217->cd40ad229df147389504190c71de61f5,0.9474,consistente,undefined - Servicio de Impuestos Internos,Sistema de Acceso Unico - Instituto de Desarrollo Agropecuario
0a0b41b45e2143ad8d97436f8561b1ca,9c9359fefd164d388f8a5edc2bac301e,19,8,11,9c9359fefd164d388f8a5edc2bac301e->0a0b41b45e2143ad8d97436f8561b1ca,0.5789,mixto,Sistemas Recoleta - Municipalidad de Recoleta,Contraloría - Contraloría General de la República
91f3f86897ff4ae39e50cbd7035fa8af,d0b1e3a4c2434e65be47566dcc3e2ee0,19,15,4,91f3f86897ff4ae39e50cbd7035fa8af->d0b1e3a4c2434e65be47566dcc3e2ee0,0.7895,mixto,APIs Receta Electrónica - Subsecretaría de Salud Pública,Municipalidad de Los Angeles - Ilustre Municipalidad de Los Angeles
3af2d18b09e6443fa289e956fc10669f,67eb30db49f240b08ab2b3f422f92cdf,19,5,14,67eb30db49f240b08ab2b3f422f92cdf->3af2d18b09e6443fa289e956fc10669f,0.7368,mixto,Red Movilidad - Subsecretaría de Transportes,Portal MiDT - Dirección del Trabajo
86480a9f563349b1a2974d9f43548e59,d602a0071f3f4db8b37a87cffd89bf23,19,12,7,86480a9f563349b1a2974d9f43548e59->d602a0071f3f4db8b37a87cffd89bf23,0.6316,mixto,Portal Pacientes HMS - Ejército de Chile,PJUD - PODER JUDICIAL
6a322ad743e3464bae56d2d9b180078a,dcd0b6134a8846c1ac7171f8530945ab,19,14,5,6a322ad743e3464bae56d2d9b180078a->dcd0b6134a8846c1ac7171f8530945ab,0.7368,mixto,6a322ad743e3464bae56d2d9b180078a,Identidad Única - Ministerio de Vivienda y Urbanismo - Subsecretaría de Vivienda y Urbanismo
2549b51828ce40af920a932dd2102217,387ff07354a74657a44369e05d83234a,19,9,10,387ff07354a74657a44369e05d83234a->2549b51828ce40af920a932dd2102217,0.5263,mixto,undefined - Servicio de Impuestos Internos,Nuevo Sitio Web FONASA - Fondo Nacional de Salud
03bd6e11bc9246339a1812eb74331dd6,67339e06f4b44f78994ff4785178807a,19,13,6,03bd6e11bc9246339a1812eb74331dd6->67339e06f4b44f78994ff4785178807a,0.6842,mixto,Buscador de Juicios - Contraloría General de la República,Mercado+Público - Dirección de Compras y Contratación Pública
d602a0071f3f4db8b37a87cffd89bf23,dd02dca897074e77972f506652629762,19,7,12,dd02dca897074e77972f506652629762->d602a0071f3f4db8b37a87cffd89bf23,0.6316,mixto,PJUD - PODER JUDICIAL,Resultados Subsidio Eléctrico - Subsecretaría de Energía
6f7b8ef5a7204c4b92d0ca778317d790,eaf8f2b0ccd04cf2a7bfcf357fe88ca2,19,9,10,eaf8f2b0ccd04cf2a7bfcf357fe88ca2->6f7b8ef5a7204c4b92d0ca778317d790,0.5263,mixto,Gestor documental ZeCeroPapel - Servicio Nacional de Protección Especializada a la Niñez y Adolescencia,Empleos Públicos - Servicio Civil
b6a7ac98c6704aa6b6512efa5fa8dbfe,d602a0071f3f4db8b37a87cffd89bf23,19,5,14,d602a0071f3f4db8b37a87cffd89bf23->b6a7ac98c6704aa6b6512efa5fa8dbfe,0.7368,mixto,Corfo - Corporación de Fomento de la Producción,PJUD - PODER JUDICIAL
dc821110e3f34bf3984d61955ced2e69,f883bd6d70b043a09837e8b888fe3f65,19,9,10,f883bd6d70b043a09837e8b888fe3f65->dc821110e3f34bf3984d61955ced2e69,0.5263,mixto,Licencia de Conducir Digital - Subsecretaría de Transportes,undefined - Subsecretaría de Economía y Empresas de Menor Tamaño
01b56ab5b9be43e19fa06300994787ec,6e12533e73a048efa8bcc0a30f2b7684,19,13,6,01b56ab5b9be43e19fa06300994787ec->6e12533e73a048efa8bcc0a30f2b7684,0.6842,mixto,Bitácora Web - Ministerio Público,Dirección General de Movilización Nacional - Dirección General de Movilización Nacional
2ff516ac74a44ebfa3a522adbde28a0f,94d27864f86d422faa68efccb908cc34,19,10,9,2ff516ac74a44ebfa3a522adbde28a0f->94d27864f86d422faa68efccb908cc34,0.5263,mixto,E-Sign ClaveÚnica - ESIGN S.A.,94d27864f86d422faa68efccb908cc34
d0b1e3a4c2434e65be47566dcc3e2ee0,e8dde9d26979498786c6ba5a82f70ad3,19,6,13,e8dde9d26979498786c6ba5a82f70ad3->d0b1e3a4c2434e65be47566dcc3e2ee0,0.6842,mixto,Municipalidad de Los Angeles - Ilustre Municipalidad de Los Angeles,"undefined - Sociedad Administradora de Fondos de Cesantía de Chile II S.A., AFC Chile"
64b50202d6b74bfcb78c7342823e0f4f,c82f84bf3f2b451393445a0cb6883665,19,11,8,64b50202d6b74bfcb78c7342823e0f4f->c82f84bf3f2b451393445a0cb6883665,0.5789,mixto,Cesantía - Comisión Administradora de Sistema de Créditos para Estudios Superiores,Ventanilla Única Social - Subsecretaría de Evaluación Social
55c1817c84554dc881bc439a4b00abed,a7925c7ee6674a30ae9f3f4045785095,19,8,11,a7925c7ee6674a30ae9f3f4045785095->55c1817c84554dc881bc439a4b00abed,0.5789,mixto,Municipalidad de Colina - Municipalidad de Colina,Gestión Documental - Ilustre Municipalidad de Peñalolén
9f3c39663dac4e6791811016adc217da,b972e814004e4624a566f308901cca7c,19,10,9,9f3c39663dac4e6791811016adc217da->b972e814004e4624a566f308901cca7c,0.5263,mixto,"Sistema Cuenta Cultura - Ministerio de las Culturas, las Artes y el Patrimonio",DocDigital Versión 3 - Subsecretaría General de la Presidencia de la República
2a4a00c47ac6468395984ee10ebc8dc3,67339e06f4b44f78994ff4785178807a,19,11,8,2a4a00c47ac6468395984ee10ebc8dc3->67339e06f4b44f78994ff4785178807a,0.5789,mixto,Portal único de Trámites SERPAT - Servicio Nacional del Patrimonio Cultural,Mercado+Público - Dirección de Compras y Contratación Pública
1ad6835586034de0b29f4a402b182c6c,fb3957569a8d49528c3571bcb4703f55,19,11,8,1ad6835586034de0b29f4a402b182c6c->fb3957569a8d49528c3571bcb4703f55,0.5789,mixto,Comisaría Virtual 2 - Carabineros de Chile,MINVU - Subsecretaría de Vivienda y Urbanismo
123,478deb22cecd489eb3ed2dcc954a975b,19,9,10,478deb22cecd489eb3ed2dcc954a975b->123,0.5263,mixto,Registro Civil - SRCeI,Portal Vecino - Municipalidad de Providencia
285f4ab87d9a4484a4e8fa6e7db43fe6,ae4caa1cb2154cac89440f3fe18251cb,19,4,15,ae4caa1cb2154cac89440f3fe18251cb->285f4ab87d9a4484a4e8fa6e7db43fe6,0.7895,mixto,Sistema de Registro - Subsecretaría de Evaluación Social,Ingreso de causas y escritos - Corporación Administrativa del Poder Judicial
0a750e36725e495ba32bd43a5f170724,209ce526160947f0b398566cd4cbfd0d,19,5,14,209ce526160947f0b398566cd4cbfd0d->0a750e36725e495ba32bd43a5f170724,0.7368,mixto,FUAS-Mineduc - Subsecretaría de Educación,Portal de Aplicaciones Sence - Servicio Nacional de Capacitacion y Empleo
b3b9221510904977b1c9f12ea7108119,e8dde9d26979498786c6ba5a82f70ad3,19,12,7,b3b9221510904977b1c9f12ea7108119->e8dde9d26979498786c6ba5a82f70ad3,0.6316,mixto,Contactanos DT - Dirección del Trabajo,"undefined - Sociedad Administradora de Fondos de Cesantía de Chile II S.A., AFC Chile"
2549b51828ce40af920a932dd2102217,fdd7e5cf453e42d7b8cb2334d3a7bff9,19,13,6,2549b51828ce40af920a932dd2102217->fdd7e5cf453e42d7b8cb2334d3a7bff9,0.6842,mixto,undefined - Servicio de Impuestos Internos,Telesalud - Subsecretaría de Redes Asistenciales
0f33ab6447034fe49d1629353a119e47,74e60dc3bc26493d81088e4d322b7c39,19,10,9,0f33ab6447034fe49d1629353a119e47->74e60dc3bc26493d81088e4d322b7c39,0.5263,mixto,Superintendencia en Línea - Mi Portal - Superintendencia de Seguridad Social,SignPass - BPO Advisors SpA
02f0f8beb94542deac503efd6a774262,6d52b87b5a964c61ad7e28afd9499f18,19,11,8,02f0f8beb94542deac503efd6a774262->6d52b87b5a964c61ad7e28afd9499f18,0.5789,mixto,SSMSO - Servicio de Salud Sur Oriente,Mis Trámites CGR - Contraloría General de la República
3e2a4d42827d43d0b90248199e58e98e,ffaec74bfd414f8394bab077a989e27f,19,5,14,ffaec74bfd414f8394bab077a989e27f->3e2a4d42827d43d0b90248199e58e98e,0.7368,mixto,Mineduc-Ayudamineduc - Subsecretaría de Educación,miChileAtiende - Instituto de Previsión Social
9a76efc4c34e4bd7843206658dc45454,9c9359fefd164d388f8a5edc2bac301e,19,13,6,9a76efc4c34e4bd7843206658dc45454->9c9359fefd164d388f8a5edc2bac301e,0.6842,mixto,Portal Ciudadano ClaveÚnica - Secretaría de Gobierno Digital,Contraloría - Contraloría General de la República
1bb1657eb2eb43808f0529810258aa3b,91f3f86897ff4ae39e50cbd7035fa8af,19,18,1,1bb1657eb2eb43808f0529810258aa3b->91f3f86897ff4ae39e50cbd7035fa8af,0.9474,consistente,Autenticación Sistemas DPP - Defensoría Penal Pública,APIs Receta Electrónica - Subsecretaría de Salud Pública
2ff516ac74a44ebfa3a522adbde28a0f,dd7629fec91f4599b3cf8c0dd0b984ac,19,9,10,dd7629fec91f4599b3cf8c0dd0b984ac->2ff516ac74a44ebfa3a522adbde28a0f,0.5263,mixto,E-Sign ClaveÚnica - ESIGN S.A.,Sucursal Virtual FONASA - Fondo Nacional de Salud
8c2eff865c5f40dbae0d6ccbc47e1d9c,b3b9221510904977b1c9f12ea7108119,19,8,11,b3b9221510904977b1c9f12ea7108119->8c2eff865c5f40dbae0d6ccbc47e1d9c,0.5789,mixto,Direccion del Trabajo - DIRECCION DEL TRABAJO,Contactanos DT - Dirección del Trabajo
67339e06f4b44f78994ff4785178807a,a7709b21161d459298dc5dc58e77310b,19,11,8,67339e06f4b44f78994ff4785178807a->a7709b21161d459298dc5dc58e77310b,0.5789,mixto,Mercado+Público - Dirección de Compras y Contratación Pública,DIPRECA - Dirección de Previsión de Carabineros de Chile
3346db58cd2d474fbcf63e827462b85d,7249a9adb1c343aba8db068dbe0c3795,19,14,5,3346db58cd2d474fbcf63e827462b85d->7249a9adb1c343aba8db068dbe0c3795,0.7368,mixto,Single Sign-On - Subsecretaría de Evaluación Social,Simple Trámites - Subsecretaría de Evaluación Social
e423b8339a57485d8b524937d93e4f44,ffaec74bfd414f8394bab077a989e27f,19,5,14,ffaec74bfd414f8394bab077a989e27f->e423b8339a57485d8b524937d93e4f44,0.7368,mixto,SIMPLE - Gendarmería de Chile,miChileAtiende - Instituto de Previsión Social
d254feea701346a399887b9fe59ac61a,dd7629fec91f4599b3cf8c0dd0b984ac,19,12,7,d254feea701346a399887b9fe59ac61a->dd7629fec91f4599b3cf8c0dd0b984ac,0.6316,mixto,Plataforma de Telemedicina - Subsecretaría de Redes Asistenciales,Sucursal Virtual FONASA - Fondo Nacional de Salud
0c9b4939dda942a09aff8e8b1db03917,4a94478dd25f4430a0a023b87e11170d,18,18,0,0c9b4939dda942a09aff8e8b1db03917->4a94478dd25f4430a0a023b87e11170d,1.0,consistente,Portal Paciente LIS - Servicio de Salud Metropolitano Sur,Milicenciamedica.cl - Subsecretaría de Salud Pública
625c85747d2c430d8b68c06d2cab9566,d16fad3dcdb14d69b5d82776d09bb796,18,8,10,d16fad3dcdb14d69b5d82776d09bb796->625c85747d2c430d8b68c06d2cab9566,0.5556,mixto,Gobierno Regional del Maule - e-Process,Sistema de Gestión Documental - Municipalidad de Villa Alegre
399e7fc266894562850261cfbc06b992,495c261c0f484bd08e232f7358452c4d,18,14,4,399e7fc266894562850261cfbc06b992->495c261c0f484bd08e232f7358452c4d,0.7778,mixto,Denuncia en Linea - Ministerio Público,undefined - Comisión para el Mercado Financiero
2ae2ca1a377048a58815f54a432f8a21,6a322ad743e3464bae56d2d9b180078a,18,8,10,6a322ad743e3464bae56d2d9b180078a->2ae2ca1a377048a58815f54a432f8a21,0.5556,mixto,Portal Paciente - Subsecretaría de Redes Asistenciales,6a322ad743e3464bae56d2d9b180078a
2f39ca736a2b4cb28163c7a9d8a74dff,d602a0071f3f4db8b37a87cffd89bf23,18,13,5,2f39ca736a2b4cb28163c7a9d8a74dff->d602a0071f3f4db8b37a87cffd89bf23,0.7222,mixto,2f39ca736a2b4cb28163c7a9d8a74dff,PJUD - PODER JUDICIAL
209ce526160947f0b398566cd4cbfd0d,fdd7e5cf453e42d7b8cb2334d3a7bff9,18,13,5,209ce526160947f0b398566cd4cbfd0d->fdd7e5cf453e42d7b8cb2334d3a7bff9,0.7222,mixto,Portal de Aplicaciones Sence - Servicio Nacional de Capacitacion y Empleo,Telesalud - Subsecretaría de Redes Asistenciales
6daae6995cb245348bb2b5432ccc9948,8da9d8af9600449089f527c248a96e4f,18,7,11,8da9d8af9600449089f527c248a96e4f->6daae6995cb245348bb2b5432ccc9948,0.6111,mixto,DIRECTEMAR - Dirección General del Territorio Marítimo y Marina Mercante,TramitesDCyF - Dirección de Contabilidad y Finanzas
4a9c2f22f9d047569a0ceafcb9741033,a6c839544c0440f5bf2ce98e7396613f,18,4,14,a6c839544c0440f5bf2ce98e7396613f->4a9c2f22f9d047569a0ceafcb9741033,0.7778,mixto,Campus Servicio Civil - Dirección Nacional del Servicio Civil,Aula Virtual CEA - Contraloría General de la República
67339e06f4b44f78994ff4785178807a,b15e46acff6b4a7487ad18cdac3a21d0,18,11,7,67339e06f4b44f78994ff4785178807a->b15e46acff6b4a7487ad18cdac3a21d0,0.6111,mixto,Mercado+Público - Dirección de Compras y Contratación Pública,Hospital Sotero del Río - Servicio Salud Metropolitano Sur Oriente
0de46482bc4d409c86f652534e4b47eb,94d27864f86d422faa68efccb908cc34,18,9,9,0de46482bc4d409c86f652534e4b47eb->94d27864f86d422faa68efccb908cc34,0.5,mixto,documentos - cyberdocs - Servicio Nacional del Patrimonio Cultural,94d27864f86d422faa68efccb908cc34
2549b51828ce40af920a932dd2102217,5492b6e4db6948aca469c21d05b18721,18,12,6,2549b51828ce40af920a932dd2102217->5492b6e4db6948aca469c21d05b18721,0.6667,mixto,undefined - Servicio de Impuestos Internos,Ley del Lobby - Comisión para la Integridad PÚblica y Transparencia
894c246eb00a482da371617f75149e30,b972e814004e4624a566f308901cca7c,18,9,9,894c246eb00a482da371617f75149e30->b972e814004e4624a566f308901cca7c,0.5,mixto,Contraloria General de la Republica - CONTRALORIA,DocDigital Versión 3 - Subsecretaría General de la Presidencia de la República
6743ad379b094f98ad903d0f0304add1,e8dde9d26979498786c6ba5a82f70ad3,18,7,11,e8dde9d26979498786c6ba5a82f70ad3->6743ad379b094f98ad903d0f0304add1,0.6111,mixto,Procedimiento Administrativo Electrónico - Superintendencia de Seguridad Social,"undefined - Sociedad Administradora de Fondos de Cesantía de Chile II S.A., AFC Chile"
894c246eb00a482da371617f75149e30,d602a0071f3f4db8b37a87cffd89bf23,18,7,11,d602a0071f3f4db8b37a87cffd89bf23->894c246eb00a482da371617f75149e30,0.6111,mixto,Contraloria General de la Republica - CONTRALORIA,PJUD - PODER JUDICIAL
4a94478dd25f4430a0a023b87e11170d,4f22549f9d3a443cb041c0e55395dbf1,18,2,16,4f22549f9d3a443cb041c0e55395dbf1->4a94478dd25f4430a0a023b87e11170d,0.8889,mixto,Milicenciamedica.cl - Subsecretaría de Salud Pública,Comisaría Virtual Denuncias - Carabineros de Chile
ae54454684154c25bd33c6e04609652b,b972e814004e4624a566f308901cca7c,18,8,10,b972e814004e4624a566f308901cca7c->ae54454684154c25bd33c6e04609652b,0.5556,mixto,Sistema de Apelación Contra de Isapres - Subsecretaría de Salud Pública,DocDigital Versión 3 - Subsecretaría General de la Presidencia de la República
2549b51828ce40af920a932dd2102217,d0b1e3a4c2434e65be47566dcc3e2ee0,18,11,7,2549b51828ce40af920a932dd2102217->d0b1e3a4c2434e65be47566dcc3e2ee0,0.6111,mixto,undefined - Servicio de Impuestos Internos,Municipalidad de Los Angeles - Ilustre Municipalidad de Los Angeles
0de46482bc4d409c86f652534e4b47eb,67eb30db49f240b08ab2b3f422f92cdf,18,15,3,0de46482bc4d409c86f652534e4b47eb->67eb30db49f240b08ab2b3f422f92cdf,0.8333,mixto,documentos - cyberdocs - Servicio Nacional del Patrimonio Cultural,Portal MiDT - Dirección del Trabajo
9ae54d261e454c93ae1c2cdec0fd03e6,cb9e2b9dd1cd44c5b7d4fdcfbbf3f5e0,18,15,3,9ae54d261e454c93ae1c2cdec0fd03e6->cb9e2b9dd1cd44c5b7d4fdcfbbf3f5e0,0.8333,mixto,Login certificado afiliacion - Fondo Nacional de Salud,Portal Usuario 2.0 - Subsecretaría de Justicia
a4db025d032f42578306d5461abdda40,d602a0071f3f4db8b37a87cffd89bf23,18,9,9,a4db025d032f42578306d5461abdda40->d602a0071f3f4db8b37a87cffd89bf23,0.5,mixto,CAPREDENApp - Redin,PJUD - PODER JUDICIAL
b8386b6963a4492db355f0f70be3a3e2,d602a0071f3f4db8b37a87cffd89bf23,18,9,9,b8386b6963a4492db355f0f70be3a3e2->d602a0071f3f4db8b37a87cffd89bf23,0.5,mixto,PDI Virtual - Policía de Investigaciones de Chile,PJUD - PODER JUDICIAL
67339e06f4b44f78994ff4785178807a,fe1194092c934e70b824f3014a2f020d,18,10,8,67339e06f4b44f78994ff4785178807a->fe1194092c934e70b824f3014a2f020d,0.5556,mixto,Mercado+Público - Dirección de Compras y Contratación Pública,Portal Único de Fondos Concursables del Estado - Subsecretaría General de Gobierno
9f3c39663dac4e6791811016adc217da,fe1194092c934e70b824f3014a2f020d,18,11,7,9f3c39663dac4e6791811016adc217da->fe1194092c934e70b824f3014a2f020d,0.6111,mixto,"Sistema Cuenta Cultura - Ministerio de las Culturas, las Artes y el Patrimonio",Portal Único de Fondos Concursables del Estado - Subsecretaría General de Gobierno
91f3f86897ff4ae39e50cbd7035fa8af,ee00832abfba40b38335ce48a12981b5,18,7,11,ee00832abfba40b38335ce48a12981b5->91f3f86897ff4ae39e50cbd7035fa8af,0.6111,mixto,APIs Receta Electrónica - Subsecretaría de Salud Pública,Autenticacion Nube  Privada - Servicio de Impuestos Internos
08165f6182bc4dfc9dc1d7774508bbc6,dc821110e3f34bf3984d61955ced2e69,18,6,12,dc821110e3f34bf3984d61955ced2e69->08165f6182bc4dfc9dc1d7774508bbc6,0.6667,mixto,e-certchile - E-Cert Chile,Licencia de Conducir Digital - Subsecretaría de Transportes
01b56ab5b9be43e19fa06300994787ec,b992e6a27eb249658efce6ca0cc286dc,18,7,11,b992e6a27eb249658efce6ca0cc286dc->01b56ab5b9be43e19fa06300994787ec,0.6111,mixto,Bitácora Web - Ministerio Público,Vumar - Subsecretaría de Transportes
26ce850e25c04398a2da12f4478e7597,3e2a4d42827d43d0b90248199e58e98e,18,3,15,3e2a4d42827d43d0b90248199e58e98e->26ce850e25c04398a2da12f4478e7597,0.8333,mixto,Registro de profesionales - Subsecretaría de Educación,Mineduc-Ayudamineduc - Subsecretaría de Educación
b972e814004e4624a566f308901cca7c,bca102f277434b31b59e4894d9eb5ef8,18,6,12,bca102f277434b31b59e4894d9eb5ef8->b972e814004e4624a566f308901cca7c,0.6667,mixto,DocDigital Versión 3 - Subsecretaría General de la Presidencia de la República,Plataforma SEM 2.0 - Subsecretaría de Desarrollo Regional y Administrativo
2549b51828ce40af920a932dd2102217,c13d78fe65b94d05ad83b59494767b9f,18,6,12,c13d78fe65b94d05ad83b59494767b9f->2549b51828ce40af920a932dd2102217,0.6667,mixto,undefined - Servicio de Impuestos Internos,Beneficios Personal - Gendarmería de Chile
387ff07354a74657a44369e05d83234a,9a76efc4c34e4bd7843206658dc45454,18,5,13,9a76efc4c34e4bd7843206658dc45454->387ff07354a74657a44369e05d83234a,0.7222,mixto,Nuevo Sitio Web FONASA - Fondo Nacional de Salud,Portal Ciudadano ClaveÚnica - Secretaría de Gobierno Digital
08165f6182bc4dfc9dc1d7774508bbc6,e9d3577612dd49c3b62b654e33dccefb,18,10,8,08165f6182bc4dfc9dc1d7774508bbc6->e9d3577612dd49c3b62b654e33dccefb,0.5556,mixto,e-certchile - E-Cert Chile,AutenticacionAccesoParaFirma - Certinet S.A.
14cc5dc0682d44fe99d2d91e1eaafac7,d602a0071f3f4db8b37a87cffd89bf23,18,7,11,d602a0071f3f4db8b37a87cffd89bf23->14cc5dc0682d44fe99d2d91e1eaafac7,0.6111,mixto,SIMPLE - Corporación Nacional de Desarrollo Indígena,PJUD - PODER JUDICIAL
6a2251c68dba48659c46874d209b6c8a,d602a0071f3f4db8b37a87cffd89bf23,18,5,13,d602a0071f3f4db8b37a87cffd89bf23->6a2251c68dba48659c46874d209b6c8a,0.7222,mixto,CAJ Región Biobío - Corporación de Asistencia Judicial de la Región del Biobío,PJUD - PODER JUDICIAL
0f09709c70c441b59a6fe616f84a5302,38b3f29fe39b4e87b5f7982165de8cf1,18,6,12,38b3f29fe39b4e87b5f7982165de8cf1->0f09709c70c441b59a6fe616f84a5302,0.6667,mixto,Segundo Tribunal Ambiental - Segundo Tribunal Ambiental,Portal Servel - Servicio Electoral
4a94478dd25f4430a0a023b87e11170d,a647689891b84948871ff7099253a553,18,11,7,4a94478dd25f4430a0a023b87e11170d->a647689891b84948871ff7099253a553,0.6111,mixto,Milicenciamedica.cl - Subsecretaría de Salud Pública,Autoconsulta SSASUR - Servicio Salud Araucanía Sur
3346db58cd2d474fbcf63e827462b85d,6a91c10b9e8341afbd387fb72bab3cf7,18,12,6,3346db58cd2d474fbcf63e827462b85d->6a91c10b9e8341afbd387fb72bab3cf7,0.6667,mixto,Single Sign-On - Subsecretaría de Evaluación Social,Comisión de Medicina Preventiva e Invalidez - Subsecretaría de Salud Pública
1bb1657eb2eb43808f0529810258aa3b,f883bd6d70b043a09837e8b888fe3f65,18,12,6,1bb1657eb2eb43808f0529810258aa3b->f883bd6d70b043a09837e8b888fe3f65,0.6667,mixto,Autenticación Sistemas DPP - Defensoría Penal Pública,undefined - Subsecretaría de Economía y Empresas de Menor Tamaño
68b13a1228424526b43e2f78716efd3b,94d27864f86d422faa68efccb908cc34,18,14,4,68b13a1228424526b43e2f78716efd3b->94d27864f86d422faa68efccb908cc34,0.7778,mixto,Pagos Diario Oficial - Subsecretaría del Interior,94d27864f86d422faa68efccb908cc34
123,fb944d98fea445bda57de000993d3e25,18,10,8,123->fb944d98fea445bda57de000993d3e25,0.5556,mixto,Registro Civil - SRCeI,Accede a tu Portal Paciente - Servicio de Salud Maule
2549b51828ce40af920a932dd2102217,a647689891b84948871ff7099253a553,18,6,12,a647689891b84948871ff7099253a553->2549b51828ce40af920a932dd2102217,0.6667,mixto,undefined - Servicio de Impuestos Internos,Autoconsulta SSASUR - Servicio Salud Araucanía Sur
4ef0ced873174ee9afc306e414132c72,e8dde9d26979498786c6ba5a82f70ad3,18,11,7,4ef0ced873174ee9afc306e414132c72->e8dde9d26979498786c6ba5a82f70ad3,0.6111,mixto,Carabineros de Chile - Cerofilas - Carabineros de Chile,"undefined - Sociedad Administradora de Fondos de Cesantía de Chile II S.A., AFC Chile"
347178b052294153af290d6a84589868,638aea308ffb483198d5c1387e2cc017,17,3,14,638aea308ffb483198d5c1387e2cc017->347178b052294153af290d6a84589868,0.8235,mixto,Mi Fiscalía en Línea - Ministerio Público,"Portal ""Mi SUPERIR"" - Superintendencia de Insolvencia y Reemprendimiento"
123,95b7bf6083634811b6ec1552e2ed5fad,17,9,8,123->95b7bf6083634811b6ec1552e2ed5fad,0.5294,mixto,Registro Civil - SRCeI,Gestión Telesalud - Subsecretaría de Redes Asistenciales
e5b8388e1275417395d526c566b0e1e8,ffaec74bfd414f8394bab077a989e27f,17,2,15,ffaec74bfd414f8394bab077a989e27f->e5b8388e1275417395d526c566b0e1e8,0.8824,mixto,Servicio Nacional de Aduanas - Servicio Nacional de Aduanas,miChileAtiende - Instituto de Previsión Social
347178b052294153af290d6a84589868,d74a389b77734996ba37fa61a0d08341,17,9,8,347178b052294153af290d6a84589868->d74a389b77734996ba37fa61a0d08341,0.5294,mixto,Mi Fiscalía en Línea - Ministerio Público,DECLARACION JURADA - Servicio Agrícola y Ganadero
b4206ac5e3224dfd900588a8f7caf95e,ffaec74bfd414f8394bab077a989e27f,17,11,6,b4206ac5e3224dfd900588a8f7caf95e->ffaec74bfd414f8394bab077a989e27f,0.6471,mixto,FONASA - Portal Beneficiario - Fondo Nacional de Salud,miChileAtiende - Instituto de Previsión Social
67339e06f4b44f78994ff4785178807a,8ba6d7f9bb7445ff96ffd06af5fa8c1e,17,11,6,67339e06f4b44f78994ff4785178807a->8ba6d7f9bb7445ff96ffd06af5fa8c1e,0.6471,mixto,Mercado+Público - Dirección de Compras y Contratación Pública,Gestión Sustentable - Servicio de Salud Atacama
4830b97416a14d1485ccb85c9f9baa4e,645a4f092abd49f0820b8a5507e3dea0,17,9,8,4830b97416a14d1485ccb85c9f9baa4e->645a4f092abd49f0820b8a5507e3dea0,0.5294,mixto,Trámites SP - Superintendencia de Penssiones,Sistema Servicios en línea - Caja de Previsión de la Defensa Nacional
52449c34bb1e47fe81802bf322dae8ee,ffaec74bfd414f8394bab077a989e27f,17,8,9,ffaec74bfd414f8394bab077a989e27f->52449c34bb1e47fe81802bf322dae8ee,0.5294,mixto,bcm2.sii.cl - Servicio de Impuestos Internos,miChileAtiende - Instituto de Previsión Social
123,2a4a00c47ac6468395984ee10ebc8dc3,17,13,4,123->2a4a00c47ac6468395984ee10ebc8dc3,0.7647,mixto,Registro Civil - SRCeI,Portal único de Trámites SERPAT - Servicio Nacional del Patrimonio Cultural
4a94478dd25f4430a0a023b87e11170d,7249a9adb1c343aba8db068dbe0c3795,17,7,10,7249a9adb1c343aba8db068dbe0c3795->4a94478dd25f4430a0a023b87e11170d,0.5882,mixto,Milicenciamedica.cl - Subsecretaría de Salud Pública,Simple Trámites - Subsecretaría de Evaluación Social
6a322ad743e3464bae56d2d9b180078a,6a91c10b9e8341afbd387fb72bab3cf7,17,7,10,6a91c10b9e8341afbd387fb72bab3cf7->6a322ad743e3464bae56d2d9b180078a,0.5882,mixto,6a322ad743e3464bae56d2d9b180078a,Comisión de Medicina Preventiva e Invalidez - Subsecretaría de Salud Pública
645a4f092abd49f0820b8a5507e3dea0,cb9e2b9dd1cd44c5b7d4fdcfbbf3f5e0,17,4,13,cb9e2b9dd1cd44c5b7d4fdcfbbf3f5e0->645a4f092abd49f0820b8a5507e3dea0,0.7647,mixto,Sistema Servicios en línea - Caja de Previsión de la Defensa Nacional,Portal Usuario 2.0 - Subsecretaría de Justicia
2ae2ca1a377048a58815f54a432f8a21,c5b83bbfa22c4c31a5743485b4c6e524,17,8,9,c5b83bbfa22c4c31a5743485b4c6e524->2ae2ca1a377048a58815f54a432f8a21,0.5294,mixto,Portal Paciente - Subsecretaría de Redes Asistenciales,Bolsa Nacional de Empleo - Subsecretaría del Trabajo
2549b51828ce40af920a932dd2102217,478deb22cecd489eb3ed2dcc954a975b,17,8,9,478deb22cecd489eb3ed2dcc954a975b->2549b51828ce40af920a932dd2102217,0.5294,mixto,undefined - Servicio de Impuestos Internos,Portal Vecino - Municipalidad de Providencia
173651d19b3e492cb6c27f74b9b1fe7e,ffaec74bfd414f8394bab077a989e27f,17,9,8,173651d19b3e492cb6c27f74b9b1fe7e->ffaec74bfd414f8394bab077a989e27f,0.5294,mixto,173651d19b3e492cb6c27f74b9b1fe7e,miChileAtiende - Instituto de Previsión Social
123,be4240b37c354311af26b2846acba9c7,17,8,9,be4240b37c354311af26b2846acba9c7->123,0.5294,mixto,Registro Civil - SRCeI,Clave Única USACH - Universidad de Santiago de Chile
123,9ad41e803fff463bac913cedefca7796,17,8,9,9ad41e803fff463bac913cedefca7796->123,0.5294,mixto,Registro Civil - SRCeI,Servicio Electoral - Cerofilas - Servicio Electoral
495c261c0f484bd08e232f7358452c4d,fb3957569a8d49528c3571bcb4703f55,17,8,9,fb3957569a8d49528c3571bcb4703f55->495c261c0f484bd08e232f7358452c4d,0.5294,mixto,undefined - Comisión para el Mercado Financiero,MINVU - Subsecretaría de Vivienda y Urbanismo
67339e06f4b44f78994ff4785178807a,fb3957569a8d49528c3571bcb4703f55,17,6,11,fb3957569a8d49528c3571bcb4703f55->67339e06f4b44f78994ff4785178807a,0.6471,mixto,Mercado+Público - Dirección de Compras y Contratación Pública,MINVU - Subsecretaría de Vivienda y Urbanismo
b34fe8a89b9a43189ec5be764c3b695c,dd7629fec91f4599b3cf8c0dd0b984ac,17,10,7,b34fe8a89b9a43189ec5be764c3b695c->dd7629fec91f4599b3cf8c0dd0b984ac,0.5882,mixto,Canales Digitales AFP UNO - AFP Uno,Sucursal Virtual FONASA - Fondo Nacional de Salud
67eb30db49f240b08ab2b3f422f92cdf,b4206ac5e3224dfd900588a8f7caf95e,17,3,14,b4206ac5e3224dfd900588a8f7caf95e->67eb30db49f240b08ab2b3f422f92cdf,0.8235,mixto,Portal MiDT - Dirección del Trabajo,FONASA - Portal Beneficiario - Fondo Nacional de Salud
0f33ab6447034fe49d1629353a119e47,b15e46acff6b4a7487ad18cdac3a21d0,17,10,7,0f33ab6447034fe49d1629353a119e47->b15e46acff6b4a7487ad18cdac3a21d0,0.5882,mixto,Superintendencia en Línea - Mi Portal - Superintendencia de Seguridad Social,Hospital Sotero del Río - Servicio Salud Metropolitano Sur Oriente
123,b785d3ec935248ff8a8fd358f7765463,17,9,8,123->b785d3ec935248ff8a8fd358f7765463,0.5294,mixto,Registro Civil - SRCeI,Pesca Recreativa - Servicio Nacional de Pesca y Acuicultura
38b3f29fe39b4e87b5f7982165de8cf1,6a322ad743e3464bae56d2d9b180078a,17,12,5,38b3f29fe39b4e87b5f7982165de8cf1->6a322ad743e3464bae56d2d9b180078a,0.7059,mixto,Portal Servel - Servicio Electoral,6a322ad743e3464bae56d2d9b180078a
117d6d62a9844fd38fdb5d53e5cbc844,ffaec74bfd414f8394bab077a989e27f,17,5,12,ffaec74bfd414f8394bab077a989e27f->117d6d62a9844fd38fdb5d53e5cbc844,0.7059,mixto,TRASPASO DEL DOMINIO DE BIENES - Fondo de Solidaridad e Inversión Social,miChileAtiende - Instituto de Previsión Social
123,14cc5dc0682d44fe99d2d91e1eaafac7,17,5,12,14cc5dc0682d44fe99d2d91e1eaafac7->123,0.7059,mixto,Registro Civil - SRCeI,SIMPLE - Corporación Nacional de Desarrollo Indígena
67339e06f4b44f78994ff4785178807a,fd595f24910c4126b7398b3e081af528,17,8,9,fd595f24910c4126b7398b3e081af528->67339e06f4b44f78994ff4785178807a,0.5294,mixto,Mercado+Público - Dirección de Compras y Contratación Pública,Instituto Seguridad Laboral - Instituto Seguridad Laboral
44568175e9ff4fdcb98cd4e9d368ce11,d602a0071f3f4db8b37a87cffd89bf23,17,4,13,d602a0071f3f4db8b37a87cffd89bf23->44568175e9ff4fdcb98cd4e9d368ce11,0.7647,mixto,Sistema Integrado DAES - Subsecretaría de Economía y Empresas de Menor Tamaño,PJUD - PODER JUDICIAL
123,b8386b6963a4492db355f0f70be3a3e2,17,10,7,123->b8386b6963a4492db355f0f70be3a3e2,0.5882,mixto,Registro Civil - SRCeI,PDI Virtual - Policía de Investigaciones de Chile
94d27864f86d422faa68efccb908cc34,bf676d9b342d438d8bd0b02c718133af,17,0,17,bf676d9b342d438d8bd0b02c718133af->94d27864f86d422faa68efccb908cc34,1.0,consistente,94d27864f86d422faa68efccb908cc34,Firmador MOP - Subsecretaría de Obras Públicas
ea3b3bbfa0bd4b99ae4fd1176a22d13c,ffaec74bfd414f8394bab077a989e27f,17,11,6,ea3b3bbfa0bd4b99ae4fd1176a22d13c->ffaec74bfd414f8394bab077a989e27f,0.6471,mixto,Bono Logro Escolar - Subsecretaría de Servicios Sociales,miChileAtiende - Instituto de Previsión Social
01b56ab5b9be43e19fa06300994787ec,40fc9588a8e04b28852ec1163528bb8a,17,9,8,01b56ab5b9be43e19fa06300994787ec->40fc9588a8e04b28852ec1163528bb8a,0.5294,mixto,Bitácora Web - Ministerio Público,PAEx DGMN - Dirección General de Movilización Nacional
a7709b21161d459298dc5dc58e77310b,dc821110e3f34bf3984d61955ced2e69,17,11,6,a7709b21161d459298dc5dc58e77310b->dc821110e3f34bf3984d61955ced2e69,0.6471,mixto,DIPRECA - Dirección de Previsión de Carabineros de Chile,Licencia de Conducir Digital - Subsecretaría de Transportes
6743ad379b094f98ad903d0f0304add1,dd7629fec91f4599b3cf8c0dd0b984ac,17,12,5,6743ad379b094f98ad903d0f0304add1->dd7629fec91f4599b3cf8c0dd0b984ac,0.7059,mixto,Procedimiento Administrativo Electrónico - Superintendencia de Seguridad Social,Sucursal Virtual FONASA - Fondo Nacional de Salud
be09a0ddbb9b4c4aaf78903e0ca27a75,ee00832abfba40b38335ce48a12981b5,17,13,4,be09a0ddbb9b4c4aaf78903e0ca27a75->ee00832abfba40b38335ce48a12981b5,0.7647,mixto,Contingencia - Comisión Administradora de Sistema de Créditos para Estudios Superiores,Autenticacion Nube  Privada - Servicio de Impuestos Internos
780fb7c030e043f7bd9f40ca4ab06bd4,d602a0071f3f4db8b37a87cffd89bf23,17,4,13,d602a0071f3f4db8b37a87cffd89bf23->780fb7c030e043f7bd9f40ca4ab06bd4,0.7647,mixto,App Funcionarios La Florida - Municipalidad de La Florida,PJUD - PODER JUDICIAL
86144f0d3b814c1d8c013f7aade6c55d,b972e814004e4624a566f308901cca7c,17,10,7,86144f0d3b814c1d8c013f7aade6c55d->b972e814004e4624a566f308901cca7c,0.5882,mixto,Sernac - Portal del consumidor - Servicio Nacional del Consumidor,DocDigital Versión 3 - Subsecretaría General de la Presidencia de la República
1ad6835586034de0b29f4a402b182c6c,3af2d18b09e6443fa289e956fc10669f,17,9,8,1ad6835586034de0b29f4a402b182c6c->3af2d18b09e6443fa289e956fc10669f,0.5294,mixto,Comisaría Virtual 2 - Carabineros de Chile,Red Movilidad - Subsecretaría de Transportes
9a76efc4c34e4bd7843206658dc45454,b4206ac5e3224dfd900588a8f7caf95e,17,13,4,9a76efc4c34e4bd7843206658dc45454->b4206ac5e3224dfd900588a8f7caf95e,0.7647,mixto,Portal Ciudadano ClaveÚnica - Secretaría de Gobierno Digital,FONASA - Portal Beneficiario - Fondo Nacional de Salud
b972e814004e4624a566f308901cca7c,d9e8c113da1340f198d483e6307085c8,17,10,7,b972e814004e4624a566f308901cca7c->d9e8c113da1340f198d483e6307085c8,0.5882,mixto,DocDigital Versión 3 - Subsecretaría General de la Presidencia de la República,d9e8c113da1340f198d483e6307085c8
64d9be8046574fbfbc1fb14c9912afea,eaf8f2b0ccd04cf2a7bfcf357fe88ca2,17,5,12,eaf8f2b0ccd04cf2a7bfcf357fe88ca2->64d9be8046574fbfbc1fb14c9912afea,0.7059,mixto,ASDigital - Ministerio de salud,Empleos Públicos - Servicio Civil
9ae54d261e454c93ae1c2cdec0fd03e6,eaf8f2b0ccd04cf2a7bfcf357fe88ca2,17,5,12,eaf8f2b0ccd04cf2a7bfcf357fe88ca2->9ae54d261e454c93ae1c2cdec0fd03e6,0.7059,mixto,Login certificado afiliacion - Fondo Nacional de Salud,Empleos Públicos - Servicio Civil
347178b052294153af290d6a84589868,56da1c80cfea4a5b83326bfef271fc3e,17,15,2,347178b052294153af290d6a84589868->56da1c80cfea4a5b83326bfef271fc3e,0.8824,mixto,Mi Fiscalía en Línea - Ministerio Público,Escritorio de Aplicaciones - Ministerio Público
67339e06f4b44f78994ff4785178807a,68244c73eb7a429a9c70a3dbf247293f,17,10,7,67339e06f4b44f78994ff4785178807a->68244c73eb7a429a9c70a3dbf247293f,0.5882,mixto,Mercado+Público - Dirección de Compras y Contratación Pública,Bolsa nacional de empleo - Subsecretaría del Trabajo
1eab1f316fa94a29bceec6dc6d84f0bd,dcd0b6134a8846c1ac7171f8530945ab,17,9,8,1eab1f316fa94a29bceec6dc6d84f0bd->dcd0b6134a8846c1ac7171f8530945ab,0.5294,mixto,DOM DIGITAL QUILPUÉ - Municipalidad de Quilpué,Identidad Única - Ministerio de Vivienda y Urbanismo - Subsecretaría de Vivienda y Urbanismo
1bb1657eb2eb43808f0529810258aa3b,dd7629fec91f4599b3cf8c0dd0b984ac,17,6,11,dd7629fec91f4599b3cf8c0dd0b984ac->1bb1657eb2eb43808f0529810258aa3b,0.6471,mixto,Autenticación Sistemas DPP - Defensoría Penal Pública,Sucursal Virtual FONASA - Fondo Nacional de Salud
123,1510fbeac5394ee69a53cf64a7a093db,17,11,6,123->1510fbeac5394ee69a53cf64a7a093db,0.6471,mixto,Registro Civil - SRCeI,1510fbeac5394ee69a53cf64a7a093db
21da73257dca4eb5bc4ba33b435c386b,dd7629fec91f4599b3cf8c0dd0b984ac,17,10,7,21da73257dca4eb5bc4ba33b435c386b->dd7629fec91f4599b3cf8c0dd0b984ac,0.5882,mixto,Prestador Inscripcion MLE Natu - Fondo Nacional de Salud,Sucursal Virtual FONASA - Fondo Nacional de Salud
3e2a4d42827d43d0b90248199e58e98e,dd7629fec91f4599b3cf8c0dd0b984ac,16,12,4,3e2a4d42827d43d0b90248199e58e98e->dd7629fec91f4599b3cf8c0dd0b984ac,0.75,mixto,Mineduc-Ayudamineduc - Subsecretaría de Educación,Sucursal Virtual FONASA - Fondo Nacional de Salud
bf676d9b342d438d8bd0b02c718133af,c52ceac3693c4644bb20f07dd8aa7103,16,5,11,c52ceac3693c4644bb20f07dd8aa7103->bf676d9b342d438d8bd0b02c718133af,0.6875,mixto,Firmador MOP - Subsecretaría de Obras Públicas,Firma Electronica - Secretaría de Gobierno Digital
08165f6182bc4dfc9dc1d7774508bbc6,638aea308ffb483198d5c1387e2cc017,16,6,10,638aea308ffb483198d5c1387e2cc017->08165f6182bc4dfc9dc1d7774508bbc6,0.625,mixto,e-certchile - E-Cert Chile,"Portal ""Mi SUPERIR"" - Superintendencia de Insolvencia y Reemprendimiento"
1ad6835586034de0b29f4a402b182c6c,31050e1a1dcb4c9899ba77be32449e54,16,13,3,1ad6835586034de0b29f4a402b182c6c->31050e1a1dcb4c9899ba77be32449e54,0.8125,mixto,Comisaría Virtual 2 - Carabineros de Chile,Bono electrónico y LME - Superintendencia de Seguridad Social
2ae2ca1a377048a58815f54a432f8a21,c99d1e702b8d4d969e6ac5007a9d95b8,16,10,6,2ae2ca1a377048a58815f54a432f8a21->c99d1e702b8d4d969e6ac5007a9d95b8,0.625,mixto,Portal Paciente - Subsecretaría de Redes Asistenciales,portalpaciente - Dirección del Servicio de Salud Magallanes
c82f84bf3f2b451393445a0cb6883665,f9894051ee6e40ad91d0cd53b2a8efc0,16,4,12,f9894051ee6e40ad91d0cd53b2a8efc0->c82f84bf3f2b451393445a0cb6883665,0.75,mixto,Ventanilla Única Social - Subsecretaría de Evaluación Social,I. Municipalidad de Santiago - Municipalidad de Santiago
5235b9f356954973a226cb6fc12c9d6e,67339e06f4b44f78994ff4785178807a,16,10,6,5235b9f356954973a226cb6fc12c9d6e->67339e06f4b44f78994ff4785178807a,0.625,mixto,Sistema Alta Dirección Pública - Dirección Nacional del Servicio Civil,Mercado+Público - Dirección de Compras y Contratación Pública
ae412e532f1a48428bd0c5ad1f02f816,dc821110e3f34bf3984d61955ced2e69,16,10,6,ae412e532f1a48428bd0c5ad1f02f816->dc821110e3f34bf3984d61955ced2e69,0.625,mixto,Sistema de gestión de licencia - Subsecretaría de Transportes,Licencia de Conducir Digital - Subsecretaría de Transportes
1e801411cdbd40aa92ad0dfc09000f69,67339e06f4b44f78994ff4785178807a,16,14,2,1e801411cdbd40aa92ad0dfc09000f69->67339e06f4b44f78994ff4785178807a,0.875,mixto,Intranet Navidad - Municipalidad de Navidad,Mercado+Público - Dirección de Compras y Contratación Pública
387ff07354a74657a44369e05d83234a,d602a0071f3f4db8b37a87cffd89bf23,16,4,12,d602a0071f3f4db8b37a87cffd89bf23->387ff07354a74657a44369e05d83234a,0.75,mixto,Nuevo Sitio Web FONASA - Fondo Nacional de Salud,PJUD - PODER JUDICIAL
88d08ee1a5384a7fbe4bfddb8928ce82,a96e622271484df9b5df5d32e8d67c67,16,13,3,88d08ee1a5384a7fbe4bfddb8928ce82->a96e622271484df9b5df5d32e8d67c67,0.8125,mixto,Sistema Midas - Subsecretaría de Salud Pública,Epivigila Midas - Subsecretaría de Salud Pública
88d08ee1a5384a7fbe4bfddb8928ce82,cfa90dba533f41d6821aaecccdb0bfa3,16,13,3,88d08ee1a5384a7fbe4bfddb8928ce82->cfa90dba533f41d6821aaecccdb0bfa3,0.8125,mixto,Sistema Midas - Subsecretaría de Salud Pública,Promoción de la Salud - Subsecretaría de Salud Pública
de90d8af20f547aaa9b3300c76251188,fb3957569a8d49528c3571bcb4703f55,16,8,8,de90d8af20f547aaa9b3300c76251188->fb3957569a8d49528c3571bcb4703f55,0.5,mixto,Postulación en línea DS49 - Subsecretaría de Vivienda y Urbanismo,MINVU - Subsecretaría de Vivienda y Urbanismo
bf676d9b342d438d8bd0b02c718133af,ee00832abfba40b38335ce48a12981b5,16,4,12,ee00832abfba40b38335ce48a12981b5->bf676d9b342d438d8bd0b02c718133af,0.75,mixto,Firmador MOP - Subsecretaría de Obras Públicas,Autenticacion Nube  Privada - Servicio de Impuestos Internos
cd40ad229df147389504190c71de61f5,e8dde9d26979498786c6ba5a82f70ad3,16,4,12,e8dde9d26979498786c6ba5a82f70ad3->cd40ad229df147389504190c71de61f5,0.75,mixto,Sistema de Acceso Unico - Instituto de Desarrollo Agropecuario,"undefined - Sociedad Administradora de Fondos de Cesantía de Chile II S.A., AFC Chile"
62a5285108824e269a3fa09e9c233440,86144f0d3b814c1d8c013f7aade6c55d,16,9,7,62a5285108824e269a3fa09e9c233440->86144f0d3b814c1d8c013f7aade6c55d,0.5625,mixto,SEC - Atención Ciudadana - Superintendencia de Electricidad y Combustibles,Sernac - Portal del consumidor - Servicio Nacional del Consumidor
347178b052294153af290d6a84589868,b1b009877e0c4e0790fd92559d853d69,16,6,10,b1b009877e0c4e0790fd92559d853d69->347178b052294153af290d6a84589868,0.625,mixto,Mi Fiscalía en Línea - Ministerio Público,Mi Súper - Superintendencia de Salud
ac8e668f620b403b9ccc6486c0e365c7,f883bd6d70b043a09837e8b888fe3f65,16,7,9,f883bd6d70b043a09837e8b888fe3f65->ac8e668f620b403b9ccc6486c0e365c7,0.5625,mixto,ac8e668f620b403b9ccc6486c0e365c7,undefined - Subsecretaría de Economía y Empresas de Menor Tamaño
9a76efc4c34e4bd7843206658dc45454,d0b1e3a4c2434e65be47566dcc3e2ee0,16,14,2,9a76efc4c34e4bd7843206658dc45454->d0b1e3a4c2434e65be47566dcc3e2ee0,0.875,mixto,Portal Ciudadano ClaveÚnica - Secretaría de Gobierno Digital,Municipalidad de Los Angeles - Ilustre Municipalidad de Los Angeles
2e0f9d54f6534336a19fffacd7b6af40,6a322ad743e3464bae56d2d9b180078a,16,9,7,2e0f9d54f6534336a19fffacd7b6af40->6a322ad743e3464bae56d2d9b180078a,0.5625,mixto,Sitio Web UNO Privado - AFP Uno,6a322ad743e3464bae56d2d9b180078a
91f3f86897ff4ae39e50cbd7035fa8af,b1b009877e0c4e0790fd92559d853d69,16,9,7,91f3f86897ff4ae39e50cbd7035fa8af->b1b009877e0c4e0790fd92559d853d69,0.5625,mixto,APIs Receta Electrónica - Subsecretaría de Salud Pública,Mi Súper - Superintendencia de Salud
638aea308ffb483198d5c1387e2cc017,e8dde9d26979498786c6ba5a82f70ad3,16,9,7,638aea308ffb483198d5c1387e2cc017->e8dde9d26979498786c6ba5a82f70ad3,0.5625,mixto,"Portal ""Mi SUPERIR"" - Superintendencia de Insolvencia y Reemprendimiento","undefined - Sociedad Administradora de Fondos de Cesantía de Chile II S.A., AFC Chile"
347178b052294153af290d6a84589868,74e60dc3bc26493d81088e4d322b7c39,16,8,8,347178b052294153af290d6a84589868->74e60dc3bc26493d81088e4d322b7c39,0.5,mixto,Mi Fiscalía en Línea - Ministerio Público,SignPass - BPO Advisors SpA
9a76efc4c34e4bd7843206658dc45454,c52ceac3693c4644bb20f07dd8aa7103,16,11,5,9a76efc4c34e4bd7843206658dc45454->c52ceac3693c4644bb20f07dd8aa7103,0.6875,mixto,Portal Ciudadano ClaveÚnica - Secretaría de Gobierno Digital,Firma Electronica - Secretaría de Gobierno Digital
f883bd6d70b043a09837e8b888fe3f65,fba5ab8c38d3426492c31c99ad569bdb,16,12,4,f883bd6d70b043a09837e8b888fe3f65->fba5ab8c38d3426492c31c99ad569bdb,0.75,mixto,undefined - Subsecretaría de Economía y Empresas de Menor Tamaño,Oficina Judicial Virtual Tribunales Tributarios y Aduaneros - Unidad Administradora de Tribunales Tributarios y Aduaneros
3346db58cd2d474fbcf63e827462b85d,67339e06f4b44f78994ff4785178807a,16,14,2,3346db58cd2d474fbcf63e827462b85d->67339e06f4b44f78994ff4785178807a,0.875,mixto,Single Sign-On - Subsecretaría de Evaluación Social,Mercado+Público - Dirección de Compras y Contratación Pública
8c1942e0cdce4f71b53f62474322f0b7,e8dde9d26979498786c6ba5a82f70ad3,16,10,6,8c1942e0cdce4f71b53f62474322f0b7->e8dde9d26979498786c6ba5a82f70ad3,0.625,mixto,Superintendencia de Electricidad y Combustibles - SUPERINTENDECIA DE ELECTRICIDAD Y COMBUSTIBLES,"undefined - Sociedad Administradora de Fondos de Cesantía de Chile II S.A., AFC Chile"
20acab350ddf489c931028b7a6a1ff99,86480a9f563349b1a2974d9f43548e59,16,9,7,20acab350ddf489c931028b7a6a1ff99->86480a9f563349b1a2974d9f43548e59,0.5625,mixto,Sucursal Virtual Jeafosale - Ejército de Chile,Portal Pacientes HMS - Ejército de Chile
b31017b848694be1b92f15c6dad1ca2c,d602a0071f3f4db8b37a87cffd89bf23,16,12,4,b31017b848694be1b92f15c6dad1ca2c->d602a0071f3f4db8b37a87cffd89bf23,0.75,mixto,Sanidad Naval - Sanidad Naval de la Armada de Chile,PJUD - PODER JUDICIAL
c5b83bbfa22c4c31a5743485b4c6e524,f883bd6d70b043a09837e8b888fe3f65,16,6,10,f883bd6d70b043a09837e8b888fe3f65->c5b83bbfa22c4c31a5743485b4c6e524,0.625,mixto,Bolsa Nacional de Empleo - Subsecretaría del Trabajo,undefined - Subsecretaría de Economía y Empresas de Menor Tamaño
38b3f29fe39b4e87b5f7982165de8cf1,c5b83bbfa22c4c31a5743485b4c6e524,16,7,9,c5b83bbfa22c4c31a5743485b4c6e524->38b3f29fe39b4e87b5f7982165de8cf1,0.5625,mixto,Portal Servel - Servicio Electoral,Bolsa Nacional de Empleo - Subsecretaría del Trabajo
285f4ab87d9a4484a4e8fa6e7db43fe6,d602a0071f3f4db8b37a87cffd89bf23,16,8,8,285f4ab87d9a4484a4e8fa6e7db43fe6->d602a0071f3f4db8b37a87cffd89bf23,0.5,mixto,Sistema de Registro - Subsecretaría de Evaluación Social,PJUD - PODER JUDICIAL
08165f6182bc4dfc9dc1d7774508bbc6,b6a7ac98c6704aa6b6512efa5fa8dbfe,16,8,8,08165f6182bc4dfc9dc1d7774508bbc6->b6a7ac98c6704aa6b6512efa5fa8dbfe,0.5,mixto,e-certchile - E-Cert Chile,Corfo - Corporación de Fomento de la Producción
006b85a984e94ce88ddb035ec01b2d70,2549b51828ce40af920a932dd2102217,16,9,7,006b85a984e94ce88ddb035ec01b2d70->2549b51828ce40af920a932dd2102217,0.5625,mixto,006b85a984e94ce88ddb035ec01b2d70,undefined - Servicio de Impuestos Internos
6a91c10b9e8341afbd387fb72bab3cf7,dd7629fec91f4599b3cf8c0dd0b984ac,16,12,4,6a91c10b9e8341afbd387fb72bab3cf7->dd7629fec91f4599b3cf8c0dd0b984ac,0.75,mixto,Comisión de Medicina Preventiva e Invalidez - Subsecretaría de Salud Pública,Sucursal Virtual FONASA - Fondo Nacional de Salud
eaf8f2b0ccd04cf2a7bfcf357fe88ca2,fb3957569a8d49528c3571bcb4703f55,16,11,5,eaf8f2b0ccd04cf2a7bfcf357fe88ca2->fb3957569a8d49528c3571bcb4703f55,0.6875,mixto,Empleos Públicos - Servicio Civil,MINVU - Subsecretaría de Vivienda y Urbanismo
2549b51828ce40af920a932dd2102217,cc892c05f6d94315be2b7539e45b9170,16,2,14,cc892c05f6d94315be2b7539e45b9170->2549b51828ce40af920a932dd2102217,0.875,mixto,undefined - Servicio de Impuestos Internos,Ventanilla Única 2.0 - Ministerio del Medio Ambiente
32f2a35e790544ec9e040345f8a364f3,6a322ad743e3464bae56d2d9b180078a,16,9,7,32f2a35e790544ec9e040345f8a364f3->6a322ad743e3464bae56d2d9b180078a,0.5625,mixto,Defensoría Penal Pública - DEFENSORIA PENAL PUBLICA,6a322ad743e3464bae56d2d9b180078a
b7c988fa6132435480b57f66696827fd,dd7629fec91f4599b3cf8c0dd0b984ac,16,4,12,dd7629fec91f4599b3cf8c0dd0b984ac->b7c988fa6132435480b57f66696827fd,0.75,mixto,Pase Cultural - Subsecretaría de Evaluación Social,Sucursal Virtual FONASA - Fondo Nacional de Salud
64d9be8046574fbfbc1fb14c9912afea,c765193a11274b73b1ffa97efd6fbc3b,16,9,7,64d9be8046574fbfbc1fb14c9912afea->c765193a11274b73b1ffa97efd6fbc3b,0.5625,mixto,ASDigital - Ministerio de salud,Servicio Único de Identidad - SMA - Superintendencia del Medio Ambiente
b1b009877e0c4e0790fd92559d853d69,fd595f24910c4126b7398b3e081af528,16,5,11,fd595f24910c4126b7398b3e081af528->b1b009877e0c4e0790fd92559d853d69,0.6875,mixto,Mi Súper - Superintendencia de Salud,Instituto Seguridad Laboral - Instituto Seguridad Laboral
64d9be8046574fbfbc1fb14c9912afea,9c9359fefd164d388f8a5edc2bac301e,16,12,4,64d9be8046574fbfbc1fb14c9912afea->9c9359fefd164d388f8a5edc2bac301e,0.75,mixto,ASDigital - Ministerio de salud,Contraloría - Contraloría General de la República
9a76efc4c34e4bd7843206658dc45454,dfd423dde87b47d382b736a15a36ac68,16,11,5,9a76efc4c34e4bd7843206658dc45454->dfd423dde87b47d382b736a15a36ac68,0.6875,mixto,Portal Ciudadano ClaveÚnica - Secretaría de Gobierno Digital,App La Florida - Municipalidad de La Florida
a7925c7ee6674a30ae9f3f4045785095,c82f84bf3f2b451393445a0cb6883665,16,12,4,a7925c7ee6674a30ae9f3f4045785095->c82f84bf3f2b451393445a0cb6883665,0.75,mixto,Gestión Documental - Ilustre Municipalidad de Peñalolén,Ventanilla Única Social - Subsecretaría de Evaluación Social
495c261c0f484bd08e232f7358452c4d,4f22549f9d3a443cb041c0e55395dbf1,16,10,6,495c261c0f484bd08e232f7358452c4d->4f22549f9d3a443cb041c0e55395dbf1,0.625,mixto,undefined - Comisión para el Mercado Financiero,Comisaría Virtual Denuncias - Carabineros de Chile
5af95b4c9eec408dad00e7b5a2a16b92,b972e814004e4624a566f308901cca7c,16,11,5,5af95b4c9eec408dad00e7b5a2a16b92->b972e814004e4624a566f308901cca7c,0.6875,mixto,Servicio de Salud Tarapacá - Servicio de Salud Tarapacá,DocDigital Versión 3 - Subsecretaría General de la Presidencia de la República
3346db58cd2d474fbcf63e827462b85d,7d0c4697a4f849e38021ccb192e0b4a7,16,9,7,3346db58cd2d474fbcf63e827462b85d->7d0c4697a4f849e38021ccb192e0b4a7,0.5625,mixto,Single Sign-On - Subsecretaría de Evaluación Social,"Niños, Niñas y Adolescentes - Subsecretaría de Evaluación Social"
344f2a7e91d741f69c8e638468150260,d602a0071f3f4db8b37a87cffd89bf23,16,10,6,344f2a7e91d741f69c8e638468150260->d602a0071f3f4db8b37a87cffd89bf23,0.625,mixto,344f2a7e91d741f69c8e638468150260,PJUD - PODER JUDICIAL
b972e814004e4624a566f308901cca7c,fe1194092c934e70b824f3014a2f020d,16,6,10,fe1194092c934e70b824f3014a2f020d->b972e814004e4624a566f308901cca7c,0.625,mixto,DocDigital Versión 3 - Subsecretaría General de la Presidencia de la República,Portal Único de Fondos Concursables del Estado - Subsecretaría General de Gobierno
645a4f092abd49f0820b8a5507e3dea0,b31017b848694be1b92f15c6dad1ca2c,16,7,9,b31017b848694be1b92f15c6dad1ca2c->645a4f092abd49f0820b8a5507e3dea0,0.5625,mixto,Sistema Servicios en línea - Caja de Previsión de la Defensa Nacional,Sanidad Naval - Sanidad Naval de la Armada de Chile
6a91c10b9e8341afbd387fb72bab3cf7,e5b8388e1275417395d526c566b0e1e8,16,11,5,6a91c10b9e8341afbd387fb72bab3cf7->e5b8388e1275417395d526c566b0e1e8,0.6875,mixto,Comisión de Medicina Preventiva e Invalidez - Subsecretaría de Salud Pública,Servicio Nacional de Aduanas - Servicio Nacional de Aduanas
64d9be8046574fbfbc1fb14c9912afea,f83678e2b4854792a356c72a255c0da4,16,4,12,f83678e2b4854792a356c72a255c0da4->64d9be8046574fbfbc1fb14c9912afea,0.75,mixto,ASDigital - Ministerio de salud,DomDigital Mun. Viña del Mar - Municipalidad de Viña del Mar
ae4caa1cb2154cac89440f3fe18251cb,ed6beff4035f49c6997be95df71e5544,16,8,8,ae4caa1cb2154cac89440f3fe18251cb->ed6beff4035f49c6997be95df71e5544,0.5,mixto,Ingreso de causas y escritos - Corporación Administrativa del Poder Judicial,Subsidio Familiar Automático - Subsecretaría de Evaluación Social
a7925c7ee6674a30ae9f3f4045785095,d602a0071f3f4db8b37a87cffd89bf23,16,12,4,a7925c7ee6674a30ae9f3f4045785095->d602a0071f3f4db8b37a87cffd89bf23,0.75,mixto,Gestión Documental - Ilustre Municipalidad de Peñalolén,PJUD - PODER JUDICIAL
40fc9588a8e04b28852ec1163528bb8a,a7709b21161d459298dc5dc58e77310b,16,9,7,40fc9588a8e04b28852ec1163528bb8a->a7709b21161d459298dc5dc58e77310b,0.5625,mixto,PAEx DGMN - Dirección General de Movilización Nacional,DIPRECA - Dirección de Previsión de Carabineros de Chile
209ce526160947f0b398566cd4cbfd0d,fd595f24910c4126b7398b3e081af528,16,11,5,209ce526160947f0b398566cd4cbfd0d->fd595f24910c4126b7398b3e081af528,0.6875,mixto,Portal de Aplicaciones Sence - Servicio Nacional de Capacitacion y Empleo,Instituto Seguridad Laboral - Instituto Seguridad Laboral
be4240b37c354311af26b2846acba9c7,d602a0071f3f4db8b37a87cffd89bf23,16,6,10,d602a0071f3f4db8b37a87cffd89bf23->be4240b37c354311af26b2846acba9c7,0.625,mixto,Clave Única USACH - Universidad de Santiago de Chile,PJUD - PODER JUDICIAL
9a76efc4c34e4bd7843206658dc45454,ed6beff4035f49c6997be95df71e5544,16,6,10,ed6beff4035f49c6997be95df71e5544->9a76efc4c34e4bd7843206658dc45454,0.625,mixto,Portal Ciudadano ClaveÚnica - Secretaría de Gobierno Digital,Subsidio Familiar Automático - Subsecretaría de Evaluación Social
94d27864f86d422faa68efccb908cc34,fb3957569a8d49528c3571bcb4703f55,16,5,11,fb3957569a8d49528c3571bcb4703f55->94d27864f86d422faa68efccb908cc34,0.6875,mixto,94d27864f86d422faa68efccb908cc34,MINVU - Subsecretaría de Vivienda y Urbanismo
209ce526160947f0b398566cd4cbfd0d,ed6beff4035f49c6997be95df71e5544,16,7,9,ed6beff4035f49c6997be95df71e5544->209ce526160947f0b398566cd4cbfd0d,0.5625,mixto,Portal de Aplicaciones Sence - Servicio Nacional de Capacitacion y Empleo,Subsidio Familiar Automático - Subsecretaría de Evaluación Social
228ce6ed11d14e84ac2ae00cb5639515,c52ceac3693c4644bb20f07dd8aa7103,16,9,7,228ce6ed11d14e84ac2ae00cb5639515->c52ceac3693c4644bb20f07dd8aa7103,0.5625,mixto,Plataforma HSA-MSGG - Ministerio Secretaría General de Gobierno,Firma Electronica - Secretaría de Gobierno Digital
2549b51828ce40af920a932dd2102217,f31ed616d84449edb5fdd8cd332552b2,16,5,11,f31ed616d84449edb5fdd8cd332552b2->2549b51828ce40af920a932dd2102217,0.6875,mixto,undefined - Servicio de Impuestos Internos,dom digital - Municipalidad de Temuco
9ae54d261e454c93ae1c2cdec0fd03e6,b1b009877e0c4e0790fd92559d853d69,16,11,5,9ae54d261e454c93ae1c2cdec0fd03e6->b1b009877e0c4e0790fd92559d853d69,0.6875,mixto,Login certificado afiliacion - Fondo Nacional de Salud,Mi Súper - Superintendencia de Salud
0e11736fc9c24dbea92c4f3a6453a160,123,16,8,8,0e11736fc9c24dbea92c4f3a6453a160->123,0.5,mixto,0e11736fc9c24dbea92c4f3a6453a160,Registro Civil - SRCeI
88d08ee1a5384a7fbe4bfddb8928ce82,9a76efc4c34e4bd7843206658dc45454,16,1,15,9a76efc4c34e4bd7843206658dc45454->88d08ee1a5384a7fbe4bfddb8928ce82,0.9375,consistente,Sistema Midas - Subsecretaría de Salud Pública,Portal Ciudadano ClaveÚnica - Secretaría de Gobierno Digital
0b145fb41bc84dc58a5beb5b4ef11b17,2549b51828ce40af920a932dd2102217,16,11,5,0b145fb41bc84dc58a5beb5b4ef11b17->2549b51828ce40af920a932dd2102217,0.6875,mixto,Servicios en linea - Caja de Previsión de la Defensa Nacional,undefined - Servicio de Impuestos Internos
347178b052294153af290d6a84589868,6e12533e73a048efa8bcc0a30f2b7684,16,6,10,6e12533e73a048efa8bcc0a30f2b7684->347178b052294153af290d6a84589868,0.625,mixto,Mi Fiscalía en Línea - Ministerio Público,Dirección General de Movilización Nacional - Dirección General de Movilización Nacional
123,239b1152a21a4cebb35b2a9dc02b10a9,16,3,13,239b1152a21a4cebb35b2a9dc02b10a9->123,0.8125,mixto,Registro Civil - SRCeI,Agencia de Calidad de la Educación - MINISTERIO DE EDUCACION
6d52b87b5a964c61ad7e28afd9499f18,c13d78fe65b94d05ad83b59494767b9f,15,7,8,c13d78fe65b94d05ad83b59494767b9f->6d52b87b5a964c61ad7e28afd9499f18,0.5333,mixto,Mis Trámites CGR - Contraloría General de la República,Beneficios Personal - Gendarmería de Chile
67339e06f4b44f78994ff4785178807a,c68583c7f0f3400fbc57c639a37ab30c,15,5,10,c68583c7f0f3400fbc57c639a37ab30c->67339e06f4b44f78994ff4785178807a,0.6667,mixto,Mercado+Público - Dirección de Compras y Contratación Pública,senda.gob .cl SIDOC - Servicio Nacional de Prevención y Rehabilitación del Consumo de Drogas y Alcohol
209ce526160947f0b398566cd4cbfd0d,74e60dc3bc26493d81088e4d322b7c39,15,11,4,209ce526160947f0b398566cd4cbfd0d->74e60dc3bc26493d81088e4d322b7c39,0.7333,mixto,Portal de Aplicaciones Sence - Servicio Nacional de Capacitacion y Empleo,SignPass - BPO Advisors SpA
123,b6a7ac98c6704aa6b6512efa5fa8dbfe,15,10,5,123->b6a7ac98c6704aa6b6512efa5fa8dbfe,0.6667,mixto,Registro Civil - SRCeI,Corfo - Corporación de Fomento de la Producción
3af2d18b09e6443fa289e956fc10669f,6a322ad743e3464bae56d2d9b180078a,15,6,9,6a322ad743e3464bae56d2d9b180078a->3af2d18b09e6443fa289e956fc10669f,0.6,mixto,Red Movilidad - Subsecretaría de Transportes,6a322ad743e3464bae56d2d9b180078a
14cc5dc0682d44fe99d2d91e1eaafac7,4a94478dd25f4430a0a023b87e11170d,15,7,8,4a94478dd25f4430a0a023b87e11170d->14cc5dc0682d44fe99d2d91e1eaafac7,0.5333,mixto,SIMPLE - Corporación Nacional de Desarrollo Indígena,Milicenciamedica.cl - Subsecretaría de Salud Pública
c13d78fe65b94d05ad83b59494767b9f,e8dde9d26979498786c6ba5a82f70ad3,15,5,10,e8dde9d26979498786c6ba5a82f70ad3->c13d78fe65b94d05ad83b59494767b9f,0.6667,mixto,Beneficios Personal - Gendarmería de Chile,"undefined - Sociedad Administradora de Fondos de Cesantía de Chile II S.A., AFC Chile"
6a91c10b9e8341afbd387fb72bab3cf7,e8dde9d26979498786c6ba5a82f70ad3,15,9,6,6a91c10b9e8341afbd387fb72bab3cf7->e8dde9d26979498786c6ba5a82f70ad3,0.6,mixto,Comisión de Medicina Preventiva e Invalidez - Subsecretaría de Salud Pública,"undefined - Sociedad Administradora de Fondos de Cesantía de Chile II S.A., AFC Chile"
9c9359fefd164d388f8a5edc2bac301e,cfa90dba533f41d6821aaecccdb0bfa3,15,8,7,9c9359fefd164d388f8a5edc2bac301e->cfa90dba533f41d6821aaecccdb0bfa3,0.5333,mixto,Contraloría - Contraloría General de la República,Promoción de la Salud - Subsecretaría de Salud Pública
6a322ad743e3464bae56d2d9b180078a,b1b009877e0c4e0790fd92559d853d69,15,10,5,6a322ad743e3464bae56d2d9b180078a->b1b009877e0c4e0790fd92559d853d69,0.6667,mixto,6a322ad743e3464bae56d2d9b180078a,Mi Súper - Superintendencia de Salud
209ce526160947f0b398566cd4cbfd0d,64b50202d6b74bfcb78c7342823e0f4f,15,8,7,209ce526160947f0b398566cd4cbfd0d->64b50202d6b74bfcb78c7342823e0f4f,0.5333,mixto,Portal de Aplicaciones Sence - Servicio Nacional de Capacitacion y Empleo,Cesantía - Comisión Administradora de Sistema de Créditos para Estudios Superiores
4ef0ced873174ee9afc306e414132c72,d6d4327ae40445518a3c8a6e62137cd6,15,9,6,4ef0ced873174ee9afc306e414132c72->d6d4327ae40445518a3c8a6e62137cd6,0.6,mixto,Carabineros de Chile - Cerofilas - Carabineros de Chile,Gobierno Digital Simple - Secretaría de Gobierno Digital
4a94478dd25f4430a0a023b87e11170d,62a5285108824e269a3fa09e9c233440,15,13,2,4a94478dd25f4430a0a023b87e11170d->62a5285108824e269a3fa09e9c233440,0.8667,mixto,Milicenciamedica.cl - Subsecretaría de Salud Pública,SEC - Atención Ciudadana - Superintendencia de Electricidad y Combustibles
6daae6995cb245348bb2b5432ccc9948,ae4caa1cb2154cac89440f3fe18251cb,15,5,10,ae4caa1cb2154cac89440f3fe18251cb->6daae6995cb245348bb2b5432ccc9948,0.6667,mixto,DIRECTEMAR - Dirección General del Territorio Marítimo y Marina Mercante,Ingreso de causas y escritos - Corporación Administrativa del Poder Judicial
006b85a984e94ce88ddb035ec01b2d70,ae412e532f1a48428bd0c5ad1f02f816,15,4,11,ae412e532f1a48428bd0c5ad1f02f816->006b85a984e94ce88ddb035ec01b2d70,0.7333,mixto,006b85a984e94ce88ddb035ec01b2d70,Sistema de gestión de licencia - Subsecretaría de Transportes
55c1817c84554dc881bc439a4b00abed,c82f84bf3f2b451393445a0cb6883665,15,7,8,c82f84bf3f2b451393445a0cb6883665->55c1817c84554dc881bc439a4b00abed,0.5333,mixto,Municipalidad de Colina - Municipalidad de Colina,Ventanilla Única Social - Subsecretaría de Evaluación Social
209ce526160947f0b398566cd4cbfd0d,3af2d18b09e6443fa289e956fc10669f,15,9,6,209ce526160947f0b398566cd4cbfd0d->3af2d18b09e6443fa289e956fc10669f,0.6,mixto,Portal de Aplicaciones Sence - Servicio Nacional de Capacitacion y Empleo,Red Movilidad - Subsecretaría de Transportes
209ce526160947f0b398566cd4cbfd0d,7249a9adb1c343aba8db068dbe0c3795,15,7,8,7249a9adb1c343aba8db068dbe0c3795->209ce526160947f0b398566cd4cbfd0d,0.5333,mixto,Portal de Aplicaciones Sence - Servicio Nacional de Capacitacion y Empleo,Simple Trámites - Subsecretaría de Evaluación Social
08165f6182bc4dfc9dc1d7774508bbc6,cc892c05f6d94315be2b7539e45b9170,15,3,12,cc892c05f6d94315be2b7539e45b9170->08165f6182bc4dfc9dc1d7774508bbc6,0.8,mixto,e-certchile - E-Cert Chile,Ventanilla Única 2.0 - Ministerio del Medio Ambiente
a647689891b84948871ff7099253a553,fdd7e5cf453e42d7b8cb2334d3a7bff9,15,10,5,a647689891b84948871ff7099253a553->fdd7e5cf453e42d7b8cb2334d3a7bff9,0.6667,mixto,Autoconsulta SSASUR - Servicio Salud Araucanía Sur,Telesalud - Subsecretaría de Redes Asistenciales
41da80f6154c4d918166fc43862f5d78,ffaec74bfd414f8394bab077a989e27f,15,6,9,ffaec74bfd414f8394bab077a989e27f->41da80f6154c4d918166fc43862f5d78,0.6,mixto,Web Cajmetro - Corporación de Asistencia Judicial de la Región Metropolitana,miChileAtiende - Instituto de Previsión Social
c13d78fe65b94d05ad83b59494767b9f,eaf8f2b0ccd04cf2a7bfcf357fe88ca2,15,7,8,eaf8f2b0ccd04cf2a7bfcf357fe88ca2->c13d78fe65b94d05ad83b59494767b9f,0.5333,mixto,Beneficios Personal - Gendarmería de Chile,Empleos Públicos - Servicio Civil
006b85a984e94ce88ddb035ec01b2d70,c52ceac3693c4644bb20f07dd8aa7103,15,9,6,006b85a984e94ce88ddb035ec01b2d70->c52ceac3693c4644bb20f07dd8aa7103,0.6,mixto,006b85a984e94ce88ddb035ec01b2d70,Firma Electronica - Secretaría de Gobierno Digital
c52ceac3693c4644bb20f07dd8aa7103,eaf8f2b0ccd04cf2a7bfcf357fe88ca2,15,8,7,c52ceac3693c4644bb20f07dd8aa7103->eaf8f2b0ccd04cf2a7bfcf357fe88ca2,0.5333,mixto,Firma Electronica - Secretaría de Gobierno Digital,Empleos Públicos - Servicio Civil
8af63e063a2a42098caed55eeb24acf0,ae4caa1cb2154cac89440f3fe18251cb,15,4,11,ae4caa1cb2154cac89440f3fe18251cb->8af63e063a2a42098caed55eeb24acf0,0.7333,mixto,Acceso Clave Unica UFRO - Universidad de La Frontera,Ingreso de causas y escritos - Corporación Administrativa del Poder Judicial
495c261c0f484bd08e232f7358452c4d,a7709b21161d459298dc5dc58e77310b,15,7,8,a7709b21161d459298dc5dc58e77310b->495c261c0f484bd08e232f7358452c4d,0.5333,mixto,undefined - Comisión para el Mercado Financiero,DIPRECA - Dirección de Previsión de Carabineros de Chile
1ad6835586034de0b29f4a402b182c6c,ac8e668f620b403b9ccc6486c0e365c7,15,0,15,ac8e668f620b403b9ccc6486c0e365c7->1ad6835586034de0b29f4a402b182c6c,1.0,consistente,Comisaría Virtual 2 - Carabineros de Chile,ac8e668f620b403b9ccc6486c0e365c7
74e60dc3bc26493d81088e4d322b7c39,dd7629fec91f4599b3cf8c0dd0b984ac,15,5,10,dd7629fec91f4599b3cf8c0dd0b984ac->74e60dc3bc26493d81088e4d322b7c39,0.6667,mixto,SignPass - BPO Advisors SpA,Sucursal Virtual FONASA - Fondo Nacional de Salud
42fe5e61820647849d3cda4c6141b8d7,d254feea701346a399887b9fe59ac61a,15,4,11,d254feea701346a399887b9fe59ac61a->42fe5e61820647849d3cda4c6141b8d7,0.7333,mixto,Telecomité - Subsecretaría de Redes Asistenciales,Plataforma de Telemedicina - Subsecretaría de Redes Asistenciales
2549b51828ce40af920a932dd2102217,c39e8d94c06848008c0f7db6d3708af9,15,2,13,c39e8d94c06848008c0f7db6d3708af9->2549b51828ce40af920a932dd2102217,0.8667,mixto,undefined - Servicio de Impuestos Internos,Subsecretaría de Vivienda y Urbanismo - Cerofilas - Subsecretaría de Vivienda y Urbanismo
2549b51828ce40af920a932dd2102217,5af95b4c9eec408dad00e7b5a2a16b92,15,6,9,5af95b4c9eec408dad00e7b5a2a16b92->2549b51828ce40af920a932dd2102217,0.6,mixto,undefined - Servicio de Impuestos Internos,Servicio de Salud Tarapacá - Servicio de Salud Tarapacá
cc28da1df13d4147b5420ccc231a458e,d602a0071f3f4db8b37a87cffd89bf23,15,14,1,cc28da1df13d4147b5420ccc231a458e->d602a0071f3f4db8b37a87cffd89bf23,0.9333,consistente,Canal de denuncias - Poder Judicial,PJUD - PODER JUDICIAL
32f2a35e790544ec9e040345f8a364f3,ffaec74bfd414f8394bab077a989e27f,15,1,14,ffaec74bfd414f8394bab077a989e27f->32f2a35e790544ec9e040345f8a364f3,0.9333,consistente,Defensoría Penal Pública - DEFENSORIA PENAL PUBLICA,miChileAtiende - Instituto de Previsión Social
1e89b0b11b0e417bbd199a3aac7717ee,2ae2ca1a377048a58815f54a432f8a21,15,7,8,2ae2ca1a377048a58815f54a432f8a21->1e89b0b11b0e417bbd199a3aac7717ee,0.5333,mixto,MEVACUNO - Subsecretaría de Redes Asistenciales,Portal Paciente - Subsecretaría de Redes Asistenciales
01b56ab5b9be43e19fa06300994787ec,67339e06f4b44f78994ff4785178807a,15,7,8,67339e06f4b44f78994ff4785178807a->01b56ab5b9be43e19fa06300994787ec,0.5333,mixto,Bitácora Web - Ministerio Público,Mercado+Público - Dirección de Compras y Contratación Pública
79bvfghg9a0a8tm25d16sddg7d61d4710,d74a389b77734996ba37fa61a0d08341,15,9,6,79bvfghg9a0a8tm25d16sddg7d61d4710->d74a389b77734996ba37fa61a0d08341,0.6,mixto,Extranjeria - Secretaría de Gobierno Digital,DECLARACION JURADA - Servicio Agrícola y Ganadero
209ce526160947f0b398566cd4cbfd0d,645a4f092abd49f0820b8a5507e3dea0,15,11,4,209ce526160947f0b398566cd4cbfd0d->645a4f092abd49f0820b8a5507e3dea0,0.7333,mixto,Portal de Aplicaciones Sence - Servicio Nacional de Capacitacion y Empleo,Sistema Servicios en línea - Caja de Previsión de la Defensa Nacional
6daae6995cb245348bb2b5432ccc9948,d9cb616562904aa29dc667c21534d2e0,15,4,11,d9cb616562904aa29dc667c21534d2e0->6daae6995cb245348bb2b5432ccc9948,0.7333,mixto,DIRECTEMAR - Dirección General del Territorio Marítimo y Marina Mercante,Sucursal Virtual - AFISAN - Armada de Chile
ae4caa1cb2154cac89440f3fe18251cb,c52ceac3693c4644bb20f07dd8aa7103,15,12,3,ae4caa1cb2154cac89440f3fe18251cb->c52ceac3693c4644bb20f07dd8aa7103,0.8,mixto,Ingreso de causas y escritos - Corporación Administrativa del Poder Judicial,Firma Electronica - Secretaría de Gobierno Digital
31050e1a1dcb4c9899ba77be32449e54,ffaec74bfd414f8394bab077a989e27f,15,4,11,ffaec74bfd414f8394bab077a989e27f->31050e1a1dcb4c9899ba77be32449e54,0.7333,mixto,Bono electrónico y LME - Superintendencia de Seguridad Social,miChileAtiende - Instituto de Previsión Social
9a76efc4c34e4bd7843206658dc45454,dd02dca897074e77972f506652629762,15,5,10,dd02dca897074e77972f506652629762->9a76efc4c34e4bd7843206658dc45454,0.6667,mixto,Portal Ciudadano ClaveÚnica - Secretaría de Gobierno Digital,Resultados Subsidio Eléctrico - Subsecretaría de Energía
067325b206034a09a16597b6c55d26a8,2549b51828ce40af920a932dd2102217,15,15,0,067325b206034a09a16597b6c55d26a8->2549b51828ce40af920a932dd2102217,1.0,consistente,Red Movilidad - Subsecretaría de Transportes,undefined - Servicio de Impuestos Internos
08165f6182bc4dfc9dc1d7774508bbc6,eaf8f2b0ccd04cf2a7bfcf357fe88ca2,15,5,10,eaf8f2b0ccd04cf2a7bfcf357fe88ca2->08165f6182bc4dfc9dc1d7774508bbc6,0.6667,mixto,e-certchile - E-Cert Chile,Empleos Públicos - Servicio Civil
1eec93924a1046efbad70c851782ab8a,9a76efc4c34e4bd7843206658dc45454,15,6,9,9a76efc4c34e4bd7843206658dc45454->1eec93924a1046efbad70c851782ab8a,0.6,mixto,Trámites INAPI - Instituto Nacional de Propiedad Industrial,Portal Ciudadano ClaveÚnica - Secretaría de Gobierno Digital
347178b052294153af290d6a84589868,c5b83bbfa22c4c31a5743485b4c6e524,15,10,5,347178b052294153af290d6a84589868->c5b83bbfa22c4c31a5743485b4c6e524,0.6667,mixto,Mi Fiscalía en Línea - Ministerio Público,Bolsa Nacional de Empleo - Subsecretaría del Trabajo
51e1587ac2364f19bb4a9344841af223,6a322ad743e3464bae56d2d9b180078a,15,9,6,51e1587ac2364f19bb4a9344841af223->6a322ad743e3464bae56d2d9b180078a,0.6,mixto,www.sii.cl - Servicio de Impuestos Internos,6a322ad743e3464bae56d2d9b180078a
86144f0d3b814c1d8c013f7aade6c55d,f44bedcfbdb64a818e717b872a002abd,15,0,15,f44bedcfbdb64a818e717b872a002abd->86144f0d3b814c1d8c013f7aade6c55d,1.0,consistente,Sernac - Portal del consumidor - Servicio Nacional del Consumidor,Ingreso a Municipalidad de Santiago - Municipalidad de Santiago
347178b052294153af290d6a84589868,8c1942e0cdce4f71b53f62474322f0b7,15,10,5,347178b052294153af290d6a84589868->8c1942e0cdce4f71b53f62474322f0b7,0.6667,mixto,Mi Fiscalía en Línea - Ministerio Público,Superintendencia de Electricidad y Combustibles - SUPERINTENDECIA DE ELECTRICIDAD Y COMBUSTIBLES
eaf8f2b0ccd04cf2a7bfcf357fe88ca2,f883bd6d70b043a09837e8b888fe3f65,14,7,7,eaf8f2b0ccd04cf2a7bfcf357fe88ca2->f883bd6d70b043a09837e8b888fe3f65,0.5,mixto,Empleos Públicos - Servicio Civil,undefined - Subsecretaría de Economía y Empresas de Menor Tamaño
38b3f29fe39b4e87b5f7982165de8cf1,dd7629fec91f4599b3cf8c0dd0b984ac,14,7,7,38b3f29fe39b4e87b5f7982165de8cf1->dd7629fec91f4599b3cf8c0dd0b984ac,0.5,mixto,Portal Servel - Servicio Electoral,Sucursal Virtual FONASA - Fondo Nacional de Salud
ee00832abfba40b38335ce48a12981b5,ef1dd1f1a5b94d0eacb669f7b3ec2911,14,3,11,ef1dd1f1a5b94d0eacb669f7b3ec2911->ee00832abfba40b38335ce48a12981b5,0.7857,mixto,Autenticacion Nube  Privada - Servicio de Impuestos Internos,Mi Crédito CAE - Comisión Administradora del Sistema de Créditos para Estudios Superiores
b7c988fa6132435480b57f66696827fd,d602a0071f3f4db8b37a87cffd89bf23,14,2,12,d602a0071f3f4db8b37a87cffd89bf23->b7c988fa6132435480b57f66696827fd,0.8571,mixto,Pase Cultural - Subsecretaría de Evaluación Social,PJUD - PODER JUDICIAL
d74a389b77734996ba37fa61a0d08341,ffaec74bfd414f8394bab077a989e27f,14,7,7,d74a389b77734996ba37fa61a0d08341->ffaec74bfd414f8394bab077a989e27f,0.5,mixto,DECLARACION JURADA - Servicio Agrícola y Ganadero,miChileAtiende - Instituto de Previsión Social
399e7fc266894562850261cfbc06b992,f883bd6d70b043a09837e8b888fe3f65,14,3,11,f883bd6d70b043a09837e8b888fe3f65->399e7fc266894562850261cfbc06b992,0.7857,mixto,Denuncia en Linea - Ministerio Público,undefined - Subsecretaría de Economía y Empresas de Menor Tamaño
cb9e2b9dd1cd44c5b7d4fdcfbbf3f5e0,fb3957569a8d49528c3571bcb4703f55,14,3,11,fb3957569a8d49528c3571bcb4703f55->cb9e2b9dd1cd44c5b7d4fdcfbbf3f5e0,0.7857,mixto,Portal Usuario 2.0 - Subsecretaría de Justicia,MINVU - Subsecretaría de Vivienda y Urbanismo
67339e06f4b44f78994ff4785178807a,9f88dc88029e42d3a5b082ab396be6d3,14,6,8,9f88dc88029e42d3a5b082ab396be6d3->67339e06f4b44f78994ff4785178807a,0.5714,mixto,Mercado+Público - Dirección de Compras y Contratación Pública,Sistema de Postulación Único - Carabineros de Chile
495c261c0f484bd08e232f7358452c4d,c5b83bbfa22c4c31a5743485b4c6e524,14,2,12,c5b83bbfa22c4c31a5743485b4c6e524->495c261c0f484bd08e232f7358452c4d,0.8571,mixto,undefined - Comisión para el Mercado Financiero,Bolsa Nacional de Empleo - Subsecretaría del Trabajo
0de46482bc4d409c86f652534e4b47eb,2a4a00c47ac6468395984ee10ebc8dc3,14,12,2,0de46482bc4d409c86f652534e4b47eb->2a4a00c47ac6468395984ee10ebc8dc3,0.8571,mixto,documentos - cyberdocs - Servicio Nacional del Patrimonio Cultural,Portal único de Trámites SERPAT - Servicio Nacional del Patrimonio Cultural
2e0f9d54f6534336a19fffacd7b6af40,4a94478dd25f4430a0a023b87e11170d,14,3,11,4a94478dd25f4430a0a023b87e11170d->2e0f9d54f6534336a19fffacd7b6af40,0.7857,mixto,Sitio Web UNO Privado - AFP Uno,Milicenciamedica.cl - Subsecretaría de Salud Pública
67339e06f4b44f78994ff4785178807a,a6c534b36789447fbed6b8d4f60d3d1a,14,10,4,67339e06f4b44f78994ff4785178807a->a6c534b36789447fbed6b8d4f60d3d1a,0.7143,mixto,Mercado+Público - Dirección de Compras y Contratación Pública,Tramites DEP - Dirección de Educación Pública
4060f34dc33042fda53efdfd0594b679,9c9359fefd164d388f8a5edc2bac301e,14,5,9,9c9359fefd164d388f8a5edc2bac301e->4060f34dc33042fda53efdfd0594b679,0.6429,mixto,Capacitación ChileCompra - Dirección ChileCompra,Contraloría - Contraloría General de la República
5ad019e5f0e445e8b37fc4ed60a3447c,f883bd6d70b043a09837e8b888fe3f65,14,0,14,f883bd6d70b043a09837e8b888fe3f65->5ad019e5f0e445e8b37fc4ed60a3447c,1.0,consistente,5ad019e5f0e445e8b37fc4ed60a3447c,undefined - Subsecretaría de Economía y Empresas de Menor Tamaño
4a94478dd25f4430a0a023b87e11170d,d6d4327ae40445518a3c8a6e62137cd6,14,7,7,4a94478dd25f4430a0a023b87e11170d->d6d4327ae40445518a3c8a6e62137cd6,0.5,mixto,Milicenciamedica.cl - Subsecretaría de Salud Pública,Gobierno Digital Simple - Secretaría de Gobierno Digital
dab6b8ce23604fa7b9ace2c2121d943e,fe1194092c934e70b824f3014a2f020d,14,10,4,dab6b8ce23604fa7b9ace2c2121d943e->fe1194092c934e70b824f3014a2f020d,0.7143,mixto,Intranet MSGG - Ministerio Secretaría General de Gobierno,Portal Único de Fondos Concursables del Estado - Subsecretaría General de Gobierno
56da1c80cfea4a5b83326bfef271fc3e,74e60dc3bc26493d81088e4d322b7c39,14,6,8,74e60dc3bc26493d81088e4d322b7c39->56da1c80cfea4a5b83326bfef271fc3e,0.5714,mixto,Escritorio de Aplicaciones - Ministerio Público,SignPass - BPO Advisors SpA
52449c34bb1e47fe81802bf322dae8ee,645a4f092abd49f0820b8a5507e3dea0,14,6,8,645a4f092abd49f0820b8a5507e3dea0->52449c34bb1e47fe81802bf322dae8ee,0.5714,mixto,bcm2.sii.cl - Servicio de Impuestos Internos,Sistema Servicios en línea - Caja de Previsión de la Defensa Nacional
638aea308ffb483198d5c1387e2cc017,67eb30db49f240b08ab2b3f422f92cdf,14,10,4,638aea308ffb483198d5c1387e2cc017->67eb30db49f240b08ab2b3f422f92cdf,0.7143,mixto,"Portal ""Mi SUPERIR"" - Superintendencia de Insolvencia y Reemprendimiento",Portal MiDT - Dirección del Trabajo
67eb30db49f240b08ab2b3f422f92cdf,b9e3f79c40594953af24e9a43eba4e0c,14,8,6,67eb30db49f240b08ab2b3f422f92cdf->b9e3f79c40594953af24e9a43eba4e0c,0.5714,mixto,Portal MiDT - Dirección del Trabajo,e-Digital - E-Digital PKI SpA.
3752375735a74ae09881a820a0b7d394,f883bd6d70b043a09837e8b888fe3f65,14,3,11,f883bd6d70b043a09837e8b888fe3f65->3752375735a74ae09881a820a0b7d394,0.7857,mixto,Solicitud de Pasavantes Online - Servicio Nacional de Aduanas,undefined - Subsecretaría de Economía y Empresas de Menor Tamaño
6daae6995cb245348bb2b5432ccc9948,8c2eff865c5f40dbae0d6ccbc47e1d9c,14,5,9,8c2eff865c5f40dbae0d6ccbc47e1d9c->6daae6995cb245348bb2b5432ccc9948,0.6429,mixto,DIRECTEMAR - Dirección General del Territorio Marítimo y Marina Mercante,Direccion del Trabajo - DIRECCION DEL TRABAJO
5492b6e4db6948aca469c21d05b18721,5ad019e5f0e445e8b37fc4ed60a3447c,14,14,0,5492b6e4db6948aca469c21d05b18721->5ad019e5f0e445e8b37fc4ed60a3447c,1.0,consistente,Ley del Lobby - Comisión para la Integridad PÚblica y Transparencia,5ad019e5f0e445e8b37fc4ed60a3447c
43c343dfece141d18c16ef26fca862c7,fea91b9f08cc4f54a295711a70734a22,14,12,2,43c343dfece141d18c16ef26fca862c7->fea91b9f08cc4f54a295711a70734a22,0.8571,mixto,DOM Digital - Municipalidad de Llanquihue,fea91b9f08cc4f54a295711a70734a22
430f7e4799cf4b2581c70a60115bbbed,eae6a8d122774db4ba88162a875db6a6,14,12,2,430f7e4799cf4b2581c70a60115bbbed->eae6a8d122774db4ba88162a875db6a6,0.8571,mixto,Ingreso solicitudes DT - Subsecretaría de Salud Pública,Recetas en línea - Acceso Químico farmacéutico - Subsecretaría de Salud Pública
5f686fded1294c02a7a5c3298f2eec5b,ee1016d1de3347b79368186e86dfc2c2,14,6,8,ee1016d1de3347b79368186e86dfc2c2->5f686fded1294c02a7a5c3298f2eec5b,0.5714,mixto,Sistema SEIM - Subsecretaría de Transportes,DOM Digital - municipalidad de puerto montt
4234d86a351e4a7e9ea293e33836ae45,64d9be8046574fbfbc1fb14c9912afea,14,7,7,4234d86a351e4a7e9ea293e33836ae45->64d9be8046574fbfbc1fb14c9912afea,0.5,mixto,Oficina Virtual DGA - Dirección General de Aguas,ASDigital - Ministerio de salud
67339e06f4b44f78994ff4785178807a,c2f8201a4d224d81babdcea072e5cec4,14,5,9,c2f8201a4d224d81babdcea072e5cec4->67339e06f4b44f78994ff4785178807a,0.6429,mixto,Mercado+Público - Dirección de Compras y Contratación Pública,https://tramites.subtel.gob.cl - Subsecretaría de Telecomunicaciones
59dd121f53ac44ddb03bf52488eec671,c6f7ed5bd4954356b00aac92c9fff41a,14,3,11,c6f7ed5bd4954356b00aac92c9fff41a->59dd121f53ac44ddb03bf52488eec671,0.7857,mixto,.SCSE. - Subsecretaría de Hacienda,Transformación Digital - Subsecretaría General de la Presidencia de la República
9ae54d261e454c93ae1c2cdec0fd03e6,c5b83bbfa22c4c31a5743485b4c6e524,14,8,6,9ae54d261e454c93ae1c2cdec0fd03e6->c5b83bbfa22c4c31a5743485b4c6e524,0.5714,mixto,Login certificado afiliacion - Fondo Nacional de Salud,Bolsa Nacional de Empleo - Subsecretaría del Trabajo
6daae6995cb245348bb2b5432ccc9948,94d27864f86d422faa68efccb908cc34,14,10,4,6daae6995cb245348bb2b5432ccc9948->94d27864f86d422faa68efccb908cc34,0.7143,mixto,DIRECTEMAR - Dirección General del Territorio Marítimo y Marina Mercante,94d27864f86d422faa68efccb908cc34
ae4caa1cb2154cac89440f3fe18251cb,dd02dca897074e77972f506652629762,14,6,8,dd02dca897074e77972f506652629762->ae4caa1cb2154cac89440f3fe18251cb,0.5714,mixto,Ingreso de causas y escritos - Corporación Administrativa del Poder Judicial,Resultados Subsidio Eléctrico - Subsecretaría de Energía
2549b51828ce40af920a932dd2102217,64b50202d6b74bfcb78c7342823e0f4f,14,8,6,2549b51828ce40af920a932dd2102217->64b50202d6b74bfcb78c7342823e0f4f,0.5714,mixto,undefined - Servicio de Impuestos Internos,Cesantía - Comisión Administradora de Sistema de Créditos para Estudios Superiores
3af2d18b09e6443fa289e956fc10669f,dc821110e3f34bf3984d61955ced2e69,14,5,9,dc821110e3f34bf3984d61955ced2e69->3af2d18b09e6443fa289e956fc10669f,0.6429,mixto,Red Movilidad - Subsecretaría de Transportes,Licencia de Conducir Digital - Subsecretaría de Transportes
2549b51828ce40af920a932dd2102217,3009f6f4befb498fbed7dbf1b189f47c,14,7,7,2549b51828ce40af920a932dd2102217->3009f6f4befb498fbed7dbf1b189f47c,0.5,mixto,undefined - Servicio de Impuestos Internos,Sistema Electrónico de Postulación - Comision Nacional de Riego
95b7bf6083634811b6ec1552e2ed5fad,d602a0071f3f4db8b37a87cffd89bf23,14,12,2,95b7bf6083634811b6ec1552e2ed5fad->d602a0071f3f4db8b37a87cffd89bf23,0.8571,mixto,Gestión Telesalud - Subsecretaría de Redes Asistenciales,PJUD - PODER JUDICIAL
64b50202d6b74bfcb78c7342823e0f4f,eaf8f2b0ccd04cf2a7bfcf357fe88ca2,14,11,3,64b50202d6b74bfcb78c7342823e0f4f->eaf8f2b0ccd04cf2a7bfcf357fe88ca2,0.7857,mixto,Cesantía - Comisión Administradora de Sistema de Créditos para Estudios Superiores,Empleos Públicos - Servicio Civil
2e0f9d54f6534336a19fffacd7b6af40,ffaec74bfd414f8394bab077a989e27f,14,3,11,ffaec74bfd414f8394bab077a989e27f->2e0f9d54f6534336a19fffacd7b6af40,0.7857,mixto,Sitio Web UNO Privado - AFP Uno,miChileAtiende - Instituto de Previsión Social
006b85a984e94ce88ddb035ec01b2d70,4060f34dc33042fda53efdfd0594b679,14,4,10,4060f34dc33042fda53efdfd0594b679->006b85a984e94ce88ddb035ec01b2d70,0.7143,mixto,006b85a984e94ce88ddb035ec01b2d70,Capacitación ChileCompra - Dirección ChileCompra
399e7fc266894562850261cfbc06b992,dd7629fec91f4599b3cf8c0dd0b984ac,14,4,10,dd7629fec91f4599b3cf8c0dd0b984ac->399e7fc266894562850261cfbc06b992,0.7143,mixto,Denuncia en Linea - Ministerio Público,Sucursal Virtual FONASA - Fondo Nacional de Salud
1bb1657eb2eb43808f0529810258aa3b,9a76efc4c34e4bd7843206658dc45454,14,11,3,1bb1657eb2eb43808f0529810258aa3b->9a76efc4c34e4bd7843206658dc45454,0.7857,mixto,Autenticación Sistemas DPP - Defensoría Penal Pública,Portal Ciudadano ClaveÚnica - Secretaría de Gobierno Digital
0dfdb4894c0e486faae2751590db44b8,d602a0071f3f4db8b37a87cffd89bf23,14,7,7,0dfdb4894c0e486faae2751590db44b8->d602a0071f3f4db8b37a87cffd89bf23,0.5,mixto,Trámites Online MBN - Subsecretaría de Bienes Nacionales,PJUD - PODER JUDICIAL
209ce526160947f0b398566cd4cbfd0d,38b3f29fe39b4e87b5f7982165de8cf1,14,9,5,209ce526160947f0b398566cd4cbfd0d->38b3f29fe39b4e87b5f7982165de8cf1,0.6429,mixto,Portal de Aplicaciones Sence - Servicio Nacional de Capacitacion y Empleo,Portal Servel - Servicio Electoral
347178b052294153af290d6a84589868,44db06efed134a91bffa7407f60d7979,14,11,3,347178b052294153af290d6a84589868->44db06efed134a91bffa7407f60d7979,0.7857,mixto,Mi Fiscalía en Línea - Ministerio Público,Tramitación Eletrónica TC - Tribunal Constitucional de Chile
c82f84bf3f2b451393445a0cb6883665,d0b1e3a4c2434e65be47566dcc3e2ee0,14,3,11,d0b1e3a4c2434e65be47566dcc3e2ee0->c82f84bf3f2b451393445a0cb6883665,0.7857,mixto,Ventanilla Única Social - Subsecretaría de Evaluación Social,Municipalidad de Los Angeles - Ilustre Municipalidad de Los Angeles
5492b6e4db6948aca469c21d05b18721,558b533275bd41bca3094acb6a85113a,14,12,2,5492b6e4db6948aca469c21d05b18721->558b533275bd41bca3094acb6a85113a,0.8571,mixto,Ley del Lobby - Comisión para la Integridad PÚblica y Transparencia,Servicio de Evaluación Ambiental - Servicio de Evaluación Ambiental
4ef0ced873174ee9afc306e414132c72,67eb30db49f240b08ab2b3f422f92cdf,14,10,4,4ef0ced873174ee9afc306e414132c72->67eb30db49f240b08ab2b3f422f92cdf,0.7143,mixto,Carabineros de Chile - Cerofilas - Carabineros de Chile,Portal MiDT - Dirección del Trabajo
5f686fded1294c02a7a5c3298f2eec5b,67339e06f4b44f78994ff4785178807a,14,7,7,5f686fded1294c02a7a5c3298f2eec5b->67339e06f4b44f78994ff4785178807a,0.5,mixto,Sistema SEIM - Subsecretaría de Transportes,Mercado+Público - Dirección de Compras y Contratación Pública
2549b51828ce40af920a932dd2102217,7f2c2c35a2de4624ad938147f73f271a,14,5,9,7f2c2c35a2de4624ad938147f73f271a->2549b51828ce40af920a932dd2102217,0.6429,mixto,undefined - Servicio de Impuestos Internos,Registro Nacional de Mascotas y Animales de Compañía - Subsecretaría de Desarrollo Regional y Administrativo
9a76efc4c34e4bd7843206658dc45454,b1b009877e0c4e0790fd92559d853d69,14,11,3,9a76efc4c34e4bd7843206658dc45454->b1b009877e0c4e0790fd92559d853d69,0.7857,mixto,Portal Ciudadano ClaveÚnica - Secretaría de Gobierno Digital,Mi Súper - Superintendencia de Salud
0f33ab6447034fe49d1629353a119e47,c5b83bbfa22c4c31a5743485b4c6e524,14,7,7,0f33ab6447034fe49d1629353a119e47->c5b83bbfa22c4c31a5743485b4c6e524,0.5,mixto,Superintendencia en Línea - Mi Portal - Superintendencia de Seguridad Social,Bolsa Nacional de Empleo - Subsecretaría del Trabajo
ab2dd6e0890c4b5483973add6fa1b91b,e1ce4963b14f4377a473c48630795a8c,14,6,8,e1ce4963b14f4377a473c48630795a8c->ab2dd6e0890c4b5483973add6fa1b91b,0.5714,mixto,Sercotec - Servicio de Cooperación Técnica,Chequeo Digital - Subsecretaría de Economía y Empresas de Menor Tamaño
94d27864f86d422faa68efccb908cc34,c5b83bbfa22c4c31a5743485b4c6e524,14,5,9,c5b83bbfa22c4c31a5743485b4c6e524->94d27864f86d422faa68efccb908cc34,0.6429,mixto,94d27864f86d422faa68efccb908cc34,Bolsa Nacional de Empleo - Subsecretaría del Trabajo
38b3f29fe39b4e87b5f7982165de8cf1,67eb30db49f240b08ab2b3f422f92cdf,14,10,4,38b3f29fe39b4e87b5f7982165de8cf1->67eb30db49f240b08ab2b3f422f92cdf,0.7143,mixto,Portal Servel - Servicio Electoral,Portal MiDT - Dirección del Trabajo
67eb30db49f240b08ab2b3f422f92cdf,d0b1e3a4c2434e65be47566dcc3e2ee0,14,8,6,67eb30db49f240b08ab2b3f422f92cdf->d0b1e3a4c2434e65be47566dcc3e2ee0,0.5714,mixto,Portal MiDT - Dirección del Trabajo,Municipalidad de Los Angeles - Ilustre Municipalidad de Los Angeles
347178b052294153af290d6a84589868,e423b8339a57485d8b524937d93e4f44,14,4,10,e423b8339a57485d8b524937d93e4f44->347178b052294153af290d6a84589868,0.7143,mixto,Mi Fiscalía en Línea - Ministerio Público,SIMPLE - Gendarmería de Chile
495c261c0f484bd08e232f7358452c4d,bf676d9b342d438d8bd0b02c718133af,14,4,10,bf676d9b342d438d8bd0b02c718133af->495c261c0f484bd08e232f7358452c4d,0.7143,mixto,undefined - Comisión para el Mercado Financiero,Firmador MOP - Subsecretaría de Obras Públicas
67339e06f4b44f78994ff4785178807a,fdd7e5cf453e42d7b8cb2334d3a7bff9,14,9,5,67339e06f4b44f78994ff4785178807a->fdd7e5cf453e42d7b8cb2334d3a7bff9,0.6429,mixto,Mercado+Público - Dirección de Compras y Contratación Pública,Telesalud - Subsecretaría de Redes Asistenciales
4830b97416a14d1485ccb85c9f9baa4e,86144f0d3b814c1d8c013f7aade6c55d,14,11,3,4830b97416a14d1485ccb85c9f9baa4e->86144f0d3b814c1d8c013f7aade6c55d,0.7857,mixto,Trámites SP - Superintendencia de Penssiones,Sernac - Portal del consumidor - Servicio Nacional del Consumidor
6daae6995cb245348bb2b5432ccc9948,d5467ebcfbbe45c3812623d33e609d18,14,2,12,d5467ebcfbbe45c3812623d33e609d18->6daae6995cb245348bb2b5432ccc9948,0.8571,mixto,DIRECTEMAR - Dirección General del Territorio Marítimo y Marina Mercante,Sistema Trazabilidad - Servicio Nacional de Pesca y Acuicultura
9f88dc88029e42d3a5b082ab396be6d3,e8dde9d26979498786c6ba5a82f70ad3,14,12,2,9f88dc88029e42d3a5b082ab396be6d3->e8dde9d26979498786c6ba5a82f70ad3,0.8571,mixto,Sistema de Postulación Único - Carabineros de Chile,"undefined - Sociedad Administradora de Fondos de Cesantía de Chile II S.A., AFC Chile"
2549b51828ce40af920a932dd2102217,a3d2f5bccc104cf6bdd3817c86236b0e,14,4,10,a3d2f5bccc104cf6bdd3817c86236b0e->2549b51828ce40af920a932dd2102217,0.7143,mixto,undefined - Servicio de Impuestos Internos,Sistema Ambiente Proveedores - Central de Abastecimiento del Sistema Nacional de Servicios de Salud
91f3f86897ff4ae39e50cbd7035fa8af,fd595f24910c4126b7398b3e081af528,14,7,7,91f3f86897ff4ae39e50cbd7035fa8af->fd595f24910c4126b7398b3e081af528,0.5,mixto,APIs Receta Electrónica - Subsecretaría de Salud Pública,Instituto Seguridad Laboral - Instituto Seguridad Laboral
123,ddf47b043bc04fa0bd7d61b8af3f9b2c,14,6,8,ddf47b043bc04fa0bd7d61b8af3f9b2c->123,0.5714,mixto,Registro Civil - SRCeI,Autenticacion UChile - Universidad de Chile
0de46482bc4d409c86f652534e4b47eb,6a322ad743e3464bae56d2d9b180078a,14,5,9,6a322ad743e3464bae56d2d9b180078a->0de46482bc4d409c86f652534e4b47eb,0.6429,mixto,documentos - cyberdocs - Servicio Nacional del Patrimonio Cultural,6a322ad743e3464bae56d2d9b180078a
1eec93924a1046efbad70c851782ab8a,6a322ad743e3464bae56d2d9b180078a,14,9,5,1eec93924a1046efbad70c851782ab8a->6a322ad743e3464bae56d2d9b180078a,0.6429,mixto,Trámites INAPI - Instituto Nacional de Propiedad Industrial,6a322ad743e3464bae56d2d9b180078a
ae54454684154c25bd33c6e04609652b,f883bd6d70b043a09837e8b888fe3f65,14,9,5,ae54454684154c25bd33c6e04609652b->f883bd6d70b043a09837e8b888fe3f65,0.6429,mixto,Sistema de Apelación Contra de Isapres - Subsecretaría de Salud Pública,undefined - Subsecretaría de Economía y Empresas de Menor Tamaño
1ad6835586034de0b29f4a402b182c6c,9ae54d261e454c93ae1c2cdec0fd03e6,14,12,2,1ad6835586034de0b29f4a402b182c6c->9ae54d261e454c93ae1c2cdec0fd03e6,0.8571,mixto,Comisaría Virtual 2 - Carabineros de Chile,Login certificado afiliacion - Fondo Nacional de Salud
0f33ab6447034fe49d1629353a119e47,1bb1657eb2eb43808f0529810258aa3b,14,2,12,1bb1657eb2eb43808f0529810258aa3b->0f33ab6447034fe49d1629353a119e47,0.8571,mixto,Superintendencia en Línea - Mi Portal - Superintendencia de Seguridad Social,Autenticación Sistemas DPP - Defensoría Penal Pública
67eb30db49f240b08ab2b3f422f92cdf,dfd423dde87b47d382b736a15a36ac68,14,12,2,67eb30db49f240b08ab2b3f422f92cdf->dfd423dde87b47d382b736a15a36ac68,0.8571,mixto,Portal MiDT - Dirección del Trabajo,App La Florida - Municipalidad de La Florida
006b85a984e94ce88ddb035ec01b2d70,eaf8f2b0ccd04cf2a7bfcf357fe88ca2,14,7,7,006b85a984e94ce88ddb035ec01b2d70->eaf8f2b0ccd04cf2a7bfcf357fe88ca2,0.5,mixto,006b85a984e94ce88ddb035ec01b2d70,Empleos Públicos - Servicio Civil
7249a9adb1c343aba8db068dbe0c3795,7d0c4697a4f849e38021ccb192e0b4a7,14,3,11,7d0c4697a4f849e38021ccb192e0b4a7->7249a9adb1c343aba8db068dbe0c3795,0.7857,mixto,Simple Trámites - Subsecretaría de Evaluación Social,"Niños, Niñas y Adolescentes - Subsecretaría de Evaluación Social"
d5dac98442bb425ba884809990aa064d,f883bd6d70b043a09837e8b888fe3f65,14,8,6,d5dac98442bb425ba884809990aa064d->f883bd6d70b043a09837e8b888fe3f65,0.5714,mixto,Sistema Gestión Expedientes - Subsecretaría de Economía y Empresas de Menor Tamaño,undefined - Subsecretaría de Economía y Empresas de Menor Tamaño
91f3f86897ff4ae39e50cbd7035fa8af,c567f19e4b0b409491faa28b331bf1d3,14,4,10,c567f19e4b0b409491faa28b331bf1d3->91f3f86897ff4ae39e50cbd7035fa8af,0.7143,mixto,APIs Receta Electrónica - Subsecretaría de Salud Pública,c567f19e4b0b409491faa28b331bf1d3
4ef0ced873174ee9afc306e414132c72,9ae54d261e454c93ae1c2cdec0fd03e6,14,7,7,4ef0ced873174ee9afc306e414132c72->9ae54d261e454c93ae1c2cdec0fd03e6,0.5,mixto,Carabineros de Chile - Cerofilas - Carabineros de Chile,Login certificado afiliacion - Fondo Nacional de Salud
08165f6182bc4dfc9dc1d7774508bbc6,dcd0b6134a8846c1ac7171f8530945ab,13,7,6,08165f6182bc4dfc9dc1d7774508bbc6->dcd0b6134a8846c1ac7171f8530945ab,0.5385,mixto,e-certchile - E-Cert Chile,Identidad Única - Ministerio de Vivienda y Urbanismo - Subsecretaría de Vivienda y Urbanismo
7249a9adb1c343aba8db068dbe0c3795,c63d7e67e1f8454386089193582563ea,13,6,7,c63d7e67e1f8454386089193582563ea->7249a9adb1c343aba8db068dbe0c3795,0.5385,mixto,Simple Trámites - Subsecretaría de Evaluación Social,Campus Virtual - Subsecretaría de Evaluación Social
51e1587ac2364f19bb4a9344841af223,c82f84bf3f2b451393445a0cb6883665,13,3,10,c82f84bf3f2b451393445a0cb6883665->51e1587ac2364f19bb4a9344841af223,0.7692,mixto,www.sii.cl - Servicio de Impuestos Internos,Ventanilla Única Social - Subsecretaría de Evaluación Social
5f686fded1294c02a7a5c3298f2eec5b,671dca542e094f3d90cb15883bd89274,13,7,6,5f686fded1294c02a7a5c3298f2eec5b->671dca542e094f3d90cb15883bd89274,0.5385,mixto,Sistema SEIM - Subsecretaría de Transportes,DOM Digital - Municipalidad de San Pedro de la Paz
94d27864f86d422faa68efccb908cc34,be09a0ddbb9b4c4aaf78903e0ca27a75,13,2,11,be09a0ddbb9b4c4aaf78903e0ca27a75->94d27864f86d422faa68efccb908cc34,0.8462,mixto,94d27864f86d422faa68efccb908cc34,Contingencia - Comisión Administradora de Sistema de Créditos para Estudios Superiores
88d08ee1a5384a7fbe4bfddb8928ce82,d8420be9114342368d9bc32882809746,13,6,7,d8420be9114342368d9bc32882809746->88d08ee1a5384a7fbe4bfddb8928ce82,0.5385,mixto,Sistema Midas - Subsecretaría de Salud Pública,Plataforma Atención Remota - Subsecretaría de Redes Asistenciales
4a94478dd25f4430a0a023b87e11170d,75beb592846a4eb3a6859376d1e1063b,13,6,7,75beb592846a4eb3a6859376d1e1063b->4a94478dd25f4430a0a023b87e11170d,0.5385,mixto,Milicenciamedica.cl - Subsecretaría de Salud Pública,Hospital En Tus Manos - Servicio Salud Antofagasta
e8dde9d26979498786c6ba5a82f70ad3,fd595f24910c4126b7398b3e081af528,13,7,6,e8dde9d26979498786c6ba5a82f70ad3->fd595f24910c4126b7398b3e081af528,0.5385,mixto,"undefined - Sociedad Administradora de Fondos de Cesantía de Chile II S.A., AFC Chile",Instituto Seguridad Laboral - Instituto Seguridad Laboral
38b3f29fe39b4e87b5f7982165de8cf1,dc821110e3f34bf3984d61955ced2e69,13,11,2,38b3f29fe39b4e87b5f7982165de8cf1->dc821110e3f34bf3984d61955ced2e69,0.8462,mixto,Portal Servel - Servicio Electoral,Licencia de Conducir Digital - Subsecretaría de Transportes
2ae2ca1a377048a58815f54a432f8a21,347178b052294153af290d6a84589868,13,9,4,2ae2ca1a377048a58815f54a432f8a21->347178b052294153af290d6a84589868,0.6923,mixto,Portal Paciente - Subsecretaría de Redes Asistenciales,Mi Fiscalía en Línea - Ministerio Público
123,c2f8201a4d224d81babdcea072e5cec4,13,4,9,c2f8201a4d224d81babdcea072e5cec4->123,0.6923,mixto,Registro Civil - SRCeI,https://tramites.subtel.gob.cl - Subsecretaría de Telecomunicaciones
e7c03dd9e5044ca7a0945b6bbe4be826,e8dde9d26979498786c6ba5a82f70ad3,13,8,5,e7c03dd9e5044ca7a0945b6bbe4be826->e8dde9d26979498786c6ba5a82f70ad3,0.6154,mixto,IFE Laboral - Servicio Nacional de Capacitación y Empleo,"undefined - Sociedad Administradora de Fondos de Cesantía de Chile II S.A., AFC Chile"
2ff516ac74a44ebfa3a522adbde28a0f,ef1dd1f1a5b94d0eacb669f7b3ec2911,13,8,5,2ff516ac74a44ebfa3a522adbde28a0f->ef1dd1f1a5b94d0eacb669f7b3ec2911,0.6154,mixto,E-Sign ClaveÚnica - ESIGN S.A.,Mi Crédito CAE - Comisión Administradora del Sistema de Créditos para Estudios Superiores
209ce526160947f0b398566cd4cbfd0d,9ae54d261e454c93ae1c2cdec0fd03e6,13,6,7,9ae54d261e454c93ae1c2cdec0fd03e6->209ce526160947f0b398566cd4cbfd0d,0.5385,mixto,Portal de Aplicaciones Sence - Servicio Nacional de Capacitacion y Empleo,Login certificado afiliacion - Fondo Nacional de Salud
5aa1a66c9e844e18a4a41740ed4aa476,9a76efc4c34e4bd7843206658dc45454,13,1,12,9a76efc4c34e4bd7843206658dc45454->5aa1a66c9e844e18a4a41740ed4aa476,0.9231,consistente,Recetas en línea - Acceso Prescriptor - Subsecretaría de Salud Pública,Portal Ciudadano ClaveÚnica - Secretaría de Gobierno Digital
209ce526160947f0b398566cd4cbfd0d,4ef0ced873174ee9afc306e414132c72,13,1,12,4ef0ced873174ee9afc306e414132c72->209ce526160947f0b398566cd4cbfd0d,0.9231,consistente,Portal de Aplicaciones Sence - Servicio Nacional de Capacitacion y Empleo,Carabineros de Chile - Cerofilas - Carabineros de Chile
4f4d89fa8ce34da19ecb340c1d267a3e,67eb30db49f240b08ab2b3f422f92cdf,13,8,5,4f4d89fa8ce34da19ecb340c1d267a3e->67eb30db49f240b08ab2b3f422f92cdf,0.6154,mixto,Registro Nacional de MiPymes - Subsecretaría de Economía y Empresas de Menor Tamaño,Portal MiDT - Dirección del Trabajo
64d9be8046574fbfbc1fb14c9912afea,8b6597a56ec4424ca8d71fdfd2827ff9,13,10,3,64d9be8046574fbfbc1fb14c9912afea->8b6597a56ec4424ca8d71fdfd2827ff9,0.7692,mixto,ASDigital - Ministerio de salud,DOM DIGITAL - Municipalidad de Curicó
b972e814004e4624a566f308901cca7c,d6d4327ae40445518a3c8a6e62137cd6,13,8,5,b972e814004e4624a566f308901cca7c->d6d4327ae40445518a3c8a6e62137cd6,0.6154,mixto,DocDigital Versión 3 - Subsecretaría General de la Presidencia de la República,Gobierno Digital Simple - Secretaría de Gobierno Digital
ae4caa1cb2154cac89440f3fe18251cb,fb944d98fea445bda57de000993d3e25,13,6,7,fb944d98fea445bda57de000993d3e25->ae4caa1cb2154cac89440f3fe18251cb,0.5385,mixto,Ingreso de causas y escritos - Corporación Administrativa del Poder Judicial,Accede a tu Portal Paciente - Servicio de Salud Maule
31050e1a1dcb4c9899ba77be32449e54,6a322ad743e3464bae56d2d9b180078a,13,2,11,6a322ad743e3464bae56d2d9b180078a->31050e1a1dcb4c9899ba77be32449e54,0.8462,mixto,Bono electrónico y LME - Superintendencia de Seguridad Social,6a322ad743e3464bae56d2d9b180078a
eaf8f2b0ccd04cf2a7bfcf357fe88ca2,ef1dd1f1a5b94d0eacb669f7b3ec2911,13,6,7,ef1dd1f1a5b94d0eacb669f7b3ec2911->eaf8f2b0ccd04cf2a7bfcf357fe88ca2,0.5385,mixto,Empleos Públicos - Servicio Civil,Mi Crédito CAE - Comisión Administradora del Sistema de Créditos para Estudios Superiores
a77e76b1e0eb4cc3ae3a1df547fbf4cb,c82f84bf3f2b451393445a0cb6883665,13,10,3,a77e76b1e0eb4cc3ae3a1df547fbf4cb->c82f84bf3f2b451393445a0cb6883665,0.7692,mixto,Prácticas Chile - Dirección Nacional del Servicio Civil,Ventanilla Única Social - Subsecretaría de Evaluación Social
4060f34dc33042fda53efdfd0594b679,4a9c2f22f9d047569a0ceafcb9741033,13,11,2,4060f34dc33042fda53efdfd0594b679->4a9c2f22f9d047569a0ceafcb9741033,0.8462,mixto,Capacitación ChileCompra - Dirección ChileCompra,Campus Servicio Civil - Dirección Nacional del Servicio Civil
3d639e0a581e4afbbc3976eed669f5c6,ab2dd6e0890c4b5483973add6fa1b91b,13,8,5,3d639e0a581e4afbbc3976eed669f5c6->ab2dd6e0890c4b5483973add6fa1b91b,0.6154,mixto,Mi Portal de Emprendimiento - Subsecretaría de Evaluación Social,Sercotec - Servicio de Cooperación Técnica
f2eaffaf45b84b9c8e39cc303a97e9d7,f5d8ddb9e3924b09901a9ce38dddc362,13,7,6,f2eaffaf45b84b9c8e39cc303a97e9d7->f5d8ddb9e3924b09901a9ce38dddc362,0.5385,mixto,SIMPLE - Secretaría de Gobierno Digital,Single Sign-On - Subsecretaría de Transportes
9ae54d261e454c93ae1c2cdec0fd03e6,dc821110e3f34bf3984d61955ced2e69,13,9,4,9ae54d261e454c93ae1c2cdec0fd03e6->dc821110e3f34bf3984d61955ced2e69,0.6923,mixto,Login certificado afiliacion - Fondo Nacional de Salud,Licencia de Conducir Digital - Subsecretaría de Transportes
40dd6d22197543669fba285cd158079f,64d9be8046574fbfbc1fb14c9912afea,13,4,9,64d9be8046574fbfbc1fb14c9912afea->40dd6d22197543669fba285cd158079f,0.6923,mixto,Dom digital - Municipalidad de Valdivia,ASDigital - Ministerio de salud
dc821110e3f34bf3984d61955ced2e69,eaf8f2b0ccd04cf2a7bfcf357fe88ca2,13,9,4,dc821110e3f34bf3984d61955ced2e69->eaf8f2b0ccd04cf2a7bfcf357fe88ca2,0.6923,mixto,Licencia de Conducir Digital - Subsecretaría de Transportes,Empleos Públicos - Servicio Civil
5492b6e4db6948aca469c21d05b18721,91f3f86897ff4ae39e50cbd7035fa8af,13,8,5,5492b6e4db6948aca469c21d05b18721->91f3f86897ff4ae39e50cbd7035fa8af,0.6154,mixto,Ley del Lobby - Comisión para la Integridad PÚblica y Transparencia,APIs Receta Electrónica - Subsecretaría de Salud Pública
6bcf44d8a73c473cb78f0cb92508a232,dc821110e3f34bf3984d61955ced2e69,13,4,9,dc821110e3f34bf3984d61955ced2e69->6bcf44d8a73c473cb78f0cb92508a232,0.6923,mixto,6bcf44d8a73c473cb78f0cb92508a232,Licencia de Conducir Digital - Subsecretaría de Transportes
67339e06f4b44f78994ff4785178807a,f31ed616d84449edb5fdd8cd332552b2,13,8,5,67339e06f4b44f78994ff4785178807a->f31ed616d84449edb5fdd8cd332552b2,0.6154,mixto,Mercado+Público - Dirección de Compras y Contratación Pública,dom digital - Municipalidad de Temuco
1ad6835586034de0b29f4a402b182c6c,eaf8f2b0ccd04cf2a7bfcf357fe88ca2,13,9,4,1ad6835586034de0b29f4a402b182c6c->eaf8f2b0ccd04cf2a7bfcf357fe88ca2,0.6923,mixto,Comisaría Virtual 2 - Carabineros de Chile,Empleos Públicos - Servicio Civil
6a91c10b9e8341afbd387fb72bab3cf7,91f3f86897ff4ae39e50cbd7035fa8af,13,13,0,6a91c10b9e8341afbd387fb72bab3cf7->91f3f86897ff4ae39e50cbd7035fa8af,1.0,consistente,Comisión de Medicina Preventiva e Invalidez - Subsecretaría de Salud Pública,APIs Receta Electrónica - Subsecretaría de Salud Pública
2549b51828ce40af920a932dd2102217,40fc9588a8e04b28852ec1163528bb8a,13,6,7,40fc9588a8e04b28852ec1163528bb8a->2549b51828ce40af920a932dd2102217,0.5385,mixto,undefined - Servicio de Impuestos Internos,PAEx DGMN - Dirección General de Movilización Nacional
16ffe077cc1a4b11a19bea91abce6f9c,ffaec74bfd414f8394bab077a989e27f,13,3,10,ffaec74bfd414f8394bab077a989e27f->16ffe077cc1a4b11a19bea91abce6f9c,0.7692,mixto,SIMEF v5 - Subsecretaría de Justicia,miChileAtiende - Instituto de Previsión Social
123,c7d9f088b4be4e38924fcfa78a6b5496,13,10,3,123->c7d9f088b4be4e38924fcfa78a6b5496,0.7692,mixto,Registro Civil - SRCeI,Directores para Chile - Servicio Civil
8c1942e0cdce4f71b53f62474322f0b7,c82f84bf3f2b451393445a0cb6883665,13,5,8,c82f84bf3f2b451393445a0cb6883665->8c1942e0cdce4f71b53f62474322f0b7,0.6154,mixto,Superintendencia de Electricidad y Combustibles - SUPERINTENDECIA DE ELECTRICIDAD Y COMBUSTIBLES,Ventanilla Única Social - Subsecretaría de Evaluación Social
08165f6182bc4dfc9dc1d7774508bbc6,ae54454684154c25bd33c6e04609652b,13,7,6,08165f6182bc4dfc9dc1d7774508bbc6->ae54454684154c25bd33c6e04609652b,0.5385,mixto,e-certchile - E-Cert Chile,Sistema de Apelación Contra de Isapres - Subsecretaría de Salud Pública
888fb026b62d4a75920fe44a0af43ad4,9a76efc4c34e4bd7843206658dc45454,13,0,13,9a76efc4c34e4bd7843206658dc45454->888fb026b62d4a75920fe44a0af43ad4,1.0,consistente,Subsecretaría de Transportes - Subsecretaría de Transportes,Portal Ciudadano ClaveÚnica - Secretaría de Gobierno Digital
b15e46acff6b4a7487ad18cdac3a21d0,ffaec74bfd414f8394bab077a989e27f,13,8,5,b15e46acff6b4a7487ad18cdac3a21d0->ffaec74bfd414f8394bab077a989e27f,0.6154,mixto,Hospital Sotero del Río - Servicio Salud Metropolitano Sur Oriente,miChileAtiende - Instituto de Previsión Social
0faae9b6b5084555a1873eff484b4d9c,a7925c7ee6674a30ae9f3f4045785095,13,4,9,a7925c7ee6674a30ae9f3f4045785095->0faae9b6b5084555a1873eff484b4d9c,0.6923,mixto,Agendamiento Licencia Conducir - Municipalidad de Puente Alto,Gestión Documental - Ilustre Municipalidad de Peñalolén
03bd6e11bc9246339a1812eb74331dd6,347178b052294153af290d6a84589868,13,4,9,347178b052294153af290d6a84589868->03bd6e11bc9246339a1812eb74331dd6,0.6923,mixto,Buscador de Juicios - Contraloría General de la República,Mi Fiscalía en Línea - Ministerio Público
5aa1a66c9e844e18a4a41740ed4aa476,d602a0071f3f4db8b37a87cffd89bf23,13,5,8,d602a0071f3f4db8b37a87cffd89bf23->5aa1a66c9e844e18a4a41740ed4aa476,0.6154,mixto,Recetas en línea - Acceso Prescriptor - Subsecretaría de Salud Pública,PJUD - PODER JUDICIAL
08165f6182bc4dfc9dc1d7774508bbc6,b972e814004e4624a566f308901cca7c,13,5,8,b972e814004e4624a566f308901cca7c->08165f6182bc4dfc9dc1d7774508bbc6,0.6154,mixto,e-certchile - E-Cert Chile,DocDigital Versión 3 - Subsecretaría General de la Presidencia de la República
239b1152a21a4cebb35b2a9dc02b10a9,8af63e063a2a42098caed55eeb24acf0,13,4,9,8af63e063a2a42098caed55eeb24acf0->239b1152a21a4cebb35b2a9dc02b10a9,0.6923,mixto,Agencia de Calidad de la Educación - MINISTERIO DE EDUCACION,Acceso Clave Unica UFRO - Universidad de La Frontera
74e60dc3bc26493d81088e4d322b7c39,86144f0d3b814c1d8c013f7aade6c55d,13,3,10,86144f0d3b814c1d8c013f7aade6c55d->74e60dc3bc26493d81088e4d322b7c39,0.7692,mixto,SignPass - BPO Advisors SpA,Sernac - Portal del consumidor - Servicio Nacional del Consumidor
4f22549f9d3a443cb041c0e55395dbf1,c82f84bf3f2b451393445a0cb6883665,13,5,8,c82f84bf3f2b451393445a0cb6883665->4f22549f9d3a443cb041c0e55395dbf1,0.6154,mixto,Comisaría Virtual Denuncias - Carabineros de Chile,Ventanilla Única Social - Subsecretaría de Evaluación Social
5f686fded1294c02a7a5c3298f2eec5b,d602a0071f3f4db8b37a87cffd89bf23,13,4,9,d602a0071f3f4db8b37a87cffd89bf23->5f686fded1294c02a7a5c3298f2eec5b,0.6923,mixto,Sistema SEIM - Subsecretaría de Transportes,PJUD - PODER JUDICIAL
347178b052294153af290d6a84589868,9c9359fefd164d388f8a5edc2bac301e,13,9,4,347178b052294153af290d6a84589868->9c9359fefd164d388f8a5edc2bac301e,0.6923,mixto,Mi Fiscalía en Línea - Ministerio Público,Contraloría - Contraloría General de la República
2ff516ac74a44ebfa3a522adbde28a0f,b972e814004e4624a566f308901cca7c,13,9,4,2ff516ac74a44ebfa3a522adbde28a0f->b972e814004e4624a566f308901cca7c,0.6923,mixto,E-Sign ClaveÚnica - ESIGN S.A.,DocDigital Versión 3 - Subsecretaría General de la Presidencia de la República
7f2c2c35a2de4624ad938147f73f271a,dd7629fec91f4599b3cf8c0dd0b984ac,13,9,4,7f2c2c35a2de4624ad938147f73f271a->dd7629fec91f4599b3cf8c0dd0b984ac,0.6923,mixto,Registro Nacional de Mascotas y Animales de Compañía - Subsecretaría de Desarrollo Regional y Administrativo,Sucursal Virtual FONASA - Fondo Nacional de Salud
67339e06f4b44f78994ff4785178807a,b9e3f79c40594953af24e9a43eba4e0c,13,8,5,67339e06f4b44f78994ff4785178807a->b9e3f79c40594953af24e9a43eba4e0c,0.6154,mixto,Mercado+Público - Dirección de Compras y Contratación Pública,e-Digital - E-Digital PKI SpA.
2549b51828ce40af920a932dd2102217,ed6beff4035f49c6997be95df71e5544,13,5,8,ed6beff4035f49c6997be95df71e5544->2549b51828ce40af920a932dd2102217,0.6154,mixto,undefined - Servicio de Impuestos Internos,Subsidio Familiar Automático - Subsecretaría de Evaluación Social
6daae6995cb245348bb2b5432ccc9948,a7698f4e2c9b4b9a950658038cbe6b9f,13,2,11,a7698f4e2c9b4b9a950658038cbe6b9f->6daae6995cb245348bb2b5432ccc9948,0.8462,mixto,DIRECTEMAR - Dirección General del Territorio Marítimo y Marina Mercante,SIMPLE CEROFILAS - Dirección General del Territorio Marítimo y Marina Mercante
c150a834cbcc40d09aeed2f8703f4dd3,e8dde9d26979498786c6ba5a82f70ad3,13,4,9,e8dde9d26979498786c6ba5a82f70ad3->c150a834cbcc40d09aeed2f8703f4dd3,0.6923,mixto,Trámites Dirección Trabajo - Dirección del Trabajo,"undefined - Sociedad Administradora de Fondos de Cesantía de Chile II S.A., AFC Chile"
5492b6e4db6948aca469c21d05b18721,c52ceac3693c4644bb20f07dd8aa7103,13,5,8,c52ceac3693c4644bb20f07dd8aa7103->5492b6e4db6948aca469c21d05b18721,0.6154,mixto,Ley del Lobby - Comisión para la Integridad PÚblica y Transparencia,Firma Electronica - Secretaría de Gobierno Digital
123,7d0c4697a4f849e38021ccb192e0b4a7,13,7,6,123->7d0c4697a4f849e38021ccb192e0b4a7,0.5385,mixto,Registro Civil - SRCeI,"Niños, Niñas y Adolescentes - Subsecretaría de Evaluación Social"
67339e06f4b44f78994ff4785178807a,a6c839544c0440f5bf2ce98e7396613f,13,7,6,67339e06f4b44f78994ff4785178807a->a6c839544c0440f5bf2ce98e7396613f,0.5385,mixto,Mercado+Público - Dirección de Compras y Contratación Pública,Aula Virtual CEA - Contraloría General de la República
80d8324451a74ae887a93c2bee8b5d3d,d602a0071f3f4db8b37a87cffd89bf23,13,5,8,d602a0071f3f4db8b37a87cffd89bf23->80d8324451a74ae887a93c2bee8b5d3d,0.6154,mixto,TRAYECTORIAS EDUCATIVAS (SPTE) - Subsecretaría de Educación,PJUD - PODER JUDICIAL
0faae9b6b5084555a1873eff484b4d9c,e8dde9d26979498786c6ba5a82f70ad3,13,3,10,e8dde9d26979498786c6ba5a82f70ad3->0faae9b6b5084555a1873eff484b4d9c,0.7692,mixto,Agendamiento Licencia Conducir - Municipalidad de Puente Alto,"undefined - Sociedad Administradora de Fondos de Cesantía de Chile II S.A., AFC Chile"
44568175e9ff4fdcb98cd4e9d368ce11,67339e06f4b44f78994ff4785178807a,13,10,3,44568175e9ff4fdcb98cd4e9d368ce11->67339e06f4b44f78994ff4785178807a,0.7692,mixto,Sistema Integrado DAES - Subsecretaría de Economía y Empresas de Menor Tamaño,Mercado+Público - Dirección de Compras y Contratación Pública
165139dad00243e695f7f3a695563ae2,56da1c80cfea4a5b83326bfef271fc3e,13,6,7,56da1c80cfea4a5b83326bfef271fc3e->165139dad00243e695f7f3a695563ae2,0.5385,mixto,Agendamiento EIVG - Ministerio Público,Escritorio de Aplicaciones - Ministerio Público
b785d3ec935248ff8a8fd358f7765463,c82f84bf3f2b451393445a0cb6883665,13,5,8,c82f84bf3f2b451393445a0cb6883665->b785d3ec935248ff8a8fd358f7765463,0.6154,mixto,Pesca Recreativa - Servicio Nacional de Pesca y Acuicultura,Ventanilla Única Social - Subsecretaría de Evaluación Social
347178b052294153af290d6a84589868,5492b6e4db6948aca469c21d05b18721,13,6,7,5492b6e4db6948aca469c21d05b18721->347178b052294153af290d6a84589868,0.5385,mixto,Mi Fiscalía en Línea - Ministerio Público,Ley del Lobby - Comisión para la Integridad PÚblica y Transparencia
2549b51828ce40af920a932dd2102217,4f22549f9d3a443cb041c0e55395dbf1,13,10,3,2549b51828ce40af920a932dd2102217->4f22549f9d3a443cb041c0e55395dbf1,0.7692,mixto,undefined - Servicio de Impuestos Internos,Comisaría Virtual Denuncias - Carabineros de Chile
d602a0071f3f4db8b37a87cffd89bf23,e10304f95c2b40738695563eb9b8662c,13,4,9,e10304f95c2b40738695563eb9b8662c->d602a0071f3f4db8b37a87cffd89bf23,0.6923,mixto,PJUD - PODER JUDICIAL,SISTEMA DE ATENCIÓN DE CONSULTA - Comisión Administradora del Sistema de Créditos para Estudios Superiores
74e60dc3bc26493d81088e4d322b7c39,b972e814004e4624a566f308901cca7c,13,8,5,74e60dc3bc26493d81088e4d322b7c39->b972e814004e4624a566f308901cca7c,0.6154,mixto,SignPass - BPO Advisors SpA,DocDigital Versión 3 - Subsecretaría General de la Presidencia de la República
465d39a118f84dcca1751c69cccc4f3f,c82f84bf3f2b451393445a0cb6883665,13,10,3,465d39a118f84dcca1751c69cccc4f3f->c82f84bf3f2b451393445a0cb6883665,0.7692,mixto,HJNC Virtual - Hospital Regional de Arica y Parinacota Dr. Juan Noé Crevani,Ventanilla Única Social - Subsecretaría de Evaluación Social
01b56ab5b9be43e19fa06300994787ec,495c261c0f484bd08e232f7358452c4d,13,5,8,495c261c0f484bd08e232f7358452c4d->01b56ab5b9be43e19fa06300994787ec,0.6154,mixto,Bitácora Web - Ministerio Público,undefined - Comisión para el Mercado Financiero
6d52b87b5a964c61ad7e28afd9499f18,894c246eb00a482da371617f75149e30,13,8,5,6d52b87b5a964c61ad7e28afd9499f18->894c246eb00a482da371617f75149e30,0.6154,mixto,Mis Trámites CGR - Contraloría General de la República,Contraloria General de la Republica - CONTRALORIA
08165f6182bc4dfc9dc1d7774508bbc6,c5b83bbfa22c4c31a5743485b4c6e524,13,8,5,08165f6182bc4dfc9dc1d7774508bbc6->c5b83bbfa22c4c31a5743485b4c6e524,0.6154,mixto,e-certchile - E-Cert Chile,Bolsa Nacional de Empleo - Subsecretaría del Trabajo
9c9359fefd164d388f8a5edc2bac301e,9f5eb34dc330412990d7da2fd1db9e64,13,10,3,9c9359fefd164d388f8a5edc2bac301e->9f5eb34dc330412990d7da2fd1db9e64,0.7692,mixto,Contraloría - Contraloría General de la República,9f5eb34dc330412990d7da2fd1db9e64
2549b51828ce40af920a932dd2102217,b7c988fa6132435480b57f66696827fd,13,4,9,b7c988fa6132435480b57f66696827fd->2549b51828ce40af920a932dd2102217,0.6923,mixto,undefined - Servicio de Impuestos Internos,Pase Cultural - Subsecretaría de Evaluación Social
cd40ad229df147389504190c71de61f5,ffaec74bfd414f8394bab077a989e27f,13,4,9,ffaec74bfd414f8394bab077a989e27f->cd40ad229df147389504190c71de61f5,0.6923,mixto,Sistema de Acceso Unico - Instituto de Desarrollo Agropecuario,miChileAtiende - Instituto de Previsión Social
64d9be8046574fbfbc1fb14c9912afea,dc821110e3f34bf3984d61955ced2e69,13,5,8,dc821110e3f34bf3984d61955ced2e69->64d9be8046574fbfbc1fb14c9912afea,0.6154,mixto,ASDigital - Ministerio de salud,Licencia de Conducir Digital - Subsecretaría de Transportes
30cee14d90f44924bfc69147c5f8b08f,ffaec74bfd414f8394bab077a989e27f,13,5,8,ffaec74bfd414f8394bab077a989e27f->30cee14d90f44924bfc69147c5f8b08f,0.6154,mixto,Plataforma Atención Ciudadana de la Subsecretaría de Previsión Social - SUBSECRETARÍA DE PREVISIÓN SOCIAL,miChileAtiende - Instituto de Previsión Social
9c9359fefd164d388f8a5edc2bac301e,c63d7e67e1f8454386089193582563ea,13,9,4,9c9359fefd164d388f8a5edc2bac301e->c63d7e67e1f8454386089193582563ea,0.6923,mixto,Contraloría - Contraloría General de la República,Campus Virtual - Subsecretaría de Evaluación Social
67eb30db49f240b08ab2b3f422f92cdf,c2f8201a4d224d81babdcea072e5cec4,13,1,12,c2f8201a4d224d81babdcea072e5cec4->67eb30db49f240b08ab2b3f422f92cdf,0.9231,consistente,Portal MiDT - Dirección del Trabajo,https://tramites.subtel.gob.cl - Subsecretaría de Telecomunicaciones
0b145fb41bc84dc58a5beb5b4ef11b17,20acab350ddf489c931028b7a6a1ff99,13,9,4,0b145fb41bc84dc58a5beb5b4ef11b17->20acab350ddf489c931028b7a6a1ff99,0.6923,mixto,Servicios en linea - Caja de Previsión de la Defensa Nacional,Sucursal Virtual Jeafosale - Ejército de Chile
2549b51828ce40af920a932dd2102217,5235b9f356954973a226cb6fc12c9d6e,13,10,3,2549b51828ce40af920a932dd2102217->5235b9f356954973a226cb6fc12c9d6e,0.7692,mixto,undefined - Servicio de Impuestos Internos,Sistema Alta Dirección Pública - Dirección Nacional del Servicio Civil
d602a0071f3f4db8b37a87cffd89bf23,e5b8388e1275417395d526c566b0e1e8,13,1,12,e5b8388e1275417395d526c566b0e1e8->d602a0071f3f4db8b37a87cffd89bf23,0.9231,consistente,PJUD - PODER JUDICIAL,Servicio Nacional de Aduanas - Servicio Nacional de Aduanas
8ba6d7f9bb7445ff96ffd06af5fa8c1e,d602a0071f3f4db8b37a87cffd89bf23,13,2,11,d602a0071f3f4db8b37a87cffd89bf23->8ba6d7f9bb7445ff96ffd06af5fa8c1e,0.8462,mixto,Gestión Sustentable - Servicio de Salud Atacama,PJUD - PODER JUDICIAL
4bb573e349504824b5b5a050a83e094d,d602a0071f3f4db8b37a87cffd89bf23,13,3,10,d602a0071f3f4db8b37a87cffd89bf23->4bb573e349504824b5b5a050a83e094d,0.7692,mixto,ChileCompra - Centro de Ayuda - Dirección de Compras y Contratación Pública,PJUD - PODER JUDICIAL
9ae54d261e454c93ae1c2cdec0fd03e6,fd595f24910c4126b7398b3e081af528,13,10,3,9ae54d261e454c93ae1c2cdec0fd03e6->fd595f24910c4126b7398b3e081af528,0.7692,mixto,Login certificado afiliacion - Fondo Nacional de Salud,Instituto Seguridad Laboral - Instituto Seguridad Laboral
2a1ad7012aa3426ab2592dd06689329b,f83678e2b4854792a356c72a255c0da4,13,9,4,2a1ad7012aa3426ab2592dd06689329b->f83678e2b4854792a356c72a255c0da4,0.6923,mixto,dom-digital - Municipalidad de Valparaíso,DomDigital Mun. Viña del Mar - Municipalidad de Viña del Mar
43c343dfece141d18c16ef26fca862c7,ee1016d1de3347b79368186e86dfc2c2,13,1,12,ee1016d1de3347b79368186e86dfc2c2->43c343dfece141d18c16ef26fca862c7,0.9231,consistente,DOM Digital - Municipalidad de Llanquihue,DOM Digital - municipalidad de puerto montt
067325b206034a09a16597b6c55d26a8,3af2d18b09e6443fa289e956fc10669f,13,10,3,067325b206034a09a16597b6c55d26a8->3af2d18b09e6443fa289e956fc10669f,0.7692,mixto,Red Movilidad - Subsecretaría de Transportes,Red Movilidad - Subsecretaría de Transportes
dd7629fec91f4599b3cf8c0dd0b984ac,ed6beff4035f49c6997be95df71e5544,13,8,5,dd7629fec91f4599b3cf8c0dd0b984ac->ed6beff4035f49c6997be95df71e5544,0.6154,mixto,Sucursal Virtual FONASA - Fondo Nacional de Salud,Subsidio Familiar Automático - Subsecretaría de Evaluación Social
91f3f86897ff4ae39e50cbd7035fa8af,95b7bf6083634811b6ec1552e2ed5fad,13,6,7,95b7bf6083634811b6ec1552e2ed5fad->91f3f86897ff4ae39e50cbd7035fa8af,0.5385,mixto,APIs Receta Electrónica - Subsecretaría de Salud Pública,Gestión Telesalud - Subsecretaría de Redes Asistenciales
4a94478dd25f4430a0a023b87e11170d,9f88dc88029e42d3a5b082ab396be6d3,13,6,7,9f88dc88029e42d3a5b082ab396be6d3->4a94478dd25f4430a0a023b87e11170d,0.5385,mixto,Milicenciamedica.cl - Subsecretaría de Salud Pública,Sistema de Postulación Único - Carabineros de Chile
b785d3ec935248ff8a8fd358f7765463,ffaec74bfd414f8394bab077a989e27f,13,2,11,ffaec74bfd414f8394bab077a989e27f->b785d3ec935248ff8a8fd358f7765463,0.8462,mixto,Pesca Recreativa - Servicio Nacional de Pesca y Acuicultura,miChileAtiende - Instituto de Previsión Social
2549b51828ce40af920a932dd2102217,7d0c4697a4f849e38021ccb192e0b4a7,12,2,10,7d0c4697a4f849e38021ccb192e0b4a7->2549b51828ce40af920a932dd2102217,0.8333,mixto,undefined - Servicio de Impuestos Internos,"Niños, Niñas y Adolescentes - Subsecretaría de Evaluación Social"
16ffe077cc1a4b11a19bea91abce6f9c,c82f84bf3f2b451393445a0cb6883665,12,4,8,c82f84bf3f2b451393445a0cb6883665->16ffe077cc1a4b11a19bea91abce6f9c,0.6667,mixto,SIMEF v5 - Subsecretaría de Justicia,Ventanilla Única Social - Subsecretaría de Evaluación Social
ab2dd6e0890c4b5483973add6fa1b91b,eaf8f2b0ccd04cf2a7bfcf357fe88ca2,12,4,8,eaf8f2b0ccd04cf2a7bfcf357fe88ca2->ab2dd6e0890c4b5483973add6fa1b91b,0.6667,mixto,Sercotec - Servicio de Cooperación Técnica,Empleos Públicos - Servicio Civil
5af95b4c9eec408dad00e7b5a2a16b92,91f3f86897ff4ae39e50cbd7035fa8af,12,10,2,5af95b4c9eec408dad00e7b5a2a16b92->91f3f86897ff4ae39e50cbd7035fa8af,0.8333,mixto,Servicio de Salud Tarapacá - Servicio de Salud Tarapacá,APIs Receta Electrónica - Subsecretaría de Salud Pública
3346db58cd2d474fbcf63e827462b85d,347178b052294153af290d6a84589868,12,7,5,3346db58cd2d474fbcf63e827462b85d->347178b052294153af290d6a84589868,0.5833,mixto,Single Sign-On - Subsecretaría de Evaluación Social,Mi Fiscalía en Línea - Ministerio Público
5af89d91c7c74476ad4546b1db07c56c,9a76efc4c34e4bd7843206658dc45454,12,4,8,9a76efc4c34e4bd7843206658dc45454->5af89d91c7c74476ad4546b1db07c56c,0.6667,mixto,Mi HC OnLine - Servicio de Salud Arica y Parinacota,Portal Ciudadano ClaveÚnica - Secretaría de Gobierno Digital
4a94478dd25f4430a0a023b87e11170d,88d08ee1a5384a7fbe4bfddb8928ce82,12,6,6,4a94478dd25f4430a0a023b87e11170d->88d08ee1a5384a7fbe4bfddb8928ce82,0.5,mixto,Milicenciamedica.cl - Subsecretaría de Salud Pública,Sistema Midas - Subsecretaría de Salud Pública
74e60dc3bc26493d81088e4d322b7c39,e9d3577612dd49c3b62b654e33dccefb,12,3,9,e9d3577612dd49c3b62b654e33dccefb->74e60dc3bc26493d81088e4d322b7c39,0.75,mixto,SignPass - BPO Advisors SpA,AutenticacionAccesoParaFirma - Certinet S.A.
a53d759fed7840a1b00e8d903669e8a1,d602a0071f3f4db8b37a87cffd89bf23,12,5,7,d602a0071f3f4db8b37a87cffd89bf23->a53d759fed7840a1b00e8d903669e8a1,0.5833,mixto,CasillaÚnica - Subsecretaría de Hacienda,PJUD - PODER JUDICIAL
01b56ab5b9be43e19fa06300994787ec,ea62071feb644e4e81394dfa5c500ff3,12,7,5,01b56ab5b9be43e19fa06300994787ec->ea62071feb644e4e81394dfa5c500ff3,0.5833,mixto,Bitácora Web - Ministerio Público,DIPRECA - Dirección de Previsión de Carabineros de Chile
5f686fded1294c02a7a5c3298f2eec5b,fea91b9f08cc4f54a295711a70734a22,12,7,5,5f686fded1294c02a7a5c3298f2eec5b->fea91b9f08cc4f54a295711a70734a22,0.5833,mixto,Sistema SEIM - Subsecretaría de Transportes,fea91b9f08cc4f54a295711a70734a22
3009f6f4befb498fbed7dbf1b189f47c,d602a0071f3f4db8b37a87cffd89bf23,12,8,4,3009f6f4befb498fbed7dbf1b189f47c->d602a0071f3f4db8b37a87cffd89bf23,0.6667,mixto,Sistema Electrónico de Postulación - Comision Nacional de Riego,PJUD - PODER JUDICIAL
6e12533e73a048efa8bcc0a30f2b7684,91f3f86897ff4ae39e50cbd7035fa8af,12,10,2,6e12533e73a048efa8bcc0a30f2b7684->91f3f86897ff4ae39e50cbd7035fa8af,0.8333,mixto,Dirección General de Movilización Nacional - Dirección General de Movilización Nacional,APIs Receta Electrónica - Subsecretaría de Salud Pública
dcd0b6134a8846c1ac7171f8530945ab,e8dde9d26979498786c6ba5a82f70ad3,12,7,5,dcd0b6134a8846c1ac7171f8530945ab->e8dde9d26979498786c6ba5a82f70ad3,0.5833,mixto,Identidad Única - Ministerio de Vivienda y Urbanismo - Subsecretaría de Vivienda y Urbanismo,"undefined - Sociedad Administradora de Fondos de Cesantía de Chile II S.A., AFC Chile"
123,4060f34dc33042fda53efdfd0594b679,12,7,5,123->4060f34dc33042fda53efdfd0594b679,0.5833,mixto,Registro Civil - SRCeI,Capacitación ChileCompra - Dirección ChileCompra
9321fceaab9d4b7c8b8eca8e30b0654d,e8dde9d26979498786c6ba5a82f70ad3,12,12,0,9321fceaab9d4b7c8b8eca8e30b0654d->e8dde9d26979498786c6ba5a82f70ad3,1.0,consistente,DT e-learning MiPyME - Dirección del Trabajo,"undefined - Sociedad Administradora de Fondos de Cesantía de Chile II S.A., AFC Chile"
2ff516ac74a44ebfa3a522adbde28a0f,4830b97416a14d1485ccb85c9f9baa4e,12,12,0,2ff516ac74a44ebfa3a522adbde28a0f->4830b97416a14d1485ccb85c9f9baa4e,1.0,consistente,E-Sign ClaveÚnica - ESIGN S.A.,Trámites SP - Superintendencia de Penssiones
209ce526160947f0b398566cd4cbfd0d,b1b009877e0c4e0790fd92559d853d69,12,5,7,b1b009877e0c4e0790fd92559d853d69->209ce526160947f0b398566cd4cbfd0d,0.5833,mixto,Portal de Aplicaciones Sence - Servicio Nacional de Capacitacion y Empleo,Mi Súper - Superintendencia de Salud
2549b51828ce40af920a932dd2102217,d254feea701346a399887b9fe59ac61a,12,5,7,d254feea701346a399887b9fe59ac61a->2549b51828ce40af920a932dd2102217,0.5833,mixto,undefined - Servicio de Impuestos Internos,Plataforma de Telemedicina - Subsecretaría de Redes Asistenciales
9c9359fefd164d388f8a5edc2bac301e,fd595f24910c4126b7398b3e081af528,12,6,6,9c9359fefd164d388f8a5edc2bac301e->fd595f24910c4126b7398b3e081af528,0.5,mixto,Contraloría - Contraloría General de la República,Instituto Seguridad Laboral - Instituto Seguridad Laboral
123,f15bd4421f604ffbae3d627bef601546,12,2,10,f15bd4421f604ffbae3d627bef601546->123,0.8333,mixto,Registro Civil - SRCeI,Transferencia de Archivos - Ministerio Público
1eab1f316fa94a29bceec6dc6d84f0bd,f83678e2b4854792a356c72a255c0da4,12,7,5,1eab1f316fa94a29bceec6dc6d84f0bd->f83678e2b4854792a356c72a255c0da4,0.5833,mixto,DOM DIGITAL QUILPUÉ - Municipalidad de Quilpué,DomDigital Mun. Viña del Mar - Municipalidad de Viña del Mar
67339e06f4b44f78994ff4785178807a,b3eb39eeec084dcd92806f5f6081e175,12,3,9,b3eb39eeec084dcd92806f5f6081e175->67339e06f4b44f78994ff4785178807a,0.75,mixto,Mercado+Público - Dirección de Compras y Contratación Pública,munimelipilla ceropapel - Municipalidad de Melipilla
9a76efc4c34e4bd7843206658dc45454,9f88dc88029e42d3a5b082ab396be6d3,12,7,5,9a76efc4c34e4bd7843206658dc45454->9f88dc88029e42d3a5b082ab396be6d3,0.5833,mixto,Portal Ciudadano ClaveÚnica - Secretaría de Gobierno Digital,Sistema de Postulación Único - Carabineros de Chile
bf676d9b342d438d8bd0b02c718133af,d602a0071f3f4db8b37a87cffd89bf23,12,6,6,bf676d9b342d438d8bd0b02c718133af->d602a0071f3f4db8b37a87cffd89bf23,0.5,mixto,Firmador MOP - Subsecretaría de Obras Públicas,PJUD - PODER JUDICIAL
9b9d3e3ece844158b34a416ddcfd686b,9c9359fefd164d388f8a5edc2bac301e,12,6,6,9b9d3e3ece844158b34a416ddcfd686b->9c9359fefd164d388f8a5edc2bac301e,0.5,mixto,Intranet v2 GORE Araucanía - Gobierno Regional de la Región de la Araucanía,Contraloría - Contraloría General de la República
16b1032179824088a8d42a4107c6a8f4,c82f84bf3f2b451393445a0cb6883665,12,11,1,16b1032179824088a8d42a4107c6a8f4->c82f84bf3f2b451393445a0cb6883665,0.9167,consistente,Simulador de Pensiones - Subsecretaría de Previsión Social,Ventanilla Única Social - Subsecretaría de Evaluación Social
894c246eb00a482da371617f75149e30,94d27864f86d422faa68efccb908cc34,12,4,8,94d27864f86d422faa68efccb908cc34->894c246eb00a482da371617f75149e30,0.6667,mixto,Contraloria General de la Republica - CONTRALORIA,94d27864f86d422faa68efccb908cc34
1bb1657eb2eb43808f0529810258aa3b,a7925c7ee6674a30ae9f3f4045785095,12,4,8,a7925c7ee6674a30ae9f3f4045785095->1bb1657eb2eb43808f0529810258aa3b,0.6667,mixto,Autenticación Sistemas DPP - Defensoría Penal Pública,Gestión Documental - Ilustre Municipalidad de Peñalolén
74e60dc3bc26493d81088e4d322b7c39,ed07316d9d6344a9ab11e8a41fdc413a,12,0,12,ed07316d9d6344a9ab11e8a41fdc413a->74e60dc3bc26493d81088e4d322b7c39,1.0,consistente,SignPass - BPO Advisors SpA,NEXTEO - Subsecretaría de Transportes
16b1032179824088a8d42a4107c6a8f4,672f76fa24044d36b28fd11b50d7a4ec,12,12,0,16b1032179824088a8d42a4107c6a8f4->672f76fa24044d36b28fd11b50d7a4ec,1.0,consistente,Simulador de Pensiones - Subsecretaría de Previsión Social,Registro Social de Hogares - MINISTERIO DE DESARROLLO SOCIAL
c63d7e67e1f8454386089193582563ea,d602a0071f3f4db8b37a87cffd89bf23,12,8,4,c63d7e67e1f8454386089193582563ea->d602a0071f3f4db8b37a87cffd89bf23,0.6667,mixto,Campus Virtual - Subsecretaría de Evaluación Social,PJUD - PODER JUDICIAL
88d08ee1a5384a7fbe4bfddb8928ce82,d254feea701346a399887b9fe59ac61a,12,6,6,88d08ee1a5384a7fbe4bfddb8928ce82->d254feea701346a399887b9fe59ac61a,0.5,mixto,Sistema Midas - Subsecretaría de Salud Pública,Plataforma de Telemedicina - Subsecretaría de Redes Asistenciales
9a76efc4c34e4bd7843206658dc45454,e423b8339a57485d8b524937d93e4f44,12,10,2,9a76efc4c34e4bd7843206658dc45454->e423b8339a57485d8b524937d93e4f44,0.8333,mixto,Portal Ciudadano ClaveÚnica - Secretaría de Gobierno Digital,SIMPLE - Gendarmería de Chile
006b85a984e94ce88ddb035ec01b2d70,6a322ad743e3464bae56d2d9b180078a,12,5,7,6a322ad743e3464bae56d2d9b180078a->006b85a984e94ce88ddb035ec01b2d70,0.5833,mixto,006b85a984e94ce88ddb035ec01b2d70,6a322ad743e3464bae56d2d9b180078a
16ffe077cc1a4b11a19bea91abce6f9c,da87b58c9a8245cda82014a16cf8840a,12,9,3,16ffe077cc1a4b11a19bea91abce6f9c->da87b58c9a8245cda82014a16cf8840a,0.75,mixto,SIMEF v5 - Subsecretaría de Justicia,Sistema SIAC/OIRS - Subsecretaría de Justicia
74e60dc3bc26493d81088e4d322b7c39,ab2dd6e0890c4b5483973add6fa1b91b,12,3,9,ab2dd6e0890c4b5483973add6fa1b91b->74e60dc3bc26493d81088e4d322b7c39,0.75,mixto,SignPass - BPO Advisors SpA,Sercotec - Servicio de Cooperación Técnica
7d0c4697a4f849e38021ccb192e0b4a7,ae4caa1cb2154cac89440f3fe18251cb,12,10,2,7d0c4697a4f849e38021ccb192e0b4a7->ae4caa1cb2154cac89440f3fe18251cb,0.8333,mixto,"Niños, Niñas y Adolescentes - Subsecretaría de Evaluación Social",Ingreso de causas y escritos - Corporación Administrativa del Poder Judicial
9c9359fefd164d388f8a5edc2bac301e,dc821110e3f34bf3984d61955ced2e69,12,3,9,dc821110e3f34bf3984d61955ced2e69->9c9359fefd164d388f8a5edc2bac301e,0.75,mixto,Contraloría - Contraloría General de la República,Licencia de Conducir Digital - Subsecretaría de Transportes
59dd121f53ac44ddb03bf52488eec671,bf676d9b342d438d8bd0b02c718133af,12,10,2,59dd121f53ac44ddb03bf52488eec671->bf676d9b342d438d8bd0b02c718133af,0.8333,mixto,.SCSE. - Subsecretaría de Hacienda,Firmador MOP - Subsecretaría de Obras Públicas
2549b51828ce40af920a932dd2102217,6743ad379b094f98ad903d0f0304add1,12,4,8,6743ad379b094f98ad903d0f0304add1->2549b51828ce40af920a932dd2102217,0.6667,mixto,undefined - Servicio de Impuestos Internos,Procedimiento Administrativo Electrónico - Superintendencia de Seguridad Social
c82f84bf3f2b451393445a0cb6883665,cc892c05f6d94315be2b7539e45b9170,12,4,8,cc892c05f6d94315be2b7539e45b9170->c82f84bf3f2b451393445a0cb6883665,0.6667,mixto,Ventanilla Única Social - Subsecretaría de Evaluación Social,Ventanilla Única 2.0 - Ministerio del Medio Ambiente
dcd0b6134a8846c1ac7171f8530945ab,fea91b9f08cc4f54a295711a70734a22,12,9,3,dcd0b6134a8846c1ac7171f8530945ab->fea91b9f08cc4f54a295711a70734a22,0.75,mixto,Identidad Única - Ministerio de Vivienda y Urbanismo - Subsecretaría de Vivienda y Urbanismo,fea91b9f08cc4f54a295711a70734a22
117d6d62a9844fd38fdb5d53e5cbc844,d602a0071f3f4db8b37a87cffd89bf23,12,3,9,d602a0071f3f4db8b37a87cffd89bf23->117d6d62a9844fd38fdb5d53e5cbc844,0.75,mixto,TRASPASO DEL DOMINIO DE BIENES - Fondo de Solidaridad e Inversión Social,PJUD - PODER JUDICIAL
2549b51828ce40af920a932dd2102217,f2eaffaf45b84b9c8e39cc303a97e9d7,12,5,7,f2eaffaf45b84b9c8e39cc303a97e9d7->2549b51828ce40af920a932dd2102217,0.5833,mixto,undefined - Servicio de Impuestos Internos,SIMPLE - Secretaría de Gobierno Digital
64d9be8046574fbfbc1fb14c9912afea,fea91b9f08cc4f54a295711a70734a22,12,3,9,fea91b9f08cc4f54a295711a70734a22->64d9be8046574fbfbc1fb14c9912afea,0.75,mixto,ASDigital - Ministerio de salud,fea91b9f08cc4f54a295711a70734a22
be89c84ae27c40c3a5ee2840d95e5d5d,d602a0071f3f4db8b37a87cffd89bf23,12,5,7,d602a0071f3f4db8b37a87cffd89bf23->be89c84ae27c40c3a5ee2840d95e5d5d,0.5833,mixto,be89c84ae27c40c3a5ee2840d95e5d5d,PJUD - PODER JUDICIAL
41da80f6154c4d918166fc43862f5d78,c82f84bf3f2b451393445a0cb6883665,12,9,3,41da80f6154c4d918166fc43862f5d78->c82f84bf3f2b451393445a0cb6883665,0.75,mixto,Web Cajmetro - Corporación de Asistencia Judicial de la Región Metropolitana,Ventanilla Única Social - Subsecretaría de Evaluación Social
0335e32e61b248ae8ab98cb955f915dd,9c9359fefd164d388f8a5edc2bac301e,12,6,6,0335e32e61b248ae8ab98cb955f915dd->9c9359fefd164d388f8a5edc2bac301e,0.5,mixto,Sistema de ambiente de Clientes - Central de Abastecimiento del Sistema Nacional de Servicios de Salud,Contraloría - Contraloría General de la República
6a322ad743e3464bae56d2d9b180078a,9ae54d261e454c93ae1c2cdec0fd03e6,12,4,8,9ae54d261e454c93ae1c2cdec0fd03e6->6a322ad743e3464bae56d2d9b180078a,0.6667,mixto,6a322ad743e3464bae56d2d9b180078a,Login certificado afiliacion - Fondo Nacional de Salud
08165f6182bc4dfc9dc1d7774508bbc6,2629fabfb8e7428bb34e3d4f43ffdc9b,12,7,5,08165f6182bc4dfc9dc1d7774508bbc6->2629fabfb8e7428bb34e3d4f43ffdc9b,0.5833,mixto,e-certchile - E-Cert Chile,Thomas Signe - Thomas-Signe Chile S.A
0faae9b6b5084555a1873eff484b4d9c,c82f84bf3f2b451393445a0cb6883665,12,8,4,0faae9b6b5084555a1873eff484b4d9c->c82f84bf3f2b451393445a0cb6883665,0.6667,mixto,Agendamiento Licencia Conducir - Municipalidad de Puente Alto,Ventanilla Única Social - Subsecretaría de Evaluación Social
2549b51828ce40af920a932dd2102217,44568175e9ff4fdcb98cd4e9d368ce11,12,8,4,2549b51828ce40af920a932dd2102217->44568175e9ff4fdcb98cd4e9d368ce11,0.6667,mixto,undefined - Servicio de Impuestos Internos,Sistema Integrado DAES - Subsecretaría de Economía y Empresas de Menor Tamaño
6743ad379b094f98ad903d0f0304add1,c82f84bf3f2b451393445a0cb6883665,12,2,10,c82f84bf3f2b451393445a0cb6883665->6743ad379b094f98ad903d0f0304add1,0.8333,mixto,Procedimiento Administrativo Electrónico - Superintendencia de Seguridad Social,Ventanilla Única Social - Subsecretaría de Evaluación Social
2e0f9d54f6534336a19fffacd7b6af40,4830b97416a14d1485ccb85c9f9baa4e,12,7,5,2e0f9d54f6534336a19fffacd7b6af40->4830b97416a14d1485ccb85c9f9baa4e,0.5833,mixto,Sitio Web UNO Privado - AFP Uno,Trámites SP - Superintendencia de Penssiones
209ce526160947f0b398566cd4cbfd0d,b4206ac5e3224dfd900588a8f7caf95e,12,7,5,209ce526160947f0b398566cd4cbfd0d->b4206ac5e3224dfd900588a8f7caf95e,0.5833,mixto,Portal de Aplicaciones Sence - Servicio Nacional de Capacitacion y Empleo,FONASA - Portal Beneficiario - Fondo Nacional de Salud
621f2d0c79d0499eb8e6a538feb08e37,b972e814004e4624a566f308901cca7c,12,6,6,621f2d0c79d0499eb8e6a538feb08e37->b972e814004e4624a566f308901cca7c,0.5,mixto,SIMPLE - Gobierno Regional de Arica y Parinacota,DocDigital Versión 3 - Subsecretaría General de la Presidencia de la República
08165f6182bc4dfc9dc1d7774508bbc6,ef1dd1f1a5b94d0eacb669f7b3ec2911,12,6,6,08165f6182bc4dfc9dc1d7774508bbc6->ef1dd1f1a5b94d0eacb669f7b3ec2911,0.5,mixto,e-certchile - E-Cert Chile,Mi Crédito CAE - Comisión Administradora del Sistema de Créditos para Estudios Superiores
55c1817c84554dc881bc439a4b00abed,ffaec74bfd414f8394bab077a989e27f,12,4,8,ffaec74bfd414f8394bab077a989e27f->55c1817c84554dc881bc439a4b00abed,0.6667,mixto,Municipalidad de Colina - Municipalidad de Colina,miChileAtiende - Instituto de Previsión Social
9c9359fefd164d388f8a5edc2bac301e,d78965c7cc7241de9494df4348e86691,12,9,3,9c9359fefd164d388f8a5edc2bac301e->d78965c7cc7241de9494df4348e86691,0.75,mixto,Contraloría - Contraloría General de la República,Gestor Documental SSMS - Servicio de Salud Metropolitano Sur
2ff516ac74a44ebfa3a522adbde28a0f,8da9d8af9600449089f527c248a96e4f,12,6,6,2ff516ac74a44ebfa3a522adbde28a0f->8da9d8af9600449089f527c248a96e4f,0.5,mixto,E-Sign ClaveÚnica - ESIGN S.A.,TramitesDCyF - Dirección de Contabilidad y Finanzas
3d639e0a581e4afbbc3976eed669f5c6,e8dde9d26979498786c6ba5a82f70ad3,12,6,6,3d639e0a581e4afbbc3976eed669f5c6->e8dde9d26979498786c6ba5a82f70ad3,0.5,mixto,Mi Portal de Emprendimiento - Subsecretaría de Evaluación Social,"undefined - Sociedad Administradora de Fondos de Cesantía de Chile II S.A., AFC Chile"
6743ad379b094f98ad903d0f0304add1,91f3f86897ff4ae39e50cbd7035fa8af,12,9,3,6743ad379b094f98ad903d0f0304add1->91f3f86897ff4ae39e50cbd7035fa8af,0.75,mixto,Procedimiento Administrativo Electrónico - Superintendencia de Seguridad Social,APIs Receta Electrónica - Subsecretaría de Salud Pública
2549b51828ce40af920a932dd2102217,ac8fac68f21540539f02e8fd2a44f651,12,6,6,2549b51828ce40af920a932dd2102217->ac8fac68f21540539f02e8fd2a44f651,0.5,mixto,undefined - Servicio de Impuestos Internos,CapacitaSII - Servicio de Impuestos Internos
3346db58cd2d474fbcf63e827462b85d,d0b1e3a4c2434e65be47566dcc3e2ee0,12,10,2,3346db58cd2d474fbcf63e827462b85d->d0b1e3a4c2434e65be47566dcc3e2ee0,0.8333,mixto,Single Sign-On - Subsecretaría de Evaluación Social,Municipalidad de Los Angeles - Ilustre Municipalidad de Los Angeles
08165f6182bc4dfc9dc1d7774508bbc6,387ff07354a74657a44369e05d83234a,12,1,11,387ff07354a74657a44369e05d83234a->08165f6182bc4dfc9dc1d7774508bbc6,0.9167,consistente,e-certchile - E-Cert Chile,Nuevo Sitio Web FONASA - Fondo Nacional de Salud
88d08ee1a5384a7fbe4bfddb8928ce82,c52ceac3693c4644bb20f07dd8aa7103,12,3,9,c52ceac3693c4644bb20f07dd8aa7103->88d08ee1a5384a7fbe4bfddb8928ce82,0.75,mixto,Sistema Midas - Subsecretaría de Salud Pública,Firma Electronica - Secretaría de Gobierno Digital
6743ad379b094f98ad903d0f0304add1,67eb30db49f240b08ab2b3f422f92cdf,12,8,4,6743ad379b094f98ad903d0f0304add1->67eb30db49f240b08ab2b3f422f92cdf,0.6667,mixto,Procedimiento Administrativo Electrónico - Superintendencia de Seguridad Social,Portal MiDT - Dirección del Trabajo
239b1152a21a4cebb35b2a9dc02b10a9,67eb30db49f240b08ab2b3f422f92cdf,12,5,7,67eb30db49f240b08ab2b3f422f92cdf->239b1152a21a4cebb35b2a9dc02b10a9,0.5833,mixto,Agencia de Calidad de la Educación - MINISTERIO DE EDUCACION,Portal MiDT - Dirección del Trabajo
1bb1657eb2eb43808f0529810258aa3b,67eb30db49f240b08ab2b3f422f92cdf,12,3,9,67eb30db49f240b08ab2b3f422f92cdf->1bb1657eb2eb43808f0529810258aa3b,0.75,mixto,Autenticación Sistemas DPP - Defensoría Penal Pública,Portal MiDT - Dirección del Trabajo
fb944d98fea445bda57de000993d3e25,fdd7e5cf453e42d7b8cb2334d3a7bff9,12,8,4,fb944d98fea445bda57de000993d3e25->fdd7e5cf453e42d7b8cb2334d3a7bff9,0.6667,mixto,Accede a tu Portal Paciente - Servicio de Salud Maule,Telesalud - Subsecretaría de Redes Asistenciales
3346db58cd2d474fbcf63e827462b85d,e8dde9d26979498786c6ba5a82f70ad3,12,7,5,3346db58cd2d474fbcf63e827462b85d->e8dde9d26979498786c6ba5a82f70ad3,0.5833,mixto,Single Sign-On - Subsecretaría de Evaluación Social,"undefined - Sociedad Administradora de Fondos de Cesantía de Chile II S.A., AFC Chile"
08165f6182bc4dfc9dc1d7774508bbc6,5ad019e5f0e445e8b37fc4ed60a3447c,12,12,0,08165f6182bc4dfc9dc1d7774508bbc6->5ad019e5f0e445e8b37fc4ed60a3447c,1.0,consistente,e-certchile - E-Cert Chile,5ad019e5f0e445e8b37fc4ed60a3447c
4f22549f9d3a443cb041c0e55395dbf1,ae4caa1cb2154cac89440f3fe18251cb,12,4,8,ae4caa1cb2154cac89440f3fe18251cb->4f22549f9d3a443cb041c0e55395dbf1,0.6667,mixto,Comisaría Virtual Denuncias - Carabineros de Chile,Ingreso de causas y escritos - Corporación Administrativa del Poder Judicial
1eec93924a1046efbad70c851782ab8a,c82f84bf3f2b451393445a0cb6883665,12,10,2,1eec93924a1046efbad70c851782ab8a->c82f84bf3f2b451393445a0cb6883665,0.8333,mixto,Trámites INAPI - Instituto Nacional de Propiedad Industrial,Ventanilla Única Social - Subsecretaría de Evaluación Social
8af63e063a2a42098caed55eeb24acf0,fb74231009884254b2d13b0fd9056247,12,9,3,8af63e063a2a42098caed55eeb24acf0->fb74231009884254b2d13b0fd9056247,0.75,mixto,Acceso Clave Unica UFRO - Universidad de La Frontera,Carrera Docente CPEIP - Subsecretaría de Educación
cc892c05f6d94315be2b7539e45b9170,dd7629fec91f4599b3cf8c0dd0b984ac,12,1,11,dd7629fec91f4599b3cf8c0dd0b984ac->cc892c05f6d94315be2b7539e45b9170,0.9167,consistente,Ventanilla Única 2.0 - Ministerio del Medio Ambiente,Sucursal Virtual FONASA - Fondo Nacional de Salud
64d9be8046574fbfbc1fb14c9912afea,f31ed616d84449edb5fdd8cd332552b2,12,6,6,64d9be8046574fbfbc1fb14c9912afea->f31ed616d84449edb5fdd8cd332552b2,0.5,mixto,ASDigital - Ministerio de salud,dom digital - Municipalidad de Temuco
0f33ab6447034fe49d1629353a119e47,9c9359fefd164d388f8a5edc2bac301e,12,6,6,0f33ab6447034fe49d1629353a119e47->9c9359fefd164d388f8a5edc2bac301e,0.5,mixto,Superintendencia en Línea - Mi Portal - Superintendencia de Seguridad Social,Contraloría - Contraloría General de la República
209ce526160947f0b398566cd4cbfd0d,399e7fc266894562850261cfbc06b992,12,7,5,209ce526160947f0b398566cd4cbfd0d->399e7fc266894562850261cfbc06b992,0.5833,mixto,Portal de Aplicaciones Sence - Servicio Nacional de Capacitacion y Empleo,Denuncia en Linea - Ministerio Público
2549b51828ce40af920a932dd2102217,b15e46acff6b4a7487ad18cdac3a21d0,12,8,4,2549b51828ce40af920a932dd2102217->b15e46acff6b4a7487ad18cdac3a21d0,0.6667,mixto,undefined - Servicio de Impuestos Internos,Hospital Sotero del Río - Servicio Salud Metropolitano Sur Oriente
86144f0d3b814c1d8c013f7aade6c55d,88d08ee1a5384a7fbe4bfddb8928ce82,12,9,3,86144f0d3b814c1d8c013f7aade6c55d->88d08ee1a5384a7fbe4bfddb8928ce82,0.75,mixto,Sernac - Portal del consumidor - Servicio Nacional del Consumidor,Sistema Midas - Subsecretaría de Salud Pública
123,b31017b848694be1b92f15c6dad1ca2c,12,11,1,123->b31017b848694be1b92f15c6dad1ca2c,0.9167,consistente,Registro Civil - SRCeI,Sanidad Naval - Sanidad Naval de la Armada de Chile
9a76efc4c34e4bd7843206658dc45454,c13d78fe65b94d05ad83b59494767b9f,12,5,7,c13d78fe65b94d05ad83b59494767b9f->9a76efc4c34e4bd7843206658dc45454,0.5833,mixto,Portal Ciudadano ClaveÚnica - Secretaría de Gobierno Digital,Beneficios Personal - Gendarmería de Chile
0f33ab6447034fe49d1629353a119e47,ee00832abfba40b38335ce48a12981b5,12,4,8,ee00832abfba40b38335ce48a12981b5->0f33ab6447034fe49d1629353a119e47,0.6667,mixto,Superintendencia en Línea - Mi Portal - Superintendencia de Seguridad Social,Autenticacion Nube  Privada - Servicio de Impuestos Internos
67eb30db49f240b08ab2b3f422f92cdf,6d252a9b7f244a0180f6c2a1ff39d2fe,12,6,6,67eb30db49f240b08ab2b3f422f92cdf->6d252a9b7f244a0180f6c2a1ff39d2fe,0.5,mixto,Portal MiDT - Dirección del Trabajo,Sistemas Control de Extracciones Efectivas - Dirección General de Aguas
4060f34dc33042fda53efdfd0594b679,c5b83bbfa22c4c31a5743485b4c6e524,12,7,5,4060f34dc33042fda53efdfd0594b679->c5b83bbfa22c4c31a5743485b4c6e524,0.5833,mixto,Capacitación ChileCompra - Dirección ChileCompra,Bolsa Nacional de Empleo - Subsecretaría del Trabajo
3e2a4d42827d43d0b90248199e58e98e,e8dde9d26979498786c6ba5a82f70ad3,12,10,2,3e2a4d42827d43d0b90248199e58e98e->e8dde9d26979498786c6ba5a82f70ad3,0.8333,mixto,Mineduc-Ayudamineduc - Subsecretaría de Educación,"undefined - Sociedad Administradora de Fondos de Cesantía de Chile II S.A., AFC Chile"
0335e32e61b248ae8ab98cb955f915dd,b972e814004e4624a566f308901cca7c,12,7,5,0335e32e61b248ae8ab98cb955f915dd->b972e814004e4624a566f308901cca7c,0.5833,mixto,Sistema de ambiente de Clientes - Central de Abastecimiento del Sistema Nacional de Servicios de Salud,DocDigital Versión 3 - Subsecretaría General de la Presidencia de la República
0faae9b6b5084555a1873eff484b4d9c,dc821110e3f34bf3984d61955ced2e69,12,7,5,0faae9b6b5084555a1873eff484b4d9c->dc821110e3f34bf3984d61955ced2e69,0.5833,mixto,Agendamiento Licencia Conducir - Municipalidad de Puente Alto,Licencia de Conducir Digital - Subsecretaría de Transportes
3af2d18b09e6443fa289e956fc10669f,dd7629fec91f4599b3cf8c0dd0b984ac,12,6,6,3af2d18b09e6443fa289e956fc10669f->dd7629fec91f4599b3cf8c0dd0b984ac,0.5,mixto,Red Movilidad - Subsecretaría de Transportes,Sucursal Virtual FONASA - Fondo Nacional de Salud
67339e06f4b44f78994ff4785178807a,8c89546c8e524777bc61ee8b984e29e0,12,2,10,8c89546c8e524777bc61ee8b984e29e0->67339e06f4b44f78994ff4785178807a,0.8333,mixto,Mercado+Público - Dirección de Compras y Contratación Pública,Intranet Institucional SLEPCH - Servicio Local de Educación Pública de Chinchorro
2ae2ca1a377048a58815f54a432f8a21,b1b009877e0c4e0790fd92559d853d69,12,4,8,b1b009877e0c4e0790fd92559d853d69->2ae2ca1a377048a58815f54a432f8a21,0.6667,mixto,Portal Paciente - Subsecretaría de Redes Asistenciales,Mi Súper - Superintendencia de Salud
1e801411cdbd40aa92ad0dfc09000f69,ae412e532f1a48428bd0c5ad1f02f816,12,8,4,1e801411cdbd40aa92ad0dfc09000f69->ae412e532f1a48428bd0c5ad1f02f816,0.6667,mixto,Intranet Navidad - Municipalidad de Navidad,Sistema de gestión de licencia - Subsecretaría de Transportes
9c9359fefd164d388f8a5edc2bac301e,e9c87bd5f69f4f86afe073f6e04f7d5b,12,12,0,9c9359fefd164d388f8a5edc2bac301e->e9c87bd5f69f4f86afe073f6e04f7d5b,1.0,consistente,Contraloría - Contraloría General de la República,Fondo Nacional - Ministerio del Interior
67339e06f4b44f78994ff4785178807a,7fb306ac5a6d4bbcb720e1de16336508,12,8,4,67339e06f4b44f78994ff4785178807a->7fb306ac5a6d4bbcb720e1de16336508,0.6667,mixto,Mercado+Público - Dirección de Compras y Contratación Pública,Escritorio Digital SISS - Superintendencia de Servicios Sanitarios
91f3f86897ff4ae39e50cbd7035fa8af,fb3957569a8d49528c3571bcb4703f55,12,7,5,91f3f86897ff4ae39e50cbd7035fa8af->fb3957569a8d49528c3571bcb4703f55,0.5833,mixto,APIs Receta Electrónica - Subsecretaría de Salud Pública,MINVU - Subsecretaría de Vivienda y Urbanismo
035b14f7f84242ef8ca0e78b0352777d,1bb1657eb2eb43808f0529810258aa3b,12,4,8,1bb1657eb2eb43808f0529810258aa3b->035b14f7f84242ef8ca0e78b0352777d,0.6667,mixto,035b14f7f84242ef8ca0e78b0352777d,Autenticación Sistemas DPP - Defensoría Penal Pública
209ce526160947f0b398566cd4cbfd0d,a77e76b1e0eb4cc3ae3a1df547fbf4cb,12,0,12,a77e76b1e0eb4cc3ae3a1df547fbf4cb->209ce526160947f0b398566cd4cbfd0d,1.0,consistente,Portal de Aplicaciones Sence - Servicio Nacional de Capacitacion y Empleo,Prácticas Chile - Dirección Nacional del Servicio Civil
035b14f7f84242ef8ca0e78b0352777d,dc821110e3f34bf3984d61955ced2e69,12,0,12,dc821110e3f34bf3984d61955ced2e69->035b14f7f84242ef8ca0e78b0352777d,1.0,consistente,035b14f7f84242ef8ca0e78b0352777d,Licencia de Conducir Digital - Subsecretaría de Transportes
638aea308ffb483198d5c1387e2cc017,94d27864f86d422faa68efccb908cc34,12,7,5,638aea308ffb483198d5c1387e2cc017->94d27864f86d422faa68efccb908cc34,0.5833,mixto,"Portal ""Mi SUPERIR"" - Superintendencia de Insolvencia y Reemprendimiento",94d27864f86d422faa68efccb908cc34
228ce6ed11d14e84ac2ae00cb5639515,dab6b8ce23604fa7b9ace2c2121d943e,12,9,3,228ce6ed11d14e84ac2ae00cb5639515->dab6b8ce23604fa7b9ace2c2121d943e,0.75,mixto,Plataforma HSA-MSGG - Ministerio Secretaría General de Gobierno,Intranet MSGG - Ministerio Secretaría General de Gobierno
645a4f092abd49f0820b8a5507e3dea0,9ae54d261e454c93ae1c2cdec0fd03e6,12,1,11,9ae54d261e454c93ae1c2cdec0fd03e6->645a4f092abd49f0820b8a5507e3dea0,0.9167,consistente,Sistema Servicios en línea - Caja de Previsión de la Defensa Nacional,Login certificado afiliacion - Fondo Nacional de Salud
136c7b7db74f4354ae8721ced4db4e39,b972e814004e4624a566f308901cca7c,12,9,3,136c7b7db74f4354ae8721ced4db4e39->b972e814004e4624a566f308901cca7c,0.75,mixto,136c7b7db74f4354ae8721ced4db4e39,DocDigital Versión 3 - Subsecretaría General de la Presidencia de la República
1bb1657eb2eb43808f0529810258aa3b,68b13a1228424526b43e2f78716efd3b,12,12,0,1bb1657eb2eb43808f0529810258aa3b->68b13a1228424526b43e2f78716efd3b,1.0,consistente,Autenticación Sistemas DPP - Defensoría Penal Pública,Pagos Diario Oficial - Subsecretaría del Interior
c765193a11274b73b1ffa97efd6fbc3b,e8dde9d26979498786c6ba5a82f70ad3,12,12,0,c765193a11274b73b1ffa97efd6fbc3b->e8dde9d26979498786c6ba5a82f70ad3,1.0,consistente,Servicio Único de Identidad - SMA - Superintendencia del Medio Ambiente,"undefined - Sociedad Administradora de Fondos de Cesantía de Chile II S.A., AFC Chile"
558b533275bd41bca3094acb6a85113a,d602a0071f3f4db8b37a87cffd89bf23,12,8,4,558b533275bd41bca3094acb6a85113a->d602a0071f3f4db8b37a87cffd89bf23,0.6667,mixto,Servicio de Evaluación Ambiental - Servicio de Evaluación Ambiental,PJUD - PODER JUDICIAL
209ce526160947f0b398566cd4cbfd0d,88d08ee1a5384a7fbe4bfddb8928ce82,12,0,12,88d08ee1a5384a7fbe4bfddb8928ce82->209ce526160947f0b398566cd4cbfd0d,1.0,consistente,Portal de Aplicaciones Sence - Servicio Nacional de Capacitacion y Empleo,Sistema Midas - Subsecretaría de Salud Pública
0faae9b6b5084555a1873eff484b4d9c,cb9e2b9dd1cd44c5b7d4fdcfbbf3f5e0,12,3,9,cb9e2b9dd1cd44c5b7d4fdcfbbf3f5e0->0faae9b6b5084555a1873eff484b4d9c,0.75,mixto,Agendamiento Licencia Conducir - Municipalidad de Puente Alto,Portal Usuario 2.0 - Subsecretaría de Justicia
41da80f6154c4d918166fc43862f5d78,e8dde9d26979498786c6ba5a82f70ad3,12,6,6,41da80f6154c4d918166fc43862f5d78->e8dde9d26979498786c6ba5a82f70ad3,0.5,mixto,Web Cajmetro - Corporación de Asistencia Judicial de la Región Metropolitana,"undefined - Sociedad Administradora de Fondos de Cesantía de Chile II S.A., AFC Chile"
123,c52ceac3693c4644bb20f07dd8aa7103,12,9,3,123->c52ceac3693c4644bb20f07dd8aa7103,0.75,mixto,Registro Civil - SRCeI,Firma Electronica - Secretaría de Gobierno Digital
94d27864f86d422faa68efccb908cc34,a7709b21161d459298dc5dc58e77310b,12,8,4,94d27864f86d422faa68efccb908cc34->a7709b21161d459298dc5dc58e77310b,0.6667,mixto,94d27864f86d422faa68efccb908cc34,DIPRECA - Dirección de Previsión de Carabineros de Chile
1bb1657eb2eb43808f0529810258aa3b,ae54454684154c25bd33c6e04609652b,12,6,6,1bb1657eb2eb43808f0529810258aa3b->ae54454684154c25bd33c6e04609652b,0.5,mixto,Autenticación Sistemas DPP - Defensoría Penal Pública,Sistema de Apelación Contra de Isapres - Subsecretaría de Salud Pública
638aea308ffb483198d5c1387e2cc017,ee00832abfba40b38335ce48a12981b5,12,10,2,638aea308ffb483198d5c1387e2cc017->ee00832abfba40b38335ce48a12981b5,0.8333,mixto,"Portal ""Mi SUPERIR"" - Superintendencia de Insolvencia y Reemprendimiento",Autenticacion Nube  Privada - Servicio de Impuestos Internos
08165f6182bc4dfc9dc1d7774508bbc6,b34fe8a89b9a43189ec5be764c3b695c,11,8,3,08165f6182bc4dfc9dc1d7774508bbc6->b34fe8a89b9a43189ec5be764c3b695c,0.7273,mixto,e-certchile - E-Cert Chile,Canales Digitales AFP UNO - AFP Uno
08165f6182bc4dfc9dc1d7774508bbc6,2e0f9d54f6534336a19fffacd7b6af40,11,5,6,2e0f9d54f6534336a19fffacd7b6af40->08165f6182bc4dfc9dc1d7774508bbc6,0.5455,mixto,e-certchile - E-Cert Chile,Sitio Web UNO Privado - AFP Uno
91f3f86897ff4ae39e50cbd7035fa8af,a7709b21161d459298dc5dc58e77310b,11,8,3,91f3f86897ff4ae39e50cbd7035fa8af->a7709b21161d459298dc5dc58e77310b,0.7273,mixto,APIs Receta Electrónica - Subsecretaría de Salud Pública,DIPRECA - Dirección de Previsión de Carabineros de Chile
6daae6995cb245348bb2b5432ccc9948,91f3f86897ff4ae39e50cbd7035fa8af,11,4,7,91f3f86897ff4ae39e50cbd7035fa8af->6daae6995cb245348bb2b5432ccc9948,0.6364,mixto,DIRECTEMAR - Dirección General del Territorio Marítimo y Marina Mercante,APIs Receta Electrónica - Subsecretaría de Salud Pública
3d639e0a581e4afbbc3976eed669f5c6,9a76efc4c34e4bd7843206658dc45454,11,5,6,9a76efc4c34e4bd7843206658dc45454->3d639e0a581e4afbbc3976eed669f5c6,0.5455,mixto,Mi Portal de Emprendimiento - Subsecretaría de Evaluación Social,Portal Ciudadano ClaveÚnica - Secretaría de Gobierno Digital
9a76efc4c34e4bd7843206658dc45454,fdd7e5cf453e42d7b8cb2334d3a7bff9,11,9,2,9a76efc4c34e4bd7843206658dc45454->fdd7e5cf453e42d7b8cb2334d3a7bff9,0.8182,mixto,Portal Ciudadano ClaveÚnica - Secretaría de Gobierno Digital,Telesalud - Subsecretaría de Redes Asistenciales
2549b51828ce40af920a932dd2102217,558b533275bd41bca3094acb6a85113a,11,11,0,2549b51828ce40af920a932dd2102217->558b533275bd41bca3094acb6a85113a,1.0,consistente,undefined - Servicio de Impuestos Internos,Servicio de Evaluación Ambiental - Servicio de Evaluación Ambiental
41da80f6154c4d918166fc43862f5d78,eaf8f2b0ccd04cf2a7bfcf357fe88ca2,11,6,5,41da80f6154c4d918166fc43862f5d78->eaf8f2b0ccd04cf2a7bfcf357fe88ca2,0.5455,mixto,Web Cajmetro - Corporación de Asistencia Judicial de la Región Metropolitana,Empleos Públicos - Servicio Civil
209ce526160947f0b398566cd4cbfd0d,fe1194092c934e70b824f3014a2f020d,11,10,1,209ce526160947f0b398566cd4cbfd0d->fe1194092c934e70b824f3014a2f020d,0.9091,consistente,Portal de Aplicaciones Sence - Servicio Nacional de Capacitacion y Empleo,Portal Único de Fondos Concursables del Estado - Subsecretaría General de Gobierno
347178b052294153af290d6a84589868,f15bd4421f604ffbae3d627bef601546,11,5,6,f15bd4421f604ffbae3d627bef601546->347178b052294153af290d6a84589868,0.5455,mixto,Mi Fiscalía en Línea - Ministerio Público,Transferencia de Archivos - Ministerio Público
74e60dc3bc26493d81088e4d322b7c39,cc892c05f6d94315be2b7539e45b9170,11,5,6,cc892c05f6d94315be2b7539e45b9170->74e60dc3bc26493d81088e4d322b7c39,0.5455,mixto,SignPass - BPO Advisors SpA,Ventanilla Única 2.0 - Ministerio del Medio Ambiente
94d27864f86d422faa68efccb908cc34,c567f19e4b0b409491faa28b331bf1d3,11,3,8,c567f19e4b0b409491faa28b331bf1d3->94d27864f86d422faa68efccb908cc34,0.7273,mixto,94d27864f86d422faa68efccb908cc34,c567f19e4b0b409491faa28b331bf1d3
78d2a80a1628414097285e5ece0cab12,ffaec74bfd414f8394bab077a989e27f,11,2,9,ffaec74bfd414f8394bab077a989e27f->78d2a80a1628414097285e5ece0cab12,0.8182,mixto,78d2a80a1628414097285e5ece0cab12,miChileAtiende - Instituto de Previsión Social
86144f0d3b814c1d8c013f7aade6c55d,c5b83bbfa22c4c31a5743485b4c6e524,11,6,5,86144f0d3b814c1d8c013f7aade6c55d->c5b83bbfa22c4c31a5743485b4c6e524,0.5455,mixto,Sernac - Portal del consumidor - Servicio Nacional del Consumidor,Bolsa Nacional de Empleo - Subsecretaría del Trabajo
285f4ab87d9a4484a4e8fa6e7db43fe6,4a94478dd25f4430a0a023b87e11170d,11,8,3,285f4ab87d9a4484a4e8fa6e7db43fe6->4a94478dd25f4430a0a023b87e11170d,0.7273,mixto,Sistema de Registro - Subsecretaría de Evaluación Social,Milicenciamedica.cl - Subsecretaría de Salud Pública
67eb30db49f240b08ab2b3f422f92cdf,8c1942e0cdce4f71b53f62474322f0b7,11,6,5,67eb30db49f240b08ab2b3f422f92cdf->8c1942e0cdce4f71b53f62474322f0b7,0.5455,mixto,Portal MiDT - Dirección del Trabajo,Superintendencia de Electricidad y Combustibles - SUPERINTENDECIA DE ELECTRICIDAD Y COMBUSTIBLES
08165f6182bc4dfc9dc1d7774508bbc6,d74a389b77734996ba37fa61a0d08341,11,0,11,d74a389b77734996ba37fa61a0d08341->08165f6182bc4dfc9dc1d7774508bbc6,1.0,consistente,e-certchile - E-Cert Chile,DECLARACION JURADA - Servicio Agrícola y Ganadero
6d52b87b5a964c61ad7e28afd9499f18,f883bd6d70b043a09837e8b888fe3f65,11,4,7,f883bd6d70b043a09837e8b888fe3f65->6d52b87b5a964c61ad7e28afd9499f18,0.6364,mixto,Mis Trámites CGR - Contraloría General de la República,undefined - Subsecretaría de Economía y Empresas de Menor Tamaño
86144f0d3b814c1d8c013f7aade6c55d,ee00832abfba40b38335ce48a12981b5,11,6,5,86144f0d3b814c1d8c013f7aade6c55d->ee00832abfba40b38335ce48a12981b5,0.5455,mixto,Sernac - Portal del consumidor - Servicio Nacional del Consumidor,Autenticacion Nube  Privada - Servicio de Impuestos Internos
6bcf44d8a73c473cb78f0cb92508a232,c82f84bf3f2b451393445a0cb6883665,11,6,5,6bcf44d8a73c473cb78f0cb92508a232->c82f84bf3f2b451393445a0cb6883665,0.5455,mixto,6bcf44d8a73c473cb78f0cb92508a232,Ventanilla Única Social - Subsecretaría de Evaluación Social
6bcf44d8a73c473cb78f0cb92508a232,d602a0071f3f4db8b37a87cffd89bf23,11,6,5,6bcf44d8a73c473cb78f0cb92508a232->d602a0071f3f4db8b37a87cffd89bf23,0.5455,mixto,6bcf44d8a73c473cb78f0cb92508a232,PJUD - PODER JUDICIAL
399e7fc266894562850261cfbc06b992,b972e814004e4624a566f308901cca7c,11,2,9,b972e814004e4624a566f308901cca7c->399e7fc266894562850261cfbc06b992,0.8182,mixto,Denuncia en Linea - Ministerio Público,DocDigital Versión 3 - Subsecretaría General de la Presidencia de la República
ab2dd6e0890c4b5483973add6fa1b91b,b6a7ac98c6704aa6b6512efa5fa8dbfe,11,5,6,b6a7ac98c6704aa6b6512efa5fa8dbfe->ab2dd6e0890c4b5483973add6fa1b91b,0.5455,mixto,Sercotec - Servicio de Cooperación Técnica,Corfo - Corporación de Fomento de la Producción
1bb1657eb2eb43808f0529810258aa3b,e8dde9d26979498786c6ba5a82f70ad3,11,4,7,e8dde9d26979498786c6ba5a82f70ad3->1bb1657eb2eb43808f0529810258aa3b,0.6364,mixto,Autenticación Sistemas DPP - Defensoría Penal Pública,"undefined - Sociedad Administradora de Fondos de Cesantía de Chile II S.A., AFC Chile"
0a750e36725e495ba32bd43a5f170724,ee00832abfba40b38335ce48a12981b5,11,9,2,0a750e36725e495ba32bd43a5f170724->ee00832abfba40b38335ce48a12981b5,0.8182,mixto,FUAS-Mineduc - Subsecretaría de Educación,Autenticacion Nube  Privada - Servicio de Impuestos Internos
4060f34dc33042fda53efdfd0594b679,ae4caa1cb2154cac89440f3fe18251cb,11,7,4,4060f34dc33042fda53efdfd0594b679->ae4caa1cb2154cac89440f3fe18251cb,0.6364,mixto,Capacitación ChileCompra - Dirección ChileCompra,Ingreso de causas y escritos - Corporación Administrativa del Poder Judicial
2ff516ac74a44ebfa3a522adbde28a0f,86144f0d3b814c1d8c013f7aade6c55d,11,10,1,2ff516ac74a44ebfa3a522adbde28a0f->86144f0d3b814c1d8c013f7aade6c55d,0.9091,consistente,E-Sign ClaveÚnica - ESIGN S.A.,Sernac - Portal del consumidor - Servicio Nacional del Consumidor
9a76efc4c34e4bd7843206658dc45454,d6d4327ae40445518a3c8a6e62137cd6,11,11,0,9a76efc4c34e4bd7843206658dc45454->d6d4327ae40445518a3c8a6e62137cd6,1.0,consistente,Portal Ciudadano ClaveÚnica - Secretaría de Gobierno Digital,Gobierno Digital Simple - Secretaría de Gobierno Digital
64d9be8046574fbfbc1fb14c9912afea,ae54454684154c25bd33c6e04609652b,11,11,0,64d9be8046574fbfbc1fb14c9912afea->ae54454684154c25bd33c6e04609652b,1.0,consistente,ASDigital - Ministerio de salud,Sistema de Apelación Contra de Isapres - Subsecretaría de Salud Pública
2549b51828ce40af920a932dd2102217,9f3c39663dac4e6791811016adc217da,11,5,6,9f3c39663dac4e6791811016adc217da->2549b51828ce40af920a932dd2102217,0.5455,mixto,undefined - Servicio de Impuestos Internos,"Sistema Cuenta Cultura - Ministerio de las Culturas, las Artes y el Patrimonio"
399e7fc266894562850261cfbc06b992,ffaec74bfd414f8394bab077a989e27f,11,5,6,ffaec74bfd414f8394bab077a989e27f->399e7fc266894562850261cfbc06b992,0.5455,mixto,Denuncia en Linea - Ministerio Público,miChileAtiende - Instituto de Previsión Social
ae4caa1cb2154cac89440f3fe18251cb,d5dac98442bb425ba884809990aa064d,11,5,6,d5dac98442bb425ba884809990aa064d->ae4caa1cb2154cac89440f3fe18251cb,0.5455,mixto,Ingreso de causas y escritos - Corporación Administrativa del Poder Judicial,Sistema Gestión Expedientes - Subsecretaría de Economía y Empresas de Menor Tamaño
209ce526160947f0b398566cd4cbfd0d,b972e814004e4624a566f308901cca7c,11,4,7,b972e814004e4624a566f308901cca7c->209ce526160947f0b398566cd4cbfd0d,0.6364,mixto,Portal de Aplicaciones Sence - Servicio Nacional de Capacitacion y Empleo,DocDigital Versión 3 - Subsecretaría General de la Presidencia de la República
8c1942e0cdce4f71b53f62474322f0b7,d602a0071f3f4db8b37a87cffd89bf23,11,6,5,8c1942e0cdce4f71b53f62474322f0b7->d602a0071f3f4db8b37a87cffd89bf23,0.5455,mixto,Superintendencia de Electricidad y Combustibles - SUPERINTENDECIA DE ELECTRICIDAD Y COMBUSTIBLES,PJUD - PODER JUDICIAL
9f88dc88029e42d3a5b082ab396be6d3,ffaec74bfd414f8394bab077a989e27f,11,11,0,9f88dc88029e42d3a5b082ab396be6d3->ffaec74bfd414f8394bab077a989e27f,1.0,consistente,Sistema de Postulación Único - Carabineros de Chile,miChileAtiende - Instituto de Previsión Social
0335e32e61b248ae8ab98cb955f915dd,64d9be8046574fbfbc1fb14c9912afea,11,5,6,64d9be8046574fbfbc1fb14c9912afea->0335e32e61b248ae8ab98cb955f915dd,0.5455,mixto,Sistema de ambiente de Clientes - Central de Abastecimiento del Sistema Nacional de Servicios de Salud,ASDigital - Ministerio de salud
1eec93924a1046efbad70c851782ab8a,74e60dc3bc26493d81088e4d322b7c39,11,7,4,1eec93924a1046efbad70c851782ab8a->74e60dc3bc26493d81088e4d322b7c39,0.6364,mixto,Trámites INAPI - Instituto Nacional de Propiedad Industrial,SignPass - BPO Advisors SpA
5235b9f356954973a226cb6fc12c9d6e,6a322ad743e3464bae56d2d9b180078a,11,5,6,6a322ad743e3464bae56d2d9b180078a->5235b9f356954973a226cb6fc12c9d6e,0.5455,mixto,Sistema Alta Dirección Pública - Dirección Nacional del Servicio Civil,6a322ad743e3464bae56d2d9b180078a
67eb30db49f240b08ab2b3f422f92cdf,f5d8ddb9e3924b09901a9ce38dddc362,11,9,2,67eb30db49f240b08ab2b3f422f92cdf->f5d8ddb9e3924b09901a9ce38dddc362,0.8182,mixto,Portal MiDT - Dirección del Trabajo,Single Sign-On - Subsecretaría de Transportes
465d39a118f84dcca1751c69cccc4f3f,d602a0071f3f4db8b37a87cffd89bf23,11,6,5,465d39a118f84dcca1751c69cccc4f3f->d602a0071f3f4db8b37a87cffd89bf23,0.5455,mixto,HJNC Virtual - Hospital Regional de Arica y Parinacota Dr. Juan Noé Crevani,PJUD - PODER JUDICIAL
123,ab2dd6e0890c4b5483973add6fa1b91b,11,3,8,ab2dd6e0890c4b5483973add6fa1b91b->123,0.7273,mixto,Registro Civil - SRCeI,Sercotec - Servicio de Cooperación Técnica
295b6153828349ea914a9cda6020bafa,67339e06f4b44f78994ff4785178807a,11,8,3,295b6153828349ea914a9cda6020bafa->67339e06f4b44f78994ff4785178807a,0.7273,mixto,Intranet Licantén - Municipalidad de Licantén,Mercado+Público - Dirección de Compras y Contratación Pública
02f0f8beb94542deac503efd6a774262,9a76efc4c34e4bd7843206658dc45454,11,2,9,9a76efc4c34e4bd7843206658dc45454->02f0f8beb94542deac503efd6a774262,0.8182,mixto,SSMSO - Servicio de Salud Sur Oriente,Portal Ciudadano ClaveÚnica - Secretaría de Gobierno Digital
6e12533e73a048efa8bcc0a30f2b7684,b972e814004e4624a566f308901cca7c,11,6,5,6e12533e73a048efa8bcc0a30f2b7684->b972e814004e4624a566f308901cca7c,0.5455,mixto,Dirección General de Movilización Nacional - Dirección General de Movilización Nacional,DocDigital Versión 3 - Subsecretaría General de la Presidencia de la República
067325b206034a09a16597b6c55d26a8,9a76efc4c34e4bd7843206658dc45454,11,3,8,9a76efc4c34e4bd7843206658dc45454->067325b206034a09a16597b6c55d26a8,0.7273,mixto,Red Movilidad - Subsecretaría de Transportes,Portal Ciudadano ClaveÚnica - Secretaría de Gobierno Digital
7d0c4697a4f849e38021ccb192e0b4a7,9c9359fefd164d388f8a5edc2bac301e,11,5,6,9c9359fefd164d388f8a5edc2bac301e->7d0c4697a4f849e38021ccb192e0b4a7,0.5455,mixto,"Niños, Niñas y Adolescentes - Subsecretaría de Evaluación Social",Contraloría - Contraloría General de la República
01b56ab5b9be43e19fa06300994787ec,781903276b2548499891c4c91c5d278b,11,2,9,781903276b2548499891c4c91c5d278b->01b56ab5b9be43e19fa06300994787ec,0.8182,mixto,Bitácora Web - Ministerio Público,Enrollment Certificadoradelsur - Certificadora del Sur
5235b9f356954973a226cb6fc12c9d6e,c5b83bbfa22c4c31a5743485b4c6e524,11,6,5,5235b9f356954973a226cb6fc12c9d6e->c5b83bbfa22c4c31a5743485b4c6e524,0.5455,mixto,Sistema Alta Dirección Pública - Dirección Nacional del Servicio Civil,Bolsa Nacional de Empleo - Subsecretaría del Trabajo
67339e06f4b44f78994ff4785178807a,f2eaffaf45b84b9c8e39cc303a97e9d7,11,6,5,67339e06f4b44f78994ff4785178807a->f2eaffaf45b84b9c8e39cc303a97e9d7,0.5455,mixto,Mercado+Público - Dirección de Compras y Contratación Pública,SIMPLE - Secretaría de Gobierno Digital
2549b51828ce40af920a932dd2102217,7249a9adb1c343aba8db068dbe0c3795,11,6,5,2549b51828ce40af920a932dd2102217->7249a9adb1c343aba8db068dbe0c3795,0.5455,mixto,undefined - Servicio de Impuestos Internos,Simple Trámites - Subsecretaría de Evaluación Social
1bb1657eb2eb43808f0529810258aa3b,6d52b87b5a964c61ad7e28afd9499f18,11,6,5,1bb1657eb2eb43808f0529810258aa3b->6d52b87b5a964c61ad7e28afd9499f18,0.5455,mixto,Autenticación Sistemas DPP - Defensoría Penal Pública,Mis Trámites CGR - Contraloría General de la República
20acab350ddf489c931028b7a6a1ff99,d602a0071f3f4db8b37a87cffd89bf23,11,9,2,20acab350ddf489c931028b7a6a1ff99->d602a0071f3f4db8b37a87cffd89bf23,0.8182,mixto,Sucursal Virtual Jeafosale - Ejército de Chile,PJUD - PODER JUDICIAL
6a322ad743e3464bae56d2d9b180078a,c13d78fe65b94d05ad83b59494767b9f,11,7,4,6a322ad743e3464bae56d2d9b180078a->c13d78fe65b94d05ad83b59494767b9f,0.6364,mixto,6a322ad743e3464bae56d2d9b180078a,Beneficios Personal - Gendarmería de Chile
5492b6e4db6948aca469c21d05b18721,ae4caa1cb2154cac89440f3fe18251cb,11,8,3,5492b6e4db6948aca469c21d05b18721->ae4caa1cb2154cac89440f3fe18251cb,0.7273,mixto,Ley del Lobby - Comisión para la Integridad PÚblica y Transparencia,Ingreso de causas y escritos - Corporación Administrativa del Poder Judicial
55c1817c84554dc881bc439a4b00abed,e8dde9d26979498786c6ba5a82f70ad3,11,7,4,55c1817c84554dc881bc439a4b00abed->e8dde9d26979498786c6ba5a82f70ad3,0.6364,mixto,Municipalidad de Colina - Municipalidad de Colina,"undefined - Sociedad Administradora de Fondos de Cesantía de Chile II S.A., AFC Chile"
6e12533e73a048efa8bcc0a30f2b7684,ac8e668f620b403b9ccc6486c0e365c7,11,4,7,ac8e668f620b403b9ccc6486c0e365c7->6e12533e73a048efa8bcc0a30f2b7684,0.6364,mixto,Dirección General de Movilización Nacional - Dirección General de Movilización Nacional,ac8e668f620b403b9ccc6486c0e365c7
0faae9b6b5084555a1873eff484b4d9c,9a76efc4c34e4bd7843206658dc45454,11,1,10,9a76efc4c34e4bd7843206658dc45454->0faae9b6b5084555a1873eff484b4d9c,0.9091,consistente,Agendamiento Licencia Conducir - Municipalidad de Puente Alto,Portal Ciudadano ClaveÚnica - Secretaría de Gobierno Digital
4a94478dd25f4430a0a023b87e11170d,e5b8388e1275417395d526c566b0e1e8,11,3,8,e5b8388e1275417395d526c566b0e1e8->4a94478dd25f4430a0a023b87e11170d,0.7273,mixto,Milicenciamedica.cl - Subsecretaría de Salud Pública,Servicio Nacional de Aduanas - Servicio Nacional de Aduanas
67339e06f4b44f78994ff4785178807a,abf4698b03984acfb21f239abb1a3907,11,5,6,abf4698b03984acfb21f239abb1a3907->67339e06f4b44f78994ff4785178807a,0.5455,mixto,Mercado+Público - Dirección de Compras y Contratación Pública,Tramites SLEPAS - Servicio Local de Educación Pública de Andalién Sur
21411e9ba57846ee958313d9f2f81177,dd7629fec91f4599b3cf8c0dd0b984ac,11,4,7,dd7629fec91f4599b3cf8c0dd0b984ac->21411e9ba57846ee958313d9f2f81177,0.6364,mixto,Prestador Bono electrónico - Fondo Nacional de Salud,Sucursal Virtual FONASA - Fondo Nacional de Salud
b1b009877e0c4e0790fd92559d853d69,c13d78fe65b94d05ad83b59494767b9f,11,8,3,b1b009877e0c4e0790fd92559d853d69->c13d78fe65b94d05ad83b59494767b9f,0.7273,mixto,Mi Súper - Superintendencia de Salud,Beneficios Personal - Gendarmería de Chile
c82f84bf3f2b451393445a0cb6883665,ea3b3bbfa0bd4b99ae4fd1176a22d13c,11,4,7,ea3b3bbfa0bd4b99ae4fd1176a22d13c->c82f84bf3f2b451393445a0cb6883665,0.6364,mixto,Ventanilla Única Social - Subsecretaría de Evaluación Social,Bono Logro Escolar - Subsecretaría de Servicios Sociales
648a73c3ab2a48b1ac046802df52be11,b972e814004e4624a566f308901cca7c,11,6,5,648a73c3ab2a48b1ac046802df52be11->b972e814004e4624a566f308901cca7c,0.5455,mixto,Gesdoc - Dirección General del Crédito Prendario,DocDigital Versión 3 - Subsecretaría General de la Presidencia de la República
67339e06f4b44f78994ff4785178807a,894c246eb00a482da371617f75149e30,11,5,6,894c246eb00a482da371617f75149e30->67339e06f4b44f78994ff4785178807a,0.5455,mixto,Mercado+Público - Dirección de Compras y Contratación Pública,Contraloria General de la Republica - CONTRALORIA
465d39a118f84dcca1751c69cccc4f3f,4a94478dd25f4430a0a023b87e11170d,11,1,10,4a94478dd25f4430a0a023b87e11170d->465d39a118f84dcca1751c69cccc4f3f,0.9091,consistente,HJNC Virtual - Hospital Regional de Arica y Parinacota Dr. Juan Noé Crevani,Milicenciamedica.cl - Subsecretaría de Salud Pública
123,ed6beff4035f49c6997be95df71e5544,11,7,4,123->ed6beff4035f49c6997be95df71e5544,0.6364,mixto,Registro Civil - SRCeI,Subsidio Familiar Automático - Subsecretaría de Evaluación Social
6a322ad743e3464bae56d2d9b180078a,8c1942e0cdce4f71b53f62474322f0b7,11,2,9,8c1942e0cdce4f71b53f62474322f0b7->6a322ad743e3464bae56d2d9b180078a,0.8182,mixto,6a322ad743e3464bae56d2d9b180078a,Superintendencia de Electricidad y Combustibles - SUPERINTENDECIA DE ELECTRICIDAD Y COMBUSTIBLES
1eec93924a1046efbad70c851782ab8a,e8dde9d26979498786c6ba5a82f70ad3,11,3,8,e8dde9d26979498786c6ba5a82f70ad3->1eec93924a1046efbad70c851782ab8a,0.7273,mixto,Trámites INAPI - Instituto Nacional de Propiedad Industrial,"undefined - Sociedad Administradora de Fondos de Cesantía de Chile II S.A., AFC Chile"
006b85a984e94ce88ddb035ec01b2d70,123,11,3,8,123->006b85a984e94ce88ddb035ec01b2d70,0.7273,mixto,006b85a984e94ce88ddb035ec01b2d70,Registro Civil - SRCeI
239b1152a21a4cebb35b2a9dc02b10a9,d602a0071f3f4db8b37a87cffd89bf23,11,7,4,239b1152a21a4cebb35b2a9dc02b10a9->d602a0071f3f4db8b37a87cffd89bf23,0.6364,mixto,Agencia de Calidad de la Educación - MINISTERIO DE EDUCACION,PJUD - PODER JUDICIAL
d602a0071f3f4db8b37a87cffd89bf23,fe1194092c934e70b824f3014a2f020d,11,4,7,fe1194092c934e70b824f3014a2f020d->d602a0071f3f4db8b37a87cffd89bf23,0.6364,mixto,PJUD - PODER JUDICIAL,Portal Único de Fondos Concursables del Estado - Subsecretaría General de Gobierno
ae4caa1cb2154cac89440f3fe18251cb,b4206ac5e3224dfd900588a8f7caf95e,11,5,6,b4206ac5e3224dfd900588a8f7caf95e->ae4caa1cb2154cac89440f3fe18251cb,0.5455,mixto,Ingreso de causas y escritos - Corporación Administrativa del Poder Judicial,FONASA - Portal Beneficiario - Fondo Nacional de Salud
67eb30db49f240b08ab2b3f422f92cdf,d766af3638194588bfaa68f745e5b24a,11,0,11,d766af3638194588bfaa68f745e5b24a->67eb30db49f240b08ab2b3f422f92cdf,1.0,consistente,Portal MiDT - Dirección del Trabajo,Ficha de Caracterización Unica - Subsecretaría de Educación
1ad6835586034de0b29f4a402b182c6c,cc28da1df13d4147b5420ccc231a458e,11,5,6,cc28da1df13d4147b5420ccc231a458e->1ad6835586034de0b29f4a402b182c6c,0.5455,mixto,Comisaría Virtual 2 - Carabineros de Chile,Canal de denuncias - Poder Judicial
d602a0071f3f4db8b37a87cffd89bf23,d901924d294640abb47dd412154610c7,11,4,7,d901924d294640abb47dd412154610c7->d602a0071f3f4db8b37a87cffd89bf23,0.6364,mixto,PJUD - PODER JUDICIAL,Intranet IM. de Coihueco - Municipalidad de Coihueco
638aea308ffb483198d5c1387e2cc017,86144f0d3b814c1d8c013f7aade6c55d,11,6,5,638aea308ffb483198d5c1387e2cc017->86144f0d3b814c1d8c013f7aade6c55d,0.5455,mixto,"Portal ""Mi SUPERIR"" - Superintendencia de Insolvencia y Reemprendimiento",Sernac - Portal del consumidor - Servicio Nacional del Consumidor
ae54454684154c25bd33c6e04609652b,eaf8f2b0ccd04cf2a7bfcf357fe88ca2,11,3,8,eaf8f2b0ccd04cf2a7bfcf357fe88ca2->ae54454684154c25bd33c6e04609652b,0.7273,mixto,Sistema de Apelación Contra de Isapres - Subsecretaría de Salud Pública,Empleos Públicos - Servicio Civil
d74a389b77734996ba37fa61a0d08341,e8dde9d26979498786c6ba5a82f70ad3,11,2,9,e8dde9d26979498786c6ba5a82f70ad3->d74a389b77734996ba37fa61a0d08341,0.8182,mixto,DECLARACION JURADA - Servicio Agrícola y Ganadero,"undefined - Sociedad Administradora de Fondos de Cesantía de Chile II S.A., AFC Chile"
6a322ad743e3464bae56d2d9b180078a,894c246eb00a482da371617f75149e30,11,3,8,894c246eb00a482da371617f75149e30->6a322ad743e3464bae56d2d9b180078a,0.7273,mixto,6a322ad743e3464bae56d2d9b180078a,Contraloria General de la Republica - CONTRALORIA
006b85a984e94ce88ddb035ec01b2d70,c7898e94d376496db2a6d220f486db47,11,2,9,c7898e94d376496db2a6d220f486db47->006b85a984e94ce88ddb035ec01b2d70,0.8182,mixto,006b85a984e94ce88ddb035ec01b2d70,Sistemas Internos - Subsecretaría de Bienes Nacionales
dcd0b6134a8846c1ac7171f8530945ab,ffaec74bfd414f8394bab077a989e27f,11,6,5,dcd0b6134a8846c1ac7171f8530945ab->ffaec74bfd414f8394bab077a989e27f,0.5455,mixto,Identidad Única - Ministerio de Vivienda y Urbanismo - Subsecretaría de Vivienda y Urbanismo,miChileAtiende - Instituto de Previsión Social
123,5af89d91c7c74476ad4546b1db07c56c,11,11,0,123->5af89d91c7c74476ad4546b1db07c56c,1.0,consistente,Registro Civil - SRCeI,Mi HC OnLine - Servicio de Salud Arica y Parinacota
4a94478dd25f4430a0a023b87e11170d,ed6beff4035f49c6997be95df71e5544,11,3,8,ed6beff4035f49c6997be95df71e5544->4a94478dd25f4430a0a023b87e11170d,0.7273,mixto,Milicenciamedica.cl - Subsecretaría de Salud Pública,Subsidio Familiar Automático - Subsecretaría de Evaluación Social
94d27864f86d422faa68efccb908cc34,cb9e2b9dd1cd44c5b7d4fdcfbbf3f5e0,11,4,7,cb9e2b9dd1cd44c5b7d4fdcfbbf3f5e0->94d27864f86d422faa68efccb908cc34,0.6364,mixto,94d27864f86d422faa68efccb908cc34,Portal Usuario 2.0 - Subsecretaría de Justicia
1ad6835586034de0b29f4a402b182c6c,2ff516ac74a44ebfa3a522adbde28a0f,11,7,4,1ad6835586034de0b29f4a402b182c6c->2ff516ac74a44ebfa3a522adbde28a0f,0.6364,mixto,Comisaría Virtual 2 - Carabineros de Chile,E-Sign ClaveÚnica - ESIGN S.A.
0062dc8c31ca4560b766f7063181eaab,123,11,11,0,0062dc8c31ca4560b766f7063181eaab->123,1.0,consistente,SADOC - Superintendencia de Servicios Sanitarios,Registro Civil - SRCeI
347178b052294153af290d6a84589868,c2f8201a4d224d81babdcea072e5cec4,11,6,5,347178b052294153af290d6a84589868->c2f8201a4d224d81babdcea072e5cec4,0.5455,mixto,Mi Fiscalía en Línea - Ministerio Público,https://tramites.subtel.gob.cl - Subsecretaría de Telecomunicaciones
b9e3f79c40594953af24e9a43eba4e0c,e9d3577612dd49c3b62b654e33dccefb,11,11,0,b9e3f79c40594953af24e9a43eba4e0c->e9d3577612dd49c3b62b654e33dccefb,1.0,consistente,e-Digital - E-Digital PKI SpA.,AutenticacionAccesoParaFirma - Certinet S.A.
20acab350ddf489c931028b7a6a1ff99,6a322ad743e3464bae56d2d9b180078a,11,6,5,20acab350ddf489c931028b7a6a1ff99->6a322ad743e3464bae56d2d9b180078a,0.5455,mixto,Sucursal Virtual Jeafosale - Ejército de Chile,6a322ad743e3464bae56d2d9b180078a
111473a515ef420197e4759462901f12,d6d4327ae40445518a3c8a6e62137cd6,11,11,0,111473a515ef420197e4759462901f12->d6d4327ae40445518a3c8a6e62137cd6,1.0,consistente,Acceso Municipalidad de Santiago - Municipalidad de Santiago,Gobierno Digital Simple - Secretaría de Gobierno Digital
1ad6835586034de0b29f4a402b182c6c,c5b83bbfa22c4c31a5743485b4c6e524,11,5,6,c5b83bbfa22c4c31a5743485b4c6e524->1ad6835586034de0b29f4a402b182c6c,0.5455,mixto,Comisaría Virtual 2 - Carabineros de Chile,Bolsa Nacional de Empleo - Subsecretaría del Trabajo
2e0f9d54f6534336a19fffacd7b6af40,9ae54d261e454c93ae1c2cdec0fd03e6,11,5,6,9ae54d261e454c93ae1c2cdec0fd03e6->2e0f9d54f6534336a19fffacd7b6af40,0.5455,mixto,Sitio Web UNO Privado - AFP Uno,Login certificado afiliacion - Fondo Nacional de Salud
9a76efc4c34e4bd7843206658dc45454,b15e46acff6b4a7487ad18cdac3a21d0,11,8,3,9a76efc4c34e4bd7843206658dc45454->b15e46acff6b4a7487ad18cdac3a21d0,0.7273,mixto,Portal Ciudadano ClaveÚnica - Secretaría de Gobierno Digital,Hospital Sotero del Río - Servicio Salud Metropolitano Sur Oriente
6d52b87b5a964c61ad7e28afd9499f18,fb944d98fea445bda57de000993d3e25,11,10,1,6d52b87b5a964c61ad7e28afd9499f18->fb944d98fea445bda57de000993d3e25,0.9091,consistente,Mis Trámites CGR - Contraloría General de la República,Accede a tu Portal Paciente - Servicio de Salud Maule
c82f84bf3f2b451393445a0cb6883665,d766af3638194588bfaa68f745e5b24a,11,8,3,c82f84bf3f2b451393445a0cb6883665->d766af3638194588bfaa68f745e5b24a,0.7273,mixto,Ventanilla Única Social - Subsecretaría de Evaluación Social,Ficha de Caracterización Unica - Subsecretaría de Educación
1ad6835586034de0b29f4a402b182c6c,dcd0b6134a8846c1ac7171f8530945ab,11,8,3,1ad6835586034de0b29f4a402b182c6c->dcd0b6134a8846c1ac7171f8530945ab,0.7273,mixto,Comisaría Virtual 2 - Carabineros de Chile,Identidad Única - Ministerio de Vivienda y Urbanismo - Subsecretaría de Vivienda y Urbanismo
5da266ab8604496a91de069694b067aa,638aea308ffb483198d5c1387e2cc017,11,8,3,5da266ab8604496a91de069694b067aa->638aea308ffb483198d5c1387e2cc017,0.7273,mixto,aei - Superintendencia de Insolvencia y Reemprendimiento,"Portal ""Mi SUPERIR"" - Superintendencia de Insolvencia y Reemprendimiento"
b3b9221510904977b1c9f12ea7108119,d602a0071f3f4db8b37a87cffd89bf23,11,6,5,b3b9221510904977b1c9f12ea7108119->d602a0071f3f4db8b37a87cffd89bf23,0.5455,mixto,Contactanos DT - Dirección del Trabajo,PJUD - PODER JUDICIAL
6a322ad743e3464bae56d2d9b180078a,c2f8201a4d224d81babdcea072e5cec4,11,2,9,c2f8201a4d224d81babdcea072e5cec4->6a322ad743e3464bae56d2d9b180078a,0.8182,mixto,6a322ad743e3464bae56d2d9b180078a,https://tramites.subtel.gob.cl - Subsecretaría de Telecomunicaciones
123,3d639e0a581e4afbbc3976eed669f5c6,11,5,6,3d639e0a581e4afbbc3976eed669f5c6->123,0.5455,mixto,Registro Civil - SRCeI,Mi Portal de Emprendimiento - Subsecretaría de Evaluación Social
66a493258641428ea9797fbe33fc8b27,ffaec74bfd414f8394bab077a989e27f,11,2,9,ffaec74bfd414f8394bab077a989e27f->66a493258641428ea9797fbe33fc8b27,0.8182,mixto,ChileAtiende - Instituto de Previsión Social,miChileAtiende - Instituto de Previsión Social
32f2a35e790544ec9e040345f8a364f3,79bvfghg9a0a8tm25d16sddg7d61d4710,11,2,9,79bvfghg9a0a8tm25d16sddg7d61d4710->32f2a35e790544ec9e040345f8a364f3,0.8182,mixto,Defensoría Penal Pública - DEFENSORIA PENAL PUBLICA,Extranjeria - Secretaría de Gobierno Digital
5f686fded1294c02a7a5c3298f2eec5b,f31ed616d84449edb5fdd8cd332552b2,11,3,8,f31ed616d84449edb5fdd8cd332552b2->5f686fded1294c02a7a5c3298f2eec5b,0.7273,mixto,Sistema SEIM - Subsecretaría de Transportes,dom digital - Municipalidad de Temuco
08165f6182bc4dfc9dc1d7774508bbc6,0de46482bc4d409c86f652534e4b47eb,11,0,11,0de46482bc4d409c86f652534e4b47eb->08165f6182bc4dfc9dc1d7774508bbc6,1.0,consistente,e-certchile - E-Cert Chile,documentos - cyberdocs - Servicio Nacional del Patrimonio Cultural
51e1587ac2364f19bb4a9344841af223,9a76efc4c34e4bd7843206658dc45454,11,3,8,9a76efc4c34e4bd7843206658dc45454->51e1587ac2364f19bb4a9344841af223,0.7273,mixto,www.sii.cl - Servicio de Impuestos Internos,Portal Ciudadano ClaveÚnica - Secretaría de Gobierno Digital
2ae2ca1a377048a58815f54a432f8a21,67339e06f4b44f78994ff4785178807a,10,2,8,67339e06f4b44f78994ff4785178807a->2ae2ca1a377048a58815f54a432f8a21,0.8,mixto,Portal Paciente - Subsecretaría de Redes Asistenciales,Mercado+Público - Dirección de Compras y Contratación Pública
6d52b87b5a964c61ad7e28afd9499f18,88d08ee1a5384a7fbe4bfddb8928ce82,10,5,5,6d52b87b5a964c61ad7e28afd9499f18->88d08ee1a5384a7fbe4bfddb8928ce82,0.5,mixto,Mis Trámites CGR - Contraloría General de la República,Sistema Midas - Subsecretaría de Salud Pública
6743ad379b094f98ad903d0f0304add1,ae4caa1cb2154cac89440f3fe18251cb,10,7,3,6743ad379b094f98ad903d0f0304add1->ae4caa1cb2154cac89440f3fe18251cb,0.7,mixto,Procedimiento Administrativo Electrónico - Superintendencia de Seguridad Social,Ingreso de causas y escritos - Corporación Administrativa del Poder Judicial
67339e06f4b44f78994ff4785178807a,d69a36460b0c4bee9cdc5fd2f58e6a0e,10,6,4,67339e06f4b44f78994ff4785178807a->d69a36460b0c4bee9cdc5fd2f58e6a0e,0.6,mixto,Mercado+Público - Dirección de Compras y Contratación Pública,SGMAULE - Servicio de Salud Maule
c52ceac3693c4644bb20f07dd8aa7103,e16bdf2168e144d396be917a93114bfa,10,8,2,c52ceac3693c4644bb20f07dd8aa7103->e16bdf2168e144d396be917a93114bfa,0.8,mixto,Firma Electronica - Secretaría de Gobierno Digital,Intranet Municipalidad Osorno - Municipalidad de Osorno
2a4a00c47ac6468395984ee10ebc8dc3,ae4caa1cb2154cac89440f3fe18251cb,10,7,3,2a4a00c47ac6468395984ee10ebc8dc3->ae4caa1cb2154cac89440f3fe18251cb,0.7,mixto,Portal único de Trámites SERPAT - Servicio Nacional del Patrimonio Cultural,Ingreso de causas y escritos - Corporación Administrativa del Poder Judicial
0faae9b6b5084555a1873eff484b4d9c,55c1817c84554dc881bc439a4b00abed,10,5,5,0faae9b6b5084555a1873eff484b4d9c->55c1817c84554dc881bc439a4b00abed,0.5,mixto,Agendamiento Licencia Conducir - Municipalidad de Puente Alto,Municipalidad de Colina - Municipalidad de Colina
2e0f9d54f6534336a19fffacd7b6af40,ae4caa1cb2154cac89440f3fe18251cb,10,8,2,2e0f9d54f6534336a19fffacd7b6af40->ae4caa1cb2154cac89440f3fe18251cb,0.8,mixto,Sitio Web UNO Privado - AFP Uno,Ingreso de causas y escritos - Corporación Administrativa del Poder Judicial
ae4caa1cb2154cac89440f3fe18251cb,fdf0c4b762684098915b4fa4884af400,10,5,5,ae4caa1cb2154cac89440f3fe18251cb->fdf0c4b762684098915b4fa4884af400,0.5,mixto,Ingreso de causas y escritos - Corporación Administrativa del Poder Judicial,Subsecretaría de Justicia - Cerofilas - Subsecretaría de Justicia
440a0887178449a3a43e65954490a658,fb944d98fea445bda57de000993d3e25,10,6,4,440a0887178449a3a43e65954490a658->fb944d98fea445bda57de000993d3e25,0.6,mixto,Plataforma para Pacientes HBL - Servicio de Salud Maule,Accede a tu Portal Paciente - Servicio de Salud Maule
88d08ee1a5384a7fbe4bfddb8928ce82,eae6a8d122774db4ba88162a875db6a6,10,1,9,eae6a8d122774db4ba88162a875db6a6->88d08ee1a5384a7fbe4bfddb8928ce82,0.9,consistente,Sistema Midas - Subsecretaría de Salud Pública,Recetas en línea - Acceso Químico farmacéutico - Subsecretaría de Salud Pública
d602a0071f3f4db8b37a87cffd89bf23,eb6b584fde4141aea5dafddee3e7ad4e,10,3,7,eb6b584fde4141aea5dafddee3e7ad4e->d602a0071f3f4db8b37a87cffd89bf23,0.7,mixto,PJUD - PODER JUDICIAL,Listado de trámites digitales - Subsecretaría de Educación
88d08ee1a5384a7fbe4bfddb8928ce82,9b8e5105e75b4d77a3e416729122b83a,10,2,8,9b8e5105e75b4d77a3e416729122b83a->88d08ee1a5384a7fbe4bfddb8928ce82,0.8,mixto,Sistema Midas - Subsecretaría de Salud Pública,Gestor Documental - Municipalidad de Coyhaique
645a4f092abd49f0820b8a5507e3dea0,6daae6995cb245348bb2b5432ccc9948,10,1,9,6daae6995cb245348bb2b5432ccc9948->645a4f092abd49f0820b8a5507e3dea0,0.9,consistente,Sistema Servicios en línea - Caja de Previsión de la Defensa Nacional,DIRECTEMAR - Dirección General del Territorio Marítimo y Marina Mercante
88d08ee1a5384a7fbe4bfddb8928ce82,ac7a1bf135744666be846c5bffff7cc8,10,1,9,ac7a1bf135744666be846c5bffff7cc8->88d08ee1a5384a7fbe4bfddb8928ce82,0.9,consistente,Sistema Midas - Subsecretaría de Salud Pública,Servicio de Evaluacion Ambiental - SERVICIO DE EVALUACION AMBIENTAL
6a322ad743e3464bae56d2d9b180078a,b992e6a27eb249658efce6ca0cc286dc,10,5,5,6a322ad743e3464bae56d2d9b180078a->b992e6a27eb249658efce6ca0cc286dc,0.5,mixto,6a322ad743e3464bae56d2d9b180078a,Vumar - Subsecretaría de Transportes
67339e06f4b44f78994ff4785178807a,7249a9adb1c343aba8db068dbe0c3795,10,5,5,67339e06f4b44f78994ff4785178807a->7249a9adb1c343aba8db068dbe0c3795,0.5,mixto,Mercado+Público - Dirección de Compras y Contratación Pública,Simple Trámites - Subsecretaría de Evaluación Social
347178b052294153af290d6a84589868,79bvfghg9a0a8tm25d16sddg7d61d4710,10,3,7,79bvfghg9a0a8tm25d16sddg7d61d4710->347178b052294153af290d6a84589868,0.7,mixto,Mi Fiscalía en Línea - Ministerio Público,Extranjeria - Secretaría de Gobierno Digital
6a322ad743e3464bae56d2d9b180078a,88d08ee1a5384a7fbe4bfddb8928ce82,10,5,5,6a322ad743e3464bae56d2d9b180078a->88d08ee1a5384a7fbe4bfddb8928ce82,0.5,mixto,6a322ad743e3464bae56d2d9b180078a,Sistema Midas - Subsecretaría de Salud Pública
5f686fded1294c02a7a5c3298f2eec5b,dcd0b6134a8846c1ac7171f8530945ab,10,8,2,5f686fded1294c02a7a5c3298f2eec5b->dcd0b6134a8846c1ac7171f8530945ab,0.8,mixto,Sistema SEIM - Subsecretaría de Transportes,Identidad Única - Ministerio de Vivienda y Urbanismo - Subsecretaría de Vivienda y Urbanismo
67eb30db49f240b08ab2b3f422f92cdf,d74a389b77734996ba37fa61a0d08341,10,3,7,d74a389b77734996ba37fa61a0d08341->67eb30db49f240b08ab2b3f422f92cdf,0.7,mixto,Portal MiDT - Dirección del Trabajo,DECLARACION JURADA - Servicio Agrícola y Ganadero
3af2d18b09e6443fa289e956fc10669f,94d27864f86d422faa68efccb908cc34,10,6,4,3af2d18b09e6443fa289e956fc10669f->94d27864f86d422faa68efccb908cc34,0.6,mixto,Red Movilidad - Subsecretaría de Transportes,94d27864f86d422faa68efccb908cc34
67339e06f4b44f78994ff4785178807a,9a8b89a81b6a4af6a344229958ea3cdf,10,1,9,9a8b89a81b6a4af6a344229958ea3cdf->67339e06f4b44f78994ff4785178807a,0.9,consistente,Mercado+Público - Dirección de Compras y Contratación Pública,Registros Ley 19862 - Subsecretaría de Hacienda
495c261c0f484bd08e232f7358452c4d,cb9e2b9dd1cd44c5b7d4fdcfbbf3f5e0,10,3,7,cb9e2b9dd1cd44c5b7d4fdcfbbf3f5e0->495c261c0f484bd08e232f7358452c4d,0.7,mixto,undefined - Comisión para el Mercado Financiero,Portal Usuario 2.0 - Subsecretaría de Justicia
006b85a984e94ce88ddb035ec01b2d70,95299da5a5f449f09c2fdf131183b903,10,2,8,95299da5a5f449f09c2fdf131183b903->006b85a984e94ce88ddb035ec01b2d70,0.8,mixto,006b85a984e94ce88ddb035ec01b2d70,SIMPLE - Secretaría de Gobierno Digital
95299da5a5f449f09c2fdf131183b903,b972e814004e4624a566f308901cca7c,10,3,7,b972e814004e4624a566f308901cca7c->95299da5a5f449f09c2fdf131183b903,0.7,mixto,SIMPLE - Secretaría de Gobierno Digital,DocDigital Versión 3 - Subsecretaría General de la Presidencia de la República
79bvfghg9a0a8tm25d16sddg7d61d4710,9ae54d261e454c93ae1c2cdec0fd03e6,10,3,7,9ae54d261e454c93ae1c2cdec0fd03e6->79bvfghg9a0a8tm25d16sddg7d61d4710,0.7,mixto,Extranjeria - Secretaría de Gobierno Digital,Login certificado afiliacion - Fondo Nacional de Salud
2549b51828ce40af920a932dd2102217,9f5eb34dc330412990d7da2fd1db9e64,10,4,6,9f5eb34dc330412990d7da2fd1db9e64->2549b51828ce40af920a932dd2102217,0.6,mixto,undefined - Servicio de Impuestos Internos,9f5eb34dc330412990d7da2fd1db9e64
123,18bec3e707784a978d9d89f2967f87de,10,6,4,123->18bec3e707784a978d9d89f2967f87de,0.6,mixto,Registro Civil - SRCeI,SERVEL- RENDICION - Servicio Electoral
1ad6835586034de0b29f4a402b182c6c,b785d3ec935248ff8a8fd358f7765463,10,7,3,1ad6835586034de0b29f4a402b182c6c->b785d3ec935248ff8a8fd358f7765463,0.7,mixto,Comisaría Virtual 2 - Carabineros de Chile,Pesca Recreativa - Servicio Nacional de Pesca y Acuicultura
2549b51828ce40af920a932dd2102217,5f686fded1294c02a7a5c3298f2eec5b,10,4,6,5f686fded1294c02a7a5c3298f2eec5b->2549b51828ce40af920a932dd2102217,0.6,mixto,undefined - Servicio de Impuestos Internos,Sistema SEIM - Subsecretaría de Transportes
2549b51828ce40af920a932dd2102217,4bb573e349504824b5b5a050a83e094d,10,3,7,4bb573e349504824b5b5a050a83e094d->2549b51828ce40af920a932dd2102217,0.7,mixto,undefined - Servicio de Impuestos Internos,ChileCompra - Centro de Ayuda - Dirección de Compras y Contratación Pública
0f33ab6447034fe49d1629353a119e47,64d9be8046574fbfbc1fb14c9912afea,10,2,8,64d9be8046574fbfbc1fb14c9912afea->0f33ab6447034fe49d1629353a119e47,0.8,mixto,Superintendencia en Línea - Mi Portal - Superintendencia de Seguridad Social,ASDigital - Ministerio de salud
5492b6e4db6948aca469c21d05b18721,c82f84bf3f2b451393445a0cb6883665,10,9,1,5492b6e4db6948aca469c21d05b18721->c82f84bf3f2b451393445a0cb6883665,0.9,consistente,Ley del Lobby - Comisión para la Integridad PÚblica y Transparencia,Ventanilla Única Social - Subsecretaría de Evaluación Social
5492b6e4db6948aca469c21d05b18721,e8dde9d26979498786c6ba5a82f70ad3,10,7,3,5492b6e4db6948aca469c21d05b18721->e8dde9d26979498786c6ba5a82f70ad3,0.7,mixto,Ley del Lobby - Comisión para la Integridad PÚblica y Transparencia,"undefined - Sociedad Administradora de Fondos de Cesantía de Chile II S.A., AFC Chile"
1c6f1fdb9e7544aaac5f4daf9243ca1e,b972e814004e4624a566f308901cca7c,10,5,5,1c6f1fdb9e7544aaac5f4daf9243ca1e->b972e814004e4624a566f308901cca7c,0.5,mixto,Sistemas Municipales - Municipalidad de Recoleta,DocDigital Versión 3 - Subsecretaría General de la Presidencia de la República
94d27864f86d422faa68efccb908cc34,f44bedcfbdb64a818e717b872a002abd,10,4,6,f44bedcfbdb64a818e717b872a002abd->94d27864f86d422faa68efccb908cc34,0.6,mixto,94d27864f86d422faa68efccb908cc34,Ingreso a Municipalidad de Santiago - Municipalidad de Santiago
9c9359fefd164d388f8a5edc2bac301e,e16bdf2168e144d396be917a93114bfa,10,0,10,e16bdf2168e144d396be917a93114bfa->9c9359fefd164d388f8a5edc2bac301e,1.0,consistente,Contraloría - Contraloría General de la República,Intranet Municipalidad Osorno - Municipalidad de Osorno
64d9be8046574fbfbc1fb14c9912afea,eae6a8d122774db4ba88162a875db6a6,10,6,4,64d9be8046574fbfbc1fb14c9912afea->eae6a8d122774db4ba88162a875db6a6,0.6,mixto,ASDigital - Ministerio de salud,Recetas en línea - Acceso Químico farmacéutico - Subsecretaría de Salud Pública
399e7fc266894562850261cfbc06b992,91f3f86897ff4ae39e50cbd7035fa8af,10,6,4,399e7fc266894562850261cfbc06b992->91f3f86897ff4ae39e50cbd7035fa8af,0.6,mixto,Denuncia en Linea - Ministerio Público,APIs Receta Electrónica - Subsecretaría de Salud Pública
585115d181ea4a77bf361f06a32100ea,91f3f86897ff4ae39e50cbd7035fa8af,10,7,3,585115d181ea4a77bf361f06a32100ea->91f3f86897ff4ae39e50cbd7035fa8af,0.7,mixto,Senda Moodle - Servicio Nacional de Prevención y Rehabilitación del Consumo de Drogas y Alcohol,APIs Receta Electrónica - Subsecretaría de Salud Pública
1ad6835586034de0b29f4a402b182c6c,9f88dc88029e42d3a5b082ab396be6d3,10,2,8,9f88dc88029e42d3a5b082ab396be6d3->1ad6835586034de0b29f4a402b182c6c,0.8,mixto,Comisaría Virtual 2 - Carabineros de Chile,Sistema de Postulación Único - Carabineros de Chile
56da1c80cfea4a5b83326bfef271fc3e,dd7629fec91f4599b3cf8c0dd0b984ac,10,6,4,56da1c80cfea4a5b83326bfef271fc3e->dd7629fec91f4599b3cf8c0dd0b984ac,0.6,mixto,Escritorio de Aplicaciones - Ministerio Público,Sucursal Virtual FONASA - Fondo Nacional de Salud
08165f6182bc4dfc9dc1d7774508bbc6,fb944d98fea445bda57de000993d3e25,10,8,2,08165f6182bc4dfc9dc1d7774508bbc6->fb944d98fea445bda57de000993d3e25,0.8,mixto,e-certchile - E-Cert Chile,Accede a tu Portal Paciente - Servicio de Salud Maule
006b85a984e94ce88ddb035ec01b2d70,c6f7ed5bd4954356b00aac92c9fff41a,10,8,2,006b85a984e94ce88ddb035ec01b2d70->c6f7ed5bd4954356b00aac92c9fff41a,0.8,mixto,006b85a984e94ce88ddb035ec01b2d70,Transformación Digital - Subsecretaría General de la Presidencia de la República
86144f0d3b814c1d8c013f7aade6c55d,9c9359fefd164d388f8a5edc2bac301e,10,6,4,86144f0d3b814c1d8c013f7aade6c55d->9c9359fefd164d388f8a5edc2bac301e,0.6,mixto,Sernac - Portal del consumidor - Servicio Nacional del Consumidor,Contraloría - Contraloría General de la República
2a4a00c47ac6468395984ee10ebc8dc3,9a76efc4c34e4bd7843206658dc45454,10,6,4,2a4a00c47ac6468395984ee10ebc8dc3->9a76efc4c34e4bd7843206658dc45454,0.6,mixto,Portal único de Trámites SERPAT - Servicio Nacional del Patrimonio Cultural,Portal Ciudadano ClaveÚnica - Secretaría de Gobierno Digital
02f0f8beb94542deac503efd6a774262,b15e46acff6b4a7487ad18cdac3a21d0,10,7,3,02f0f8beb94542deac503efd6a774262->b15e46acff6b4a7487ad18cdac3a21d0,0.7,mixto,SSMSO - Servicio de Salud Sur Oriente,Hospital Sotero del Río - Servicio Salud Metropolitano Sur Oriente
2549b51828ce40af920a932dd2102217,818d938a32ad4dc19cfd13f6575ddc5a,10,3,7,818d938a32ad4dc19cfd13f6575ddc5a->2549b51828ce40af920a932dd2102217,0.7,mixto,undefined - Servicio de Impuestos Internos,SSO - Servicio Agricola y Ganadero
ac8e668f620b403b9ccc6486c0e365c7,eaf8f2b0ccd04cf2a7bfcf357fe88ca2,10,8,2,ac8e668f620b403b9ccc6486c0e365c7->eaf8f2b0ccd04cf2a7bfcf357fe88ca2,0.8,mixto,ac8e668f620b403b9ccc6486c0e365c7,Empleos Públicos - Servicio Civil
888fb026b62d4a75920fe44a0af43ad4,ffaec74bfd414f8394bab077a989e27f,10,2,8,ffaec74bfd414f8394bab077a989e27f->888fb026b62d4a75920fe44a0af43ad4,0.8,mixto,Subsecretaría de Transportes - Subsecretaría de Transportes,miChileAtiende - Instituto de Previsión Social
3af2d18b09e6443fa289e956fc10669f,ffaec74bfd414f8394bab077a989e27f,10,1,9,ffaec74bfd414f8394bab077a989e27f->3af2d18b09e6443fa289e956fc10669f,0.9,consistente,Red Movilidad - Subsecretaría de Transportes,miChileAtiende - Instituto de Previsión Social
4461c788433345b8a4a296b35aa9499d,ae4caa1cb2154cac89440f3fe18251cb,10,4,6,ae4caa1cb2154cac89440f3fe18251cb->4461c788433345b8a4a296b35aa9499d,0.6,mixto,Superintendencia de Educación - Superintendencia de Educación,Ingreso de causas y escritos - Corporación Administrativa del Poder Judicial
8af63e063a2a42098caed55eeb24acf0,c7d9f088b4be4e38924fcfa78a6b5496,10,4,6,c7d9f088b4be4e38924fcfa78a6b5496->8af63e063a2a42098caed55eeb24acf0,0.6,mixto,Acceso Clave Unica UFRO - Universidad de La Frontera,Directores para Chile - Servicio Civil
64d9be8046574fbfbc1fb14c9912afea,e97e596e2e0e4682937b4b8979328608,10,3,7,e97e596e2e0e4682937b4b8979328608->64d9be8046574fbfbc1fb14c9912afea,0.7,mixto,ASDigital - Ministerio de salud,e97e596e2e0e4682937b4b8979328608
abd6ab0229c643338812eb3a1707c053,b972e814004e4624a566f308901cca7c,10,5,5,abd6ab0229c643338812eb3a1707c053->b972e814004e4624a566f308901cca7c,0.5,mixto,Gestor Documental Gore Antof. - Gobierno Regional de la Región de Antofagasta,DocDigital Versión 3 - Subsecretaría General de la Presidencia de la República
9321fceaab9d4b7c8b8eca8e30b0654d,9a76efc4c34e4bd7843206658dc45454,10,2,8,9a76efc4c34e4bd7843206658dc45454->9321fceaab9d4b7c8b8eca8e30b0654d,0.8,mixto,DT e-learning MiPyME - Dirección del Trabajo,Portal Ciudadano ClaveÚnica - Secretaría de Gobierno Digital
209ce526160947f0b398566cd4cbfd0d,ae54454684154c25bd33c6e04609652b,10,3,7,ae54454684154c25bd33c6e04609652b->209ce526160947f0b398566cd4cbfd0d,0.7,mixto,Portal de Aplicaciones Sence - Servicio Nacional de Capacitacion y Empleo,Sistema de Apelación Contra de Isapres - Subsecretaría de Salud Pública
123,d6d4327ae40445518a3c8a6e62137cd6,10,4,6,d6d4327ae40445518a3c8a6e62137cd6->123,0.6,mixto,Registro Civil - SRCeI,Gobierno Digital Simple - Secretaría de Gobierno Digital
56da1c80cfea4a5b83326bfef271fc3e,894c246eb00a482da371617f75149e30,10,6,4,56da1c80cfea4a5b83326bfef271fc3e->894c246eb00a482da371617f75149e30,0.6,mixto,Escritorio de Aplicaciones - Ministerio Público,Contraloria General de la Republica - CONTRALORIA
78d2a80a1628414097285e5ece0cab12,c82f84bf3f2b451393445a0cb6883665,10,6,4,78d2a80a1628414097285e5ece0cab12->c82f84bf3f2b451393445a0cb6883665,0.6,mixto,78d2a80a1628414097285e5ece0cab12,Ventanilla Única Social - Subsecretaría de Evaluación Social
c52ceac3693c4644bb20f07dd8aa7103,c7898e94d376496db2a6d220f486db47,10,5,5,c52ceac3693c4644bb20f07dd8aa7103->c7898e94d376496db2a6d220f486db47,0.5,mixto,Firma Electronica - Secretaría de Gobierno Digital,Sistemas Internos - Subsecretaría de Bienes Nacionales
123,a4b6a99bdf274e679d55747b64987bc5,10,5,5,123->a4b6a99bdf274e679d55747b64987bc5,0.5,mixto,Registro Civil - SRCeI,SIPA DGAC - Dirección General de Aeronáutica Civil
9a76efc4c34e4bd7843206658dc45454,fe1194092c934e70b824f3014a2f020d,10,3,7,fe1194092c934e70b824f3014a2f020d->9a76efc4c34e4bd7843206658dc45454,0.7,mixto,Portal Ciudadano ClaveÚnica - Secretaría de Gobierno Digital,Portal Único de Fondos Concursables del Estado - Subsecretaría General de Gobierno
64b1afe9206b4eb885878aafb4be1dae,6f7b8ef5a7204c4b92d0ca778317d790,10,10,0,64b1afe9206b4eb885878aafb4be1dae->6f7b8ef5a7204c4b92d0ca778317d790,1.0,consistente,SISPUBLI 2.0 - Dirección Nacional del Servicio Civil,Gestor documental ZeCeroPapel - Servicio Nacional de Protección Especializada a la Niñez y Adolescencia
c39e8d94c06848008c0f7db6d3708af9,fb3957569a8d49528c3571bcb4703f55,10,6,4,c39e8d94c06848008c0f7db6d3708af9->fb3957569a8d49528c3571bcb4703f55,0.6,mixto,Subsecretaría de Vivienda y Urbanismo - Cerofilas - Subsecretaría de Vivienda y Urbanismo,MINVU - Subsecretaría de Vivienda y Urbanismo
15a67718e1784a67bc978ca0dc6bc2df,d602a0071f3f4db8b37a87cffd89bf23,10,7,3,15a67718e1784a67bc978ca0dc6bc2df->d602a0071f3f4db8b37a87cffd89bf23,0.7,mixto,Portal de Exámenes - Servicio de Salud Ñuble,PJUD - PODER JUDICIAL
1bc562c35b2a4313b0ed6b282b92d9a1,9a76efc4c34e4bd7843206658dc45454,10,7,3,1bc562c35b2a4313b0ed6b282b92d9a1->9a76efc4c34e4bd7843206658dc45454,0.7,mixto,1bc562c35b2a4313b0ed6b282b92d9a1,Portal Ciudadano ClaveÚnica - Secretaría de Gobierno Digital
8ba6d7f9bb7445ff96ffd06af5fa8c1e,eaf8f2b0ccd04cf2a7bfcf357fe88ca2,10,3,7,eaf8f2b0ccd04cf2a7bfcf357fe88ca2->8ba6d7f9bb7445ff96ffd06af5fa8c1e,0.7,mixto,Gestión Sustentable - Servicio de Salud Atacama,Empleos Públicos - Servicio Civil
31050e1a1dcb4c9899ba77be32449e54,387ff07354a74657a44369e05d83234a,10,0,10,387ff07354a74657a44369e05d83234a->31050e1a1dcb4c9899ba77be32449e54,1.0,consistente,Bono electrónico y LME - Superintendencia de Seguridad Social,Nuevo Sitio Web FONASA - Fondo Nacional de Salud
2ae2ca1a377048a58815f54a432f8a21,eaf8f2b0ccd04cf2a7bfcf357fe88ca2,10,3,7,eaf8f2b0ccd04cf2a7bfcf357fe88ca2->2ae2ca1a377048a58815f54a432f8a21,0.7,mixto,Portal Paciente - Subsecretaría de Redes Asistenciales,Empleos Públicos - Servicio Civil
1c6f1fdb9e7544aaac5f4daf9243ca1e,d602a0071f3f4db8b37a87cffd89bf23,10,6,4,1c6f1fdb9e7544aaac5f4daf9243ca1e->d602a0071f3f4db8b37a87cffd89bf23,0.6,mixto,Sistemas Municipales - Municipalidad de Recoleta,PJUD - PODER JUDICIAL
7d0c4697a4f849e38021ccb192e0b4a7,dd7629fec91f4599b3cf8c0dd0b984ac,10,10,0,7d0c4697a4f849e38021ccb192e0b4a7->dd7629fec91f4599b3cf8c0dd0b984ac,1.0,consistente,"Niños, Niñas y Adolescentes - Subsecretaría de Evaluación Social",Sucursal Virtual FONASA - Fondo Nacional de Salud
d602a0071f3f4db8b37a87cffd89bf23,f96bf82e56594a91b22b01e54f9608ed,10,5,5,d602a0071f3f4db8b37a87cffd89bf23->f96bf82e56594a91b22b01e54f9608ed,0.5,mixto,PJUD - PODER JUDICIAL,Portal Paciente SSMO - Servicio de Salud Metropolitano Oriente
4bb573e349504824b5b5a050a83e094d,f883bd6d70b043a09837e8b888fe3f65,10,3,7,f883bd6d70b043a09837e8b888fe3f65->4bb573e349504824b5b5a050a83e094d,0.7,mixto,ChileCompra - Centro de Ayuda - Dirección de Compras y Contratación Pública,undefined - Subsecretaría de Economía y Empresas de Menor Tamaño
6a91c10b9e8341afbd387fb72bab3cf7,b1b009877e0c4e0790fd92559d853d69,10,2,8,b1b009877e0c4e0790fd92559d853d69->6a91c10b9e8341afbd387fb72bab3cf7,0.8,mixto,Comisión de Medicina Preventiva e Invalidez - Subsecretaría de Salud Pública,Mi Súper - Superintendencia de Salud
08165f6182bc4dfc9dc1d7774508bbc6,4f4d89fa8ce34da19ecb340c1d267a3e,10,8,2,08165f6182bc4dfc9dc1d7774508bbc6->4f4d89fa8ce34da19ecb340c1d267a3e,0.8,mixto,e-certchile - E-Cert Chile,Registro Nacional de MiPymes - Subsecretaría de Economía y Empresas de Menor Tamaño
2a4a00c47ac6468395984ee10ebc8dc3,68b13a1228424526b43e2f78716efd3b,10,2,8,68b13a1228424526b43e2f78716efd3b->2a4a00c47ac6468395984ee10ebc8dc3,0.8,mixto,Portal único de Trámites SERPAT - Servicio Nacional del Patrimonio Cultural,Pagos Diario Oficial - Subsecretaría del Interior
14cc5dc0682d44fe99d2d91e1eaafac7,fd595f24910c4126b7398b3e081af528,10,3,7,fd595f24910c4126b7398b3e081af528->14cc5dc0682d44fe99d2d91e1eaafac7,0.7,mixto,SIMPLE - Corporación Nacional de Desarrollo Indígena,Instituto Seguridad Laboral - Instituto Seguridad Laboral
9a76efc4c34e4bd7843206658dc45454,cd40ad229df147389504190c71de61f5,10,8,2,9a76efc4c34e4bd7843206658dc45454->cd40ad229df147389504190c71de61f5,0.8,mixto,Portal Ciudadano ClaveÚnica - Secretaría de Gobierno Digital,Sistema de Acceso Unico - Instituto de Desarrollo Agropecuario
e8dde9d26979498786c6ba5a82f70ad3,fdd7e5cf453e42d7b8cb2334d3a7bff9,10,7,3,e8dde9d26979498786c6ba5a82f70ad3->fdd7e5cf453e42d7b8cb2334d3a7bff9,0.7,mixto,"undefined - Sociedad Administradora de Fondos de Cesantía de Chile II S.A., AFC Chile",Telesalud - Subsecretaría de Redes Asistenciales
38b3f29fe39b4e87b5f7982165de8cf1,b972e814004e4624a566f308901cca7c,10,6,4,38b3f29fe39b4e87b5f7982165de8cf1->b972e814004e4624a566f308901cca7c,0.6,mixto,Portal Servel - Servicio Electoral,DocDigital Versión 3 - Subsecretaría General de la Presidencia de la República
08165f6182bc4dfc9dc1d7774508bbc6,c567f19e4b0b409491faa28b331bf1d3,10,2,8,c567f19e4b0b409491faa28b331bf1d3->08165f6182bc4dfc9dc1d7774508bbc6,0.8,mixto,e-certchile - E-Cert Chile,c567f19e4b0b409491faa28b331bf1d3
dfd423dde87b47d382b736a15a36ac68,ffaec74bfd414f8394bab077a989e27f,10,3,7,ffaec74bfd414f8394bab077a989e27f->dfd423dde87b47d382b736a15a36ac68,0.7,mixto,App La Florida - Municipalidad de La Florida,miChileAtiende - Instituto de Previsión Social
4060f34dc33042fda53efdfd0594b679,c82f84bf3f2b451393445a0cb6883665,10,7,3,4060f34dc33042fda53efdfd0594b679->c82f84bf3f2b451393445a0cb6883665,0.7,mixto,Capacitación ChileCompra - Dirección ChileCompra,Ventanilla Única Social - Subsecretaría de Evaluación Social
209ce526160947f0b398566cd4cbfd0d,285f4ab87d9a4484a4e8fa6e7db43fe6,10,8,2,209ce526160947f0b398566cd4cbfd0d->285f4ab87d9a4484a4e8fa6e7db43fe6,0.8,mixto,Portal de Aplicaciones Sence - Servicio Nacional de Capacitacion y Empleo,Sistema de Registro - Subsecretaría de Evaluación Social
01b56ab5b9be43e19fa06300994787ec,f44bedcfbdb64a818e717b872a002abd,10,10,0,01b56ab5b9be43e19fa06300994787ec->f44bedcfbdb64a818e717b872a002abd,1.0,consistente,Bitácora Web - Ministerio Público,Ingreso a Municipalidad de Santiago - Municipalidad de Santiago
123,cc24befdf2774590868faf92c745d561,10,9,1,123->cc24befdf2774590868faf92c745d561,0.9,consistente,Registro Civil - SRCeI,Portal de autenticación Cuprum - AFP Cuprum
dcd0b6134a8846c1ac7171f8530945ab,f83678e2b4854792a356c72a255c0da4,10,8,2,dcd0b6134a8846c1ac7171f8530945ab->f83678e2b4854792a356c72a255c0da4,0.8,mixto,Identidad Única - Ministerio de Vivienda y Urbanismo - Subsecretaría de Vivienda y Urbanismo,DomDigital Mun. Viña del Mar - Municipalidad de Viña del Mar
671dca542e094f3d90cb15883bd89274,dcd0b6134a8846c1ac7171f8530945ab,10,4,6,dcd0b6134a8846c1ac7171f8530945ab->671dca542e094f3d90cb15883bd89274,0.6,mixto,DOM Digital - Municipalidad de San Pedro de la Paz,Identidad Única - Ministerio de Vivienda y Urbanismo - Subsecretaría de Vivienda y Urbanismo
7249a9adb1c343aba8db068dbe0c3795,b972e814004e4624a566f308901cca7c,10,5,5,7249a9adb1c343aba8db068dbe0c3795->b972e814004e4624a566f308901cca7c,0.5,mixto,Simple Trámites - Subsecretaría de Evaluación Social,DocDigital Versión 3 - Subsecretaría General de la Presidencia de la República
1eec93924a1046efbad70c851782ab8a,2a4a00c47ac6468395984ee10ebc8dc3,10,9,1,1eec93924a1046efbad70c851782ab8a->2a4a00c47ac6468395984ee10ebc8dc3,0.9,consistente,Trámites INAPI - Instituto Nacional de Propiedad Industrial,Portal único de Trámites SERPAT - Servicio Nacional del Patrimonio Cultural
3a631284571347bf8acba49209e63034,6d52b87b5a964c61ad7e28afd9499f18,10,5,5,3a631284571347bf8acba49209e63034->6d52b87b5a964c61ad7e28afd9499f18,0.5,mixto,Gesparvu Junji - Junta Nacional de Jardines Infantiles,Mis Trámites CGR - Contraloría General de la República
67339e06f4b44f78994ff4785178807a,d16fad3dcdb14d69b5d82776d09bb796,10,7,3,67339e06f4b44f78994ff4785178807a->d16fad3dcdb14d69b5d82776d09bb796,0.7,mixto,Mercado+Público - Dirección de Compras y Contratación Pública,Sistema de Gestión Documental - Municipalidad de Villa Alegre
9a76efc4c34e4bd7843206658dc45454,eae6a8d122774db4ba88162a875db6a6,10,7,3,9a76efc4c34e4bd7843206658dc45454->eae6a8d122774db4ba88162a875db6a6,0.7,mixto,Portal Ciudadano ClaveÚnica - Secretaría de Gobierno Digital,Recetas en línea - Acceso Químico farmacéutico - Subsecretaría de Salud Pública
2549b51828ce40af920a932dd2102217,95b7bf6083634811b6ec1552e2ed5fad,10,5,5,2549b51828ce40af920a932dd2102217->95b7bf6083634811b6ec1552e2ed5fad,0.5,mixto,undefined - Servicio de Impuestos Internos,Gestión Telesalud - Subsecretaría de Redes Asistenciales
4a94478dd25f4430a0a023b87e11170d,8c1942e0cdce4f71b53f62474322f0b7,10,9,1,4a94478dd25f4430a0a023b87e11170d->8c1942e0cdce4f71b53f62474322f0b7,0.9,consistente,Milicenciamedica.cl - Subsecretaría de Salud Pública,Superintendencia de Electricidad y Combustibles - SUPERINTENDECIA DE ELECTRICIDAD Y COMBUSTIBLES
209ce526160947f0b398566cd4cbfd0d,dcd0b6134a8846c1ac7171f8530945ab,10,3,7,dcd0b6134a8846c1ac7171f8530945ab->209ce526160947f0b398566cd4cbfd0d,0.7,mixto,Portal de Aplicaciones Sence - Servicio Nacional de Capacitacion y Empleo,Identidad Única - Ministerio de Vivienda y Urbanismo - Subsecretaría de Vivienda y Urbanismo
465d39a118f84dcca1751c69cccc4f3f,5af89d91c7c74476ad4546b1db07c56c,10,4,6,5af89d91c7c74476ad4546b1db07c56c->465d39a118f84dcca1751c69cccc4f3f,0.6,mixto,HJNC Virtual - Hospital Regional de Arica y Parinacota Dr. Juan Noé Crevani,Mi HC OnLine - Servicio de Salud Arica y Parinacota
ab2dd6e0890c4b5483973add6fa1b91b,f883bd6d70b043a09837e8b888fe3f65,10,5,5,ab2dd6e0890c4b5483973add6fa1b91b->f883bd6d70b043a09837e8b888fe3f65,0.5,mixto,Sercotec - Servicio de Cooperación Técnica,undefined - Subsecretaría de Economía y Empresas de Menor Tamaño
2a1ad7012aa3426ab2592dd06689329b,67eb30db49f240b08ab2b3f422f92cdf,10,6,4,2a1ad7012aa3426ab2592dd06689329b->67eb30db49f240b08ab2b3f422f92cdf,0.6,mixto,dom-digital - Municipalidad de Valparaíso,Portal MiDT - Dirección del Trabajo
74e60dc3bc26493d81088e4d322b7c39,c52ceac3693c4644bb20f07dd8aa7103,10,0,10,c52ceac3693c4644bb20f07dd8aa7103->74e60dc3bc26493d81088e4d322b7c39,1.0,consistente,SignPass - BPO Advisors SpA,Firma Electronica - Secretaría de Gobierno Digital
5d23a1d87c58425e98816025d8157273,d602a0071f3f4db8b37a87cffd89bf23,10,2,8,d602a0071f3f4db8b37a87cffd89bf23->5d23a1d87c58425e98816025d8157273,0.8,mixto,SCJ Single Sign On - Superintendencia de Casinos de Juegos,PJUD - PODER JUDICIAL
558b533275bd41bca3094acb6a85113a,88d08ee1a5384a7fbe4bfddb8928ce82,10,9,1,558b533275bd41bca3094acb6a85113a->88d08ee1a5384a7fbe4bfddb8928ce82,0.9,consistente,Servicio de Evaluación Ambiental - Servicio de Evaluación Ambiental,Sistema Midas - Subsecretaría de Salud Pública
0a0b41b45e2143ad8d97436f8561b1ca,b972e814004e4624a566f308901cca7c,10,7,3,0a0b41b45e2143ad8d97436f8561b1ca->b972e814004e4624a566f308901cca7c,0.7,mixto,Sistemas Recoleta - Municipalidad de Recoleta,DocDigital Versión 3 - Subsecretaría General de la Presidencia de la República
2549b51828ce40af920a932dd2102217,8b6597a56ec4424ca8d71fdfd2827ff9,10,4,6,8b6597a56ec4424ca8d71fdfd2827ff9->2549b51828ce40af920a932dd2102217,0.6,mixto,undefined - Servicio de Impuestos Internos,DOM DIGITAL - Municipalidad de Curicó
a6c839544c0440f5bf2ce98e7396613f,ae4caa1cb2154cac89440f3fe18251cb,10,10,0,a6c839544c0440f5bf2ce98e7396613f->ae4caa1cb2154cac89440f3fe18251cb,1.0,consistente,Aula Virtual CEA - Contraloría General de la República,Ingreso de causas y escritos - Corporación Administrativa del Poder Judicial
8c89546c8e524777bc61ee8b984e29e0,d602a0071f3f4db8b37a87cffd89bf23,10,7,3,8c89546c8e524777bc61ee8b984e29e0->d602a0071f3f4db8b37a87cffd89bf23,0.7,mixto,Intranet Institucional SLEPCH - Servicio Local de Educación Pública de Chinchorro,PJUD - PODER JUDICIAL
239b1152a21a4cebb35b2a9dc02b10a9,91f3f86897ff4ae39e50cbd7035fa8af,10,10,0,239b1152a21a4cebb35b2a9dc02b10a9->91f3f86897ff4ae39e50cbd7035fa8af,1.0,consistente,Agencia de Calidad de la Educación - MINISTERIO DE EDUCACION,APIs Receta Electrónica - Subsecretaría de Salud Pública
4f22549f9d3a443cb041c0e55395dbf1,6a322ad743e3464bae56d2d9b180078a,10,6,4,4f22549f9d3a443cb041c0e55395dbf1->6a322ad743e3464bae56d2d9b180078a,0.6,mixto,Comisaría Virtual Denuncias - Carabineros de Chile,6a322ad743e3464bae56d2d9b180078a
d16fad3dcdb14d69b5d82776d09bb796,d602a0071f3f4db8b37a87cffd89bf23,10,4,6,d602a0071f3f4db8b37a87cffd89bf23->d16fad3dcdb14d69b5d82776d09bb796,0.6,mixto,Sistema de Gestión Documental - Municipalidad de Villa Alegre,PJUD - PODER JUDICIAL
4f22549f9d3a443cb041c0e55395dbf1,e8dde9d26979498786c6ba5a82f70ad3,10,3,7,e8dde9d26979498786c6ba5a82f70ad3->4f22549f9d3a443cb041c0e55395dbf1,0.7,mixto,Comisaría Virtual Denuncias - Carabineros de Chile,"undefined - Sociedad Administradora de Fondos de Cesantía de Chile II S.A., AFC Chile"
6a91c10b9e8341afbd387fb72bab3cf7,eaf8f2b0ccd04cf2a7bfcf357fe88ca2,10,9,1,6a91c10b9e8341afbd387fb72bab3cf7->eaf8f2b0ccd04cf2a7bfcf357fe88ca2,0.9,consistente,Comisión de Medicina Preventiva e Invalidez - Subsecretaría de Salud Pública,Empleos Públicos - Servicio Civil
e10304f95c2b40738695563eb9b8662c,e8dde9d26979498786c6ba5a82f70ad3,10,6,4,e10304f95c2b40738695563eb9b8662c->e8dde9d26979498786c6ba5a82f70ad3,0.6,mixto,SISTEMA DE ATENCIÓN DE CONSULTA - Comisión Administradora del Sistema de Créditos para Estudios Superiores,"undefined - Sociedad Administradora de Fondos de Cesantía de Chile II S.A., AFC Chile"
0c94663f003341f285926fff9ef02495,463f33b89c2c4f13aa89f8f5d5096d6a,10,6,4,0c94663f003341f285926fff9ef02495->463f33b89c2c4f13aa89f8f5d5096d6a,0.6,mixto,Comunidad IMVallenar - Municipalidad de Vallenar,Extranet IMVallenar - Municipalidad de Vallenar
151290e5c9e641ab8b70cf2628c2c32b,d602a0071f3f4db8b37a87cffd89bf23,10,4,6,d602a0071f3f4db8b37a87cffd89bf23->151290e5c9e641ab8b70cf2628c2c32b,0.6,mixto,Gestión de Causas - Primer Tribunal Electoral - Primer Tribunal Electoral,PJUD - PODER JUDICIAL
3e2a4d42827d43d0b90248199e58e98e,ae4caa1cb2154cac89440f3fe18251cb,10,2,8,ae4caa1cb2154cac89440f3fe18251cb->3e2a4d42827d43d0b90248199e58e98e,0.8,mixto,Mineduc-Ayudamineduc - Subsecretaría de Educación,Ingreso de causas y escritos - Corporación Administrativa del Poder Judicial
048ab3a7acb54da88960434d9783879f,a647689891b84948871ff7099253a553,10,0,10,a647689891b84948871ff7099253a553->048ab3a7acb54da88960434d9783879f,1.0,consistente,Comunidad Joven - Instituto Nacional de la Juventud,Autoconsulta SSASUR - Servicio Salud Araucanía Sur
8af63e063a2a42098caed55eeb24acf0,c82f84bf3f2b451393445a0cb6883665,10,5,5,8af63e063a2a42098caed55eeb24acf0->c82f84bf3f2b451393445a0cb6883665,0.5,mixto,Acceso Clave Unica UFRO - Universidad de La Frontera,Ventanilla Única Social - Subsecretaría de Evaluación Social
67eb30db49f240b08ab2b3f422f92cdf,b15e46acff6b4a7487ad18cdac3a21d0,10,5,5,67eb30db49f240b08ab2b3f422f92cdf->b15e46acff6b4a7487ad18cdac3a21d0,0.5,mixto,Portal MiDT - Dirección del Trabajo,Hospital Sotero del Río - Servicio Salud Metropolitano Sur Oriente
67339e06f4b44f78994ff4785178807a,ab2dd6e0890c4b5483973add6fa1b91b,10,7,3,67339e06f4b44f78994ff4785178807a->ab2dd6e0890c4b5483973add6fa1b91b,0.7,mixto,Mercado+Público - Dirección de Compras y Contratación Pública,Sercotec - Servicio de Cooperación Técnica
2549b51828ce40af920a932dd2102217,fb944d98fea445bda57de000993d3e25,10,4,6,fb944d98fea445bda57de000993d3e25->2549b51828ce40af920a932dd2102217,0.6,mixto,undefined - Servicio de Impuestos Internos,Accede a tu Portal Paciente - Servicio de Salud Maule
dd02dca897074e77972f506652629762,fb3957569a8d49528c3571bcb4703f55,10,3,7,fb3957569a8d49528c3571bcb4703f55->dd02dca897074e77972f506652629762,0.7,mixto,Resultados Subsidio Eléctrico - Subsecretaría de Energía,MINVU - Subsecretaría de Vivienda y Urbanismo
21da73257dca4eb5bc4ba33b435c386b,91f3f86897ff4ae39e50cbd7035fa8af,10,6,4,21da73257dca4eb5bc4ba33b435c386b->91f3f86897ff4ae39e50cbd7035fa8af,0.6,mixto,Prestador Inscripcion MLE Natu - Fondo Nacional de Salud,APIs Receta Electrónica - Subsecretaría de Salud Pública
d602a0071f3f4db8b37a87cffd89bf23,f738a88353104bfab9174aa8e0b3c94b,10,4,6,f738a88353104bfab9174aa8e0b3c94b->d602a0071f3f4db8b37a87cffd89bf23,0.6,mixto,PJUD - PODER JUDICIAL,1TA-Sistema Gestión de Causas - Primer Tribunal Ambiental
05877e8556fa4c0ca458d131265ffd99,ac8e668f620b403b9ccc6486c0e365c7,10,0,10,ac8e668f620b403b9ccc6486c0e365c7->05877e8556fa4c0ca458d131265ffd99,1.0,consistente,SOLCIU - Solicitudes Ciudadanas - Secretaria del interior,ac8e668f620b403b9ccc6486c0e365c7
888fb026b62d4a75920fe44a0af43ad4,c82f84bf3f2b451393445a0cb6883665,9,8,1,888fb026b62d4a75920fe44a0af43ad4->c82f84bf3f2b451393445a0cb6883665,0.8889,mixto,Subsecretaría de Transportes - Subsecretaría de Transportes,Ventanilla Única Social - Subsecretaría de Evaluación Social
40fc9588a8e04b28852ec1163528bb8a,b972e814004e4624a566f308901cca7c,9,9,0,40fc9588a8e04b28852ec1163528bb8a->b972e814004e4624a566f308901cca7c,1.0,consistente,PAEx DGMN - Dirección General de Movilización Nacional,DocDigital Versión 3 - Subsecretaría General de la Presidencia de la República
20acab350ddf489c931028b7a6a1ff99,c82f84bf3f2b451393445a0cb6883665,9,5,4,20acab350ddf489c931028b7a6a1ff99->c82f84bf3f2b451393445a0cb6883665,0.5556,mixto,Sucursal Virtual Jeafosale - Ejército de Chile,Ventanilla Única Social - Subsecretaría de Evaluación Social
60e6aea28c294af4822614682c0a316b,f883bd6d70b043a09837e8b888fe3f65,9,3,6,f883bd6d70b043a09837e8b888fe3f65->60e6aea28c294af4822614682c0a316b,0.6667,mixto,Tu Empresa en un día - Subsecretaría de Economía y Empresas de Menor Tamaño,undefined - Subsecretaría de Economía y Empresas de Menor Tamaño
4f22549f9d3a443cb041c0e55395dbf1,eaf8f2b0ccd04cf2a7bfcf357fe88ca2,9,9,0,4f22549f9d3a443cb041c0e55395dbf1->eaf8f2b0ccd04cf2a7bfcf357fe88ca2,1.0,consistente,Comisaría Virtual Denuncias - Carabineros de Chile,Empleos Públicos - Servicio Civil
95b7bf6083634811b6ec1552e2ed5fad,ae4caa1cb2154cac89440f3fe18251cb,9,6,3,95b7bf6083634811b6ec1552e2ed5fad->ae4caa1cb2154cac89440f3fe18251cb,0.6667,mixto,Gestión Telesalud - Subsecretaría de Redes Asistenciales,Ingreso de causas y escritos - Corporación Administrativa del Poder Judicial
d602a0071f3f4db8b37a87cffd89bf23,e5fafa0edd9e4c4586cebde1b6858ccd,9,0,9,e5fafa0edd9e4c4586cebde1b6858ccd->d602a0071f3f4db8b37a87cffd89bf23,1.0,consistente,PJUD - PODER JUDICIAL,Sistema gestión convenio PIE - Subsecretaría de Educación
86144f0d3b814c1d8c013f7aade6c55d,dc821110e3f34bf3984d61955ced2e69,9,7,2,86144f0d3b814c1d8c013f7aade6c55d->dc821110e3f34bf3984d61955ced2e69,0.7778,mixto,Sernac - Portal del consumidor - Servicio Nacional del Consumidor,Licencia de Conducir Digital - Subsecretaría de Transportes
6a322ad743e3464bae56d2d9b180078a,86480a9f563349b1a2974d9f43548e59,9,5,4,6a322ad743e3464bae56d2d9b180078a->86480a9f563349b1a2974d9f43548e59,0.5556,mixto,6a322ad743e3464bae56d2d9b180078a,Portal Pacientes HMS - Ejército de Chile
56da1c80cfea4a5b83326bfef271fc3e,9a76efc4c34e4bd7843206658dc45454,9,7,2,56da1c80cfea4a5b83326bfef271fc3e->9a76efc4c34e4bd7843206658dc45454,0.7778,mixto,Escritorio de Aplicaciones - Ministerio Público,Portal Ciudadano ClaveÚnica - Secretaría de Gobierno Digital
b3eb39eeec084dcd92806f5f6081e175,b972e814004e4624a566f308901cca7c,9,6,3,b3eb39eeec084dcd92806f5f6081e175->b972e814004e4624a566f308901cca7c,0.6667,mixto,munimelipilla ceropapel - Municipalidad de Melipilla,DocDigital Versión 3 - Subsecretaría General de la Presidencia de la República
5235b9f356954973a226cb6fc12c9d6e,e8dde9d26979498786c6ba5a82f70ad3,9,5,4,5235b9f356954973a226cb6fc12c9d6e->e8dde9d26979498786c6ba5a82f70ad3,0.5556,mixto,Sistema Alta Dirección Pública - Dirección Nacional del Servicio Civil,"undefined - Sociedad Administradora de Fondos de Cesantía de Chile II S.A., AFC Chile"
67339e06f4b44f78994ff4785178807a,a3c2ead0fc68405f90176c9920439001,9,5,4,67339e06f4b44f78994ff4785178807a->a3c2ead0fc68405f90176c9920439001,0.5556,mixto,Mercado+Público - Dirección de Compras y Contratación Pública,ceropapel - Municipalidad de Taltal
2549b51828ce40af920a932dd2102217,8ccf6c97b6eb4670bafec186fbe64f85,9,8,1,2549b51828ce40af920a932dd2102217->8ccf6c97b6eb4670bafec186fbe64f85,0.8889,mixto,undefined - Servicio de Impuestos Internos,Buscador de Jurisprudencia - Poder Judicial
2ff516ac74a44ebfa3a522adbde28a0f,e49052056b49428b86e0e8972a273c89,9,9,0,2ff516ac74a44ebfa3a522adbde28a0f->e49052056b49428b86e0e8972a273c89,1.0,consistente,E-Sign ClaveÚnica - ESIGN S.A.,Consejo de Defensa del Estado - CONSEJO DE DEFENZA DEL ESTADO
67339e06f4b44f78994ff4785178807a,e10304f95c2b40738695563eb9b8662c,9,4,5,e10304f95c2b40738695563eb9b8662c->67339e06f4b44f78994ff4785178807a,0.5556,mixto,Mercado+Público - Dirección de Compras y Contratación Pública,SISTEMA DE ATENCIÓN DE CONSULTA - Comisión Administradora del Sistema de Créditos para Estudios Superiores
bf676d9b342d438d8bd0b02c718133af,c6f7ed5bd4954356b00aac92c9fff41a,9,4,5,c6f7ed5bd4954356b00aac92c9fff41a->bf676d9b342d438d8bd0b02c718133af,0.5556,mixto,Firmador MOP - Subsecretaría de Obras Públicas,Transformación Digital - Subsecretaría General de la Presidencia de la República
95b7bf6083634811b6ec1552e2ed5fad,c82f84bf3f2b451393445a0cb6883665,9,8,1,95b7bf6083634811b6ec1552e2ed5fad->c82f84bf3f2b451393445a0cb6883665,0.8889,mixto,Gestión Telesalud - Subsecretaría de Redes Asistenciales,Ventanilla Única Social - Subsecretaría de Evaluación Social
123,eae6a8d122774db4ba88162a875db6a6,9,9,0,123->eae6a8d122774db4ba88162a875db6a6,1.0,consistente,Registro Civil - SRCeI,Recetas en línea - Acceso Químico farmacéutico - Subsecretaría de Salud Pública
8b6597a56ec4424ca8d71fdfd2827ff9,d602a0071f3f4db8b37a87cffd89bf23,9,5,4,8b6597a56ec4424ca8d71fdfd2827ff9->d602a0071f3f4db8b37a87cffd89bf23,0.5556,mixto,DOM DIGITAL - Municipalidad de Curicó,PJUD - PODER JUDICIAL
d254feea701346a399887b9fe59ac61a,d8420be9114342368d9bc32882809746,9,3,6,d8420be9114342368d9bc32882809746->d254feea701346a399887b9fe59ac61a,0.6667,mixto,Plataforma de Telemedicina - Subsecretaría de Redes Asistenciales,Plataforma Atención Remota - Subsecretaría de Redes Asistenciales
399e7fc266894562850261cfbc06b992,e8dde9d26979498786c6ba5a82f70ad3,9,4,5,e8dde9d26979498786c6ba5a82f70ad3->399e7fc266894562850261cfbc06b992,0.5556,mixto,Denuncia en Linea - Ministerio Público,"undefined - Sociedad Administradora de Fondos de Cesantía de Chile II S.A., AFC Chile"
347178b052294153af290d6a84589868,c13d78fe65b94d05ad83b59494767b9f,9,3,6,c13d78fe65b94d05ad83b59494767b9f->347178b052294153af290d6a84589868,0.6667,mixto,Mi Fiscalía en Línea - Ministerio Público,Beneficios Personal - Gendarmería de Chile
638aea308ffb483198d5c1387e2cc017,91f3f86897ff4ae39e50cbd7035fa8af,9,2,7,91f3f86897ff4ae39e50cbd7035fa8af->638aea308ffb483198d5c1387e2cc017,0.7778,mixto,"Portal ""Mi SUPERIR"" - Superintendencia de Insolvencia y Reemprendimiento",APIs Receta Electrónica - Subsecretaría de Salud Pública
3322cab8a5164377ad7d8958407c68f7,7fe316acf65941599252e923db155612,9,6,3,3322cab8a5164377ad7d8958407c68f7->7fe316acf65941599252e923db155612,0.6667,mixto,DOM Digital - municipalidad de pucon,DOM Digital - Municipalidad de Villarrica
6daae6995cb245348bb2b5432ccc9948,cc892c05f6d94315be2b7539e45b9170,9,2,7,cc892c05f6d94315be2b7539e45b9170->6daae6995cb245348bb2b5432ccc9948,0.7778,mixto,DIRECTEMAR - Dirección General del Territorio Marítimo y Marina Mercante,Ventanilla Única 2.0 - Ministerio del Medio Ambiente
5af89d91c7c74476ad4546b1db07c56c,d602a0071f3f4db8b37a87cffd89bf23,9,2,7,d602a0071f3f4db8b37a87cffd89bf23->5af89d91c7c74476ad4546b1db07c56c,0.7778,mixto,Mi HC OnLine - Servicio de Salud Arica y Parinacota,PJUD - PODER JUDICIAL
ab2dd6e0890c4b5483973add6fa1b91b,ffaec74bfd414f8394bab077a989e27f,9,0,9,ffaec74bfd414f8394bab077a989e27f->ab2dd6e0890c4b5483973add6fa1b91b,1.0,consistente,Sercotec - Servicio de Cooperación Técnica,miChileAtiende - Instituto de Previsión Social
6d52b87b5a964c61ad7e28afd9499f18,a3c2ead0fc68405f90176c9920439001,9,5,4,6d52b87b5a964c61ad7e28afd9499f18->a3c2ead0fc68405f90176c9920439001,0.5556,mixto,Mis Trámites CGR - Contraloría General de la República,ceropapel - Municipalidad de Taltal
18bec3e707784a978d9d89f2967f87de,f883bd6d70b043a09837e8b888fe3f65,9,4,5,f883bd6d70b043a09837e8b888fe3f65->18bec3e707784a978d9d89f2967f87de,0.5556,mixto,SERVEL- RENDICION - Servicio Electoral,undefined - Subsecretaría de Economía y Empresas de Menor Tamaño
c7d9f088b4be4e38924fcfa78a6b5496,d602a0071f3f4db8b37a87cffd89bf23,9,5,4,c7d9f088b4be4e38924fcfa78a6b5496->d602a0071f3f4db8b37a87cffd89bf23,0.5556,mixto,Directores para Chile - Servicio Civil,PJUD - PODER JUDICIAL
ae4caa1cb2154cac89440f3fe18251cb,f62c9a57b0fc4355a33b3ceefb0952b3,9,0,9,f62c9a57b0fc4355a33b3ceefb0952b3->ae4caa1cb2154cac89440f3fe18251cb,1.0,consistente,Ingreso de causas y escritos - Corporación Administrativa del Poder Judicial,Gestor Documental ZeCeroPapel - Municipalidad de Parral
1eec93924a1046efbad70c851782ab8a,495c261c0f484bd08e232f7358452c4d,9,5,4,1eec93924a1046efbad70c851782ab8a->495c261c0f484bd08e232f7358452c4d,0.5556,mixto,Trámites INAPI - Instituto Nacional de Propiedad Industrial,undefined - Comisión para el Mercado Financiero
463f33b89c2c4f13aa89f8f5d5096d6a,bca102f277434b31b59e4894d9eb5ef8,9,2,7,bca102f277434b31b59e4894d9eb5ef8->463f33b89c2c4f13aa89f8f5d5096d6a,0.7778,mixto,Extranet IMVallenar - Municipalidad de Vallenar,Plataforma SEM 2.0 - Subsecretaría de Desarrollo Regional y Administrativo
02f0f8beb94542deac503efd6a774262,495c261c0f484bd08e232f7358452c4d,9,3,6,495c261c0f484bd08e232f7358452c4d->02f0f8beb94542deac503efd6a774262,0.6667,mixto,SSMSO - Servicio de Salud Sur Oriente,undefined - Comisión para el Mercado Financiero
1bb1657eb2eb43808f0529810258aa3b,4a9c2f22f9d047569a0ceafcb9741033,9,8,1,1bb1657eb2eb43808f0529810258aa3b->4a9c2f22f9d047569a0ceafcb9741033,0.8889,mixto,Autenticación Sistemas DPP - Defensoría Penal Pública,Campus Servicio Civil - Dirección Nacional del Servicio Civil
62a5285108824e269a3fa09e9c233440,67eb30db49f240b08ab2b3f422f92cdf,9,1,8,67eb30db49f240b08ab2b3f422f92cdf->62a5285108824e269a3fa09e9c233440,0.8889,mixto,SEC - Atención Ciudadana - Superintendencia de Electricidad y Combustibles,Portal MiDT - Dirección del Trabajo
209ce526160947f0b398566cd4cbfd0d,b6a7ac98c6704aa6b6512efa5fa8dbfe,9,2,7,b6a7ac98c6704aa6b6512efa5fa8dbfe->209ce526160947f0b398566cd4cbfd0d,0.7778,mixto,Portal de Aplicaciones Sence - Servicio Nacional de Capacitacion y Empleo,Corfo - Corporación de Fomento de la Producción
123,c63d7e67e1f8454386089193582563ea,9,3,6,c63d7e67e1f8454386089193582563ea->123,0.6667,mixto,Registro Civil - SRCeI,Campus Virtual - Subsecretaría de Evaluación Social
01b56ab5b9be43e19fa06300994787ec,3752375735a74ae09881a820a0b7d394,9,9,0,01b56ab5b9be43e19fa06300994787ec->3752375735a74ae09881a820a0b7d394,1.0,consistente,Bitácora Web - Ministerio Público,Solicitud de Pasavantes Online - Servicio Nacional de Aduanas
347178b052294153af290d6a84589868,8ccf6c97b6eb4670bafec186fbe64f85,9,2,7,8ccf6c97b6eb4670bafec186fbe64f85->347178b052294153af290d6a84589868,0.7778,mixto,Mi Fiscalía en Línea - Ministerio Público,Buscador de Jurisprudencia - Poder Judicial
d602a0071f3f4db8b37a87cffd89bf23,ddf47b043bc04fa0bd7d61b8af3f9b2c,9,3,6,ddf47b043bc04fa0bd7d61b8af3f9b2c->d602a0071f3f4db8b37a87cffd89bf23,0.6667,mixto,PJUD - PODER JUDICIAL,Autenticacion UChile - Universidad de Chile
91f3f86897ff4ae39e50cbd7035fa8af,c5b83bbfa22c4c31a5743485b4c6e524,9,1,8,c5b83bbfa22c4c31a5743485b4c6e524->91f3f86897ff4ae39e50cbd7035fa8af,0.8889,mixto,APIs Receta Electrónica - Subsecretaría de Salud Pública,Bolsa Nacional de Empleo - Subsecretaría del Trabajo
7249a9adb1c343aba8db068dbe0c3795,dd7629fec91f4599b3cf8c0dd0b984ac,9,2,7,dd7629fec91f4599b3cf8c0dd0b984ac->7249a9adb1c343aba8db068dbe0c3795,0.7778,mixto,Simple Trámites - Subsecretaría de Evaluación Social,Sucursal Virtual FONASA - Fondo Nacional de Salud
025eebbc74ba4738b90c87e459ea29de,eb838855f2344f65a4c925df80cdcad5,9,3,6,eb838855f2344f65a4c925df80cdcad5->025eebbc74ba4738b90c87e459ea29de,0.6667,mixto,Dom Digital Muni Coquimbo - Municipalidad de Coquimbo,Cero Filas SAG - Servicio Agrícola y Ganadero
5ad019e5f0e445e8b37fc4ed60a3447c,67339e06f4b44f78994ff4785178807a,9,4,5,67339e06f4b44f78994ff4785178807a->5ad019e5f0e445e8b37fc4ed60a3447c,0.5556,mixto,5ad019e5f0e445e8b37fc4ed60a3447c,Mercado+Público - Dirección de Compras y Contratación Pública
3009f6f4befb498fbed7dbf1b189f47c,4234d86a351e4a7e9ea293e33836ae45,9,3,6,4234d86a351e4a7e9ea293e33836ae45->3009f6f4befb498fbed7dbf1b189f47c,0.6667,mixto,Sistema Electrónico de Postulación - Comision Nacional de Riego,Oficina Virtual DGA - Dirección General de Aguas
117d6d62a9844fd38fdb5d53e5cbc844,9a76efc4c34e4bd7843206658dc45454,9,1,8,9a76efc4c34e4bd7843206658dc45454->117d6d62a9844fd38fdb5d53e5cbc844,0.8889,mixto,TRASPASO DEL DOMINIO DE BIENES - Fondo de Solidaridad e Inversión Social,Portal Ciudadano ClaveÚnica - Secretaría de Gobierno Digital
209ce526160947f0b398566cd4cbfd0d,d6d4327ae40445518a3c8a6e62137cd6,9,6,3,209ce526160947f0b398566cd4cbfd0d->d6d4327ae40445518a3c8a6e62137cd6,0.6667,mixto,Portal de Aplicaciones Sence - Servicio Nacional de Capacitacion y Empleo,Gobierno Digital Simple - Secretaría de Gobierno Digital
b7c988fa6132435480b57f66696827fd,ea3b3bbfa0bd4b99ae4fd1176a22d13c,9,6,3,b7c988fa6132435480b57f66696827fd->ea3b3bbfa0bd4b99ae4fd1176a22d13c,0.6667,mixto,Pase Cultural - Subsecretaría de Evaluación Social,Bono Logro Escolar - Subsecretaría de Servicios Sociales
4ef0ced873174ee9afc306e414132c72,ffaec74bfd414f8394bab077a989e27f,9,8,1,4ef0ced873174ee9afc306e414132c72->ffaec74bfd414f8394bab077a989e27f,0.8889,mixto,Carabineros de Chile - Cerofilas - Carabineros de Chile,miChileAtiende - Instituto de Previsión Social
0a750e36725e495ba32bd43a5f170724,67eb30db49f240b08ab2b3f422f92cdf,9,7,2,0a750e36725e495ba32bd43a5f170724->67eb30db49f240b08ab2b3f422f92cdf,0.7778,mixto,FUAS-Mineduc - Subsecretaría de Educación,Portal MiDT - Dirección del Trabajo
01b56ab5b9be43e19fa06300994787ec,ee00832abfba40b38335ce48a12981b5,9,3,6,ee00832abfba40b38335ce48a12981b5->01b56ab5b9be43e19fa06300994787ec,0.6667,mixto,Bitácora Web - Ministerio Público,Autenticacion Nube  Privada - Servicio de Impuestos Internos
8c2eff865c5f40dbae0d6ccbc47e1d9c,b992e6a27eb249658efce6ca0cc286dc,9,5,4,8c2eff865c5f40dbae0d6ccbc47e1d9c->b992e6a27eb249658efce6ca0cc286dc,0.5556,mixto,Direccion del Trabajo - DIRECCION DEL TRABAJO,Vumar - Subsecretaría de Transportes
239b1152a21a4cebb35b2a9dc02b10a9,e8dde9d26979498786c6ba5a82f70ad3,9,5,4,239b1152a21a4cebb35b2a9dc02b10a9->e8dde9d26979498786c6ba5a82f70ad3,0.5556,mixto,Agencia de Calidad de la Educación - MINISTERIO DE EDUCACION,"undefined - Sociedad Administradora de Fondos de Cesantía de Chile II S.A., AFC Chile"
ae412e532f1a48428bd0c5ad1f02f816,dd7629fec91f4599b3cf8c0dd0b984ac,9,4,5,dd7629fec91f4599b3cf8c0dd0b984ac->ae412e532f1a48428bd0c5ad1f02f816,0.5556,mixto,Sistema de gestión de licencia - Subsecretaría de Transportes,Sucursal Virtual FONASA - Fondo Nacional de Salud
02f0f8beb94542deac503efd6a774262,94d27864f86d422faa68efccb908cc34,9,4,5,94d27864f86d422faa68efccb908cc34->02f0f8beb94542deac503efd6a774262,0.5556,mixto,SSMSO - Servicio de Salud Sur Oriente,94d27864f86d422faa68efccb908cc34
64b50202d6b74bfcb78c7342823e0f4f,67eb30db49f240b08ab2b3f422f92cdf,9,4,5,67eb30db49f240b08ab2b3f422f92cdf->64b50202d6b74bfcb78c7342823e0f4f,0.5556,mixto,Cesantía - Comisión Administradora de Sistema de Créditos para Estudios Superiores,Portal MiDT - Dirección del Trabajo
38b3f29fe39b4e87b5f7982165de8cf1,f883bd6d70b043a09837e8b888fe3f65,9,7,2,38b3f29fe39b4e87b5f7982165de8cf1->f883bd6d70b043a09837e8b888fe3f65,0.7778,mixto,Portal Servel - Servicio Electoral,undefined - Subsecretaría de Economía y Empresas de Menor Tamaño
03bd6e11bc9246339a1812eb74331dd6,ae4caa1cb2154cac89440f3fe18251cb,9,8,1,03bd6e11bc9246339a1812eb74331dd6->ae4caa1cb2154cac89440f3fe18251cb,0.8889,mixto,Buscador de Juicios - Contraloría General de la República,Ingreso de causas y escritos - Corporación Administrativa del Poder Judicial
3346db58cd2d474fbcf63e827462b85d,a647689891b84948871ff7099253a553,9,3,6,a647689891b84948871ff7099253a553->3346db58cd2d474fbcf63e827462b85d,0.6667,mixto,Single Sign-On - Subsecretaría de Evaluación Social,Autoconsulta SSASUR - Servicio Salud Araucanía Sur
7d0c4697a4f849e38021ccb192e0b4a7,c82f84bf3f2b451393445a0cb6883665,9,3,6,c82f84bf3f2b451393445a0cb6883665->7d0c4697a4f849e38021ccb192e0b4a7,0.6667,mixto,"Niños, Niñas y Adolescentes - Subsecretaría de Evaluación Social",Ventanilla Única Social - Subsecretaría de Evaluación Social
888fb026b62d4a75920fe44a0af43ad4,f2eaffaf45b84b9c8e39cc303a97e9d7,9,4,5,f2eaffaf45b84b9c8e39cc303a97e9d7->888fb026b62d4a75920fe44a0af43ad4,0.5556,mixto,Subsecretaría de Transportes - Subsecretaría de Transportes,SIMPLE - Secretaría de Gobierno Digital
d44f2fafe10b4397ac7557cd13747bd2,ffaec74bfd414f8394bab077a989e27f,9,7,2,d44f2fafe10b4397ac7557cd13747bd2->ffaec74bfd414f8394bab077a989e27f,0.7778,mixto,RPI - MTT,miChileAtiende - Instituto de Previsión Social
cce309a83d0f482a829a610f1695bfee,d602a0071f3f4db8b37a87cffd89bf23,9,2,7,d602a0071f3f4db8b37a87cffd89bf23->cce309a83d0f482a829a610f1695bfee,0.7778,mixto,CNTV Denuncias - Consejo Nacional de Televisión,PJUD - PODER JUDICIAL
95299da5a5f449f09c2fdf131183b903,b2b6ee18cee746a8a706aad74e14adce,9,6,3,95299da5a5f449f09c2fdf131183b903->b2b6ee18cee746a8a706aad74e14adce,0.6667,mixto,SIMPLE - Secretaría de Gobierno Digital,Revisor de Procesos SIMPLE - Subsecretaría General de la Presidencia
4a94478dd25f4430a0a023b87e11170d,f96bf82e56594a91b22b01e54f9608ed,9,2,7,f96bf82e56594a91b22b01e54f9608ed->4a94478dd25f4430a0a023b87e11170d,0.7778,mixto,Milicenciamedica.cl - Subsecretaría de Salud Pública,Portal Paciente SSMO - Servicio de Salud Metropolitano Oriente
94d27864f86d422faa68efccb908cc34,ee1016d1de3347b79368186e86dfc2c2,9,3,6,ee1016d1de3347b79368186e86dfc2c2->94d27864f86d422faa68efccb908cc34,0.6667,mixto,94d27864f86d422faa68efccb908cc34,DOM Digital - municipalidad de puerto montt
0e11736fc9c24dbea92c4f3a6453a160,d602a0071f3f4db8b37a87cffd89bf23,9,8,1,0e11736fc9c24dbea92c4f3a6453a160->d602a0071f3f4db8b37a87cffd89bf23,0.8889,mixto,0e11736fc9c24dbea92c4f3a6453a160,PJUD - PODER JUDICIAL
209ce526160947f0b398566cd4cbfd0d,52449c34bb1e47fe81802bf322dae8ee,9,6,3,209ce526160947f0b398566cd4cbfd0d->52449c34bb1e47fe81802bf322dae8ee,0.6667,mixto,Portal de Aplicaciones Sence - Servicio Nacional de Capacitacion y Empleo,bcm2.sii.cl - Servicio de Impuestos Internos
495c261c0f484bd08e232f7358452c4d,d74a389b77734996ba37fa61a0d08341,9,1,8,d74a389b77734996ba37fa61a0d08341->495c261c0f484bd08e232f7358452c4d,0.8889,mixto,undefined - Comisión para el Mercado Financiero,DECLARACION JURADA - Servicio Agrícola y Ganadero
347178b052294153af290d6a84589868,ab2dd6e0890c4b5483973add6fa1b91b,9,8,1,347178b052294153af290d6a84589868->ab2dd6e0890c4b5483973add6fa1b91b,0.8889,mixto,Mi Fiscalía en Línea - Ministerio Público,Sercotec - Servicio de Cooperación Técnica
191686e57a3e4b8994f63b7b4e90014c,a3d2f5bccc104cf6bdd3817c86236b0e,9,9,0,191686e57a3e4b8994f63b7b4e90014c->a3d2f5bccc104cf6bdd3817c86236b0e,1.0,consistente,Login Tienda - Central de Abastecimiento del Sistema Nacional de Servicios de Salud,Sistema Ambiente Proveedores - Central de Abastecimiento del Sistema Nacional de Servicios de Salud
a7709b21161d459298dc5dc58e77310b,f15bd4421f604ffbae3d627bef601546,9,4,5,f15bd4421f604ffbae3d627bef601546->a7709b21161d459298dc5dc58e77310b,0.5556,mixto,DIPRECA - Dirección de Previsión de Carabineros de Chile,Transferencia de Archivos - Ministerio Público
01b56ab5b9be43e19fa06300994787ec,64d9be8046574fbfbc1fb14c9912afea,9,4,5,64d9be8046574fbfbc1fb14c9912afea->01b56ab5b9be43e19fa06300994787ec,0.5556,mixto,Bitácora Web - Ministerio Público,ASDigital - Ministerio de salud
5492b6e4db6948aca469c21d05b18721,94d27864f86d422faa68efccb908cc34,9,6,3,5492b6e4db6948aca469c21d05b18721->94d27864f86d422faa68efccb908cc34,0.6667,mixto,Ley del Lobby - Comisión para la Integridad PÚblica y Transparencia,94d27864f86d422faa68efccb908cc34
8c1942e0cdce4f71b53f62474322f0b7,dc821110e3f34bf3984d61955ced2e69,9,2,7,dc821110e3f34bf3984d61955ced2e69->8c1942e0cdce4f71b53f62474322f0b7,0.7778,mixto,Superintendencia de Electricidad y Combustibles - SUPERINTENDECIA DE ELECTRICIDAD Y COMBUSTIBLES,Licencia de Conducir Digital - Subsecretaría de Transportes
3752375735a74ae09881a820a0b7d394,c82f84bf3f2b451393445a0cb6883665,9,6,3,3752375735a74ae09881a820a0b7d394->c82f84bf3f2b451393445a0cb6883665,0.6667,mixto,Solicitud de Pasavantes Online - Servicio Nacional de Aduanas,Ventanilla Única Social - Subsecretaría de Evaluación Social
2549b51828ce40af920a932dd2102217,91db38a7754a48c7913292b4c2a5237c,9,6,3,2549b51828ce40af920a932dd2102217->91db38a7754a48c7913292b4c2a5237c,0.6667,mixto,undefined - Servicio de Impuestos Internos,Defensoría del Contribuyente - Subsecretaría de Hacienda
78d2a80a1628414097285e5ece0cab12,9a76efc4c34e4bd7843206658dc45454,9,2,7,9a76efc4c34e4bd7843206658dc45454->78d2a80a1628414097285e5ece0cab12,0.7778,mixto,78d2a80a1628414097285e5ece0cab12,Portal Ciudadano ClaveÚnica - Secretaría de Gobierno Digital
88d08ee1a5384a7fbe4bfddb8928ce82,ae54454684154c25bd33c6e04609652b,9,7,2,88d08ee1a5384a7fbe4bfddb8928ce82->ae54454684154c25bd33c6e04609652b,0.7778,mixto,Sistema Midas - Subsecretaría de Salud Pública,Sistema de Apelación Contra de Isapres - Subsecretaría de Salud Pública
d602a0071f3f4db8b37a87cffd89bf23,f9894051ee6e40ad91d0cd53b2a8efc0,9,6,3,d602a0071f3f4db8b37a87cffd89bf23->f9894051ee6e40ad91d0cd53b2a8efc0,0.6667,mixto,PJUD - PODER JUDICIAL,I. Municipalidad de Santiago - Municipalidad de Santiago
3d639e0a581e4afbbc3976eed669f5c6,67339e06f4b44f78994ff4785178807a,9,6,3,3d639e0a581e4afbbc3976eed669f5c6->67339e06f4b44f78994ff4785178807a,0.6667,mixto,Mi Portal de Emprendimiento - Subsecretaría de Evaluación Social,Mercado+Público - Dirección de Compras y Contratación Pública
61ac1fc1e3c848728e8b665f185e2355,b992e6a27eb249658efce6ca0cc286dc,9,2,7,b992e6a27eb249658efce6ca0cc286dc->61ac1fc1e3c848728e8b665f185e2355,0.7778,mixto,Concesiones Marítimas - Subsecretaría para las Fuerzas Armadas,Vumar - Subsecretaría de Transportes
78d2a80a1628414097285e5ece0cab12,e8dde9d26979498786c6ba5a82f70ad3,9,1,8,e8dde9d26979498786c6ba5a82f70ad3->78d2a80a1628414097285e5ece0cab12,0.8889,mixto,78d2a80a1628414097285e5ece0cab12,"undefined - Sociedad Administradora de Fondos de Cesantía de Chile II S.A., AFC Chile"
2e0f9d54f6534336a19fffacd7b6af40,d602a0071f3f4db8b37a87cffd89bf23,9,7,2,2e0f9d54f6534336a19fffacd7b6af40->d602a0071f3f4db8b37a87cffd89bf23,0.7778,mixto,Sitio Web UNO Privado - AFP Uno,PJUD - PODER JUDICIAL
ae54454684154c25bd33c6e04609652b,bf676d9b342d438d8bd0b02c718133af,9,7,2,ae54454684154c25bd33c6e04609652b->bf676d9b342d438d8bd0b02c718133af,0.7778,mixto,Sistema de Apelación Contra de Isapres - Subsecretaría de Salud Pública,Firmador MOP - Subsecretaría de Obras Públicas
7f2c2c35a2de4624ad938147f73f271a,eb838855f2344f65a4c925df80cdcad5,9,4,5,eb838855f2344f65a4c925df80cdcad5->7f2c2c35a2de4624ad938147f73f271a,0.5556,mixto,Registro Nacional de Mascotas y Animales de Compañía - Subsecretaría de Desarrollo Regional y Administrativo,Cero Filas SAG - Servicio Agrícola y Ganadero
eb838855f2344f65a4c925df80cdcad5,f2eaffaf45b84b9c8e39cc303a97e9d7,9,9,0,eb838855f2344f65a4c925df80cdcad5->f2eaffaf45b84b9c8e39cc303a97e9d7,1.0,consistente,Cero Filas SAG - Servicio Agrícola y Ganadero,SIMPLE - Secretaría de Gobierno Digital
3e2a4d42827d43d0b90248199e58e98e,79bvfghg9a0a8tm25d16sddg7d61d4710,9,3,6,79bvfghg9a0a8tm25d16sddg7d61d4710->3e2a4d42827d43d0b90248199e58e98e,0.6667,mixto,Mineduc-Ayudamineduc - Subsecretaría de Educación,Extranjeria - Secretaría de Gobierno Digital
9c9359fefd164d388f8a5edc2bac301e,e8dde9d26979498786c6ba5a82f70ad3,9,6,3,9c9359fefd164d388f8a5edc2bac301e->e8dde9d26979498786c6ba5a82f70ad3,0.6667,mixto,Contraloría - Contraloría General de la República,"undefined - Sociedad Administradora de Fondos de Cesantía de Chile II S.A., AFC Chile"
8da9d8af9600449089f527c248a96e4f,d602a0071f3f4db8b37a87cffd89bf23,9,2,7,d602a0071f3f4db8b37a87cffd89bf23->8da9d8af9600449089f527c248a96e4f,0.7778,mixto,TramitesDCyF - Dirección de Contabilidad y Finanzas,PJUD - PODER JUDICIAL
9f3c39663dac4e6791811016adc217da,df1d0d0f4d624fe3acf5619e65ae348a,9,7,2,9f3c39663dac4e6791811016adc217da->df1d0d0f4d624fe3acf5619e65ae348a,0.7778,mixto,"Sistema Cuenta Cultura - Ministerio de las Culturas, las Artes y el Patrimonio",df1d0d0f4d624fe3acf5619e65ae348a
123,dd02dca897074e77972f506652629762,9,6,3,123->dd02dca897074e77972f506652629762,0.6667,mixto,Registro Civil - SRCeI,Resultados Subsidio Eléctrico - Subsecretaría de Energía
14cc5dc0682d44fe99d2d91e1eaafac7,2549b51828ce40af920a932dd2102217,9,6,3,14cc5dc0682d44fe99d2d91e1eaafac7->2549b51828ce40af920a932dd2102217,0.6667,mixto,SIMPLE - Corporación Nacional de Desarrollo Indígena,undefined - Servicio de Impuestos Internos
1ad6835586034de0b29f4a402b182c6c,ef1dd1f1a5b94d0eacb669f7b3ec2911,9,5,4,1ad6835586034de0b29f4a402b182c6c->ef1dd1f1a5b94d0eacb669f7b3ec2911,0.5556,mixto,Comisaría Virtual 2 - Carabineros de Chile,Mi Crédito CAE - Comisión Administradora del Sistema de Créditos para Estudios Superiores
67339e06f4b44f78994ff4785178807a,9ae54d261e454c93ae1c2cdec0fd03e6,9,4,5,9ae54d261e454c93ae1c2cdec0fd03e6->67339e06f4b44f78994ff4785178807a,0.5556,mixto,Mercado+Público - Dirección de Compras y Contratación Pública,Login certificado afiliacion - Fondo Nacional de Salud
08165f6182bc4dfc9dc1d7774508bbc6,56da1c80cfea4a5b83326bfef271fc3e,9,1,8,56da1c80cfea4a5b83326bfef271fc3e->08165f6182bc4dfc9dc1d7774508bbc6,0.8889,mixto,e-certchile - E-Cert Chile,Escritorio de Aplicaciones - Ministerio Público
a647689891b84948871ff7099253a553,c5b83bbfa22c4c31a5743485b4c6e524,9,5,4,a647689891b84948871ff7099253a553->c5b83bbfa22c4c31a5743485b4c6e524,0.5556,mixto,Autoconsulta SSASUR - Servicio Salud Araucanía Sur,Bolsa Nacional de Empleo - Subsecretaría del Trabajo
8c2eff865c5f40dbae0d6ccbc47e1d9c,d602a0071f3f4db8b37a87cffd89bf23,9,1,8,d602a0071f3f4db8b37a87cffd89bf23->8c2eff865c5f40dbae0d6ccbc47e1d9c,0.8889,mixto,Direccion del Trabajo - DIRECCION DEL TRABAJO,PJUD - PODER JUDICIAL
3e2a4d42827d43d0b90248199e58e98e,a77e76b1e0eb4cc3ae3a1df547fbf4cb,9,5,4,3e2a4d42827d43d0b90248199e58e98e->a77e76b1e0eb4cc3ae3a1df547fbf4cb,0.5556,mixto,Mineduc-Ayudamineduc - Subsecretaría de Educación,Prácticas Chile - Dirección Nacional del Servicio Civil
006b85a984e94ce88ddb035ec01b2d70,d69a36460b0c4bee9cdc5fd2f58e6a0e,9,2,7,d69a36460b0c4bee9cdc5fd2f58e6a0e->006b85a984e94ce88ddb035ec01b2d70,0.7778,mixto,006b85a984e94ce88ddb035ec01b2d70,SGMAULE - Servicio de Salud Maule
1eec93924a1046efbad70c851782ab8a,64d9be8046574fbfbc1fb14c9912afea,9,5,4,1eec93924a1046efbad70c851782ab8a->64d9be8046574fbfbc1fb14c9912afea,0.5556,mixto,Trámites INAPI - Instituto Nacional de Propiedad Industrial,ASDigital - Ministerio de salud
347178b052294153af290d6a84589868,b8386b6963a4492db355f0f70be3a3e2,9,2,7,b8386b6963a4492db355f0f70be3a3e2->347178b052294153af290d6a84589868,0.7778,mixto,Mi Fiscalía en Línea - Ministerio Público,PDI Virtual - Policía de Investigaciones de Chile
38b3f29fe39b4e87b5f7982165de8cf1,cd28f604c0b947398b97af66908be0b6,9,6,3,38b3f29fe39b4e87b5f7982165de8cf1->cd28f604c0b947398b97af66908be0b6,0.6667,mixto,Portal Servel - Servicio Electoral,TDLC Chile - Tribunal de Defensa de la Libre Competencia
67eb30db49f240b08ab2b3f422f92cdf,b1b009877e0c4e0790fd92559d853d69,9,4,5,b1b009877e0c4e0790fd92559d853d69->67eb30db49f240b08ab2b3f422f92cdf,0.5556,mixto,Portal MiDT - Dirección del Trabajo,Mi Súper - Superintendencia de Salud
123,83b5865df3ba4e0a9855e3af5a41f9aa,9,3,6,83b5865df3ba4e0a9855e3af5a41f9aa->123,0.6667,mixto,Registro Civil - SRCeI,Municipalidad de Quilicura - Simple - Municipalidad de Quilicura
dcd0b6134a8846c1ac7171f8530945ab,eaf8f2b0ccd04cf2a7bfcf357fe88ca2,9,3,6,eaf8f2b0ccd04cf2a7bfcf357fe88ca2->dcd0b6134a8846c1ac7171f8530945ab,0.6667,mixto,Identidad Única - Ministerio de Vivienda y Urbanismo - Subsecretaría de Vivienda y Urbanismo,Empleos Públicos - Servicio Civil
55c1817c84554dc881bc439a4b00abed,91f3f86897ff4ae39e50cbd7035fa8af,9,4,5,91f3f86897ff4ae39e50cbd7035fa8af->55c1817c84554dc881bc439a4b00abed,0.5556,mixto,Municipalidad de Colina - Municipalidad de Colina,APIs Receta Electrónica - Subsecretaría de Salud Pública
081c2c9f062a4293ae6d23a5b30e7c3e,d602a0071f3f4db8b37a87cffd89bf23,9,8,1,081c2c9f062a4293ae6d23a5b30e7c3e->d602a0071f3f4db8b37a87cffd89bf23,0.8889,mixto,Visitas Guiadas - Presidencia de la República,PJUD - PODER JUDICIAL
2549b51828ce40af920a932dd2102217,a53d759fed7840a1b00e8d903669e8a1,9,5,4,2549b51828ce40af920a932dd2102217->a53d759fed7840a1b00e8d903669e8a1,0.5556,mixto,undefined - Servicio de Impuestos Internos,CasillaÚnica - Subsecretaría de Hacienda
b972e814004e4624a566f308901cca7c,d79e1235e359463180867d42f31f8e8a,9,5,4,b972e814004e4624a566f308901cca7c->d79e1235e359463180867d42f31f8e8a,0.5556,mixto,DocDigital Versión 3 - Subsecretaría General de la Presidencia de la República,SIMPLE - Servicio Local de Educación Pública de Punilla Cordillera
03bd6e11bc9246339a1812eb74331dd6,6d52b87b5a964c61ad7e28afd9499f18,9,6,3,03bd6e11bc9246339a1812eb74331dd6->6d52b87b5a964c61ad7e28afd9499f18,0.6667,mixto,Buscador de Juicios - Contraloría General de la República,Mis Trámites CGR - Contraloría General de la República
a7925c7ee6674a30ae9f3f4045785095,ef1dd1f1a5b94d0eacb669f7b3ec2911,9,9,0,a7925c7ee6674a30ae9f3f4045785095->ef1dd1f1a5b94d0eacb669f7b3ec2911,1.0,consistente,Gestión Documental - Ilustre Municipalidad de Peñalolén,Mi Crédito CAE - Comisión Administradora del Sistema de Créditos para Estudios Superiores
6d52b87b5a964c61ad7e28afd9499f18,dcd0b6134a8846c1ac7171f8530945ab,9,5,4,6d52b87b5a964c61ad7e28afd9499f18->dcd0b6134a8846c1ac7171f8530945ab,0.5556,mixto,Mis Trámites CGR - Contraloría General de la República,Identidad Única - Ministerio de Vivienda y Urbanismo - Subsecretaría de Vivienda y Urbanismo
38b3f29fe39b4e87b5f7982165de8cf1,4a94478dd25f4430a0a023b87e11170d,9,5,4,38b3f29fe39b4e87b5f7982165de8cf1->4a94478dd25f4430a0a023b87e11170d,0.5556,mixto,Portal Servel - Servicio Electoral,Milicenciamedica.cl - Subsecretaría de Salud Pública
d9d5abd8143543189c1befef73999834,e9c87bd5f69f4f86afe073f6e04f7d5b,9,3,6,e9c87bd5f69f4f86afe073f6e04f7d5b->d9d5abd8143543189c1befef73999834,0.6667,mixto,Fondos Comunidad - GORE Los Lagos - Gobierno Regional de la Región de Los Lagos,Fondo Nacional - Ministerio del Interior
2549b51828ce40af920a932dd2102217,c52ceac3693c4644bb20f07dd8aa7103,9,5,4,2549b51828ce40af920a932dd2102217->c52ceac3693c4644bb20f07dd8aa7103,0.5556,mixto,undefined - Servicio de Impuestos Internos,Firma Electronica - Secretaría de Gobierno Digital
d602a0071f3f4db8b37a87cffd89bf23,ea3b3bbfa0bd4b99ae4fd1176a22d13c,9,5,4,d602a0071f3f4db8b37a87cffd89bf23->ea3b3bbfa0bd4b99ae4fd1176a22d13c,0.5556,mixto,PJUD - PODER JUDICIAL,Bono Logro Escolar - Subsecretaría de Servicios Sociales
0b145fb41bc84dc58a5beb5b4ef11b17,6a322ad743e3464bae56d2d9b180078a,9,3,6,6a322ad743e3464bae56d2d9b180078a->0b145fb41bc84dc58a5beb5b4ef11b17,0.6667,mixto,Servicios en linea - Caja de Previsión de la Defensa Nacional,6a322ad743e3464bae56d2d9b180078a
ea62071feb644e4e81394dfa5c500ff3,edd67e7adef0443982c72ffc4d55ca4a,9,6,3,ea62071feb644e4e81394dfa5c500ff3->edd67e7adef0443982c72ffc4d55ca4a,0.6667,mixto,DIPRECA - Dirección de Previsión de Carabineros de Chile,Portal de Beneficios - Gendarmería de Chile
c52ceac3693c4644bb20f07dd8aa7103,c6f7ed5bd4954356b00aac92c9fff41a,9,2,7,c6f7ed5bd4954356b00aac92c9fff41a->c52ceac3693c4644bb20f07dd8aa7103,0.7778,mixto,Firma Electronica - Secretaría de Gobierno Digital,Transformación Digital - Subsecretaría General de la Presidencia de la República
78d2a80a1628414097285e5ece0cab12,b972e814004e4624a566f308901cca7c,9,5,4,78d2a80a1628414097285e5ece0cab12->b972e814004e4624a566f308901cca7c,0.5556,mixto,78d2a80a1628414097285e5ece0cab12,DocDigital Versión 3 - Subsecretaría General de la Presidencia de la República
5aa6e3bc0b7f4c63b247ac04ca400129,9e57f3868c2e44c5bb7f68029dfe1c7c,9,3,6,9e57f3868c2e44c5bb7f68029dfe1c7c->5aa6e3bc0b7f4c63b247ac04ca400129,0.6667,mixto,Sistema de Auditoría Interna - Contraloría General de la República,foros colaborativos CGR - Contraloría General de la República
123,e16bdf2168e144d396be917a93114bfa,9,9,0,123->e16bdf2168e144d396be917a93114bfa,1.0,consistente,Registro Civil - SRCeI,Intranet Municipalidad Osorno - Municipalidad de Osorno
9a8b89a81b6a4af6a344229958ea3cdf,b972e814004e4624a566f308901cca7c,9,4,5,b972e814004e4624a566f308901cca7c->9a8b89a81b6a4af6a344229958ea3cdf,0.5556,mixto,Registros Ley 19862 - Subsecretaría de Hacienda,DocDigital Versión 3 - Subsecretaría General de la Presidencia de la República
40fc9588a8e04b28852ec1163528bb8a,ffaec74bfd414f8394bab077a989e27f,9,5,4,40fc9588a8e04b28852ec1163528bb8a->ffaec74bfd414f8394bab077a989e27f,0.5556,mixto,PAEx DGMN - Dirección General de Movilización Nacional,miChileAtiende - Instituto de Previsión Social
0b145fb41bc84dc58a5beb5b4ef11b17,123,9,3,6,123->0b145fb41bc84dc58a5beb5b4ef11b17,0.6667,mixto,Servicios en linea - Caja de Previsión de la Defensa Nacional,Registro Civil - SRCeI
c7d9f088b4be4e38924fcfa78a6b5496,d0b1e3a4c2434e65be47566dcc3e2ee0,9,0,9,d0b1e3a4c2434e65be47566dcc3e2ee0->c7d9f088b4be4e38924fcfa78a6b5496,1.0,consistente,Directores para Chile - Servicio Civil,Municipalidad de Los Angeles - Ilustre Municipalidad de Los Angeles
20acab350ddf489c931028b7a6a1ff99,dd7629fec91f4599b3cf8c0dd0b984ac,9,4,5,dd7629fec91f4599b3cf8c0dd0b984ac->20acab350ddf489c931028b7a6a1ff99,0.5556,mixto,Sucursal Virtual Jeafosale - Ejército de Chile,Sucursal Virtual FONASA - Fondo Nacional de Salud
4060f34dc33042fda53efdfd0594b679,f883bd6d70b043a09837e8b888fe3f65,9,4,5,f883bd6d70b043a09837e8b888fe3f65->4060f34dc33042fda53efdfd0594b679,0.5556,mixto,Capacitación ChileCompra - Dirección ChileCompra,undefined - Subsecretaría de Economía y Empresas de Menor Tamaño
9a76efc4c34e4bd7843206658dc45454,d254feea701346a399887b9fe59ac61a,9,7,2,9a76efc4c34e4bd7843206658dc45454->d254feea701346a399887b9fe59ac61a,0.7778,mixto,Portal Ciudadano ClaveÚnica - Secretaría de Gobierno Digital,Plataforma de Telemedicina - Subsecretaría de Redes Asistenciales
ad571b40258e4862b37b31fbbe2d8ab5,d602a0071f3f4db8b37a87cffd89bf23,9,4,5,d602a0071f3f4db8b37a87cffd89bf23->ad571b40258e4862b37b31fbbe2d8ab5,0.5556,mixto,HOSPITAL DE IQUIQUE - Servicio de Salud Tarapacá,PJUD - PODER JUDICIAL
123,be09a0ddbb9b4c4aaf78903e0ca27a75,9,3,6,be09a0ddbb9b4c4aaf78903e0ca27a75->123,0.6667,mixto,Registro Civil - SRCeI,Contingencia - Comisión Administradora de Sistema de Créditos para Estudios Superiores
209ce526160947f0b398566cd4cbfd0d,6d52b87b5a964c61ad7e28afd9499f18,9,3,6,6d52b87b5a964c61ad7e28afd9499f18->209ce526160947f0b398566cd4cbfd0d,0.6667,mixto,Portal de Aplicaciones Sence - Servicio Nacional de Capacitacion y Empleo,Mis Trámites CGR - Contraloría General de la República
3346db58cd2d474fbcf63e827462b85d,c5b83bbfa22c4c31a5743485b4c6e524,9,8,1,3346db58cd2d474fbcf63e827462b85d->c5b83bbfa22c4c31a5743485b4c6e524,0.8889,mixto,Single Sign-On - Subsecretaría de Evaluación Social,Bolsa Nacional de Empleo - Subsecretaría del Trabajo
08165f6182bc4dfc9dc1d7774508bbc6,1ad6835586034de0b29f4a402b182c6c,9,4,5,1ad6835586034de0b29f4a402b182c6c->08165f6182bc4dfc9dc1d7774508bbc6,0.5556,mixto,e-certchile - E-Cert Chile,Comisaría Virtual 2 - Carabineros de Chile
91f3f86897ff4ae39e50cbd7035fa8af,d153a909f976493a80fa3192b02d6a9d,9,3,6,d153a909f976493a80fa3192b02d6a9d->91f3f86897ff4ae39e50cbd7035fa8af,0.6667,mixto,APIs Receta Electrónica - Subsecretaría de Salud Pública,Prestadores Cambio en la modal - Fondo Nacional de Salud
dfd423dde87b47d382b736a15a36ac68,ef1dd1f1a5b94d0eacb669f7b3ec2911,9,0,9,ef1dd1f1a5b94d0eacb669f7b3ec2911->dfd423dde87b47d382b736a15a36ac68,1.0,consistente,App La Florida - Municipalidad de La Florida,Mi Crédito CAE - Comisión Administradora del Sistema de Créditos para Estudios Superiores
894c246eb00a482da371617f75149e30,a6c839544c0440f5bf2ce98e7396613f,9,7,2,894c246eb00a482da371617f75149e30->a6c839544c0440f5bf2ce98e7396613f,0.7778,mixto,Contraloria General de la Republica - CONTRALORIA,Aula Virtual CEA - Contraloría General de la República
2549b51828ce40af920a932dd2102217,fe1194092c934e70b824f3014a2f020d,9,6,3,2549b51828ce40af920a932dd2102217->fe1194092c934e70b824f3014a2f020d,0.6667,mixto,undefined - Servicio de Impuestos Internos,Portal Único de Fondos Concursables del Estado - Subsecretaría General de Gobierno
117d6d62a9844fd38fdb5d53e5cbc844,c82f84bf3f2b451393445a0cb6883665,9,2,7,c82f84bf3f2b451393445a0cb6883665->117d6d62a9844fd38fdb5d53e5cbc844,0.7778,mixto,TRASPASO DEL DOMINIO DE BIENES - Fondo de Solidaridad e Inversión Social,Ventanilla Única Social - Subsecretaría de Evaluación Social
1eec93924a1046efbad70c851782ab8a,6daae6995cb245348bb2b5432ccc9948,9,3,6,6daae6995cb245348bb2b5432ccc9948->1eec93924a1046efbad70c851782ab8a,0.6667,mixto,Trámites INAPI - Instituto Nacional de Propiedad Industrial,DIRECTEMAR - Dirección General del Territorio Marítimo y Marina Mercante
2549b51828ce40af920a932dd2102217,de90d8af20f547aaa9b3300c76251188,9,9,0,2549b51828ce40af920a932dd2102217->de90d8af20f547aaa9b3300c76251188,1.0,consistente,undefined - Servicio de Impuestos Internos,Postulación en línea DS49 - Subsecretaría de Vivienda y Urbanismo
d74a389b77734996ba37fa61a0d08341,f883bd6d70b043a09837e8b888fe3f65,9,4,5,f883bd6d70b043a09837e8b888fe3f65->d74a389b77734996ba37fa61a0d08341,0.5556,mixto,DECLARACION JURADA - Servicio Agrícola y Ganadero,undefined - Subsecretaría de Economía y Empresas de Menor Tamaño
b6a7ac98c6704aa6b6512efa5fa8dbfe,c82f84bf3f2b451393445a0cb6883665,9,3,6,c82f84bf3f2b451393445a0cb6883665->b6a7ac98c6704aa6b6512efa5fa8dbfe,0.6667,mixto,Corfo - Corporación de Fomento de la Producción,Ventanilla Única Social - Subsecretaría de Evaluación Social
4830b97416a14d1485ccb85c9f9baa4e,94d27864f86d422faa68efccb908cc34,9,6,3,4830b97416a14d1485ccb85c9f9baa4e->94d27864f86d422faa68efccb908cc34,0.6667,mixto,Trámites SP - Superintendencia de Penssiones,94d27864f86d422faa68efccb908cc34
8c1942e0cdce4f71b53f62474322f0b7,94d27864f86d422faa68efccb908cc34,8,4,4,8c1942e0cdce4f71b53f62474322f0b7->94d27864f86d422faa68efccb908cc34,0.5,mixto,Superintendencia de Electricidad y Combustibles - SUPERINTENDECIA DE ELECTRICIDAD Y COMBUSTIBLES,94d27864f86d422faa68efccb908cc34
4754db520fae46a49ac8373cd57bb10e,67eb30db49f240b08ab2b3f422f92cdf,8,3,5,67eb30db49f240b08ab2b3f422f92cdf->4754db520fae46a49ac8373cd57bb10e,0.625,mixto,Cert. de Indisponibilidad DT - Dirección del Trabajo,Portal MiDT - Dirección del Trabajo
6e12533e73a048efa8bcc0a30f2b7684,dc821110e3f34bf3984d61955ced2e69,8,1,7,dc821110e3f34bf3984d61955ced2e69->6e12533e73a048efa8bcc0a30f2b7684,0.875,mixto,Dirección General de Movilización Nacional - Dirección General de Movilización Nacional,Licencia de Conducir Digital - Subsecretaría de Transportes
6a322ad743e3464bae56d2d9b180078a,fd595f24910c4126b7398b3e081af528,8,5,3,6a322ad743e3464bae56d2d9b180078a->fd595f24910c4126b7398b3e081af528,0.625,mixto,6a322ad743e3464bae56d2d9b180078a,Instituto Seguridad Laboral - Instituto Seguridad Laboral
495c261c0f484bd08e232f7358452c4d,9ae54d261e454c93ae1c2cdec0fd03e6,8,3,5,9ae54d261e454c93ae1c2cdec0fd03e6->495c261c0f484bd08e232f7358452c4d,0.625,mixto,undefined - Comisión para el Mercado Financiero,Login certificado afiliacion - Fondo Nacional de Salud
55c1817c84554dc881bc439a4b00abed,c5b83bbfa22c4c31a5743485b4c6e524,8,7,1,55c1817c84554dc881bc439a4b00abed->c5b83bbfa22c4c31a5743485b4c6e524,0.875,mixto,Municipalidad de Colina - Municipalidad de Colina,Bolsa Nacional de Empleo - Subsecretaría del Trabajo
08165f6182bc4dfc9dc1d7774508bbc6,79bvfghg9a0a8tm25d16sddg7d61d4710,8,4,4,08165f6182bc4dfc9dc1d7774508bbc6->79bvfghg9a0a8tm25d16sddg7d61d4710,0.5,mixto,e-certchile - E-Cert Chile,Extranjeria - Secretaría de Gobierno Digital
64d9be8046574fbfbc1fb14c9912afea,f5d8ddb9e3924b09901a9ce38dddc362,8,2,6,f5d8ddb9e3924b09901a9ce38dddc362->64d9be8046574fbfbc1fb14c9912afea,0.75,mixto,ASDigital - Ministerio de salud,Single Sign-On - Subsecretaría de Transportes
86144f0d3b814c1d8c013f7aade6c55d,ee1016d1de3347b79368186e86dfc2c2,8,2,6,ee1016d1de3347b79368186e86dfc2c2->86144f0d3b814c1d8c013f7aade6c55d,0.75,mixto,Sernac - Portal del consumidor - Servicio Nacional del Consumidor,DOM Digital - municipalidad de puerto montt
a6c534b36789447fbed6b8d4f60d3d1a,dd53a3b5cb47459482a47afc5202b516,8,3,5,dd53a3b5cb47459482a47afc5202b516->a6c534b36789447fbed6b8d4f60d3d1a,0.625,mixto,Tramites DEP - Dirección de Educación Pública,dd53a3b5cb47459482a47afc5202b516
228ce6ed11d14e84ac2ae00cb5639515,67339e06f4b44f78994ff4785178807a,8,8,0,228ce6ed11d14e84ac2ae00cb5639515->67339e06f4b44f78994ff4785178807a,1.0,consistente,Plataforma HSA-MSGG - Ministerio Secretaría General de Gobierno,Mercado+Público - Dirección de Compras y Contratación Pública
43c343dfece141d18c16ef26fca862c7,dcd0b6134a8846c1ac7171f8530945ab,8,0,8,dcd0b6134a8846c1ac7171f8530945ab->43c343dfece141d18c16ef26fca862c7,1.0,consistente,DOM Digital - Municipalidad de Llanquihue,Identidad Única - Ministerio de Vivienda y Urbanismo - Subsecretaría de Vivienda y Urbanismo
2549b51828ce40af920a932dd2102217,43c343dfece141d18c16ef26fca862c7,8,0,8,43c343dfece141d18c16ef26fca862c7->2549b51828ce40af920a932dd2102217,1.0,consistente,undefined - Servicio de Impuestos Internos,DOM Digital - Municipalidad de Llanquihue
1e801411cdbd40aa92ad0dfc09000f69,86144f0d3b814c1d8c013f7aade6c55d,8,2,6,86144f0d3b814c1d8c013f7aade6c55d->1e801411cdbd40aa92ad0dfc09000f69,0.75,mixto,Intranet Navidad - Municipalidad de Navidad,Sernac - Portal del consumidor - Servicio Nacional del Consumidor
495c261c0f484bd08e232f7358452c4d,b972e814004e4624a566f308901cca7c,8,1,7,b972e814004e4624a566f308901cca7c->495c261c0f484bd08e232f7358452c4d,0.875,mixto,undefined - Comisión para el Mercado Financiero,DocDigital Versión 3 - Subsecretaría General de la Presidencia de la República
1eec93924a1046efbad70c851782ab8a,91f3f86897ff4ae39e50cbd7035fa8af,8,5,3,1eec93924a1046efbad70c851782ab8a->91f3f86897ff4ae39e50cbd7035fa8af,0.625,mixto,Trámites INAPI - Instituto Nacional de Propiedad Industrial,APIs Receta Electrónica - Subsecretaría de Salud Pública
ef1dd1f1a5b94d0eacb669f7b3ec2911,fb3957569a8d49528c3571bcb4703f55,8,1,7,fb3957569a8d49528c3571bcb4703f55->ef1dd1f1a5b94d0eacb669f7b3ec2911,0.875,mixto,Mi Crédito CAE - Comisión Administradora del Sistema de Créditos para Estudios Superiores,MINVU - Subsecretaría de Vivienda y Urbanismo
2549b51828ce40af920a932dd2102217,fba5ab8c38d3426492c31c99ad569bdb,8,3,5,fba5ab8c38d3426492c31c99ad569bdb->2549b51828ce40af920a932dd2102217,0.625,mixto,undefined - Servicio de Impuestos Internos,Oficina Judicial Virtual Tribunales Tributarios y Aduaneros - Unidad Administradora de Tribunales Tributarios y Aduaneros
209ce526160947f0b398566cd4cbfd0d,4830b97416a14d1485ccb85c9f9baa4e,8,6,2,209ce526160947f0b398566cd4cbfd0d->4830b97416a14d1485ccb85c9f9baa4e,0.75,mixto,Portal de Aplicaciones Sence - Servicio Nacional de Capacitacion y Empleo,Trámites SP - Superintendencia de Penssiones
81f1112efb014b568c2dbd217ad2407b,9c9359fefd164d388f8a5edc2bac301e,8,4,4,81f1112efb014b568c2dbd217ad2407b->9c9359fefd164d388f8a5edc2bac301e,0.5,mixto,SSBIOBIO.CL - Servicio de Salud Biobío,Contraloría - Contraloría General de la República
0a750e36725e495ba32bd43a5f170724,d602a0071f3f4db8b37a87cffd89bf23,8,1,7,d602a0071f3f4db8b37a87cffd89bf23->0a750e36725e495ba32bd43a5f170724,0.875,mixto,FUAS-Mineduc - Subsecretaría de Educación,PJUD - PODER JUDICIAL
d602a0071f3f4db8b37a87cffd89bf23,de90d8af20f547aaa9b3300c76251188,8,5,3,d602a0071f3f4db8b37a87cffd89bf23->de90d8af20f547aaa9b3300c76251188,0.625,mixto,PJUD - PODER JUDICIAL,Postulación en línea DS49 - Subsecretaría de Vivienda y Urbanismo
ae4caa1cb2154cac89440f3fe18251cb,e10304f95c2b40738695563eb9b8662c,8,1,7,e10304f95c2b40738695563eb9b8662c->ae4caa1cb2154cac89440f3fe18251cb,0.875,mixto,Ingreso de causas y escritos - Corporación Administrativa del Poder Judicial,SISTEMA DE ATENCIÓN DE CONSULTA - Comisión Administradora del Sistema de Créditos para Estudios Superiores
32f2a35e790544ec9e040345f8a364f3,399e7fc266894562850261cfbc06b992,8,3,5,399e7fc266894562850261cfbc06b992->32f2a35e790544ec9e040345f8a364f3,0.625,mixto,Defensoría Penal Pública - DEFENSORIA PENAL PUBLICA,Denuncia en Linea - Ministerio Público
1bc562c35b2a4313b0ed6b282b92d9a1,6e12533e73a048efa8bcc0a30f2b7684,8,7,1,1bc562c35b2a4313b0ed6b282b92d9a1->6e12533e73a048efa8bcc0a30f2b7684,0.875,mixto,1bc562c35b2a4313b0ed6b282b92d9a1,Dirección General de Movilización Nacional - Dirección General de Movilización Nacional
0dfdb4894c0e486faae2751590db44b8,4a94478dd25f4430a0a023b87e11170d,8,0,8,4a94478dd25f4430a0a023b87e11170d->0dfdb4894c0e486faae2751590db44b8,1.0,consistente,Trámites Online MBN - Subsecretaría de Bienes Nacionales,Milicenciamedica.cl - Subsecretaría de Salud Pública
b972e814004e4624a566f308901cca7c,fa2253c4c2274ef49d59c93e747deaa0,8,0,8,fa2253c4c2274ef49d59c93e747deaa0->b972e814004e4624a566f308901cca7c,1.0,consistente,DocDigital Versión 3 - Subsecretaría General de la Presidencia de la República,DOM Digital - Municipalidad de Coronel
123,c150a834cbcc40d09aeed2f8703f4dd3,8,8,0,123->c150a834cbcc40d09aeed2f8703f4dd3,1.0,consistente,Registro Civil - SRCeI,Trámites Dirección Trabajo - Dirección del Trabajo
2549b51828ce40af920a932dd2102217,dfd423dde87b47d382b736a15a36ac68,8,4,4,2549b51828ce40af920a932dd2102217->dfd423dde87b47d382b736a15a36ac68,0.5,mixto,undefined - Servicio de Impuestos Internos,App La Florida - Municipalidad de La Florida
94d27864f86d422faa68efccb908cc34,c2f8201a4d224d81babdcea072e5cec4,8,4,4,94d27864f86d422faa68efccb908cc34->c2f8201a4d224d81babdcea072e5cec4,0.5,mixto,94d27864f86d422faa68efccb908cc34,https://tramites.subtel.gob.cl - Subsecretaría de Telecomunicaciones
5492b6e4db6948aca469c21d05b18721,d74a389b77734996ba37fa61a0d08341,8,0,8,d74a389b77734996ba37fa61a0d08341->5492b6e4db6948aca469c21d05b18721,1.0,consistente,Ley del Lobby - Comisión para la Integridad PÚblica y Transparencia,DECLARACION JURADA - Servicio Agrícola y Ganadero
638aea308ffb483198d5c1387e2cc017,c13d78fe65b94d05ad83b59494767b9f,8,4,4,638aea308ffb483198d5c1387e2cc017->c13d78fe65b94d05ad83b59494767b9f,0.5,mixto,"Portal ""Mi SUPERIR"" - Superintendencia de Insolvencia y Reemprendimiento",Beneficios Personal - Gendarmería de Chile
0335e32e61b248ae8ab98cb955f915dd,eae6a8d122774db4ba88162a875db6a6,8,1,7,eae6a8d122774db4ba88162a875db6a6->0335e32e61b248ae8ab98cb955f915dd,0.875,mixto,Sistema de ambiente de Clientes - Central de Abastecimiento del Sistema Nacional de Servicios de Salud,Recetas en línea - Acceso Químico farmacéutico - Subsecretaría de Salud Pública
67eb30db49f240b08ab2b3f422f92cdf,ee1016d1de3347b79368186e86dfc2c2,8,5,3,67eb30db49f240b08ab2b3f422f92cdf->ee1016d1de3347b79368186e86dfc2c2,0.625,mixto,Portal MiDT - Dirección del Trabajo,DOM Digital - municipalidad de puerto montt
0b145fb41bc84dc58a5beb5b4ef11b17,ae4caa1cb2154cac89440f3fe18251cb,8,6,2,0b145fb41bc84dc58a5beb5b4ef11b17->ae4caa1cb2154cac89440f3fe18251cb,0.75,mixto,Servicios en linea - Caja de Previsión de la Defensa Nacional,Ingreso de causas y escritos - Corporación Administrativa del Poder Judicial
209ce526160947f0b398566cd4cbfd0d,6743ad379b094f98ad903d0f0304add1,8,6,2,209ce526160947f0b398566cd4cbfd0d->6743ad379b094f98ad903d0f0304add1,0.75,mixto,Portal de Aplicaciones Sence - Servicio Nacional de Capacitacion y Empleo,Procedimiento Administrativo Electrónico - Superintendencia de Seguridad Social
6daae6995cb245348bb2b5432ccc9948,dd7629fec91f4599b3cf8c0dd0b984ac,8,4,4,6daae6995cb245348bb2b5432ccc9948->dd7629fec91f4599b3cf8c0dd0b984ac,0.5,mixto,DIRECTEMAR - Dirección General del Territorio Marítimo y Marina Mercante,Sucursal Virtual FONASA - Fondo Nacional de Salud
5492b6e4db6948aca469c21d05b18721,6a322ad743e3464bae56d2d9b180078a,8,3,5,6a322ad743e3464bae56d2d9b180078a->5492b6e4db6948aca469c21d05b18721,0.625,mixto,Ley del Lobby - Comisión para la Integridad PÚblica y Transparencia,6a322ad743e3464bae56d2d9b180078a
558b533275bd41bca3094acb6a85113a,ee1016d1de3347b79368186e86dfc2c2,8,0,8,ee1016d1de3347b79368186e86dfc2c2->558b533275bd41bca3094acb6a85113a,1.0,consistente,Servicio de Evaluación Ambiental - Servicio de Evaluación Ambiental,DOM Digital - municipalidad de puerto montt
64d9be8046574fbfbc1fb14c9912afea,cb9e2b9dd1cd44c5b7d4fdcfbbf3f5e0,8,6,2,64d9be8046574fbfbc1fb14c9912afea->cb9e2b9dd1cd44c5b7d4fdcfbbf3f5e0,0.75,mixto,ASDigital - Ministerio de salud,Portal Usuario 2.0 - Subsecretaría de Justicia
67339e06f4b44f78994ff4785178807a,78d2a80a1628414097285e5ece0cab12,8,5,3,67339e06f4b44f78994ff4785178807a->78d2a80a1628414097285e5ece0cab12,0.625,mixto,Mercado+Público - Dirección de Compras y Contratación Pública,78d2a80a1628414097285e5ece0cab12
2549b51828ce40af920a932dd2102217,5aa1a66c9e844e18a4a41740ed4aa476,8,7,1,2549b51828ce40af920a932dd2102217->5aa1a66c9e844e18a4a41740ed4aa476,0.875,mixto,undefined - Servicio de Impuestos Internos,Recetas en línea - Acceso Prescriptor - Subsecretaría de Salud Pública
347178b052294153af290d6a84589868,38b3f29fe39b4e87b5f7982165de8cf1,8,4,4,347178b052294153af290d6a84589868->38b3f29fe39b4e87b5f7982165de8cf1,0.5,mixto,Mi Fiscalía en Línea - Ministerio Público,Portal Servel - Servicio Electoral
5ad019e5f0e445e8b37fc4ed60a3447c,67eb30db49f240b08ab2b3f422f92cdf,8,6,2,5ad019e5f0e445e8b37fc4ed60a3447c->67eb30db49f240b08ab2b3f422f92cdf,0.75,mixto,5ad019e5f0e445e8b37fc4ed60a3447c,Portal MiDT - Dirección del Trabajo
713f93125f6242069f9df14b7988ec8f,ae4caa1cb2154cac89440f3fe18251cb,8,7,1,713f93125f6242069f9df14b7988ec8f->ae4caa1cb2154cac89440f3fe18251cb,0.875,mixto,BackOffice Tramites Jurídico - Dirección del Trabajo,Ingreso de causas y escritos - Corporación Administrativa del Poder Judicial
67eb30db49f240b08ab2b3f422f92cdf,b7c988fa6132435480b57f66696827fd,8,6,2,67eb30db49f240b08ab2b3f422f92cdf->b7c988fa6132435480b57f66696827fd,0.75,mixto,Portal MiDT - Dirección del Trabajo,Pase Cultural - Subsecretaría de Evaluación Social
42fe5e61820647849d3cda4c6141b8d7,d8420be9114342368d9bc32882809746,8,3,5,d8420be9114342368d9bc32882809746->42fe5e61820647849d3cda4c6141b8d7,0.625,mixto,Telecomité - Subsecretaría de Redes Asistenciales,Plataforma Atención Remota - Subsecretaría de Redes Asistenciales
558b533275bd41bca3094acb6a85113a,b972e814004e4624a566f308901cca7c,8,6,2,558b533275bd41bca3094acb6a85113a->b972e814004e4624a566f308901cca7c,0.75,mixto,Servicio de Evaluación Ambiental - Servicio de Evaluación Ambiental,DocDigital Versión 3 - Subsecretaría General de la Presidencia de la República
6f7b8ef5a7204c4b92d0ca778317d790,c52ceac3693c4644bb20f07dd8aa7103,8,6,2,6f7b8ef5a7204c4b92d0ca778317d790->c52ceac3693c4644bb20f07dd8aa7103,0.75,mixto,Gestor documental ZeCeroPapel - Servicio Nacional de Protección Especializada a la Niñez y Adolescencia,Firma Electronica - Secretaría de Gobierno Digital
9c9359fefd164d388f8a5edc2bac301e,c68583c7f0f3400fbc57c639a37ab30c,8,3,5,c68583c7f0f3400fbc57c639a37ab30c->9c9359fefd164d388f8a5edc2bac301e,0.625,mixto,Contraloría - Contraloría General de la República,senda.gob .cl SIDOC - Servicio Nacional de Prevención y Rehabilitación del Consumo de Drogas y Alcohol
2549b51828ce40af920a932dd2102217,40dd6d22197543669fba285cd158079f,8,4,4,2549b51828ce40af920a932dd2102217->40dd6d22197543669fba285cd158079f,0.5,mixto,undefined - Servicio de Impuestos Internos,Dom digital - Municipalidad de Valdivia
123,f5d8ddb9e3924b09901a9ce38dddc362,8,3,5,f5d8ddb9e3924b09901a9ce38dddc362->123,0.625,mixto,Registro Civil - SRCeI,Single Sign-On - Subsecretaría de Transportes
b972e814004e4624a566f308901cca7c,e1669d0517f14a979d9a93159b4906b0,8,4,4,b972e814004e4624a566f308901cca7c->e1669d0517f14a979d9a93159b4906b0,0.5,mixto,DocDigital Versión 3 - Subsecretaría General de la Presidencia de la República,Agenda Casino - Presidencia de la República
2549b51828ce40af920a932dd2102217,be4240b37c354311af26b2846acba9c7,8,5,3,2549b51828ce40af920a932dd2102217->be4240b37c354311af26b2846acba9c7,0.625,mixto,undefined - Servicio de Impuestos Internos,Clave Única USACH - Universidad de Santiago de Chile
0b145fb41bc84dc58a5beb5b4ef11b17,c82f84bf3f2b451393445a0cb6883665,8,5,3,0b145fb41bc84dc58a5beb5b4ef11b17->c82f84bf3f2b451393445a0cb6883665,0.625,mixto,Servicios en linea - Caja de Previsión de la Defensa Nacional,Ventanilla Única Social - Subsecretaría de Evaluación Social
1eec93924a1046efbad70c851782ab8a,2ff516ac74a44ebfa3a522adbde28a0f,8,4,4,1eec93924a1046efbad70c851782ab8a->2ff516ac74a44ebfa3a522adbde28a0f,0.5,mixto,Trámites INAPI - Instituto Nacional de Propiedad Industrial,E-Sign ClaveÚnica - ESIGN S.A.
6a91c10b9e8341afbd387fb72bab3cf7,b972e814004e4624a566f308901cca7c,8,4,4,6a91c10b9e8341afbd387fb72bab3cf7->b972e814004e4624a566f308901cca7c,0.5,mixto,Comisión de Medicina Preventiva e Invalidez - Subsecretaría de Salud Pública,DocDigital Versión 3 - Subsecretaría General de la Presidencia de la República
20acab350ddf489c931028b7a6a1ff99,67339e06f4b44f78994ff4785178807a,8,5,3,20acab350ddf489c931028b7a6a1ff99->67339e06f4b44f78994ff4785178807a,0.625,mixto,Sucursal Virtual Jeafosale - Ejército de Chile,Mercado+Público - Dirección de Compras y Contratación Pública
6743ad379b094f98ad903d0f0304add1,6a322ad743e3464bae56d2d9b180078a,8,6,2,6743ad379b094f98ad903d0f0304add1->6a322ad743e3464bae56d2d9b180078a,0.75,mixto,Procedimiento Administrativo Electrónico - Superintendencia de Seguridad Social,6a322ad743e3464bae56d2d9b180078a
79bvfghg9a0a8tm25d16sddg7d61d4710,dc821110e3f34bf3984d61955ced2e69,8,5,3,79bvfghg9a0a8tm25d16sddg7d61d4710->dc821110e3f34bf3984d61955ced2e69,0.625,mixto,Extranjeria - Secretaría de Gobierno Digital,Licencia de Conducir Digital - Subsecretaría de Transportes
4f4d89fa8ce34da19ecb340c1d267a3e,74e60dc3bc26493d81088e4d322b7c39,8,2,6,74e60dc3bc26493d81088e4d322b7c39->4f4d89fa8ce34da19ecb340c1d267a3e,0.75,mixto,Registro Nacional de MiPymes - Subsecretaría de Economía y Empresas de Menor Tamaño,SignPass - BPO Advisors SpA
59dd121f53ac44ddb03bf52488eec671,942d80695ebe4218af105e03e6622f49,8,3,5,942d80695ebe4218af105e03e6622f49->59dd121f53ac44ddb03bf52488eec671,0.625,mixto,.SCSE. - Subsecretaría de Hacienda,Catálogo CPAT - Secretaría de Gobierno Digital
64d9be8046574fbfbc1fb14c9912afea,cfc948365da84e26975c4f6726f1c30f,8,5,3,64d9be8046574fbfbc1fb14c9912afea->cfc948365da84e26975c4f6726f1c30f,0.625,mixto,ASDigital - Ministerio de salud,Primera respuesta a migrantes - Subsecretaría de Salud Pública
3346db58cd2d474fbcf63e827462b85d,86144f0d3b814c1d8c013f7aade6c55d,8,6,2,3346db58cd2d474fbcf63e827462b85d->86144f0d3b814c1d8c013f7aade6c55d,0.75,mixto,Single Sign-On - Subsecretaría de Evaluación Social,Sernac - Portal del consumidor - Servicio Nacional del Consumidor
5af89d91c7c74476ad4546b1db07c56c,c82f84bf3f2b451393445a0cb6883665,8,8,0,5af89d91c7c74476ad4546b1db07c56c->c82f84bf3f2b451393445a0cb6883665,1.0,consistente,Mi HC OnLine - Servicio de Salud Arica y Parinacota,Ventanilla Única Social - Subsecretaría de Evaluación Social
285f4ab87d9a4484a4e8fa6e7db43fe6,495c261c0f484bd08e232f7358452c4d,8,1,7,495c261c0f484bd08e232f7358452c4d->285f4ab87d9a4484a4e8fa6e7db43fe6,0.875,mixto,Sistema de Registro - Subsecretaría de Evaluación Social,undefined - Comisión para el Mercado Financiero
0f09709c70c441b59a6fe616f84a5302,c82f84bf3f2b451393445a0cb6883665,8,1,7,c82f84bf3f2b451393445a0cb6883665->0f09709c70c441b59a6fe616f84a5302,0.875,mixto,Segundo Tribunal Ambiental - Segundo Tribunal Ambiental,Ventanilla Única Social - Subsecretaría de Evaluación Social
91f3f86897ff4ae39e50cbd7035fa8af,a96e622271484df9b5df5d32e8d67c67,8,5,3,91f3f86897ff4ae39e50cbd7035fa8af->a96e622271484df9b5df5d32e8d67c67,0.625,mixto,APIs Receta Electrónica - Subsecretaría de Salud Pública,Epivigila Midas - Subsecretaría de Salud Pública
347178b052294153af290d6a84589868,3af2d18b09e6443fa289e956fc10669f,8,0,8,3af2d18b09e6443fa289e956fc10669f->347178b052294153af290d6a84589868,1.0,consistente,Mi Fiscalía en Línea - Ministerio Público,Red Movilidad - Subsecretaría de Transportes
d0b1e3a4c2434e65be47566dcc3e2ee0,ffaec74bfd414f8394bab077a989e27f,8,3,5,ffaec74bfd414f8394bab077a989e27f->d0b1e3a4c2434e65be47566dcc3e2ee0,0.625,mixto,Municipalidad de Los Angeles - Ilustre Municipalidad de Los Angeles,miChileAtiende - Instituto de Previsión Social
4a94478dd25f4430a0a023b87e11170d,7f2c2c35a2de4624ad938147f73f271a,8,7,1,4a94478dd25f4430a0a023b87e11170d->7f2c2c35a2de4624ad938147f73f271a,0.875,mixto,Milicenciamedica.cl - Subsecretaría de Salud Pública,Registro Nacional de Mascotas y Animales de Compañía - Subsecretaría de Desarrollo Regional y Administrativo
387ff07354a74657a44369e05d83234a,eaf8f2b0ccd04cf2a7bfcf357fe88ca2,8,7,1,387ff07354a74657a44369e05d83234a->eaf8f2b0ccd04cf2a7bfcf357fe88ca2,0.875,mixto,Nuevo Sitio Web FONASA - Fondo Nacional de Salud,Empleos Públicos - Servicio Civil
91f3f86897ff4ae39e50cbd7035fa8af,f44bedcfbdb64a818e717b872a002abd,8,0,8,f44bedcfbdb64a818e717b872a002abd->91f3f86897ff4ae39e50cbd7035fa8af,1.0,consistente,APIs Receta Electrónica - Subsecretaría de Salud Pública,Ingreso a Municipalidad de Santiago - Municipalidad de Santiago
2a4a00c47ac6468395984ee10ebc8dc3,ee00832abfba40b38335ce48a12981b5,8,0,8,ee00832abfba40b38335ce48a12981b5->2a4a00c47ac6468395984ee10ebc8dc3,1.0,consistente,Portal único de Trámites SERPAT - Servicio Nacional del Patrimonio Cultural,Autenticacion Nube  Privada - Servicio de Impuestos Internos
2549b51828ce40af920a932dd2102217,c63d7e67e1f8454386089193582563ea,8,2,6,c63d7e67e1f8454386089193582563ea->2549b51828ce40af920a932dd2102217,0.75,mixto,undefined - Servicio de Impuestos Internos,Campus Virtual - Subsecretaría de Evaluación Social
2ff516ac74a44ebfa3a522adbde28a0f,ae412e532f1a48428bd0c5ad1f02f816,8,4,4,2ff516ac74a44ebfa3a522adbde28a0f->ae412e532f1a48428bd0c5ad1f02f816,0.5,mixto,E-Sign ClaveÚnica - ESIGN S.A.,Sistema de gestión de licencia - Subsecretaría de Transportes
02f0f8beb94542deac503efd6a774262,2549b51828ce40af920a932dd2102217,8,1,7,2549b51828ce40af920a932dd2102217->02f0f8beb94542deac503efd6a774262,0.875,mixto,SSMSO - Servicio de Salud Sur Oriente,undefined - Servicio de Impuestos Internos
c82f84bf3f2b451393445a0cb6883665,fb74231009884254b2d13b0fd9056247,8,0,8,fb74231009884254b2d13b0fd9056247->c82f84bf3f2b451393445a0cb6883665,1.0,consistente,Ventanilla Única Social - Subsecretaría de Evaluación Social,Carrera Docente CPEIP - Subsecretaría de Educación
4a94478dd25f4430a0a023b87e11170d,dcd0b6134a8846c1ac7171f8530945ab,8,5,3,4a94478dd25f4430a0a023b87e11170d->dcd0b6134a8846c1ac7171f8530945ab,0.625,mixto,Milicenciamedica.cl - Subsecretaría de Salud Pública,Identidad Única - Ministerio de Vivienda y Urbanismo - Subsecretaría de Vivienda y Urbanismo
0f33ab6447034fe49d1629353a119e47,fb3957569a8d49528c3571bcb4703f55,8,5,3,0f33ab6447034fe49d1629353a119e47->fb3957569a8d49528c3571bcb4703f55,0.625,mixto,Superintendencia en Línea - Mi Portal - Superintendencia de Seguridad Social,MINVU - Subsecretaría de Vivienda y Urbanismo
d74a389b77734996ba37fa61a0d08341,ee00832abfba40b38335ce48a12981b5,8,5,3,d74a389b77734996ba37fa61a0d08341->ee00832abfba40b38335ce48a12981b5,0.625,mixto,DECLARACION JURADA - Servicio Agrícola y Ganadero,Autenticacion Nube  Privada - Servicio de Impuestos Internos
0e11736fc9c24dbea92c4f3a6453a160,209ce526160947f0b398566cd4cbfd0d,8,6,2,0e11736fc9c24dbea92c4f3a6453a160->209ce526160947f0b398566cd4cbfd0d,0.75,mixto,0e11736fc9c24dbea92c4f3a6453a160,Portal de Aplicaciones Sence - Servicio Nacional de Capacitacion y Empleo
1ad6835586034de0b29f4a402b182c6c,39efc8cccc114c25bf2da1413ecf51a6,8,8,0,1ad6835586034de0b29f4a402b182c6c->39efc8cccc114c25bf2da1413ecf51a6,1.0,consistente,Comisaría Virtual 2 - Carabineros de Chile,Bloqueo de pasaporte en el Exterior - Ministerio de Relaciones Exteriores
4830b97416a14d1485ccb85c9f9baa4e,91f3f86897ff4ae39e50cbd7035fa8af,8,7,1,4830b97416a14d1485ccb85c9f9baa4e->91f3f86897ff4ae39e50cbd7035fa8af,0.875,mixto,Trámites SP - Superintendencia de Penssiones,APIs Receta Electrónica - Subsecretaría de Salud Pública
123,a647689891b84948871ff7099253a553,8,7,1,123->a647689891b84948871ff7099253a553,0.875,mixto,Registro Civil - SRCeI,Autoconsulta SSASUR - Servicio Salud Araucanía Sur
0f33ab6447034fe49d1629353a119e47,dc821110e3f34bf3984d61955ced2e69,8,2,6,dc821110e3f34bf3984d61955ced2e69->0f33ab6447034fe49d1629353a119e47,0.75,mixto,Superintendencia en Línea - Mi Portal - Superintendencia de Seguridad Social,Licencia de Conducir Digital - Subsecretaría de Transportes
123,a4db025d032f42578306d5461abdda40,8,7,1,123->a4db025d032f42578306d5461abdda40,0.875,mixto,Registro Civil - SRCeI,CAPREDENApp - Redin
01b56ab5b9be43e19fa06300994787ec,4f22549f9d3a443cb041c0e55395dbf1,8,2,6,4f22549f9d3a443cb041c0e55395dbf1->01b56ab5b9be43e19fa06300994787ec,0.75,mixto,Bitácora Web - Ministerio Público,Comisaría Virtual Denuncias - Carabineros de Chile
dc821110e3f34bf3984d61955ced2e69,ef1dd1f1a5b94d0eacb669f7b3ec2911,8,2,6,ef1dd1f1a5b94d0eacb669f7b3ec2911->dc821110e3f34bf3984d61955ced2e69,0.75,mixto,Licencia de Conducir Digital - Subsecretaría de Transportes,Mi Crédito CAE - Comisión Administradora del Sistema de Créditos para Estudios Superiores
d602a0071f3f4db8b37a87cffd89bf23,d9d5abd8143543189c1befef73999834,8,6,2,d602a0071f3f4db8b37a87cffd89bf23->d9d5abd8143543189c1befef73999834,0.75,mixto,PJUD - PODER JUDICIAL,Fondos Comunidad - GORE Los Lagos - Gobierno Regional de la Región de Los Lagos
38b3f29fe39b4e87b5f7982165de8cf1,88d08ee1a5384a7fbe4bfddb8928ce82,8,4,4,38b3f29fe39b4e87b5f7982165de8cf1->88d08ee1a5384a7fbe4bfddb8928ce82,0.5,mixto,Portal Servel - Servicio Electoral,Sistema Midas - Subsecretaría de Salud Pública
2ae2ca1a377048a58815f54a432f8a21,88d08ee1a5384a7fbe4bfddb8928ce82,8,3,5,88d08ee1a5384a7fbe4bfddb8928ce82->2ae2ca1a377048a58815f54a432f8a21,0.625,mixto,Portal Paciente - Subsecretaría de Redes Asistenciales,Sistema Midas - Subsecretaría de Salud Pública
8c89546c8e524777bc61ee8b984e29e0,ae4caa1cb2154cac89440f3fe18251cb,8,5,3,8c89546c8e524777bc61ee8b984e29e0->ae4caa1cb2154cac89440f3fe18251cb,0.625,mixto,Intranet Institucional SLEPCH - Servicio Local de Educación Pública de Chinchorro,Ingreso de causas y escritos - Corporación Administrativa del Poder Judicial
2ae2ca1a377048a58815f54a432f8a21,95b7bf6083634811b6ec1552e2ed5fad,8,6,2,2ae2ca1a377048a58815f54a432f8a21->95b7bf6083634811b6ec1552e2ed5fad,0.75,mixto,Portal Paciente - Subsecretaría de Redes Asistenciales,Gestión Telesalud - Subsecretaría de Redes Asistenciales
67eb30db49f240b08ab2b3f422f92cdf,8c2eff865c5f40dbae0d6ccbc47e1d9c,8,4,4,67eb30db49f240b08ab2b3f422f92cdf->8c2eff865c5f40dbae0d6ccbc47e1d9c,0.5,mixto,Portal MiDT - Dirección del Trabajo,Direccion del Trabajo - DIRECCION DEL TRABAJO
a53d759fed7840a1b00e8d903669e8a1,c82f84bf3f2b451393445a0cb6883665,8,4,4,a53d759fed7840a1b00e8d903669e8a1->c82f84bf3f2b451393445a0cb6883665,0.5,mixto,CasillaÚnica - Subsecretaría de Hacienda,Ventanilla Única Social - Subsecretaría de Evaluación Social
94d27864f86d422faa68efccb908cc34,9ad41e803fff463bac913cedefca7796,8,5,3,94d27864f86d422faa68efccb908cc34->9ad41e803fff463bac913cedefca7796,0.625,mixto,94d27864f86d422faa68efccb908cc34,Servicio Electoral - Cerofilas - Servicio Electoral
be09a0ddbb9b4c4aaf78903e0ca27a75,e8dde9d26979498786c6ba5a82f70ad3,8,5,3,be09a0ddbb9b4c4aaf78903e0ca27a75->e8dde9d26979498786c6ba5a82f70ad3,0.625,mixto,Contingencia - Comisión Administradora de Sistema de Créditos para Estudios Superiores,"undefined - Sociedad Administradora de Fondos de Cesantía de Chile II S.A., AFC Chile"
0335e32e61b248ae8ab98cb955f915dd,c567f19e4b0b409491faa28b331bf1d3,8,3,5,c567f19e4b0b409491faa28b331bf1d3->0335e32e61b248ae8ab98cb955f915dd,0.625,mixto,Sistema de ambiente de Clientes - Central de Abastecimiento del Sistema Nacional de Servicios de Salud,c567f19e4b0b409491faa28b331bf1d3
32f2a35e790544ec9e040345f8a364f3,e423b8339a57485d8b524937d93e4f44,8,0,8,e423b8339a57485d8b524937d93e4f44->32f2a35e790544ec9e040345f8a364f3,1.0,consistente,Defensoría Penal Pública - DEFENSORIA PENAL PUBLICA,SIMPLE - Gendarmería de Chile
9a76efc4c34e4bd7843206658dc45454,ae412e532f1a48428bd0c5ad1f02f816,8,4,4,9a76efc4c34e4bd7843206658dc45454->ae412e532f1a48428bd0c5ad1f02f816,0.5,mixto,Portal Ciudadano ClaveÚnica - Secretaría de Gobierno Digital,Sistema de gestión de licencia - Subsecretaría de Transportes
b6a7ac98c6704aa6b6512efa5fa8dbfe,ee00832abfba40b38335ce48a12981b5,8,6,2,b6a7ac98c6704aa6b6512efa5fa8dbfe->ee00832abfba40b38335ce48a12981b5,0.75,mixto,Corfo - Corporación de Fomento de la Producción,Autenticacion Nube  Privada - Servicio de Impuestos Internos
67eb30db49f240b08ab2b3f422f92cdf,e49052056b49428b86e0e8972a273c89,8,6,2,67eb30db49f240b08ab2b3f422f92cdf->e49052056b49428b86e0e8972a273c89,0.75,mixto,Portal MiDT - Dirección del Trabajo,Consejo de Defensa del Estado - CONSEJO DE DEFENZA DEL ESTADO
62a5285108824e269a3fa09e9c233440,c82f84bf3f2b451393445a0cb6883665,8,6,2,62a5285108824e269a3fa09e9c233440->c82f84bf3f2b451393445a0cb6883665,0.75,mixto,SEC - Atención Ciudadana - Superintendencia de Electricidad y Combustibles,Ventanilla Única Social - Subsecretaría de Evaluación Social
94d27864f86d422faa68efccb908cc34,ae412e532f1a48428bd0c5ad1f02f816,8,5,3,94d27864f86d422faa68efccb908cc34->ae412e532f1a48428bd0c5ad1f02f816,0.625,mixto,94d27864f86d422faa68efccb908cc34,Sistema de gestión de licencia - Subsecretaría de Transportes
b15e46acff6b4a7487ad18cdac3a21d0,dd7629fec91f4599b3cf8c0dd0b984ac,8,4,4,b15e46acff6b4a7487ad18cdac3a21d0->dd7629fec91f4599b3cf8c0dd0b984ac,0.5,mixto,Hospital Sotero del Río - Servicio Salud Metropolitano Sur Oriente,Sucursal Virtual FONASA - Fondo Nacional de Salud
123,cd40ad229df147389504190c71de61f5,8,6,2,123->cd40ad229df147389504190c71de61f5,0.75,mixto,Registro Civil - SRCeI,Sistema de Acceso Unico - Instituto de Desarrollo Agropecuario
4830b97416a14d1485ccb85c9f9baa4e,638aea308ffb483198d5c1387e2cc017,8,4,4,4830b97416a14d1485ccb85c9f9baa4e->638aea308ffb483198d5c1387e2cc017,0.5,mixto,Trámites SP - Superintendencia de Penssiones,"Portal ""Mi SUPERIR"" - Superintendencia de Insolvencia y Reemprendimiento"
4a94478dd25f4430a0a023b87e11170d,9ae55707cfcb459f9dcb36f8719d9cfa,8,0,8,9ae55707cfcb459f9dcb36f8719d9cfa->4a94478dd25f4430a0a023b87e11170d,1.0,consistente,Milicenciamedica.cl - Subsecretaría de Salud Pública,Apolo Salud - Servicio de Salud Antofagasta
2549b51828ce40af920a932dd2102217,eb838855f2344f65a4c925df80cdcad5,8,1,7,eb838855f2344f65a4c925df80cdcad5->2549b51828ce40af920a932dd2102217,0.875,mixto,undefined - Servicio de Impuestos Internos,Cero Filas SAG - Servicio Agrícola y Ganadero
2ae2ca1a377048a58815f54a432f8a21,6e12533e73a048efa8bcc0a30f2b7684,8,4,4,2ae2ca1a377048a58815f54a432f8a21->6e12533e73a048efa8bcc0a30f2b7684,0.5,mixto,Portal Paciente - Subsecretaría de Redes Asistenciales,Dirección General de Movilización Nacional - Dirección General de Movilización Nacional
4060f34dc33042fda53efdfd0594b679,6e12533e73a048efa8bcc0a30f2b7684,8,2,6,6e12533e73a048efa8bcc0a30f2b7684->4060f34dc33042fda53efdfd0594b679,0.75,mixto,Capacitación ChileCompra - Dirección ChileCompra,Dirección General de Movilización Nacional - Dirección General de Movilización Nacional
6f7b8ef5a7204c4b92d0ca778317d790,94d27864f86d422faa68efccb908cc34,8,4,4,6f7b8ef5a7204c4b92d0ca778317d790->94d27864f86d422faa68efccb908cc34,0.5,mixto,Gestor documental ZeCeroPapel - Servicio Nacional de Protección Especializada a la Niñez y Adolescencia,94d27864f86d422faa68efccb908cc34
209ce526160947f0b398566cd4cbfd0d,ea3b3bbfa0bd4b99ae4fd1176a22d13c,8,7,1,209ce526160947f0b398566cd4cbfd0d->ea3b3bbfa0bd4b99ae4fd1176a22d13c,0.875,mixto,Portal de Aplicaciones Sence - Servicio Nacional de Capacitacion y Empleo,Bono Logro Escolar - Subsecretaría de Servicios Sociales
67eb30db49f240b08ab2b3f422f92cdf,9f88dc88029e42d3a5b082ab396be6d3,8,0,8,9f88dc88029e42d3a5b082ab396be6d3->67eb30db49f240b08ab2b3f422f92cdf,1.0,consistente,Portal MiDT - Dirección del Trabajo,Sistema de Postulación Único - Carabineros de Chile
18bec3e707784a978d9d89f2967f87de,67eb30db49f240b08ab2b3f422f92cdf,8,4,4,18bec3e707784a978d9d89f2967f87de->67eb30db49f240b08ab2b3f422f92cdf,0.5,mixto,SERVEL- RENDICION - Servicio Electoral,Portal MiDT - Dirección del Trabajo
ab2dd6e0890c4b5483973add6fa1b91b,d602a0071f3f4db8b37a87cffd89bf23,8,3,5,d602a0071f3f4db8b37a87cffd89bf23->ab2dd6e0890c4b5483973add6fa1b91b,0.625,mixto,Sercotec - Servicio de Cooperación Técnica,PJUD - PODER JUDICIAL
0de46482bc4d409c86f652534e4b47eb,b972e814004e4624a566f308901cca7c,8,2,6,b972e814004e4624a566f308901cca7c->0de46482bc4d409c86f652534e4b47eb,0.75,mixto,documentos - cyberdocs - Servicio Nacional del Patrimonio Cultural,DocDigital Versión 3 - Subsecretaría General de la Presidencia de la República
7f2c2c35a2de4624ad938147f73f271a,ae4caa1cb2154cac89440f3fe18251cb,8,0,8,ae4caa1cb2154cac89440f3fe18251cb->7f2c2c35a2de4624ad938147f73f271a,1.0,consistente,Registro Nacional de Mascotas y Animales de Compañía - Subsecretaría de Desarrollo Regional y Administrativo,Ingreso de causas y escritos - Corporación Administrativa del Poder Judicial
123,cc892c05f6d94315be2b7539e45b9170,8,4,4,123->cc892c05f6d94315be2b7539e45b9170,0.5,mixto,Registro Civil - SRCeI,Ventanilla Única 2.0 - Ministerio del Medio Ambiente
1bb1657eb2eb43808f0529810258aa3b,32f2a35e790544ec9e040345f8a364f3,8,3,5,32f2a35e790544ec9e040345f8a364f3->1bb1657eb2eb43808f0529810258aa3b,0.625,mixto,Autenticación Sistemas DPP - Defensoría Penal Pública,Defensoría Penal Pública - DEFENSORIA PENAL PUBLICA
be4240b37c354311af26b2846acba9c7,c82f84bf3f2b451393445a0cb6883665,8,2,6,c82f84bf3f2b451393445a0cb6883665->be4240b37c354311af26b2846acba9c7,0.75,mixto,Clave Única USACH - Universidad de Santiago de Chile,Ventanilla Única Social - Subsecretaría de Evaluación Social
08165f6182bc4dfc9dc1d7774508bbc6,9ae54d261e454c93ae1c2cdec0fd03e6,8,3,5,9ae54d261e454c93ae1c2cdec0fd03e6->08165f6182bc4dfc9dc1d7774508bbc6,0.625,mixto,e-certchile - E-Cert Chile,Login certificado afiliacion - Fondo Nacional de Salud
38b3f29fe39b4e87b5f7982165de8cf1,94d27864f86d422faa68efccb908cc34,8,7,1,38b3f29fe39b4e87b5f7982165de8cf1->94d27864f86d422faa68efccb908cc34,0.875,mixto,Portal Servel - Servicio Electoral,94d27864f86d422faa68efccb908cc34
d0b1e3a4c2434e65be47566dcc3e2ee0,eaf8f2b0ccd04cf2a7bfcf357fe88ca2,8,3,5,eaf8f2b0ccd04cf2a7bfcf357fe88ca2->d0b1e3a4c2434e65be47566dcc3e2ee0,0.625,mixto,Municipalidad de Los Angeles - Ilustre Municipalidad de Los Angeles,Empleos Públicos - Servicio Civil
67339e06f4b44f78994ff4785178807a,b785d3ec935248ff8a8fd358f7765463,8,4,4,67339e06f4b44f78994ff4785178807a->b785d3ec935248ff8a8fd358f7765463,0.5,mixto,Mercado+Público - Dirección de Compras y Contratación Pública,Pesca Recreativa - Servicio Nacional de Pesca y Acuicultura
88d08ee1a5384a7fbe4bfddb8928ce82,ffaec74bfd414f8394bab077a989e27f,8,5,3,88d08ee1a5384a7fbe4bfddb8928ce82->ffaec74bfd414f8394bab077a989e27f,0.625,mixto,Sistema Midas - Subsecretaría de Salud Pública,miChileAtiende - Instituto de Previsión Social
2549b51828ce40af920a932dd2102217,9f88dc88029e42d3a5b082ab396be6d3,8,4,4,2549b51828ce40af920a932dd2102217->9f88dc88029e42d3a5b082ab396be6d3,0.5,mixto,undefined - Servicio de Impuestos Internos,Sistema de Postulación Único - Carabineros de Chile
9a76efc4c34e4bd7843206658dc45454,e10304f95c2b40738695563eb9b8662c,8,0,8,e10304f95c2b40738695563eb9b8662c->9a76efc4c34e4bd7843206658dc45454,1.0,consistente,Portal Ciudadano ClaveÚnica - Secretaría de Gobierno Digital,SISTEMA DE ATENCIÓN DE CONSULTA - Comisión Administradora del Sistema de Créditos para Estudios Superiores
495c261c0f484bd08e232f7358452c4d,88d08ee1a5384a7fbe4bfddb8928ce82,8,6,2,495c261c0f484bd08e232f7358452c4d->88d08ee1a5384a7fbe4bfddb8928ce82,0.75,mixto,undefined - Comisión para el Mercado Financiero,Sistema Midas - Subsecretaría de Salud Pública
6d52b87b5a964c61ad7e28afd9499f18,94d27864f86d422faa68efccb908cc34,8,0,8,94d27864f86d422faa68efccb908cc34->6d52b87b5a964c61ad7e28afd9499f18,1.0,consistente,Mis Trámites CGR - Contraloría General de la República,94d27864f86d422faa68efccb908cc34
2549b51828ce40af920a932dd2102217,f5d8ddb9e3924b09901a9ce38dddc362,8,4,4,2549b51828ce40af920a932dd2102217->f5d8ddb9e3924b09901a9ce38dddc362,0.5,mixto,undefined - Servicio de Impuestos Internos,Single Sign-On - Subsecretaría de Transportes
08165f6182bc4dfc9dc1d7774508bbc6,1eec93924a1046efbad70c851782ab8a,8,2,6,1eec93924a1046efbad70c851782ab8a->08165f6182bc4dfc9dc1d7774508bbc6,0.75,mixto,e-certchile - E-Cert Chile,Trámites INAPI - Instituto Nacional de Propiedad Industrial
7249a9adb1c343aba8db068dbe0c3795,ef1dd1f1a5b94d0eacb669f7b3ec2911,8,5,3,7249a9adb1c343aba8db068dbe0c3795->ef1dd1f1a5b94d0eacb669f7b3ec2911,0.625,mixto,Simple Trámites - Subsecretaría de Evaluación Social,Mi Crédito CAE - Comisión Administradora del Sistema de Créditos para Estudios Superiores
02f0f8beb94542deac503efd6a774262,9c9359fefd164d388f8a5edc2bac301e,8,3,5,9c9359fefd164d388f8a5edc2bac301e->02f0f8beb94542deac503efd6a774262,0.625,mixto,SSMSO - Servicio de Salud Sur Oriente,Contraloría - Contraloría General de la República
20acab350ddf489c931028b7a6a1ff99,2549b51828ce40af920a932dd2102217,8,4,4,20acab350ddf489c931028b7a6a1ff99->2549b51828ce40af920a932dd2102217,0.5,mixto,Sucursal Virtual Jeafosale - Ejército de Chile,undefined - Servicio de Impuestos Internos
4060f34dc33042fda53efdfd0594b679,9a76efc4c34e4bd7843206658dc45454,8,5,3,4060f34dc33042fda53efdfd0594b679->9a76efc4c34e4bd7843206658dc45454,0.625,mixto,Capacitación ChileCompra - Dirección ChileCompra,Portal Ciudadano ClaveÚnica - Secretaría de Gobierno Digital
347178b052294153af290d6a84589868,ef1dd1f1a5b94d0eacb669f7b3ec2911,8,4,4,347178b052294153af290d6a84589868->ef1dd1f1a5b94d0eacb669f7b3ec2911,0.5,mixto,Mi Fiscalía en Línea - Ministerio Público,Mi Crédito CAE - Comisión Administradora del Sistema de Créditos para Estudios Superiores
123,8c89546c8e524777bc61ee8b984e29e0,8,5,3,123->8c89546c8e524777bc61ee8b984e29e0,0.625,mixto,Registro Civil - SRCeI,Intranet Institucional SLEPCH - Servicio Local de Educación Pública de Chinchorro
894c246eb00a482da371617f75149e30,ee00832abfba40b38335ce48a12981b5,8,4,4,894c246eb00a482da371617f75149e30->ee00832abfba40b38335ce48a12981b5,0.5,mixto,Contraloria General de la Republica - CONTRALORIA,Autenticacion Nube  Privada - Servicio de Impuestos Internos
94d27864f86d422faa68efccb908cc34,d74a389b77734996ba37fa61a0d08341,8,2,6,d74a389b77734996ba37fa61a0d08341->94d27864f86d422faa68efccb908cc34,0.75,mixto,94d27864f86d422faa68efccb908cc34,DECLARACION JURADA - Servicio Agrícola y Ganadero
80d8324451a74ae887a93c2bee8b5d3d,eaf8f2b0ccd04cf2a7bfcf357fe88ca2,8,4,4,80d8324451a74ae887a93c2bee8b5d3d->eaf8f2b0ccd04cf2a7bfcf357fe88ca2,0.5,mixto,TRAYECTORIAS EDUCATIVAS (SPTE) - Subsecretaría de Educación,Empleos Públicos - Servicio Civil
9ad41e803fff463bac913cedefca7796,d6d4327ae40445518a3c8a6e62137cd6,8,1,7,d6d4327ae40445518a3c8a6e62137cd6->9ad41e803fff463bac913cedefca7796,0.875,mixto,Servicio Electoral - Cerofilas - Servicio Electoral,Gobierno Digital Simple - Secretaría de Gobierno Digital
888fb026b62d4a75920fe44a0af43ad4,f5d8ddb9e3924b09901a9ce38dddc362,8,2,6,f5d8ddb9e3924b09901a9ce38dddc362->888fb026b62d4a75920fe44a0af43ad4,0.75,mixto,Subsecretaría de Transportes - Subsecretaría de Transportes,Single Sign-On - Subsecretaría de Transportes
2549b51828ce40af920a932dd2102217,8c2eff865c5f40dbae0d6ccbc47e1d9c,8,1,7,8c2eff865c5f40dbae0d6ccbc47e1d9c->2549b51828ce40af920a932dd2102217,0.875,mixto,undefined - Servicio de Impuestos Internos,Direccion del Trabajo - DIRECCION DEL TRABAJO
08165f6182bc4dfc9dc1d7774508bbc6,fb3957569a8d49528c3571bcb4703f55,8,1,7,fb3957569a8d49528c3571bcb4703f55->08165f6182bc4dfc9dc1d7774508bbc6,0.875,mixto,e-certchile - E-Cert Chile,MINVU - Subsecretaría de Vivienda y Urbanismo
ae4caa1cb2154cac89440f3fe18251cb,dcd0b6134a8846c1ac7171f8530945ab,8,6,2,ae4caa1cb2154cac89440f3fe18251cb->dcd0b6134a8846c1ac7171f8530945ab,0.75,mixto,Ingreso de causas y escritos - Corporación Administrativa del Poder Judicial,Identidad Única - Ministerio de Vivienda y Urbanismo - Subsecretaría de Vivienda y Urbanismo
5af89d91c7c74476ad4546b1db07c56c,a647689891b84948871ff7099253a553,8,0,8,a647689891b84948871ff7099253a553->5af89d91c7c74476ad4546b1db07c56c,1.0,consistente,Mi HC OnLine - Servicio de Salud Arica y Parinacota,Autoconsulta SSASUR - Servicio Salud Araucanía Sur
c82f84bf3f2b451393445a0cb6883665,e10304f95c2b40738695563eb9b8662c,8,3,5,e10304f95c2b40738695563eb9b8662c->c82f84bf3f2b451393445a0cb6883665,0.625,mixto,Ventanilla Única Social - Subsecretaría de Evaluación Social,SISTEMA DE ATENCIÓN DE CONSULTA - Comisión Administradora del Sistema de Créditos para Estudios Superiores
035b14f7f84242ef8ca0e78b0352777d,4a94478dd25f4430a0a023b87e11170d,8,3,5,4a94478dd25f4430a0a023b87e11170d->035b14f7f84242ef8ca0e78b0352777d,0.625,mixto,035b14f7f84242ef8ca0e78b0352777d,Milicenciamedica.cl - Subsecretaría de Salud Pública
1c6f1fdb9e7544aaac5f4daf9243ca1e,7d0c4697a4f849e38021ccb192e0b4a7,8,4,4,1c6f1fdb9e7544aaac5f4daf9243ca1e->7d0c4697a4f849e38021ccb192e0b4a7,0.5,mixto,Sistemas Municipales - Municipalidad de Recoleta,"Niños, Niñas y Adolescentes - Subsecretaría de Evaluación Social"
8c1942e0cdce4f71b53f62474322f0b7,dd7629fec91f4599b3cf8c0dd0b984ac,8,6,2,8c1942e0cdce4f71b53f62474322f0b7->dd7629fec91f4599b3cf8c0dd0b984ac,0.75,mixto,Superintendencia de Electricidad y Combustibles - SUPERINTENDECIA DE ELECTRICIDAD Y COMBUSTIBLES,Sucursal Virtual FONASA - Fondo Nacional de Salud
5235b9f356954973a226cb6fc12c9d6e,5492b6e4db6948aca469c21d05b18721,8,0,8,5492b6e4db6948aca469c21d05b18721->5235b9f356954973a226cb6fc12c9d6e,1.0,consistente,Sistema Alta Dirección Pública - Dirección Nacional del Servicio Civil,Ley del Lobby - Comisión para la Integridad PÚblica y Transparencia
3d639e0a581e4afbbc3976eed669f5c6,4a94478dd25f4430a0a023b87e11170d,8,7,1,3d639e0a581e4afbbc3976eed669f5c6->4a94478dd25f4430a0a023b87e11170d,0.875,mixto,Mi Portal de Emprendimiento - Subsecretaría de Evaluación Social,Milicenciamedica.cl - Subsecretaría de Salud Pública
86144f0d3b814c1d8c013f7aade6c55d,d901924d294640abb47dd412154610c7,8,6,2,86144f0d3b814c1d8c013f7aade6c55d->d901924d294640abb47dd412154610c7,0.75,mixto,Sernac - Portal del consumidor - Servicio Nacional del Consumidor,Intranet IM. de Coihueco - Municipalidad de Coihueco
6a322ad743e3464bae56d2d9b180078a,6f7b8ef5a7204c4b92d0ca778317d790,8,4,4,6a322ad743e3464bae56d2d9b180078a->6f7b8ef5a7204c4b92d0ca778317d790,0.5,mixto,6a322ad743e3464bae56d2d9b180078a,Gestor documental ZeCeroPapel - Servicio Nacional de Protección Especializada a la Niñez y Adolescencia
4a94478dd25f4430a0a023b87e11170d,ad571b40258e4862b37b31fbbe2d8ab5,8,1,7,ad571b40258e4862b37b31fbbe2d8ab5->4a94478dd25f4430a0a023b87e11170d,0.875,mixto,Milicenciamedica.cl - Subsecretaría de Salud Pública,HOSPITAL DE IQUIQUE - Servicio de Salud Tarapacá
2ba6ef9107bf4a2ebd7c662f80966bf7,67339e06f4b44f78994ff4785178807a,8,3,5,67339e06f4b44f78994ff4785178807a->2ba6ef9107bf4a2ebd7c662f80966bf7,0.625,mixto,Intranet - Municipalidad de Puerto Varas,Mercado+Público - Dirección de Compras y Contratación Pública
6bcf44d8a73c473cb78f0cb92508a232,e8dde9d26979498786c6ba5a82f70ad3,8,8,0,6bcf44d8a73c473cb78f0cb92508a232->e8dde9d26979498786c6ba5a82f70ad3,1.0,consistente,6bcf44d8a73c473cb78f0cb92508a232,"undefined - Sociedad Administradora de Fondos de Cesantía de Chile II S.A., AFC Chile"
88d08ee1a5384a7fbe4bfddb8928ce82,94d27864f86d422faa68efccb908cc34,8,5,3,88d08ee1a5384a7fbe4bfddb8928ce82->94d27864f86d422faa68efccb908cc34,0.625,mixto,Sistema Midas - Subsecretaría de Salud Pública,94d27864f86d422faa68efccb908cc34
86144f0d3b814c1d8c013f7aade6c55d,d74a389b77734996ba37fa61a0d08341,8,5,3,86144f0d3b814c1d8c013f7aade6c55d->d74a389b77734996ba37fa61a0d08341,0.625,mixto,Sernac - Portal del consumidor - Servicio Nacional del Consumidor,DECLARACION JURADA - Servicio Agrícola y Ganadero
02f0f8beb94542deac503efd6a774262,6a322ad743e3464bae56d2d9b180078a,8,6,2,02f0f8beb94542deac503efd6a774262->6a322ad743e3464bae56d2d9b180078a,0.75,mixto,SSMSO - Servicio de Salud Sur Oriente,6a322ad743e3464bae56d2d9b180078a
6d52b87b5a964c61ad7e28afd9499f18,e8dde9d26979498786c6ba5a82f70ad3,8,6,2,6d52b87b5a964c61ad7e28afd9499f18->e8dde9d26979498786c6ba5a82f70ad3,0.75,mixto,Mis Trámites CGR - Contraloría General de la República,"undefined - Sociedad Administradora de Fondos de Cesantía de Chile II S.A., AFC Chile"
43c343dfece141d18c16ef26fca862c7,94d27864f86d422faa68efccb908cc34,8,8,0,43c343dfece141d18c16ef26fca862c7->94d27864f86d422faa68efccb908cc34,1.0,consistente,DOM Digital - Municipalidad de Llanquihue,94d27864f86d422faa68efccb908cc34
d74a389b77734996ba37fa61a0d08341,dc821110e3f34bf3984d61955ced2e69,8,6,2,d74a389b77734996ba37fa61a0d08341->dc821110e3f34bf3984d61955ced2e69,0.75,mixto,DECLARACION JURADA - Servicio Agrícola y Ganadero,Licencia de Conducir Digital - Subsecretaría de Transportes
4a94478dd25f4430a0a023b87e11170d,a77e76b1e0eb4cc3ae3a1df547fbf4cb,8,8,0,4a94478dd25f4430a0a023b87e11170d->a77e76b1e0eb4cc3ae3a1df547fbf4cb,1.0,consistente,Milicenciamedica.cl - Subsecretaría de Salud Pública,Prácticas Chile - Dirección Nacional del Servicio Civil
b992e6a27eb249658efce6ca0cc286dc,dd7629fec91f4599b3cf8c0dd0b984ac,8,5,3,b992e6a27eb249658efce6ca0cc286dc->dd7629fec91f4599b3cf8c0dd0b984ac,0.625,mixto,Vumar - Subsecretaría de Transportes,Sucursal Virtual FONASA - Fondo Nacional de Salud
1ad6835586034de0b29f4a402b182c6c,3346db58cd2d474fbcf63e827462b85d,8,0,8,3346db58cd2d474fbcf63e827462b85d->1ad6835586034de0b29f4a402b182c6c,1.0,consistente,Comisaría Virtual 2 - Carabineros de Chile,Single Sign-On - Subsecretaría de Evaluación Social
94d27864f86d422faa68efccb908cc34,fdd7e5cf453e42d7b8cb2334d3a7bff9,8,3,5,fdd7e5cf453e42d7b8cb2334d3a7bff9->94d27864f86d422faa68efccb908cc34,0.625,mixto,94d27864f86d422faa68efccb908cc34,Telesalud - Subsecretaría de Redes Asistenciales
01b56ab5b9be43e19fa06300994787ec,ffaec74bfd414f8394bab077a989e27f,8,8,0,01b56ab5b9be43e19fa06300994787ec->ffaec74bfd414f8394bab077a989e27f,1.0,consistente,Bitácora Web - Ministerio Público,miChileAtiende - Instituto de Previsión Social
495c261c0f484bd08e232f7358452c4d,52449c34bb1e47fe81802bf322dae8ee,8,5,3,495c261c0f484bd08e232f7358452c4d->52449c34bb1e47fe81802bf322dae8ee,0.625,mixto,undefined - Comisión para el Mercado Financiero,bcm2.sii.cl - Servicio de Impuestos Internos
6743ad379b094f98ad903d0f0304add1,6d52b87b5a964c61ad7e28afd9499f18,8,7,1,6743ad379b094f98ad903d0f0304add1->6d52b87b5a964c61ad7e28afd9499f18,0.875,mixto,Procedimiento Administrativo Electrónico - Superintendencia de Seguridad Social,Mis Trámites CGR - Contraloría General de la República
0335e32e61b248ae8ab98cb955f915dd,123,8,2,6,123->0335e32e61b248ae8ab98cb955f915dd,0.75,mixto,Sistema de ambiente de Clientes - Central de Abastecimiento del Sistema Nacional de Servicios de Salud,Registro Civil - SRCeI
62a5285108824e269a3fa09e9c233440,67339e06f4b44f78994ff4785178807a,8,4,4,62a5285108824e269a3fa09e9c233440->67339e06f4b44f78994ff4785178807a,0.5,mixto,SEC - Atención Ciudadana - Superintendencia de Electricidad y Combustibles,Mercado+Público - Dirección de Compras y Contratación Pública
3a631284571347bf8acba49209e63034,c82f84bf3f2b451393445a0cb6883665,8,4,4,3a631284571347bf8acba49209e63034->c82f84bf3f2b451393445a0cb6883665,0.5,mixto,Gesparvu Junji - Junta Nacional de Jardines Infantiles,Ventanilla Única Social - Subsecretaría de Evaluación Social
123,a6c534b36789447fbed6b8d4f60d3d1a,8,4,4,123->a6c534b36789447fbed6b8d4f60d3d1a,0.5,mixto,Registro Civil - SRCeI,Tramites DEP - Dirección de Educación Pública
40fc9588a8e04b28852ec1163528bb8a,dc821110e3f34bf3984d61955ced2e69,8,3,5,dc821110e3f34bf3984d61955ced2e69->40fc9588a8e04b28852ec1163528bb8a,0.625,mixto,PAEx DGMN - Dirección General de Movilización Nacional,Licencia de Conducir Digital - Subsecretaría de Transportes
123,6743ad379b094f98ad903d0f0304add1,8,3,5,6743ad379b094f98ad903d0f0304add1->123,0.625,mixto,Registro Civil - SRCeI,Procedimiento Administrativo Electrónico - Superintendencia de Seguridad Social
d602a0071f3f4db8b37a87cffd89bf23,ee1016d1de3347b79368186e86dfc2c2,8,6,2,d602a0071f3f4db8b37a87cffd89bf23->ee1016d1de3347b79368186e86dfc2c2,0.75,mixto,PJUD - PODER JUDICIAL,DOM Digital - municipalidad de puerto montt
8af63e063a2a42098caed55eeb24acf0,d602a0071f3f4db8b37a87cffd89bf23,8,5,3,8af63e063a2a42098caed55eeb24acf0->d602a0071f3f4db8b37a87cffd89bf23,0.625,mixto,Acceso Clave Unica UFRO - Universidad de La Frontera,PJUD - PODER JUDICIAL
0c3aa19bae964431babaa2dc28988f59,123,8,8,0,0c3aa19bae964431babaa2dc28988f59->123,1.0,consistente,auntoque - Municipalidad de Zapallar,Registro Civil - SRCeI
74ed652f9a9242c590651fe4cff0d492,d74a389b77734996ba37fa61a0d08341,8,6,2,74ed652f9a9242c590651fe4cff0d492->d74a389b77734996ba37fa61a0d08341,0.75,mixto,Ingreso a Intranet UTA - Universidad de Tarapacá,DECLARACION JURADA - Servicio Agrícola y Ganadero
0dfdb4894c0e486faae2751590db44b8,78d2a80a1628414097285e5ece0cab12,8,5,3,0dfdb4894c0e486faae2751590db44b8->78d2a80a1628414097285e5ece0cab12,0.625,mixto,Trámites Online MBN - Subsecretaría de Bienes Nacionales,78d2a80a1628414097285e5ece0cab12
495c261c0f484bd08e232f7358452c4d,6a91c10b9e8341afbd387fb72bab3cf7,8,4,4,495c261c0f484bd08e232f7358452c4d->6a91c10b9e8341afbd387fb72bab3cf7,0.5,mixto,undefined - Comisión para el Mercado Financiero,Comisión de Medicina Preventiva e Invalidez - Subsecretaría de Salud Pública
64d9be8046574fbfbc1fb14c9912afea,a1db7756e2d14a76baa79847773162a6,8,7,1,64d9be8046574fbfbc1fb14c9912afea->a1db7756e2d14a76baa79847773162a6,0.875,mixto,ASDigital - Ministerio de salud,a1db7756e2d14a76baa79847773162a6
585115d181ea4a77bf361f06a32100ea,eaf8f2b0ccd04cf2a7bfcf357fe88ca2,8,5,3,585115d181ea4a77bf361f06a32100ea->eaf8f2b0ccd04cf2a7bfcf357fe88ca2,0.625,mixto,Senda Moodle - Servicio Nacional de Prevención y Rehabilitación del Consumo de Drogas y Alcohol,Empleos Públicos - Servicio Civil
495c261c0f484bd08e232f7358452c4d,56da1c80cfea4a5b83326bfef271fc3e,8,2,6,56da1c80cfea4a5b83326bfef271fc3e->495c261c0f484bd08e232f7358452c4d,0.75,mixto,undefined - Comisión para el Mercado Financiero,Escritorio de Aplicaciones - Ministerio Público
08165f6182bc4dfc9dc1d7774508bbc6,2ae2ca1a377048a58815f54a432f8a21,8,1,7,2ae2ca1a377048a58815f54a432f8a21->08165f6182bc4dfc9dc1d7774508bbc6,0.875,mixto,e-certchile - E-Cert Chile,Portal Paciente - Subsecretaría de Redes Asistenciales
209ce526160947f0b398566cd4cbfd0d,be09a0ddbb9b4c4aaf78903e0ca27a75,8,4,4,209ce526160947f0b398566cd4cbfd0d->be09a0ddbb9b4c4aaf78903e0ca27a75,0.5,mixto,Portal de Aplicaciones Sence - Servicio Nacional de Capacitacion y Empleo,Contingencia - Comisión Administradora de Sistema de Créditos para Estudios Superiores
818d938a32ad4dc19cfd13f6575ddc5a,e8dde9d26979498786c6ba5a82f70ad3,8,4,4,818d938a32ad4dc19cfd13f6575ddc5a->e8dde9d26979498786c6ba5a82f70ad3,0.5,mixto,SSO - Servicio Agricola y Ganadero,"undefined - Sociedad Administradora de Fondos de Cesantía de Chile II S.A., AFC Chile"
0b145fb41bc84dc58a5beb5b4ef11b17,500e21ae250c48c8b42452929d53ef90,8,7,1,0b145fb41bc84dc58a5beb5b4ef11b17->500e21ae250c48c8b42452929d53ef90,0.875,mixto,Servicios en linea - Caja de Previsión de la Defensa Nacional,SIAC - Subsecretaria para las Fuerzas Armadas
645a4f092abd49f0820b8a5507e3dea0,86480a9f563349b1a2974d9f43548e59,8,1,7,86480a9f563349b1a2974d9f43548e59->645a4f092abd49f0820b8a5507e3dea0,0.875,mixto,Sistema Servicios en línea - Caja de Previsión de la Defensa Nacional,Portal Pacientes HMS - Ejército de Chile
64d9be8046574fbfbc1fb14c9912afea,d6d4327ae40445518a3c8a6e62137cd6,8,2,6,d6d4327ae40445518a3c8a6e62137cd6->64d9be8046574fbfbc1fb14c9912afea,0.75,mixto,ASDigital - Ministerio de salud,Gobierno Digital Simple - Secretaría de Gobierno Digital
5203dc45b8344a35a122f3446c13331f,eb838855f2344f65a4c925df80cdcad5,8,5,3,5203dc45b8344a35a122f3446c13331f->eb838855f2344f65a4c925df80cdcad5,0.625,mixto,SIMPLE - Servicio Agrícola y Ganadero,Cero Filas SAG - Servicio Agrícola y Ganadero
91f3f86897ff4ae39e50cbd7035fa8af,eb6b584fde4141aea5dafddee3e7ad4e,8,0,8,eb6b584fde4141aea5dafddee3e7ad4e->91f3f86897ff4ae39e50cbd7035fa8af,1.0,consistente,APIs Receta Electrónica - Subsecretaría de Salud Pública,Listado de trámites digitales - Subsecretaría de Educación
495c261c0f484bd08e232f7358452c4d,fd595f24910c4126b7398b3e081af528,8,3,5,fd595f24910c4126b7398b3e081af528->495c261c0f484bd08e232f7358452c4d,0.625,mixto,undefined - Comisión para el Mercado Financiero,Instituto Seguridad Laboral - Instituto Seguridad Laboral
2ff516ac74a44ebfa3a522adbde28a0f,d9d5abd8143543189c1befef73999834,8,8,0,2ff516ac74a44ebfa3a522adbde28a0f->d9d5abd8143543189c1befef73999834,1.0,consistente,E-Sign ClaveÚnica - ESIGN S.A.,Fondos Comunidad - GORE Los Lagos - Gobierno Regional de la Región de Los Lagos
d7396a68ce174871a828310e28b57848,ee1016d1de3347b79368186e86dfc2c2,8,5,3,d7396a68ce174871a828310e28b57848->ee1016d1de3347b79368186e86dfc2c2,0.625,mixto,DOM Digital - Municipalidad de Maullín,DOM Digital - municipalidad de puerto montt
4a9c2f22f9d047569a0ceafcb9741033,b972e814004e4624a566f308901cca7c,8,0,8,b972e814004e4624a566f308901cca7c->4a9c2f22f9d047569a0ceafcb9741033,1.0,consistente,Campus Servicio Civil - Dirección Nacional del Servicio Civil,DocDigital Versión 3 - Subsecretaría General de la Presidencia de la República
d6d4327ae40445518a3c8a6e62137cd6,eedb69879966484fa0e1453188daeeb3,8,7,1,d6d4327ae40445518a3c8a6e62137cd6->eedb69879966484fa0e1453188daeeb3,0.875,mixto,Gobierno Digital Simple - Secretaría de Gobierno Digital,eedb69879966484fa0e1453188daeeb3
1c6f1fdb9e7544aaac5f4daf9243ca1e,ae412e532f1a48428bd0c5ad1f02f816,8,5,3,1c6f1fdb9e7544aaac5f4daf9243ca1e->ae412e532f1a48428bd0c5ad1f02f816,0.625,mixto,Sistemas Municipales - Municipalidad de Recoleta,Sistema de gestión de licencia - Subsecretaría de Transportes
3346db58cd2d474fbcf63e827462b85d,e16bdf2168e144d396be917a93114bfa,8,3,5,e16bdf2168e144d396be917a93114bfa->3346db58cd2d474fbcf63e827462b85d,0.625,mixto,Single Sign-On - Subsecretaría de Evaluación Social,Intranet Municipalidad Osorno - Municipalidad de Osorno
a6c839544c0440f5bf2ce98e7396613f,b972e814004e4624a566f308901cca7c,8,6,2,a6c839544c0440f5bf2ce98e7396613f->b972e814004e4624a566f308901cca7c,0.75,mixto,Aula Virtual CEA - Contraloría General de la República,DocDigital Versión 3 - Subsecretaría General de la Presidencia de la República
a3c2ead0fc68405f90176c9920439001,d602a0071f3f4db8b37a87cffd89bf23,8,4,4,a3c2ead0fc68405f90176c9920439001->d602a0071f3f4db8b37a87cffd89bf23,0.5,mixto,ceropapel - Municipalidad de Taltal,PJUD - PODER JUDICIAL
1bb1657eb2eb43808f0529810258aa3b,3af2d18b09e6443fa289e956fc10669f,7,0,7,3af2d18b09e6443fa289e956fc10669f->1bb1657eb2eb43808f0529810258aa3b,1.0,consistente,Autenticación Sistemas DPP - Defensoría Penal Pública,Red Movilidad - Subsecretaría de Transportes
40fc9588a8e04b28852ec1163528bb8a,91f3f86897ff4ae39e50cbd7035fa8af,7,2,5,91f3f86897ff4ae39e50cbd7035fa8af->40fc9588a8e04b28852ec1163528bb8a,0.7143,mixto,PAEx DGMN - Dirección General de Movilización Nacional,APIs Receta Electrónica - Subsecretaría de Salud Pública
035b14f7f84242ef8ca0e78b0352777d,fdd7e5cf453e42d7b8cb2334d3a7bff9,7,4,3,035b14f7f84242ef8ca0e78b0352777d->fdd7e5cf453e42d7b8cb2334d3a7bff9,0.5714,mixto,035b14f7f84242ef8ca0e78b0352777d,Telesalud - Subsecretaría de Redes Asistenciales
123,80d8324451a74ae887a93c2bee8b5d3d,7,1,6,80d8324451a74ae887a93c2bee8b5d3d->123,0.8571,mixto,Registro Civil - SRCeI,TRAYECTORIAS EDUCATIVAS (SPTE) - Subsecretaría de Educación
74e60dc3bc26493d81088e4d322b7c39,ef1dd1f1a5b94d0eacb669f7b3ec2911,7,3,4,ef1dd1f1a5b94d0eacb669f7b3ec2911->74e60dc3bc26493d81088e4d322b7c39,0.5714,mixto,SignPass - BPO Advisors SpA,Mi Crédito CAE - Comisión Administradora del Sistema de Créditos para Estudios Superiores
ac8e668f620b403b9ccc6486c0e365c7,ffaec74bfd414f8394bab077a989e27f,7,2,5,ffaec74bfd414f8394bab077a989e27f->ac8e668f620b403b9ccc6486c0e365c7,0.7143,mixto,ac8e668f620b403b9ccc6486c0e365c7,miChileAtiende - Instituto de Previsión Social
9f5eb34dc330412990d7da2fd1db9e64,c82f84bf3f2b451393445a0cb6883665,7,6,1,9f5eb34dc330412990d7da2fd1db9e64->c82f84bf3f2b451393445a0cb6883665,0.8571,mixto,9f5eb34dc330412990d7da2fd1db9e64,Ventanilla Única Social - Subsecretaría de Evaluación Social
0b145fb41bc84dc58a5beb5b4ef11b17,86480a9f563349b1a2974d9f43548e59,7,0,7,86480a9f563349b1a2974d9f43548e59->0b145fb41bc84dc58a5beb5b4ef11b17,1.0,consistente,Servicios en linea - Caja de Previsión de la Defensa Nacional,Portal Pacientes HMS - Ejército de Chile
4060f34dc33042fda53efdfd0594b679,67eb30db49f240b08ab2b3f422f92cdf,7,6,1,4060f34dc33042fda53efdfd0594b679->67eb30db49f240b08ab2b3f422f92cdf,0.8571,mixto,Capacitación ChileCompra - Dirección ChileCompra,Portal MiDT - Dirección del Trabajo
67eb30db49f240b08ab2b3f422f92cdf,fdd7e5cf453e42d7b8cb2334d3a7bff9,7,3,4,fdd7e5cf453e42d7b8cb2334d3a7bff9->67eb30db49f240b08ab2b3f422f92cdf,0.5714,mixto,Portal MiDT - Dirección del Trabajo,Telesalud - Subsecretaría de Redes Asistenciales
1ad6835586034de0b29f4a402b182c6c,64d9be8046574fbfbc1fb14c9912afea,7,2,5,64d9be8046574fbfbc1fb14c9912afea->1ad6835586034de0b29f4a402b182c6c,0.7143,mixto,Comisaría Virtual 2 - Carabineros de Chile,ASDigital - Ministerio de salud
9a76efc4c34e4bd7843206658dc45454,eb6b584fde4141aea5dafddee3e7ad4e,7,3,4,eb6b584fde4141aea5dafddee3e7ad4e->9a76efc4c34e4bd7843206658dc45454,0.5714,mixto,Portal Ciudadano ClaveÚnica - Secretaría de Gobierno Digital,Listado de trámites digitales - Subsecretaría de Educación
7f9d0d109ac24874abc6c40f0a612f90,ffaec74bfd414f8394bab077a989e27f,7,2,5,ffaec74bfd414f8394bab077a989e27f->7f9d0d109ac24874abc6c40f0a612f90,0.7143,mixto,7f9d0d109ac24874abc6c40f0a612f90,miChileAtiende - Instituto de Previsión Social
dcd0b6134a8846c1ac7171f8530945ab,dd7629fec91f4599b3cf8c0dd0b984ac,7,5,2,dcd0b6134a8846c1ac7171f8530945ab->dd7629fec91f4599b3cf8c0dd0b984ac,0.7143,mixto,Identidad Única - Ministerio de Vivienda y Urbanismo - Subsecretaría de Vivienda y Urbanismo,Sucursal Virtual FONASA - Fondo Nacional de Salud
6daae6995cb245348bb2b5432ccc9948,cb9e2b9dd1cd44c5b7d4fdcfbbf3f5e0,7,1,6,cb9e2b9dd1cd44c5b7d4fdcfbbf3f5e0->6daae6995cb245348bb2b5432ccc9948,0.8571,mixto,DIRECTEMAR - Dirección General del Territorio Marítimo y Marina Mercante,Portal Usuario 2.0 - Subsecretaría de Justicia
d602a0071f3f4db8b37a87cffd89bf23,edd67e7adef0443982c72ffc4d55ca4a,7,3,4,edd67e7adef0443982c72ffc4d55ca4a->d602a0071f3f4db8b37a87cffd89bf23,0.5714,mixto,PJUD - PODER JUDICIAL,Portal de Beneficios - Gendarmería de Chile
b31017b848694be1b92f15c6dad1ca2c,c82f84bf3f2b451393445a0cb6883665,7,6,1,b31017b848694be1b92f15c6dad1ca2c->c82f84bf3f2b451393445a0cb6883665,0.8571,mixto,Sanidad Naval - Sanidad Naval de la Armada de Chile,Ventanilla Única Social - Subsecretaría de Evaluación Social
942d80695ebe4218af105e03e6622f49,9c9359fefd164d388f8a5edc2bac301e,7,7,0,942d80695ebe4218af105e03e6622f49->9c9359fefd164d388f8a5edc2bac301e,1.0,consistente,Catálogo CPAT - Secretaría de Gobierno Digital,Contraloría - Contraloría General de la República
347178b052294153af290d6a84589868,7d0c4697a4f849e38021ccb192e0b4a7,7,4,3,347178b052294153af290d6a84589868->7d0c4697a4f849e38021ccb192e0b4a7,0.5714,mixto,Mi Fiscalía en Línea - Ministerio Público,"Niños, Niñas y Adolescentes - Subsecretaría de Evaluación Social"
c13d78fe65b94d05ad83b59494767b9f,ffaec74bfd414f8394bab077a989e27f,7,5,2,c13d78fe65b94d05ad83b59494767b9f->ffaec74bfd414f8394bab077a989e27f,0.7143,mixto,Beneficios Personal - Gendarmería de Chile,miChileAtiende - Instituto de Previsión Social
0a0b41b45e2143ad8d97436f8561b1ca,6a322ad743e3464bae56d2d9b180078a,7,5,2,0a0b41b45e2143ad8d97436f8561b1ca->6a322ad743e3464bae56d2d9b180078a,0.7143,mixto,Sistemas Recoleta - Municipalidad de Recoleta,6a322ad743e3464bae56d2d9b180078a
2549b51828ce40af920a932dd2102217,ac7a1bf135744666be846c5bffff7cc8,7,7,0,2549b51828ce40af920a932dd2102217->ac7a1bf135744666be846c5bffff7cc8,1.0,consistente,undefined - Servicio de Impuestos Internos,Servicio de Evaluacion Ambiental - SERVICIO DE EVALUACION AMBIENTAL
3d53606b24144d12b360d33834a62638,9c9359fefd164d388f8a5edc2bac301e,7,4,3,3d53606b24144d12b360d33834a62638->9c9359fefd164d388f8a5edc2bac301e,0.5714,mixto,Sistema Control de Inversión - Gobierno Regional de la Región de Aysén del General Carlos Ibáñez del Campo,Contraloría - Contraloría General de la República
b15e46acff6b4a7487ad18cdac3a21d0,e8dde9d26979498786c6ba5a82f70ad3,7,4,3,b15e46acff6b4a7487ad18cdac3a21d0->e8dde9d26979498786c6ba5a82f70ad3,0.5714,mixto,Hospital Sotero del Río - Servicio Salud Metropolitano Sur Oriente,"undefined - Sociedad Administradora de Fondos de Cesantía de Chile II S.A., AFC Chile"
0de46482bc4d409c86f652534e4b47eb,0dfdb4894c0e486faae2751590db44b8,7,1,6,0dfdb4894c0e486faae2751590db44b8->0de46482bc4d409c86f652534e4b47eb,0.8571,mixto,documentos - cyberdocs - Servicio Nacional del Patrimonio Cultural,Trámites Online MBN - Subsecretaría de Bienes Nacionales
2549b51828ce40af920a932dd2102217,2629fabfb8e7428bb34e3d4f43ffdc9b,7,3,4,2629fabfb8e7428bb34e3d4f43ffdc9b->2549b51828ce40af920a932dd2102217,0.5714,mixto,undefined - Servicio de Impuestos Internos,Thomas Signe - Thomas-Signe Chile S.A
08165f6182bc4dfc9dc1d7774508bbc6,7249a9adb1c343aba8db068dbe0c3795,7,1,6,7249a9adb1c343aba8db068dbe0c3795->08165f6182bc4dfc9dc1d7774508bbc6,0.8571,mixto,e-certchile - E-Cert Chile,Simple Trámites - Subsecretaría de Evaluación Social
006b85a984e94ce88ddb035ec01b2d70,64d9be8046574fbfbc1fb14c9912afea,7,4,3,006b85a984e94ce88ddb035ec01b2d70->64d9be8046574fbfbc1fb14c9912afea,0.5714,mixto,006b85a984e94ce88ddb035ec01b2d70,ASDigital - Ministerio de salud
c567f19e4b0b409491faa28b331bf1d3,ffaec74bfd414f8394bab077a989e27f,7,2,5,ffaec74bfd414f8394bab077a989e27f->c567f19e4b0b409491faa28b331bf1d3,0.7143,mixto,c567f19e4b0b409491faa28b331bf1d3,miChileAtiende - Instituto de Previsión Social
209ce526160947f0b398566cd4cbfd0d,8c1942e0cdce4f71b53f62474322f0b7,7,4,3,209ce526160947f0b398566cd4cbfd0d->8c1942e0cdce4f71b53f62474322f0b7,0.5714,mixto,Portal de Aplicaciones Sence - Servicio Nacional de Capacitacion y Empleo,Superintendencia de Electricidad y Combustibles - SUPERINTENDECIA DE ELECTRICIDAD Y COMBUSTIBLES
79bvfghg9a0a8tm25d16sddg7d61d4710,b8386b6963a4492db355f0f70be3a3e2,7,2,5,b8386b6963a4492db355f0f70be3a3e2->79bvfghg9a0a8tm25d16sddg7d61d4710,0.7143,mixto,Extranjeria - Secretaría de Gobierno Digital,PDI Virtual - Policía de Investigaciones de Chile
123,e10304f95c2b40738695563eb9b8662c,7,3,4,e10304f95c2b40738695563eb9b8662c->123,0.5714,mixto,Registro Civil - SRCeI,SISTEMA DE ATENCIÓN DE CONSULTA - Comisión Administradora del Sistema de Créditos para Estudios Superiores
2549b51828ce40af920a932dd2102217,55c1817c84554dc881bc439a4b00abed,7,4,3,2549b51828ce40af920a932dd2102217->55c1817c84554dc881bc439a4b00abed,0.5714,mixto,undefined - Servicio de Impuestos Internos,Municipalidad de Colina - Municipalidad de Colina
1eec93924a1046efbad70c851782ab8a,eaf8f2b0ccd04cf2a7bfcf357fe88ca2,7,3,4,eaf8f2b0ccd04cf2a7bfcf357fe88ca2->1eec93924a1046efbad70c851782ab8a,0.5714,mixto,Trámites INAPI - Instituto Nacional de Propiedad Industrial,Empleos Públicos - Servicio Civil
6a322ad743e3464bae56d2d9b180078a,ac8e668f620b403b9ccc6486c0e365c7,7,3,4,ac8e668f620b403b9ccc6486c0e365c7->6a322ad743e3464bae56d2d9b180078a,0.5714,mixto,6a322ad743e3464bae56d2d9b180078a,ac8e668f620b403b9ccc6486c0e365c7
894c246eb00a482da371617f75149e30,ae4caa1cb2154cac89440f3fe18251cb,7,3,4,ae4caa1cb2154cac89440f3fe18251cb->894c246eb00a482da371617f75149e30,0.5714,mixto,Contraloria General de la Republica - CONTRALORIA,Ingreso de causas y escritos - Corporación Administrativa del Poder Judicial
7f2c2c35a2de4624ad938147f73f271a,eaf8f2b0ccd04cf2a7bfcf357fe88ca2,7,6,1,7f2c2c35a2de4624ad938147f73f271a->eaf8f2b0ccd04cf2a7bfcf357fe88ca2,0.8571,mixto,Registro Nacional de Mascotas y Animales de Compañía - Subsecretaría de Desarrollo Regional y Administrativo,Empleos Públicos - Servicio Civil
01b56ab5b9be43e19fa06300994787ec,cb9e2b9dd1cd44c5b7d4fdcfbbf3f5e0,7,5,2,01b56ab5b9be43e19fa06300994787ec->cb9e2b9dd1cd44c5b7d4fdcfbbf3f5e0,0.7143,mixto,Bitácora Web - Ministerio Público,Portal Usuario 2.0 - Subsecretaría de Justicia
c82f84bf3f2b451393445a0cb6883665,e7c03dd9e5044ca7a0945b6bbe4be826,7,3,4,e7c03dd9e5044ca7a0945b6bbe4be826->c82f84bf3f2b451393445a0cb6883665,0.5714,mixto,Ventanilla Única Social - Subsecretaría de Evaluación Social,IFE Laboral - Servicio Nacional de Capacitación y Empleo
56da1c80cfea4a5b83326bfef271fc3e,ffaec74bfd414f8394bab077a989e27f,7,0,7,ffaec74bfd414f8394bab077a989e27f->56da1c80cfea4a5b83326bfef271fc3e,1.0,consistente,Escritorio de Aplicaciones - Ministerio Público,miChileAtiende - Instituto de Previsión Social
4a94478dd25f4430a0a023b87e11170d,d74a389b77734996ba37fa61a0d08341,7,3,4,d74a389b77734996ba37fa61a0d08341->4a94478dd25f4430a0a023b87e11170d,0.5714,mixto,Milicenciamedica.cl - Subsecretaría de Salud Pública,DECLARACION JURADA - Servicio Agrícola y Ganadero
4d9bca5f968e4facbe42c7b7cdc678f0,ae4caa1cb2154cac89440f3fe18251cb,7,7,0,4d9bca5f968e4facbe42c7b7cdc678f0->ae4caa1cb2154cac89440f3fe18251cb,1.0,consistente,4d9bca5f968e4facbe42c7b7cdc678f0,Ingreso de causas y escritos - Corporación Administrativa del Poder Judicial
3752375735a74ae09881a820a0b7d394,9a76efc4c34e4bd7843206658dc45454,7,0,7,9a76efc4c34e4bd7843206658dc45454->3752375735a74ae09881a820a0b7d394,1.0,consistente,Solicitud de Pasavantes Online - Servicio Nacional de Aduanas,Portal Ciudadano ClaveÚnica - Secretaría de Gobierno Digital
285f4ab87d9a4484a4e8fa6e7db43fe6,67eb30db49f240b08ab2b3f422f92cdf,7,3,4,67eb30db49f240b08ab2b3f422f92cdf->285f4ab87d9a4484a4e8fa6e7db43fe6,0.5714,mixto,Sistema de Registro - Subsecretaría de Evaluación Social,Portal MiDT - Dirección del Trabajo
67eb30db49f240b08ab2b3f422f92cdf,fb944d98fea445bda57de000993d3e25,7,4,3,67eb30db49f240b08ab2b3f422f92cdf->fb944d98fea445bda57de000993d3e25,0.5714,mixto,Portal MiDT - Dirección del Trabajo,Accede a tu Portal Paciente - Servicio de Salud Maule
123,3a631284571347bf8acba49209e63034,7,4,3,123->3a631284571347bf8acba49209e63034,0.5714,mixto,Registro Civil - SRCeI,Gesparvu Junji - Junta Nacional de Jardines Infantiles
2549b51828ce40af920a932dd2102217,a7925c7ee6674a30ae9f3f4045785095,7,4,3,2549b51828ce40af920a932dd2102217->a7925c7ee6674a30ae9f3f4045785095,0.5714,mixto,undefined - Servicio de Impuestos Internos,Gestión Documental - Ilustre Municipalidad de Peñalolén
8ba6d7f9bb7445ff96ffd06af5fa8c1e,c82f84bf3f2b451393445a0cb6883665,7,1,6,c82f84bf3f2b451393445a0cb6883665->8ba6d7f9bb7445ff96ffd06af5fa8c1e,0.8571,mixto,Gestión Sustentable - Servicio de Salud Atacama,Ventanilla Única Social - Subsecretaría de Evaluación Social
0faae9b6b5084555a1873eff484b4d9c,67339e06f4b44f78994ff4785178807a,7,3,4,67339e06f4b44f78994ff4785178807a->0faae9b6b5084555a1873eff484b4d9c,0.5714,mixto,Agendamiento Licencia Conducir - Municipalidad de Puente Alto,Mercado+Público - Dirección de Compras y Contratación Pública
006b85a984e94ce88ddb035ec01b2d70,6f7b8ef5a7204c4b92d0ca778317d790,7,4,3,006b85a984e94ce88ddb035ec01b2d70->6f7b8ef5a7204c4b92d0ca778317d790,0.5714,mixto,006b85a984e94ce88ddb035ec01b2d70,Gestor documental ZeCeroPapel - Servicio Nacional de Protección Especializada a la Niñez y Adolescencia
20acab350ddf489c931028b7a6a1ff99,a4db025d032f42578306d5461abdda40,7,1,6,a4db025d032f42578306d5461abdda40->20acab350ddf489c931028b7a6a1ff99,0.8571,mixto,Sucursal Virtual Jeafosale - Ejército de Chile,CAPREDENApp - Redin
d602a0071f3f4db8b37a87cffd89bf23,ded6aff9dd654f30a10ed9602e2c6004,7,4,3,d602a0071f3f4db8b37a87cffd89bf23->ded6aff9dd654f30a10ed9602e2c6004,0.5714,mixto,PJUD - PODER JUDICIAL,Portal Trabajador - ASIGPAR - Cámara de Diputadas y Diputados de Chile
035b14f7f84242ef8ca0e78b0352777d,ae412e532f1a48428bd0c5ad1f02f816,7,7,0,035b14f7f84242ef8ca0e78b0352777d->ae412e532f1a48428bd0c5ad1f02f816,1.0,consistente,035b14f7f84242ef8ca0e78b0352777d,Sistema de gestión de licencia - Subsecretaría de Transportes
006b85a984e94ce88ddb035ec01b2d70,942d80695ebe4218af105e03e6622f49,7,4,3,006b85a984e94ce88ddb035ec01b2d70->942d80695ebe4218af105e03e6622f49,0.5714,mixto,006b85a984e94ce88ddb035ec01b2d70,Catálogo CPAT - Secretaría de Gobierno Digital
1e801411cdbd40aa92ad0dfc09000f69,88d08ee1a5384a7fbe4bfddb8928ce82,7,3,4,88d08ee1a5384a7fbe4bfddb8928ce82->1e801411cdbd40aa92ad0dfc09000f69,0.5714,mixto,Intranet Navidad - Municipalidad de Navidad,Sistema Midas - Subsecretaría de Salud Pública
e9d3577612dd49c3b62b654e33dccefb,ee00832abfba40b38335ce48a12981b5,7,4,3,e9d3577612dd49c3b62b654e33dccefb->ee00832abfba40b38335ce48a12981b5,0.5714,mixto,AutenticacionAccesoParaFirma - Certinet S.A.,Autenticacion Nube  Privada - Servicio de Impuestos Internos
b972e814004e4624a566f308901cca7c,f15bd4421f604ffbae3d627bef601546,7,6,1,b972e814004e4624a566f308901cca7c->f15bd4421f604ffbae3d627bef601546,0.8571,mixto,DocDigital Versión 3 - Subsecretaría General de la Presidencia de la República,Transferencia de Archivos - Ministerio Público
3346db58cd2d474fbcf63e827462b85d,fd595f24910c4126b7398b3e081af528,7,2,5,fd595f24910c4126b7398b3e081af528->3346db58cd2d474fbcf63e827462b85d,0.7143,mixto,Single Sign-On - Subsecretaría de Evaluación Social,Instituto Seguridad Laboral - Instituto Seguridad Laboral
55c1817c84554dc881bc439a4b00abed,ae4caa1cb2154cac89440f3fe18251cb,7,7,0,55c1817c84554dc881bc439a4b00abed->ae4caa1cb2154cac89440f3fe18251cb,1.0,consistente,Municipalidad de Colina - Municipalidad de Colina,Ingreso de causas y escritos - Corporación Administrativa del Poder Judicial
ae09dafa2f8e427ba37c7a8afef6d154,ae412e532f1a48428bd0c5ad1f02f816,7,7,0,ae09dafa2f8e427ba37c7a8afef6d154->ae412e532f1a48428bd0c5ad1f02f816,1.0,consistente,HbvConnect - Hospital Base Valdivia,Sistema de gestión de licencia - Subsecretaría de Transportes
e423b8339a57485d8b524937d93e4f44,e8dde9d26979498786c6ba5a82f70ad3,7,1,6,e8dde9d26979498786c6ba5a82f70ad3->e423b8339a57485d8b524937d93e4f44,0.8571,mixto,SIMPLE - Gendarmería de Chile,"undefined - Sociedad Administradora de Fondos de Cesantía de Chile II S.A., AFC Chile"
1ad6835586034de0b29f4a402b182c6c,ded6aff9dd654f30a10ed9602e2c6004,7,0,7,ded6aff9dd654f30a10ed9602e2c6004->1ad6835586034de0b29f4a402b182c6c,1.0,consistente,Comisaría Virtual 2 - Carabineros de Chile,Portal Trabajador - ASIGPAR - Cámara de Diputadas y Diputados de Chile
52449c34bb1e47fe81802bf322dae8ee,dd7629fec91f4599b3cf8c0dd0b984ac,7,4,3,52449c34bb1e47fe81802bf322dae8ee->dd7629fec91f4599b3cf8c0dd0b984ac,0.5714,mixto,bcm2.sii.cl - Servicio de Impuestos Internos,Sucursal Virtual FONASA - Fondo Nacional de Salud
209ce526160947f0b398566cd4cbfd0d,3e2a4d42827d43d0b90248199e58e98e,7,3,4,3e2a4d42827d43d0b90248199e58e98e->209ce526160947f0b398566cd4cbfd0d,0.5714,mixto,Portal de Aplicaciones Sence - Servicio Nacional de Capacitacion y Empleo,Mineduc-Ayudamineduc - Subsecretaría de Educación
361255d70c09499891fecebec813f51a,67eb30db49f240b08ab2b3f422f92cdf,7,7,0,361255d70c09499891fecebec813f51a->67eb30db49f240b08ab2b3f422f92cdf,1.0,consistente,Sobrepeso y/o Sobredimensión - Dirección de Vialidad,Portal MiDT - Dirección del Trabajo
79bvfghg9a0a8tm25d16sddg7d61d4710,86144f0d3b814c1d8c013f7aade6c55d,7,4,3,79bvfghg9a0a8tm25d16sddg7d61d4710->86144f0d3b814c1d8c013f7aade6c55d,0.5714,mixto,Extranjeria - Secretaría de Gobierno Digital,Sernac - Portal del consumidor - Servicio Nacional del Consumidor
3e2a4d42827d43d0b90248199e58e98e,6e12533e73a048efa8bcc0a30f2b7684,7,7,0,3e2a4d42827d43d0b90248199e58e98e->6e12533e73a048efa8bcc0a30f2b7684,1.0,consistente,Mineduc-Ayudamineduc - Subsecretaría de Educación,Dirección General de Movilización Nacional - Dirección General de Movilización Nacional
67339e06f4b44f78994ff4785178807a,7f2c2c35a2de4624ad938147f73f271a,7,4,3,67339e06f4b44f78994ff4785178807a->7f2c2c35a2de4624ad938147f73f271a,0.5714,mixto,Mercado+Público - Dirección de Compras y Contratación Pública,Registro Nacional de Mascotas y Animales de Compañía - Subsecretaría de Desarrollo Regional y Administrativo
6d52b87b5a964c61ad7e28afd9499f18,91f3f86897ff4ae39e50cbd7035fa8af,7,5,2,6d52b87b5a964c61ad7e28afd9499f18->91f3f86897ff4ae39e50cbd7035fa8af,0.7143,mixto,Mis Trámites CGR - Contraloría General de la República,APIs Receta Electrónica - Subsecretaría de Salud Pública
31050e1a1dcb4c9899ba77be32449e54,b1b009877e0c4e0790fd92559d853d69,7,3,4,b1b009877e0c4e0790fd92559d853d69->31050e1a1dcb4c9899ba77be32449e54,0.5714,mixto,Bono electrónico y LME - Superintendencia de Seguridad Social,Mi Súper - Superintendencia de Salud
44db06efed134a91bffa7407f60d7979,cd28f604c0b947398b97af66908be0b6,7,0,7,cd28f604c0b947398b97af66908be0b6->44db06efed134a91bffa7407f60d7979,1.0,consistente,Tramitación Eletrónica TC - Tribunal Constitucional de Chile,TDLC Chile - Tribunal de Defensa de la Libre Competencia
4a94478dd25f4430a0a023b87e11170d,e49052056b49428b86e0e8972a273c89,7,5,2,4a94478dd25f4430a0a023b87e11170d->e49052056b49428b86e0e8972a273c89,0.7143,mixto,Milicenciamedica.cl - Subsecretaría de Salud Pública,Consejo de Defensa del Estado - CONSEJO DE DEFENZA DEL ESTADO
01b56ab5b9be43e19fa06300994787ec,6d52b87b5a964c61ad7e28afd9499f18,7,1,6,6d52b87b5a964c61ad7e28afd9499f18->01b56ab5b9be43e19fa06300994787ec,0.8571,mixto,Bitácora Web - Ministerio Público,Mis Trámites CGR - Contraloría General de la República
1ad6835586034de0b29f4a402b182c6c,ae54454684154c25bd33c6e04609652b,7,3,4,ae54454684154c25bd33c6e04609652b->1ad6835586034de0b29f4a402b182c6c,0.5714,mixto,Comisaría Virtual 2 - Carabineros de Chile,Sistema de Apelación Contra de Isapres - Subsecretaría de Salud Pública
495c261c0f484bd08e232f7358452c4d,f44bedcfbdb64a818e717b872a002abd,7,5,2,495c261c0f484bd08e232f7358452c4d->f44bedcfbdb64a818e717b872a002abd,0.7143,mixto,undefined - Comisión para el Mercado Financiero,Ingreso a Municipalidad de Santiago - Municipalidad de Santiago
cb9e2b9dd1cd44c5b7d4fdcfbbf3f5e0,dc821110e3f34bf3984d61955ced2e69,7,3,4,dc821110e3f34bf3984d61955ced2e69->cb9e2b9dd1cd44c5b7d4fdcfbbf3f5e0,0.5714,mixto,Portal Usuario 2.0 - Subsecretaría de Justicia,Licencia de Conducir Digital - Subsecretaría de Transportes
671dca542e094f3d90cb15883bd89274,d602a0071f3f4db8b37a87cffd89bf23,7,5,2,671dca542e094f3d90cb15883bd89274->d602a0071f3f4db8b37a87cffd89bf23,0.7143,mixto,DOM Digital - Municipalidad de San Pedro de la Paz,PJUD - PODER JUDICIAL
d0b1e3a4c2434e65be47566dcc3e2ee0,eb838855f2344f65a4c925df80cdcad5,7,6,1,d0b1e3a4c2434e65be47566dcc3e2ee0->eb838855f2344f65a4c925df80cdcad5,0.8571,mixto,Municipalidad de Los Angeles - Ilustre Municipalidad de Los Angeles,Cero Filas SAG - Servicio Agrícola y Ganadero
5aa6e3bc0b7f4c63b247ac04ca400129,6d52b87b5a964c61ad7e28afd9499f18,7,6,1,5aa6e3bc0b7f4c63b247ac04ca400129->6d52b87b5a964c61ad7e28afd9499f18,0.8571,mixto,Sistema de Auditoría Interna - Contraloría General de la República,Mis Trámites CGR - Contraloría General de la República
ae4caa1cb2154cac89440f3fe18251cb,edd67e7adef0443982c72ffc4d55ca4a,7,0,7,edd67e7adef0443982c72ffc4d55ca4a->ae4caa1cb2154cac89440f3fe18251cb,1.0,consistente,Ingreso de causas y escritos - Corporación Administrativa del Poder Judicial,Portal de Beneficios - Gendarmería de Chile
2e0f9d54f6534336a19fffacd7b6af40,d74a389b77734996ba37fa61a0d08341,7,4,3,2e0f9d54f6534336a19fffacd7b6af40->d74a389b77734996ba37fa61a0d08341,0.5714,mixto,Sitio Web UNO Privado - AFP Uno,DECLARACION JURADA - Servicio Agrícola y Ganadero
006b85a984e94ce88ddb035ec01b2d70,279bdc4889564edba8ec3d808a74db1a,7,2,5,279bdc4889564edba8ec3d808a74db1a->006b85a984e94ce88ddb035ec01b2d70,0.7143,mixto,006b85a984e94ce88ddb035ec01b2d70,docdigital - docdigital
9c9359fefd164d388f8a5edc2bac301e,e1669d0517f14a979d9a93159b4906b0,7,4,3,9c9359fefd164d388f8a5edc2bac301e->e1669d0517f14a979d9a93159b4906b0,0.5714,mixto,Contraloría - Contraloría General de la República,Agenda Casino - Presidencia de la República
67339e06f4b44f78994ff4785178807a,6d252a9b7f244a0180f6c2a1ff39d2fe,7,1,6,6d252a9b7f244a0180f6c2a1ff39d2fe->67339e06f4b44f78994ff4785178807a,0.8571,mixto,Mercado+Público - Dirección de Compras y Contratación Pública,Sistemas Control de Extracciones Efectivas - Dirección General de Aguas
67339e06f4b44f78994ff4785178807a,c540003954c9411cbcf7836bdce30311,7,6,1,67339e06f4b44f78994ff4785178807a->c540003954c9411cbcf7836bdce30311,0.8571,mixto,Mercado+Público - Dirección de Compras y Contratación Pública,Sistema Gestor de Compras MSGG - Ministerio Secretaría General de Gobierno
64d9be8046574fbfbc1fb14c9912afea,f6567acfbec84378a76ccc3ea2f78b83,7,0,7,f6567acfbec84378a76ccc3ea2f78b83->64d9be8046574fbfbc1fb14c9912afea,1.0,consistente,ASDigital - Ministerio de salud,Dom Digital - Municipalidad de Los Angeles
18bec3e707784a978d9d89f2967f87de,67339e06f4b44f78994ff4785178807a,7,5,2,18bec3e707784a978d9d89f2967f87de->67339e06f4b44f78994ff4785178807a,0.7143,mixto,SERVEL- RENDICION - Servicio Electoral,Mercado+Público - Dirección de Compras y Contratación Pública
123,eb6b584fde4141aea5dafddee3e7ad4e,7,1,6,eb6b584fde4141aea5dafddee3e7ad4e->123,0.8571,mixto,Registro Civil - SRCeI,Listado de trámites digitales - Subsecretaría de Educación
02f0f8beb94542deac503efd6a774262,c82f84bf3f2b451393445a0cb6883665,7,4,3,02f0f8beb94542deac503efd6a774262->c82f84bf3f2b451393445a0cb6883665,0.5714,mixto,SSMSO - Servicio de Salud Sur Oriente,Ventanilla Única Social - Subsecretaría de Evaluación Social
b972e814004e4624a566f308901cca7c,dc821110e3f34bf3984d61955ced2e69,7,2,5,dc821110e3f34bf3984d61955ced2e69->b972e814004e4624a566f308901cca7c,0.7143,mixto,DocDigital Versión 3 - Subsecretaría General de la Presidencia de la República,Licencia de Conducir Digital - Subsecretaría de Transportes
9f5eb34dc330412990d7da2fd1db9e64,b972e814004e4624a566f308901cca7c,7,6,1,9f5eb34dc330412990d7da2fd1db9e64->b972e814004e4624a566f308901cca7c,0.8571,mixto,9f5eb34dc330412990d7da2fd1db9e64,DocDigital Versión 3 - Subsecretaría General de la Presidencia de la República
02f0f8beb94542deac503efd6a774262,c68583c7f0f3400fbc57c639a37ab30c,7,7,0,02f0f8beb94542deac503efd6a774262->c68583c7f0f3400fbc57c639a37ab30c,1.0,consistente,SSMSO - Servicio de Salud Sur Oriente,senda.gob .cl SIDOC - Servicio Nacional de Prevención y Rehabilitación del Consumo de Drogas y Alcohol
d602a0071f3f4db8b37a87cffd89bf23,ea62071feb644e4e81394dfa5c500ff3,7,6,1,d602a0071f3f4db8b37a87cffd89bf23->ea62071feb644e4e81394dfa5c500ff3,0.8571,mixto,PJUD - PODER JUDICIAL,DIPRECA - Dirección de Previsión de Carabineros de Chile
495c261c0f484bd08e232f7358452c4d,b1b009877e0c4e0790fd92559d853d69,7,1,6,b1b009877e0c4e0790fd92559d853d69->495c261c0f484bd08e232f7358452c4d,0.8571,mixto,undefined - Comisión para el Mercado Financiero,Mi Súper - Superintendencia de Salud
ae4caa1cb2154cac89440f3fe18251cb,b15e46acff6b4a7487ad18cdac3a21d0,7,2,5,b15e46acff6b4a7487ad18cdac3a21d0->ae4caa1cb2154cac89440f3fe18251cb,0.7143,mixto,Ingreso de causas y escritos - Corporación Administrativa del Poder Judicial,Hospital Sotero del Río - Servicio Salud Metropolitano Sur Oriente
67339e06f4b44f78994ff4785178807a,b4206ac5e3224dfd900588a8f7caf95e,7,6,1,67339e06f4b44f78994ff4785178807a->b4206ac5e3224dfd900588a8f7caf95e,0.8571,mixto,Mercado+Público - Dirección de Compras y Contratación Pública,FONASA - Portal Beneficiario - Fondo Nacional de Salud
c39e8d94c06848008c0f7db6d3708af9,dcd0b6134a8846c1ac7171f8530945ab,7,4,3,c39e8d94c06848008c0f7db6d3708af9->dcd0b6134a8846c1ac7171f8530945ab,0.5714,mixto,Subsecretaría de Vivienda y Urbanismo - Cerofilas - Subsecretaría de Vivienda y Urbanismo,Identidad Única - Ministerio de Vivienda y Urbanismo - Subsecretaría de Vivienda y Urbanismo
2549b51828ce40af920a932dd2102217,a6c839544c0440f5bf2ce98e7396613f,7,6,1,2549b51828ce40af920a932dd2102217->a6c839544c0440f5bf2ce98e7396613f,0.8571,mixto,undefined - Servicio de Impuestos Internos,Aula Virtual CEA - Contraloría General de la República
495c261c0f484bd08e232f7358452c4d,cd40ad229df147389504190c71de61f5,7,5,2,495c261c0f484bd08e232f7358452c4d->cd40ad229df147389504190c71de61f5,0.7143,mixto,undefined - Comisión para el Mercado Financiero,Sistema de Acceso Unico - Instituto de Desarrollo Agropecuario
e7c03dd9e5044ca7a0945b6bbe4be826,ffaec74bfd414f8394bab077a989e27f,7,4,3,e7c03dd9e5044ca7a0945b6bbe4be826->ffaec74bfd414f8394bab077a989e27f,0.5714,mixto,IFE Laboral - Servicio Nacional de Capacitación y Empleo,miChileAtiende - Instituto de Previsión Social
4060f34dc33042fda53efdfd0594b679,6d52b87b5a964c61ad7e28afd9499f18,7,4,3,4060f34dc33042fda53efdfd0594b679->6d52b87b5a964c61ad7e28afd9499f18,0.5714,mixto,Capacitación ChileCompra - Dirección ChileCompra,Mis Trámites CGR - Contraloría General de la República
4060f34dc33042fda53efdfd0594b679,4bb573e349504824b5b5a050a83e094d,7,3,4,4bb573e349504824b5b5a050a83e094d->4060f34dc33042fda53efdfd0594b679,0.5714,mixto,Capacitación ChileCompra - Dirección ChileCompra,ChileCompra - Centro de Ayuda - Dirección de Compras y Contratación Pública
86144f0d3b814c1d8c013f7aade6c55d,dcd0b6134a8846c1ac7171f8530945ab,7,2,5,dcd0b6134a8846c1ac7171f8530945ab->86144f0d3b814c1d8c013f7aade6c55d,0.7143,mixto,Sernac - Portal del consumidor - Servicio Nacional del Consumidor,Identidad Única - Ministerio de Vivienda y Urbanismo - Subsecretaría de Vivienda y Urbanismo
123,cf9f635066cc4f568e49c61638381b2e,7,7,0,123->cf9f635066cc4f568e49c61638381b2e,1.0,consistente,Registro Civil - SRCeI,Tarjeta Vecinal Fronteriza - Servicio Nacional de Migraciones
645a4f092abd49f0820b8a5507e3dea0,eaf8f2b0ccd04cf2a7bfcf357fe88ca2,7,3,4,eaf8f2b0ccd04cf2a7bfcf357fe88ca2->645a4f092abd49f0820b8a5507e3dea0,0.5714,mixto,Sistema Servicios en línea - Caja de Previsión de la Defensa Nacional,Empleos Públicos - Servicio Civil
0380e726a53e4770ac2a9c8e94a0a0cd,b972e814004e4624a566f308901cca7c,7,4,3,0380e726a53e4770ac2a9c8e94a0a0cd->b972e814004e4624a566f308901cca7c,0.5714,mixto,Registro de Organizaciones - Gobierno Regional de la Región de Aysén del General Carlos Ibáñez del Campo,DocDigital Versión 3 - Subsecretaría General de la Presidencia de la República
fdf0c4b762684098915b4fa4884af400,ffaec74bfd414f8394bab077a989e27f,7,0,7,ffaec74bfd414f8394bab077a989e27f->fdf0c4b762684098915b4fa4884af400,1.0,consistente,Subsecretaría de Justicia - Cerofilas - Subsecretaría de Justicia,miChileAtiende - Instituto de Previsión Social
38b3f29fe39b4e87b5f7982165de8cf1,91f3f86897ff4ae39e50cbd7035fa8af,7,6,1,38b3f29fe39b4e87b5f7982165de8cf1->91f3f86897ff4ae39e50cbd7035fa8af,0.8571,mixto,Portal Servel - Servicio Electoral,APIs Receta Electrónica - Subsecretaría de Salud Pública
61ac1fc1e3c848728e8b665f185e2355,bf676d9b342d438d8bd0b02c718133af,7,2,5,bf676d9b342d438d8bd0b02c718133af->61ac1fc1e3c848728e8b665f185e2355,0.7143,mixto,Concesiones Marítimas - Subsecretaría para las Fuerzas Armadas,Firmador MOP - Subsecretaría de Obras Públicas
387ff07354a74657a44369e05d83234a,67eb30db49f240b08ab2b3f422f92cdf,7,5,2,387ff07354a74657a44369e05d83234a->67eb30db49f240b08ab2b3f422f92cdf,0.7143,mixto,Nuevo Sitio Web FONASA - Fondo Nacional de Salud,Portal MiDT - Dirección del Trabajo
91f3f86897ff4ae39e50cbd7035fa8af,b4206ac5e3224dfd900588a8f7caf95e,7,1,6,b4206ac5e3224dfd900588a8f7caf95e->91f3f86897ff4ae39e50cbd7035fa8af,0.8571,mixto,APIs Receta Electrónica - Subsecretaría de Salud Pública,FONASA - Portal Beneficiario - Fondo Nacional de Salud
399e7fc266894562850261cfbc06b992,41da80f6154c4d918166fc43862f5d78,7,6,1,399e7fc266894562850261cfbc06b992->41da80f6154c4d918166fc43862f5d78,0.8571,mixto,Denuncia en Linea - Ministerio Público,Web Cajmetro - Corporación de Asistencia Judicial de la Región Metropolitana
123,68b13a1228424526b43e2f78716efd3b,7,4,3,123->68b13a1228424526b43e2f78716efd3b,0.5714,mixto,Registro Civil - SRCeI,Pagos Diario Oficial - Subsecretaría del Interior
b785d3ec935248ff8a8fd358f7765463,e8dde9d26979498786c6ba5a82f70ad3,7,3,4,e8dde9d26979498786c6ba5a82f70ad3->b785d3ec935248ff8a8fd358f7765463,0.5714,mixto,Pesca Recreativa - Servicio Nacional de Pesca y Acuicultura,"undefined - Sociedad Administradora de Fondos de Cesantía de Chile II S.A., AFC Chile"
d254feea701346a399887b9fe59ac61a,f3da6bdb17764ec18651b6bb17eff9cd,7,5,2,d254feea701346a399887b9fe59ac61a->f3da6bdb17764ec18651b6bb17eff9cd,0.7143,mixto,Plataforma de Telemedicina - Subsecretaría de Redes Asistenciales,f3da6bdb17764ec18651b6bb17eff9cd
399e7fc266894562850261cfbc06b992,94d27864f86d422faa68efccb908cc34,7,2,5,94d27864f86d422faa68efccb908cc34->399e7fc266894562850261cfbc06b992,0.7143,mixto,Denuncia en Linea - Ministerio Público,94d27864f86d422faa68efccb908cc34
79bvfghg9a0a8tm25d16sddg7d61d4710,c5b83bbfa22c4c31a5743485b4c6e524,7,0,7,c5b83bbfa22c4c31a5743485b4c6e524->79bvfghg9a0a8tm25d16sddg7d61d4710,1.0,consistente,Extranjeria - Secretaría de Gobierno Digital,Bolsa Nacional de Empleo - Subsecretaría del Trabajo
7fe316acf65941599252e923db155612,f31ed616d84449edb5fdd8cd332552b2,7,4,3,7fe316acf65941599252e923db155612->f31ed616d84449edb5fdd8cd332552b2,0.5714,mixto,DOM Digital - Municipalidad de Villarrica,dom digital - Municipalidad de Temuco
64d9be8046574fbfbc1fb14c9912afea,fd595f24910c4126b7398b3e081af528,7,7,0,64d9be8046574fbfbc1fb14c9912afea->fd595f24910c4126b7398b3e081af528,1.0,consistente,ASDigital - Ministerio de salud,Instituto Seguridad Laboral - Instituto Seguridad Laboral
5235b9f356954973a226cb6fc12c9d6e,ae4caa1cb2154cac89440f3fe18251cb,7,2,5,ae4caa1cb2154cac89440f3fe18251cb->5235b9f356954973a226cb6fc12c9d6e,0.7143,mixto,Sistema Alta Dirección Pública - Dirección Nacional del Servicio Civil,Ingreso de causas y escritos - Corporación Administrativa del Poder Judicial
2ad4912955564809a967e35f45df29fc,4a94478dd25f4430a0a023b87e11170d,7,2,5,4a94478dd25f4430a0a023b87e11170d->2ad4912955564809a967e35f45df29fc,0.7143,mixto,Postulación Beneficios Municipalidad de Puente Alto - Municipalidad de Puente Alto,Milicenciamedica.cl - Subsecretaría de Salud Pública
4a94478dd25f4430a0a023b87e11170d,b31017b848694be1b92f15c6dad1ca2c,7,1,6,b31017b848694be1b92f15c6dad1ca2c->4a94478dd25f4430a0a023b87e11170d,0.8571,mixto,Milicenciamedica.cl - Subsecretaría de Salud Pública,Sanidad Naval - Sanidad Naval de la Armada de Chile
b1b009877e0c4e0790fd92559d853d69,f883bd6d70b043a09837e8b888fe3f65,7,3,4,f883bd6d70b043a09837e8b888fe3f65->b1b009877e0c4e0790fd92559d853d69,0.5714,mixto,Mi Súper - Superintendencia de Salud,undefined - Subsecretaría de Economía y Empresas de Menor Tamaño
347178b052294153af290d6a84589868,6743ad379b094f98ad903d0f0304add1,7,0,7,6743ad379b094f98ad903d0f0304add1->347178b052294153af290d6a84589868,1.0,consistente,Mi Fiscalía en Línea - Ministerio Público,Procedimiento Administrativo Electrónico - Superintendencia de Seguridad Social
4a94478dd25f4430a0a023b87e11170d,ded6aff9dd654f30a10ed9602e2c6004,7,4,3,4a94478dd25f4430a0a023b87e11170d->ded6aff9dd654f30a10ed9602e2c6004,0.5714,mixto,Milicenciamedica.cl - Subsecretaría de Salud Pública,Portal Trabajador - ASIGPAR - Cámara de Diputadas y Diputados de Chile
113bcf3fa4d04d64abbdd055953e4b17,68244c73eb7a429a9c70a3dbf247293f,7,5,2,113bcf3fa4d04d64abbdd055953e4b17->68244c73eb7a429a9c70a3dbf247293f,0.7143,mixto,Bolsa nacional de empleo - Subsecretaría del Trabajo,Bolsa nacional de empleo - Subsecretaría del Trabajo
347178b052294153af290d6a84589868,4ef0ced873174ee9afc306e414132c72,7,3,4,4ef0ced873174ee9afc306e414132c72->347178b052294153af290d6a84589868,0.5714,mixto,Mi Fiscalía en Línea - Ministerio Público,Carabineros de Chile - Cerofilas - Carabineros de Chile
79bvfghg9a0a8tm25d16sddg7d61d4710,b6a7ac98c6704aa6b6512efa5fa8dbfe,7,2,5,b6a7ac98c6704aa6b6512efa5fa8dbfe->79bvfghg9a0a8tm25d16sddg7d61d4710,0.7143,mixto,Extranjeria - Secretaría de Gobierno Digital,Corfo - Corporación de Fomento de la Producción
5af89d91c7c74476ad4546b1db07c56c,fdd7e5cf453e42d7b8cb2334d3a7bff9,7,0,7,fdd7e5cf453e42d7b8cb2334d3a7bff9->5af89d91c7c74476ad4546b1db07c56c,1.0,consistente,Mi HC OnLine - Servicio de Salud Arica y Parinacota,Telesalud - Subsecretaría de Redes Asistenciales
6daae6995cb245348bb2b5432ccc9948,fd595f24910c4126b7398b3e081af528,7,3,4,fd595f24910c4126b7398b3e081af528->6daae6995cb245348bb2b5432ccc9948,0.5714,mixto,DIRECTEMAR - Dirección General del Territorio Marítimo y Marina Mercante,Instituto Seguridad Laboral - Instituto Seguridad Laboral
6a322ad743e3464bae56d2d9b180078a,6e12533e73a048efa8bcc0a30f2b7684,7,1,6,6e12533e73a048efa8bcc0a30f2b7684->6a322ad743e3464bae56d2d9b180078a,0.8571,mixto,6a322ad743e3464bae56d2d9b180078a,Dirección General de Movilización Nacional - Dirección General de Movilización Nacional
9c9359fefd164d388f8a5edc2bac301e,ffaec74bfd414f8394bab077a989e27f,7,6,1,9c9359fefd164d388f8a5edc2bac301e->ffaec74bfd414f8394bab077a989e27f,0.8571,mixto,Contraloría - Contraloría General de la República,miChileAtiende - Instituto de Previsión Social
5492b6e4db6948aca469c21d05b18721,cc892c05f6d94315be2b7539e45b9170,7,2,5,cc892c05f6d94315be2b7539e45b9170->5492b6e4db6948aca469c21d05b18721,0.7143,mixto,Ley del Lobby - Comisión para la Integridad PÚblica y Transparencia,Ventanilla Única 2.0 - Ministerio del Medio Ambiente
ae4caa1cb2154cac89440f3fe18251cb,be09a0ddbb9b4c4aaf78903e0ca27a75,7,2,5,be09a0ddbb9b4c4aaf78903e0ca27a75->ae4caa1cb2154cac89440f3fe18251cb,0.7143,mixto,Ingreso de causas y escritos - Corporación Administrativa del Poder Judicial,Contingencia - Comisión Administradora de Sistema de Créditos para Estudios Superiores
0faae9b6b5084555a1873eff484b4d9c,4a94478dd25f4430a0a023b87e11170d,7,4,3,0faae9b6b5084555a1873eff484b4d9c->4a94478dd25f4430a0a023b87e11170d,0.5714,mixto,Agendamiento Licencia Conducir - Municipalidad de Puente Alto,Milicenciamedica.cl - Subsecretaría de Salud Pública
2ae2ca1a377048a58815f54a432f8a21,38b3f29fe39b4e87b5f7982165de8cf1,7,2,5,38b3f29fe39b4e87b5f7982165de8cf1->2ae2ca1a377048a58815f54a432f8a21,0.7143,mixto,Portal Paciente - Subsecretaría de Redes Asistenciales,Portal Servel - Servicio Electoral
41da80f6154c4d918166fc43862f5d78,94d27864f86d422faa68efccb908cc34,7,2,5,94d27864f86d422faa68efccb908cc34->41da80f6154c4d918166fc43862f5d78,0.7143,mixto,Web Cajmetro - Corporación de Asistencia Judicial de la Región Metropolitana,94d27864f86d422faa68efccb908cc34
b6a7ac98c6704aa6b6512efa5fa8dbfe,eaf8f2b0ccd04cf2a7bfcf357fe88ca2,7,1,6,eaf8f2b0ccd04cf2a7bfcf357fe88ca2->b6a7ac98c6704aa6b6512efa5fa8dbfe,0.8571,mixto,Corfo - Corporación de Fomento de la Producción,Empleos Públicos - Servicio Civil
1510fbeac5394ee69a53cf64a7a093db,dc821110e3f34bf3984d61955ced2e69,7,3,4,dc821110e3f34bf3984d61955ced2e69->1510fbeac5394ee69a53cf64a7a093db,0.5714,mixto,1510fbeac5394ee69a53cf64a7a093db,Licencia de Conducir Digital - Subsecretaría de Transportes
3346db58cd2d474fbcf63e827462b85d,be89c84ae27c40c3a5ee2840d95e5d5d,7,3,4,be89c84ae27c40c3a5ee2840d95e5d5d->3346db58cd2d474fbcf63e827462b85d,0.5714,mixto,Single Sign-On - Subsecretaría de Evaluación Social,be89c84ae27c40c3a5ee2840d95e5d5d
4a94478dd25f4430a0a023b87e11170d,efc2ff990ea34f39b9cc691bfe733130,7,7,0,4a94478dd25f4430a0a023b87e11170d->efc2ff990ea34f39b9cc691bfe733130,1.0,consistente,Milicenciamedica.cl - Subsecretaría de Salud Pública,Agenda Municipalidad de Puente Alto - Municipalidad de Puente Alto
209ce526160947f0b398566cd4cbfd0d,31050e1a1dcb4c9899ba77be32449e54,7,3,4,31050e1a1dcb4c9899ba77be32449e54->209ce526160947f0b398566cd4cbfd0d,0.5714,mixto,Portal de Aplicaciones Sence - Servicio Nacional de Capacitacion y Empleo,Bono electrónico y LME - Superintendencia de Seguridad Social
83b5865df3ba4e0a9855e3af5a41f9aa,ae4caa1cb2154cac89440f3fe18251cb,7,2,5,ae4caa1cb2154cac89440f3fe18251cb->83b5865df3ba4e0a9855e3af5a41f9aa,0.7143,mixto,Municipalidad de Quilicura - Simple - Municipalidad de Quilicura,Ingreso de causas y escritos - Corporación Administrativa del Poder Judicial
5235b9f356954973a226cb6fc12c9d6e,91f3f86897ff4ae39e50cbd7035fa8af,7,5,2,5235b9f356954973a226cb6fc12c9d6e->91f3f86897ff4ae39e50cbd7035fa8af,0.7143,mixto,Sistema Alta Dirección Pública - Dirección Nacional del Servicio Civil,APIs Receta Electrónica - Subsecretaría de Salud Pública
c5b83bbfa22c4c31a5743485b4c6e524,fb3957569a8d49528c3571bcb4703f55,7,3,4,fb3957569a8d49528c3571bcb4703f55->c5b83bbfa22c4c31a5743485b4c6e524,0.5714,mixto,Bolsa Nacional de Empleo - Subsecretaría del Trabajo,MINVU - Subsecretaría de Vivienda y Urbanismo
44568175e9ff4fdcb98cd4e9d368ce11,9a76efc4c34e4bd7843206658dc45454,7,6,1,44568175e9ff4fdcb98cd4e9d368ce11->9a76efc4c34e4bd7843206658dc45454,0.8571,mixto,Sistema Integrado DAES - Subsecretaría de Economía y Empresas de Menor Tamaño,Portal Ciudadano ClaveÚnica - Secretaría de Gobierno Digital
239b1152a21a4cebb35b2a9dc02b10a9,c7d9f088b4be4e38924fcfa78a6b5496,7,3,4,c7d9f088b4be4e38924fcfa78a6b5496->239b1152a21a4cebb35b2a9dc02b10a9,0.5714,mixto,Agencia de Calidad de la Educación - MINISTERIO DE EDUCACION,Directores para Chile - Servicio Civil
02f0f8beb94542deac503efd6a774262,95b7bf6083634811b6ec1552e2ed5fad,7,5,2,02f0f8beb94542deac503efd6a774262->95b7bf6083634811b6ec1552e2ed5fad,0.7143,mixto,SSMSO - Servicio de Salud Sur Oriente,Gestión Telesalud - Subsecretaría de Redes Asistenciales
0de46482bc4d409c86f652534e4b47eb,dcd0b6134a8846c1ac7171f8530945ab,7,5,2,0de46482bc4d409c86f652534e4b47eb->dcd0b6134a8846c1ac7171f8530945ab,0.7143,mixto,documentos - cyberdocs - Servicio Nacional del Patrimonio Cultural,Identidad Única - Ministerio de Vivienda y Urbanismo - Subsecretaría de Vivienda y Urbanismo
4a94478dd25f4430a0a023b87e11170d,51e1587ac2364f19bb4a9344841af223,7,4,3,4a94478dd25f4430a0a023b87e11170d->51e1587ac2364f19bb4a9344841af223,0.5714,mixto,Milicenciamedica.cl - Subsecretaría de Salud Pública,www.sii.cl - Servicio de Impuestos Internos
209ce526160947f0b398566cd4cbfd0d,d0b1e3a4c2434e65be47566dcc3e2ee0,7,7,0,209ce526160947f0b398566cd4cbfd0d->d0b1e3a4c2434e65be47566dcc3e2ee0,1.0,consistente,Portal de Aplicaciones Sence - Servicio Nacional de Capacitacion y Empleo,Municipalidad de Los Angeles - Ilustre Municipalidad de Los Angeles
9a76efc4c34e4bd7843206658dc45454,e5b8388e1275417395d526c566b0e1e8,7,5,2,9a76efc4c34e4bd7843206658dc45454->e5b8388e1275417395d526c566b0e1e8,0.7143,mixto,Portal Ciudadano ClaveÚnica - Secretaría de Gobierno Digital,Servicio Nacional de Aduanas - Servicio Nacional de Aduanas
6a91c10b9e8341afbd387fb72bab3cf7,cb9e2b9dd1cd44c5b7d4fdcfbbf3f5e0,7,3,4,cb9e2b9dd1cd44c5b7d4fdcfbbf3f5e0->6a91c10b9e8341afbd387fb72bab3cf7,0.5714,mixto,Comisión de Medicina Preventiva e Invalidez - Subsecretaría de Salud Pública,Portal Usuario 2.0 - Subsecretaría de Justicia
8c1942e0cdce4f71b53f62474322f0b7,ffaec74bfd414f8394bab077a989e27f,7,4,3,8c1942e0cdce4f71b53f62474322f0b7->ffaec74bfd414f8394bab077a989e27f,0.5714,mixto,Superintendencia de Electricidad y Combustibles - SUPERINTENDECIA DE ELECTRICIDAD Y COMBUSTIBLES,miChileAtiende - Instituto de Previsión Social
2549b51828ce40af920a932dd2102217,3e2a4d42827d43d0b90248199e58e98e,7,3,4,3e2a4d42827d43d0b90248199e58e98e->2549b51828ce40af920a932dd2102217,0.5714,mixto,undefined - Servicio de Impuestos Internos,Mineduc-Ayudamineduc - Subsecretaría de Educación
55c1817c84554dc881bc439a4b00abed,67339e06f4b44f78994ff4785178807a,7,5,2,55c1817c84554dc881bc439a4b00abed->67339e06f4b44f78994ff4785178807a,0.7143,mixto,Municipalidad de Colina - Municipalidad de Colina,Mercado+Público - Dirección de Compras y Contratación Pública
0335e32e61b248ae8ab98cb955f915dd,88d08ee1a5384a7fbe4bfddb8928ce82,7,0,7,88d08ee1a5384a7fbe4bfddb8928ce82->0335e32e61b248ae8ab98cb955f915dd,1.0,consistente,Sistema de ambiente de Clientes - Central de Abastecimiento del Sistema Nacional de Servicios de Salud,Sistema Midas - Subsecretaría de Salud Pública
818d938a32ad4dc19cfd13f6575ddc5a,9a76efc4c34e4bd7843206658dc45454,7,5,2,818d938a32ad4dc19cfd13f6575ddc5a->9a76efc4c34e4bd7843206658dc45454,0.7143,mixto,SSO - Servicio Agricola y Ganadero,Portal Ciudadano ClaveÚnica - Secretaría de Gobierno Digital
64d9be8046574fbfbc1fb14c9912afea,b6a7ac98c6704aa6b6512efa5fa8dbfe,7,5,2,64d9be8046574fbfbc1fb14c9912afea->b6a7ac98c6704aa6b6512efa5fa8dbfe,0.7143,mixto,ASDigital - Ministerio de salud,Corfo - Corporación de Fomento de la Producción
1eec93924a1046efbad70c851782ab8a,478deb22cecd489eb3ed2dcc954a975b,7,4,3,1eec93924a1046efbad70c851782ab8a->478deb22cecd489eb3ed2dcc954a975b,0.5714,mixto,Trámites INAPI - Instituto Nacional de Propiedad Industrial,Portal Vecino - Municipalidad de Providencia
209ce526160947f0b398566cd4cbfd0d,638aea308ffb483198d5c1387e2cc017,7,6,1,209ce526160947f0b398566cd4cbfd0d->638aea308ffb483198d5c1387e2cc017,0.8571,mixto,Portal de Aplicaciones Sence - Servicio Nacional de Capacitacion y Empleo,"Portal ""Mi SUPERIR"" - Superintendencia de Insolvencia y Reemprendimiento"
209ce526160947f0b398566cd4cbfd0d,e7c03dd9e5044ca7a0945b6bbe4be826,7,4,3,209ce526160947f0b398566cd4cbfd0d->e7c03dd9e5044ca7a0945b6bbe4be826,0.5714,mixto,Portal de Aplicaciones Sence - Servicio Nacional de Capacitacion y Empleo,IFE Laboral - Servicio Nacional de Capacitación y Empleo
9a76efc4c34e4bd7843206658dc45454,be09a0ddbb9b4c4aaf78903e0ca27a75,7,7,0,9a76efc4c34e4bd7843206658dc45454->be09a0ddbb9b4c4aaf78903e0ca27a75,1.0,consistente,Portal Ciudadano ClaveÚnica - Secretaría de Gobierno Digital,Contingencia - Comisión Administradora de Sistema de Créditos para Estudios Superiores
4a94478dd25f4430a0a023b87e11170d,4ef0ced873174ee9afc306e414132c72,7,2,5,4ef0ced873174ee9afc306e414132c72->4a94478dd25f4430a0a023b87e11170d,0.7143,mixto,Milicenciamedica.cl - Subsecretaría de Salud Pública,Carabineros de Chile - Cerofilas - Carabineros de Chile
88d08ee1a5384a7fbe4bfddb8928ce82,cc892c05f6d94315be2b7539e45b9170,7,3,4,cc892c05f6d94315be2b7539e45b9170->88d08ee1a5384a7fbe4bfddb8928ce82,0.5714,mixto,Sistema Midas - Subsecretaría de Salud Pública,Ventanilla Única 2.0 - Ministerio del Medio Ambiente
239b1152a21a4cebb35b2a9dc02b10a9,dd7629fec91f4599b3cf8c0dd0b984ac,7,4,3,239b1152a21a4cebb35b2a9dc02b10a9->dd7629fec91f4599b3cf8c0dd0b984ac,0.5714,mixto,Agencia de Calidad de la Educación - MINISTERIO DE EDUCACION,Sucursal Virtual FONASA - Fondo Nacional de Salud
123,b15e46acff6b4a7487ad18cdac3a21d0,7,4,3,123->b15e46acff6b4a7487ad18cdac3a21d0,0.5714,mixto,Registro Civil - SRCeI,Hospital Sotero del Río - Servicio Salud Metropolitano Sur Oriente
ae4caa1cb2154cac89440f3fe18251cb,dfd423dde87b47d382b736a15a36ac68,7,7,0,ae4caa1cb2154cac89440f3fe18251cb->dfd423dde87b47d382b736a15a36ac68,1.0,consistente,Ingreso de causas y escritos - Corporación Administrativa del Poder Judicial,App La Florida - Municipalidad de La Florida
de90d8af20f547aaa9b3300c76251188,ffaec74bfd414f8394bab077a989e27f,7,4,3,de90d8af20f547aaa9b3300c76251188->ffaec74bfd414f8394bab077a989e27f,0.5714,mixto,Postulación en línea DS49 - Subsecretaría de Vivienda y Urbanismo,miChileAtiende - Instituto de Previsión Social
6a322ad743e3464bae56d2d9b180078a,e10304f95c2b40738695563eb9b8662c,7,4,3,6a322ad743e3464bae56d2d9b180078a->e10304f95c2b40738695563eb9b8662c,0.5714,mixto,6a322ad743e3464bae56d2d9b180078a,SISTEMA DE ATENCIÓN DE CONSULTA - Comisión Administradora del Sistema de Créditos para Estudios Superiores
006b85a984e94ce88ddb035ec01b2d70,e8dde9d26979498786c6ba5a82f70ad3,7,1,6,e8dde9d26979498786c6ba5a82f70ad3->006b85a984e94ce88ddb035ec01b2d70,0.8571,mixto,006b85a984e94ce88ddb035ec01b2d70,"undefined - Sociedad Administradora de Fondos de Cesantía de Chile II S.A., AFC Chile"
209ce526160947f0b398566cd4cbfd0d,de90d8af20f547aaa9b3300c76251188,7,2,5,de90d8af20f547aaa9b3300c76251188->209ce526160947f0b398566cd4cbfd0d,0.7143,mixto,Portal de Aplicaciones Sence - Servicio Nacional de Capacitacion y Empleo,Postulación en línea DS49 - Subsecretaría de Vivienda y Urbanismo
c82f84bf3f2b451393445a0cb6883665,cd40ad229df147389504190c71de61f5,7,5,2,c82f84bf3f2b451393445a0cb6883665->cd40ad229df147389504190c71de61f5,0.7143,mixto,Ventanilla Única Social - Subsecretaría de Evaluación Social,Sistema de Acceso Unico - Instituto de Desarrollo Agropecuario
2ff516ac74a44ebfa3a522adbde28a0f,b7c988fa6132435480b57f66696827fd,7,2,5,b7c988fa6132435480b57f66696827fd->2ff516ac74a44ebfa3a522adbde28a0f,0.7143,mixto,E-Sign ClaveÚnica - ESIGN S.A.,Pase Cultural - Subsecretaría de Evaluación Social
15a67718e1784a67bc978ca0dc6bc2df,c82f84bf3f2b451393445a0cb6883665,7,5,2,15a67718e1784a67bc978ca0dc6bc2df->c82f84bf3f2b451393445a0cb6883665,0.7143,mixto,Portal de Exámenes - Servicio de Salud Ñuble,Ventanilla Única Social - Subsecretaría de Evaluación Social
ae4caa1cb2154cac89440f3fe18251cb,b8386b6963a4492db355f0f70be3a3e2,7,4,3,ae4caa1cb2154cac89440f3fe18251cb->b8386b6963a4492db355f0f70be3a3e2,0.5714,mixto,Ingreso de causas y escritos - Corporación Administrativa del Poder Judicial,PDI Virtual - Policía de Investigaciones de Chile
14cc5dc0682d44fe99d2d91e1eaafac7,dd7629fec91f4599b3cf8c0dd0b984ac,7,4,3,14cc5dc0682d44fe99d2d91e1eaafac7->dd7629fec91f4599b3cf8c0dd0b984ac,0.5714,mixto,SIMPLE - Corporación Nacional de Desarrollo Indígena,Sucursal Virtual FONASA - Fondo Nacional de Salud
2549b51828ce40af920a932dd2102217,56e402379e664e8e960b328f5ad9c21f,7,3,4,56e402379e664e8e960b328f5ad9c21f->2549b51828ce40af920a932dd2102217,0.5714,mixto,undefined - Servicio de Impuestos Internos,Sernatur RNST - Servicio Nacional de Turismo
6daae6995cb245348bb2b5432ccc9948,b785d3ec935248ff8a8fd358f7765463,7,0,7,b785d3ec935248ff8a8fd358f7765463->6daae6995cb245348bb2b5432ccc9948,1.0,consistente,DIRECTEMAR - Dirección General del Territorio Marítimo y Marina Mercante,Pesca Recreativa - Servicio Nacional de Pesca y Acuicultura
8af63e063a2a42098caed55eeb24acf0,91f3f86897ff4ae39e50cbd7035fa8af,7,5,2,8af63e063a2a42098caed55eeb24acf0->91f3f86897ff4ae39e50cbd7035fa8af,0.7143,mixto,Acceso Clave Unica UFRO - Universidad de La Frontera,APIs Receta Electrónica - Subsecretaría de Salud Pública
40dd6d22197543669fba285cd158079f,5f686fded1294c02a7a5c3298f2eec5b,7,4,3,40dd6d22197543669fba285cd158079f->5f686fded1294c02a7a5c3298f2eec5b,0.5714,mixto,Dom digital - Municipalidad de Valdivia,Sistema SEIM - Subsecretaría de Transportes
6daae6995cb245348bb2b5432ccc9948,e5b8388e1275417395d526c566b0e1e8,7,6,1,6daae6995cb245348bb2b5432ccc9948->e5b8388e1275417395d526c566b0e1e8,0.8571,mixto,DIRECTEMAR - Dirección General del Territorio Marítimo y Marina Mercante,Servicio Nacional de Aduanas - Servicio Nacional de Aduanas
ab2dd6e0890c4b5483973add6fa1b91b,ae4caa1cb2154cac89440f3fe18251cb,7,4,3,ab2dd6e0890c4b5483973add6fa1b91b->ae4caa1cb2154cac89440f3fe18251cb,0.5714,mixto,Sercotec - Servicio de Cooperación Técnica,Ingreso de causas y escritos - Corporación Administrativa del Poder Judicial
3d639e0a581e4afbbc3976eed669f5c6,f883bd6d70b043a09837e8b888fe3f65,7,4,3,3d639e0a581e4afbbc3976eed669f5c6->f883bd6d70b043a09837e8b888fe3f65,0.5714,mixto,Mi Portal de Emprendimiento - Subsecretaría de Evaluación Social,undefined - Subsecretaría de Economía y Empresas de Menor Tamaño
3752375735a74ae09881a820a0b7d394,d602a0071f3f4db8b37a87cffd89bf23,7,3,4,d602a0071f3f4db8b37a87cffd89bf23->3752375735a74ae09881a820a0b7d394,0.5714,mixto,Solicitud de Pasavantes Online - Servicio Nacional de Aduanas,PJUD - PODER JUDICIAL
2549b51828ce40af920a932dd2102217,b31017b848694be1b92f15c6dad1ca2c,7,2,5,b31017b848694be1b92f15c6dad1ca2c->2549b51828ce40af920a932dd2102217,0.7143,mixto,undefined - Servicio de Impuestos Internos,Sanidad Naval - Sanidad Naval de la Armada de Chile
52449c34bb1e47fe81802bf322dae8ee,67339e06f4b44f78994ff4785178807a,7,3,4,67339e06f4b44f78994ff4785178807a->52449c34bb1e47fe81802bf322dae8ee,0.5714,mixto,bcm2.sii.cl - Servicio de Impuestos Internos,Mercado+Público - Dirección de Compras y Contratación Pública
b1b009877e0c4e0790fd92559d853d69,b4206ac5e3224dfd900588a8f7caf95e,7,7,0,b1b009877e0c4e0790fd92559d853d69->b4206ac5e3224dfd900588a8f7caf95e,1.0,consistente,Mi Súper - Superintendencia de Salud,FONASA - Portal Beneficiario - Fondo Nacional de Salud
0f33ab6447034fe49d1629353a119e47,2e0f9d54f6534336a19fffacd7b6af40,7,3,4,2e0f9d54f6534336a19fffacd7b6af40->0f33ab6447034fe49d1629353a119e47,0.5714,mixto,Superintendencia en Línea - Mi Portal - Superintendencia de Seguridad Social,Sitio Web UNO Privado - AFP Uno
47aa9e97586847beab9491320e05cdab,d602a0071f3f4db8b37a87cffd89bf23,7,2,5,d602a0071f3f4db8b37a87cffd89bf23->47aa9e97586847beab9491320e05cdab,0.7143,mixto,CRM-INDH - Instituto Nacional de Derechos Humanos,PJUD - PODER JUDICIAL
95299da5a5f449f09c2fdf131183b903,d602a0071f3f4db8b37a87cffd89bf23,7,0,7,d602a0071f3f4db8b37a87cffd89bf23->95299da5a5f449f09c2fdf131183b903,1.0,consistente,SIMPLE - Secretaría de Gobierno Digital,PJUD - PODER JUDICIAL
b2ace35bc76642f495f04addfca9e3aa,d602a0071f3f4db8b37a87cffd89bf23,7,5,2,b2ace35bc76642f495f04addfca9e3aa->d602a0071f3f4db8b37a87cffd89bf23,0.7143,mixto,Plataforma de Cursos DDHH - Subsecretaría de Derechos Humanos,PJUD - PODER JUDICIAL
b4206ac5e3224dfd900588a8f7caf95e,eaf8f2b0ccd04cf2a7bfcf357fe88ca2,7,4,3,b4206ac5e3224dfd900588a8f7caf95e->eaf8f2b0ccd04cf2a7bfcf357fe88ca2,0.5714,mixto,FONASA - Portal Beneficiario - Fondo Nacional de Salud,Empleos Públicos - Servicio Civil
d602a0071f3f4db8b37a87cffd89bf23,ed07316d9d6344a9ab11e8a41fdc413a,7,5,2,d602a0071f3f4db8b37a87cffd89bf23->ed07316d9d6344a9ab11e8a41fdc413a,0.7143,mixto,PJUD - PODER JUDICIAL,NEXTEO - Subsecretaría de Transportes
1ad6835586034de0b29f4a402b182c6c,3e2a4d42827d43d0b90248199e58e98e,7,5,2,1ad6835586034de0b29f4a402b182c6c->3e2a4d42827d43d0b90248199e58e98e,0.7143,mixto,Comisaría Virtual 2 - Carabineros de Chile,Mineduc-Ayudamineduc - Subsecretaría de Educación
32f2a35e790544ec9e040345f8a364f3,c82f84bf3f2b451393445a0cb6883665,7,5,2,32f2a35e790544ec9e040345f8a364f3->c82f84bf3f2b451393445a0cb6883665,0.7143,mixto,Defensoría Penal Pública - DEFENSORIA PENAL PUBLICA,Ventanilla Única Social - Subsecretaría de Evaluación Social
6a322ad743e3464bae56d2d9b180078a,b7c988fa6132435480b57f66696827fd,7,0,7,b7c988fa6132435480b57f66696827fd->6a322ad743e3464bae56d2d9b180078a,1.0,consistente,6a322ad743e3464bae56d2d9b180078a,Pase Cultural - Subsecretaría de Evaluación Social
1ad6835586034de0b29f4a402b182c6c,4461c788433345b8a4a296b35aa9499d,7,6,1,1ad6835586034de0b29f4a402b182c6c->4461c788433345b8a4a296b35aa9499d,0.8571,mixto,Comisaría Virtual 2 - Carabineros de Chile,Superintendencia de Educación - Superintendencia de Educación
1ad6835586034de0b29f4a402b182c6c,38b3f29fe39b4e87b5f7982165de8cf1,7,6,1,1ad6835586034de0b29f4a402b182c6c->38b3f29fe39b4e87b5f7982165de8cf1,0.8571,mixto,Comisaría Virtual 2 - Carabineros de Chile,Portal Servel - Servicio Electoral
4060f34dc33042fda53efdfd0594b679,e8dde9d26979498786c6ba5a82f70ad3,7,2,5,e8dde9d26979498786c6ba5a82f70ad3->4060f34dc33042fda53efdfd0594b679,0.7143,mixto,Capacitación ChileCompra - Dirección ChileCompra,"undefined - Sociedad Administradora de Fondos de Cesantía de Chile II S.A., AFC Chile"
1006a34f43ad4c308f0a57736ffd4eeb,d602a0071f3f4db8b37a87cffd89bf23,7,1,6,d602a0071f3f4db8b37a87cffd89bf23->1006a34f43ad4c308f0a57736ffd4eeb,0.8571,mixto,1006a34f43ad4c308f0a57736ffd4eeb,PJUD - PODER JUDICIAL
4a94478dd25f4430a0a023b87e11170d,c2f8201a4d224d81babdcea072e5cec4,7,0,7,c2f8201a4d224d81babdcea072e5cec4->4a94478dd25f4430a0a023b87e11170d,1.0,consistente,Milicenciamedica.cl - Subsecretaría de Salud Pública,https://tramites.subtel.gob.cl - Subsecretaría de Telecomunicaciones
6daae6995cb245348bb2b5432ccc9948,7f2c2c35a2de4624ad938147f73f271a,7,0,7,7f2c2c35a2de4624ad938147f73f271a->6daae6995cb245348bb2b5432ccc9948,1.0,consistente,DIRECTEMAR - Dirección General del Territorio Marítimo y Marina Mercante,Registro Nacional de Mascotas y Animales de Compañía - Subsecretaría de Desarrollo Regional y Administrativo
209ce526160947f0b398566cd4cbfd0d,239b1152a21a4cebb35b2a9dc02b10a9,7,6,1,209ce526160947f0b398566cd4cbfd0d->239b1152a21a4cebb35b2a9dc02b10a9,0.8571,mixto,Portal de Aplicaciones Sence - Servicio Nacional de Capacitacion y Empleo,Agencia de Calidad de la Educación - MINISTERIO DE EDUCACION
6a322ad743e3464bae56d2d9b180078a,c7d9f088b4be4e38924fcfa78a6b5496,7,3,4,c7d9f088b4be4e38924fcfa78a6b5496->6a322ad743e3464bae56d2d9b180078a,0.5714,mixto,6a322ad743e3464bae56d2d9b180078a,Directores para Chile - Servicio Civil
6bcf44d8a73c473cb78f0cb92508a232,9a76efc4c34e4bd7843206658dc45454,7,3,4,9a76efc4c34e4bd7843206658dc45454->6bcf44d8a73c473cb78f0cb92508a232,0.5714,mixto,6bcf44d8a73c473cb78f0cb92508a232,Portal Ciudadano ClaveÚnica - Secretaría de Gobierno Digital
2549b51828ce40af920a932dd2102217,bf676d9b342d438d8bd0b02c718133af,7,2,5,bf676d9b342d438d8bd0b02c718133af->2549b51828ce40af920a932dd2102217,0.7143,mixto,undefined - Servicio de Impuestos Internos,Firmador MOP - Subsecretaría de Obras Públicas
123,5af95b4c9eec408dad00e7b5a2a16b92,7,2,5,5af95b4c9eec408dad00e7b5a2a16b92->123,0.7143,mixto,Registro Civil - SRCeI,Servicio de Salud Tarapacá - Servicio de Salud Tarapacá
3346db58cd2d474fbcf63e827462b85d,94d27864f86d422faa68efccb908cc34,7,5,2,3346db58cd2d474fbcf63e827462b85d->94d27864f86d422faa68efccb908cc34,0.7143,mixto,Single Sign-On - Subsecretaría de Evaluación Social,94d27864f86d422faa68efccb908cc34
01b56ab5b9be43e19fa06300994787ec,41da80f6154c4d918166fc43862f5d78,7,3,4,41da80f6154c4d918166fc43862f5d78->01b56ab5b9be43e19fa06300994787ec,0.5714,mixto,Bitácora Web - Ministerio Público,Web Cajmetro - Corporación de Asistencia Judicial de la Región Metropolitana
006b85a984e94ce88ddb035ec01b2d70,94d27864f86d422faa68efccb908cc34,7,1,6,94d27864f86d422faa68efccb908cc34->006b85a984e94ce88ddb035ec01b2d70,0.8571,mixto,006b85a984e94ce88ddb035ec01b2d70,94d27864f86d422faa68efccb908cc34
387ff07354a74657a44369e05d83234a,b34fe8a89b9a43189ec5be764c3b695c,7,2,5,b34fe8a89b9a43189ec5be764c3b695c->387ff07354a74657a44369e05d83234a,0.7143,mixto,Nuevo Sitio Web FONASA - Fondo Nacional de Salud,Canales Digitales AFP UNO - AFP Uno
9ae54d261e454c93ae1c2cdec0fd03e6,ee00832abfba40b38335ce48a12981b5,7,4,3,9ae54d261e454c93ae1c2cdec0fd03e6->ee00832abfba40b38335ce48a12981b5,0.5714,mixto,Login certificado afiliacion - Fondo Nacional de Salud,Autenticacion Nube  Privada - Servicio de Impuestos Internos
0de46482bc4d409c86f652534e4b47eb,f883bd6d70b043a09837e8b888fe3f65,7,2,5,f883bd6d70b043a09837e8b888fe3f65->0de46482bc4d409c86f652534e4b47eb,0.7143,mixto,documentos - cyberdocs - Servicio Nacional del Patrimonio Cultural,undefined - Subsecretaría de Economía y Empresas de Menor Tamaño
08165f6182bc4dfc9dc1d7774508bbc6,399e7fc266894562850261cfbc06b992,6,5,1,08165f6182bc4dfc9dc1d7774508bbc6->399e7fc266894562850261cfbc06b992,0.8333,mixto,e-certchile - E-Cert Chile,Denuncia en Linea - Ministerio Público
a7925c7ee6674a30ae9f3f4045785095,cb9e2b9dd1cd44c5b7d4fdcfbbf3f5e0,6,4,2,a7925c7ee6674a30ae9f3f4045785095->cb9e2b9dd1cd44c5b7d4fdcfbbf3f5e0,0.6667,mixto,Gestión Documental - Ilustre Municipalidad de Peñalolén,Portal Usuario 2.0 - Subsecretaría de Justicia
3346db58cd2d474fbcf63e827462b85d,3af2d18b09e6443fa289e956fc10669f,6,2,4,3af2d18b09e6443fa289e956fc10669f->3346db58cd2d474fbcf63e827462b85d,0.6667,mixto,Single Sign-On - Subsecretaría de Evaluación Social,Red Movilidad - Subsecretaría de Transportes
ae5b803c779a4b38b70f9e4b6d33dc26,f883bd6d70b043a09837e8b888fe3f65,6,5,1,ae5b803c779a4b38b70f9e4b6d33dc26->f883bd6d70b043a09837e8b888fe3f65,0.8333,mixto,Sistema DocWeb - Subsecretaría de Justicia,undefined - Subsecretaría de Economía y Empresas de Menor Tamaño
9c9359fefd164d388f8a5edc2bac301e,b1b009877e0c4e0790fd92559d853d69,6,2,4,b1b009877e0c4e0790fd92559d853d69->9c9359fefd164d388f8a5edc2bac301e,0.6667,mixto,Contraloría - Contraloría General de la República,Mi Súper - Superintendencia de Salud
209ce526160947f0b398566cd4cbfd0d,5235b9f356954973a226cb6fc12c9d6e,6,1,5,5235b9f356954973a226cb6fc12c9d6e->209ce526160947f0b398566cd4cbfd0d,0.8333,mixto,Portal de Aplicaciones Sence - Servicio Nacional de Capacitacion y Empleo,Sistema Alta Dirección Pública - Dirección Nacional del Servicio Civil
4a94478dd25f4430a0a023b87e11170d,c150a834cbcc40d09aeed2f8703f4dd3,6,5,1,4a94478dd25f4430a0a023b87e11170d->c150a834cbcc40d09aeed2f8703f4dd3,0.8333,mixto,Milicenciamedica.cl - Subsecretaría de Salud Pública,Trámites Dirección Trabajo - Dirección del Trabajo
cc892c05f6d94315be2b7539e45b9170,f883bd6d70b043a09837e8b888fe3f65,6,4,2,cc892c05f6d94315be2b7539e45b9170->f883bd6d70b043a09837e8b888fe3f65,0.6667,mixto,Ventanilla Única 2.0 - Ministerio del Medio Ambiente,undefined - Subsecretaría de Economía y Empresas de Menor Tamaño
671dca542e094f3d90cb15883bd89274,fa2253c4c2274ef49d59c93e747deaa0,6,3,3,671dca542e094f3d90cb15883bd89274->fa2253c4c2274ef49d59c93e747deaa0,0.5,mixto,DOM Digital - Municipalidad de San Pedro de la Paz,DOM Digital - Municipalidad de Coronel
a7925c7ee6674a30ae9f3f4045785095,ae412e532f1a48428bd0c5ad1f02f816,6,3,3,a7925c7ee6674a30ae9f3f4045785095->ae412e532f1a48428bd0c5ad1f02f816,0.5,mixto,Gestión Documental - Ilustre Municipalidad de Peñalolén,Sistema de gestión de licencia - Subsecretaría de Transportes
0062dc8c31ca4560b766f7063181eaab,d602a0071f3f4db8b37a87cffd89bf23,6,2,4,d602a0071f3f4db8b37a87cffd89bf23->0062dc8c31ca4560b766f7063181eaab,0.6667,mixto,SADOC - Superintendencia de Servicios Sanitarios,PJUD - PODER JUDICIAL
123,78b147a9c73f4d6d8f6d1e0f0b082556,6,5,1,123->78b147a9c73f4d6d8f6d1e0f0b082556,0.8333,mixto,Registro Civil - SRCeI,Afiliación voluntaria en AFC - Administradora de Fondos de Cesantía
0f33ab6447034fe49d1629353a119e47,2ff516ac74a44ebfa3a522adbde28a0f,6,5,1,0f33ab6447034fe49d1629353a119e47->2ff516ac74a44ebfa3a522adbde28a0f,0.8333,mixto,Superintendencia en Línea - Mi Portal - Superintendencia de Seguridad Social,E-Sign ClaveÚnica - ESIGN S.A.
5ad019e5f0e445e8b37fc4ed60a3447c,bf676d9b342d438d8bd0b02c718133af,6,1,5,bf676d9b342d438d8bd0b02c718133af->5ad019e5f0e445e8b37fc4ed60a3447c,0.8333,mixto,5ad019e5f0e445e8b37fc4ed60a3447c,Firmador MOP - Subsecretaría de Obras Públicas
44568175e9ff4fdcb98cd4e9d368ce11,4a94478dd25f4430a0a023b87e11170d,6,4,2,44568175e9ff4fdcb98cd4e9d368ce11->4a94478dd25f4430a0a023b87e11170d,0.6667,mixto,Sistema Integrado DAES - Subsecretaría de Economía y Empresas de Menor Tamaño,Milicenciamedica.cl - Subsecretaría de Salud Pública
0c9b4939dda942a09aff8e8b1db03917,c82f84bf3f2b451393445a0cb6883665,6,3,3,0c9b4939dda942a09aff8e8b1db03917->c82f84bf3f2b451393445a0cb6883665,0.5,mixto,Portal Paciente LIS - Servicio de Salud Metropolitano Sur,Ventanilla Única Social - Subsecretaría de Evaluación Social
500e21ae250c48c8b42452929d53ef90,67339e06f4b44f78994ff4785178807a,6,2,4,67339e06f4b44f78994ff4785178807a->500e21ae250c48c8b42452929d53ef90,0.6667,mixto,SIAC - Subsecretaria para las Fuerzas Armadas,Mercado+Público - Dirección de Compras y Contratación Pública
5ad019e5f0e445e8b37fc4ed60a3447c,ae4caa1cb2154cac89440f3fe18251cb,6,2,4,ae4caa1cb2154cac89440f3fe18251cb->5ad019e5f0e445e8b37fc4ed60a3447c,0.6667,mixto,5ad019e5f0e445e8b37fc4ed60a3447c,Ingreso de causas y escritos - Corporación Administrativa del Poder Judicial
2549b51828ce40af920a932dd2102217,b992e6a27eb249658efce6ca0cc286dc,6,4,2,2549b51828ce40af920a932dd2102217->b992e6a27eb249658efce6ca0cc286dc,0.6667,mixto,undefined - Servicio de Impuestos Internos,Vumar - Subsecretaría de Transportes
14cc5dc0682d44fe99d2d91e1eaafac7,56da1c80cfea4a5b83326bfef271fc3e,6,6,0,14cc5dc0682d44fe99d2d91e1eaafac7->56da1c80cfea4a5b83326bfef271fc3e,1.0,consistente,SIMPLE - Corporación Nacional de Desarrollo Indígena,Escritorio de Aplicaciones - Ministerio Público
e5b8388e1275417395d526c566b0e1e8,f883bd6d70b043a09837e8b888fe3f65,6,6,0,e5b8388e1275417395d526c566b0e1e8->f883bd6d70b043a09837e8b888fe3f65,1.0,consistente,Servicio Nacional de Aduanas - Servicio Nacional de Aduanas,undefined - Subsecretaría de Economía y Empresas de Menor Tamaño
9c9359fefd164d388f8a5edc2bac301e,ee00832abfba40b38335ce48a12981b5,6,1,5,ee00832abfba40b38335ce48a12981b5->9c9359fefd164d388f8a5edc2bac301e,0.8333,mixto,Contraloría - Contraloría General de la República,Autenticacion Nube  Privada - Servicio de Impuestos Internos
1ad6835586034de0b29f4a402b182c6c,ab2dd6e0890c4b5483973add6fa1b91b,6,5,1,1ad6835586034de0b29f4a402b182c6c->ab2dd6e0890c4b5483973add6fa1b91b,0.8333,mixto,Comisaría Virtual 2 - Carabineros de Chile,Sercotec - Servicio de Cooperación Técnica
0f33ab6447034fe49d1629353a119e47,20acab350ddf489c931028b7a6a1ff99,6,3,3,0f33ab6447034fe49d1629353a119e47->20acab350ddf489c931028b7a6a1ff99,0.5,mixto,Superintendencia en Línea - Mi Portal - Superintendencia de Seguridad Social,Sucursal Virtual Jeafosale - Ejército de Chile
01b56ab5b9be43e19fa06300994787ec,f883bd6d70b043a09837e8b888fe3f65,6,2,4,f883bd6d70b043a09837e8b888fe3f65->01b56ab5b9be43e19fa06300994787ec,0.6667,mixto,Bitácora Web - Ministerio Público,undefined - Subsecretaría de Economía y Empresas de Menor Tamaño
41da80f6154c4d918166fc43862f5d78,64d9be8046574fbfbc1fb14c9912afea,6,1,5,64d9be8046574fbfbc1fb14c9912afea->41da80f6154c4d918166fc43862f5d78,0.8333,mixto,Web Cajmetro - Corporación de Asistencia Judicial de la Región Metropolitana,ASDigital - Ministerio de salud
64d9be8046574fbfbc1fb14c9912afea,c150a834cbcc40d09aeed2f8703f4dd3,6,1,5,c150a834cbcc40d09aeed2f8703f4dd3->64d9be8046574fbfbc1fb14c9912afea,0.8333,mixto,ASDigital - Ministerio de salud,Trámites Dirección Trabajo - Dirección del Trabajo
12fbf29cc3ab474a8d3a1b2357dbb20b,83b5865df3ba4e0a9855e3af5a41f9aa,6,4,2,12fbf29cc3ab474a8d3a1b2357dbb20b->83b5865df3ba4e0a9855e3af5a41f9aa,0.6667,mixto,Ventanilla OIRS Quilicura - Municipalidad de Quilicura,Municipalidad de Quilicura - Simple - Municipalidad de Quilicura
6d52b87b5a964c61ad7e28afd9499f18,d69a36460b0c4bee9cdc5fd2f58e6a0e,6,3,3,6d52b87b5a964c61ad7e28afd9499f18->d69a36460b0c4bee9cdc5fd2f58e6a0e,0.5,mixto,Mis Trámites CGR - Contraloría General de la República,SGMAULE - Servicio de Salud Maule
91f3f86897ff4ae39e50cbd7035fa8af,be09a0ddbb9b4c4aaf78903e0ca27a75,6,0,6,be09a0ddbb9b4c4aaf78903e0ca27a75->91f3f86897ff4ae39e50cbd7035fa8af,1.0,consistente,APIs Receta Electrónica - Subsecretaría de Salud Pública,Contingencia - Comisión Administradora de Sistema de Créditos para Estudios Superiores
0f33ab6447034fe49d1629353a119e47,b785d3ec935248ff8a8fd358f7765463,6,3,3,0f33ab6447034fe49d1629353a119e47->b785d3ec935248ff8a8fd358f7765463,0.5,mixto,Superintendencia en Línea - Mi Portal - Superintendencia de Seguridad Social,Pesca Recreativa - Servicio Nacional de Pesca y Acuicultura
209ce526160947f0b398566cd4cbfd0d,9f3c39663dac4e6791811016adc217da,6,4,2,209ce526160947f0b398566cd4cbfd0d->9f3c39663dac4e6791811016adc217da,0.6667,mixto,Portal de Aplicaciones Sence - Servicio Nacional de Capacitacion y Empleo,"Sistema Cuenta Cultura - Ministerio de las Culturas, las Artes y el Patrimonio"
94d27864f86d422faa68efccb908cc34,9f5eb34dc330412990d7da2fd1db9e64,6,6,0,94d27864f86d422faa68efccb908cc34->9f5eb34dc330412990d7da2fd1db9e64,1.0,consistente,94d27864f86d422faa68efccb908cc34,9f5eb34dc330412990d7da2fd1db9e64
eaf8f2b0ccd04cf2a7bfcf357fe88ca2,eb838855f2344f65a4c925df80cdcad5,6,6,0,eaf8f2b0ccd04cf2a7bfcf357fe88ca2->eb838855f2344f65a4c925df80cdcad5,1.0,consistente,Empleos Públicos - Servicio Civil,Cero Filas SAG - Servicio Agrícola y Ganadero
2549b51828ce40af920a932dd2102217,95299da5a5f449f09c2fdf131183b903,6,0,6,95299da5a5f449f09c2fdf131183b903->2549b51828ce40af920a932dd2102217,1.0,consistente,undefined - Servicio de Impuestos Internos,SIMPLE - Secretaría de Gobierno Digital
209ce526160947f0b398566cd4cbfd0d,68244c73eb7a429a9c70a3dbf247293f,6,4,2,209ce526160947f0b398566cd4cbfd0d->68244c73eb7a429a9c70a3dbf247293f,0.6667,mixto,Portal de Aplicaciones Sence - Servicio Nacional de Capacitacion y Empleo,Bolsa nacional de empleo - Subsecretaría del Trabajo
399e7fc266894562850261cfbc06b992,4ef0ced873174ee9afc306e414132c72,6,1,5,4ef0ced873174ee9afc306e414132c72->399e7fc266894562850261cfbc06b992,0.8333,mixto,Denuncia en Linea - Ministerio Público,Carabineros de Chile - Cerofilas - Carabineros de Chile
4a94478dd25f4430a0a023b87e11170d,638aea308ffb483198d5c1387e2cc017,6,2,4,638aea308ffb483198d5c1387e2cc017->4a94478dd25f4430a0a023b87e11170d,0.6667,mixto,Milicenciamedica.cl - Subsecretaría de Salud Pública,"Portal ""Mi SUPERIR"" - Superintendencia de Insolvencia y Reemprendimiento"
6d52b87b5a964c61ad7e28afd9499f18,f6aab18a7d0947f08867efae57e7d5b4,6,0,6,f6aab18a7d0947f08867efae57e7d5b4->6d52b87b5a964c61ad7e28afd9499f18,1.0,consistente,Mis Trámites CGR - Contraloría General de la República,ZeCeroPapel - Dirección de Previsión de Carabineros de Chile
02f0f8beb94542deac503efd6a774262,279bdc4889564edba8ec3d808a74db1a,6,2,4,279bdc4889564edba8ec3d808a74db1a->02f0f8beb94542deac503efd6a774262,0.6667,mixto,SSMSO - Servicio de Salud Sur Oriente,docdigital - docdigital
9a76efc4c34e4bd7843206658dc45454,a647689891b84948871ff7099253a553,6,4,2,9a76efc4c34e4bd7843206658dc45454->a647689891b84948871ff7099253a553,0.6667,mixto,Portal Ciudadano ClaveÚnica - Secretaría de Gobierno Digital,Autoconsulta SSASUR - Servicio Salud Araucanía Sur
4f22549f9d3a443cb041c0e55395dbf1,91f3f86897ff4ae39e50cbd7035fa8af,6,3,3,4f22549f9d3a443cb041c0e55395dbf1->91f3f86897ff4ae39e50cbd7035fa8af,0.5,mixto,Comisaría Virtual Denuncias - Carabineros de Chile,APIs Receta Electrónica - Subsecretaría de Salud Pública
01b56ab5b9be43e19fa06300994787ec,c52ceac3693c4644bb20f07dd8aa7103,6,3,3,01b56ab5b9be43e19fa06300994787ec->c52ceac3693c4644bb20f07dd8aa7103,0.5,mixto,Bitácora Web - Ministerio Público,Firma Electronica - Secretaría de Gobierno Digital
91f3f86897ff4ae39e50cbd7035fa8af,c13d78fe65b94d05ad83b59494767b9f,6,2,4,c13d78fe65b94d05ad83b59494767b9f->91f3f86897ff4ae39e50cbd7035fa8af,0.6667,mixto,APIs Receta Electrónica - Subsecretaría de Salud Pública,Beneficios Personal - Gendarmería de Chile
209ce526160947f0b398566cd4cbfd0d,ddf47b043bc04fa0bd7d61b8af3f9b2c,6,5,1,209ce526160947f0b398566cd4cbfd0d->ddf47b043bc04fa0bd7d61b8af3f9b2c,0.8333,mixto,Portal de Aplicaciones Sence - Servicio Nacional de Capacitacion y Empleo,Autenticacion UChile - Universidad de Chile
4830b97416a14d1485ccb85c9f9baa4e,fd595f24910c4126b7398b3e081af528,6,3,3,4830b97416a14d1485ccb85c9f9baa4e->fd595f24910c4126b7398b3e081af528,0.5,mixto,Trámites SP - Superintendencia de Penssiones,Instituto Seguridad Laboral - Instituto Seguridad Laboral
720865f1a985416ca1076be43c145b34,b2b6ee18cee746a8a706aad74e14adce,6,2,4,b2b6ee18cee746a8a706aad74e14adce->720865f1a985416ca1076be43c145b34,0.6667,mixto,SIMPLE - Simple,Revisor de Procesos SIMPLE - Subsecretaría General de la Presidencia
94d27864f86d422faa68efccb908cc34,cd40ad229df147389504190c71de61f5,6,3,3,94d27864f86d422faa68efccb908cc34->cd40ad229df147389504190c71de61f5,0.5,mixto,94d27864f86d422faa68efccb908cc34,Sistema de Acceso Unico - Instituto de Desarrollo Agropecuario
c82f84bf3f2b451393445a0cb6883665,eb6b584fde4141aea5dafddee3e7ad4e,6,3,3,c82f84bf3f2b451393445a0cb6883665->eb6b584fde4141aea5dafddee3e7ad4e,0.5,mixto,Ventanilla Única Social - Subsecretaría de Evaluación Social,Listado de trámites digitales - Subsecretaría de Educación
94d27864f86d422faa68efccb908cc34,bca102f277434b31b59e4894d9eb5ef8,6,4,2,94d27864f86d422faa68efccb908cc34->bca102f277434b31b59e4894d9eb5ef8,0.6667,mixto,94d27864f86d422faa68efccb908cc34,Plataforma SEM 2.0 - Subsecretaría de Desarrollo Regional y Administrativo
6daae6995cb245348bb2b5432ccc9948,ee00832abfba40b38335ce48a12981b5,6,3,3,6daae6995cb245348bb2b5432ccc9948->ee00832abfba40b38335ce48a12981b5,0.5,mixto,DIRECTEMAR - Dirección General del Territorio Marítimo y Marina Mercante,Autenticacion Nube  Privada - Servicio de Impuestos Internos
2a1ad7012aa3426ab2592dd06689329b,bf676d9b342d438d8bd0b02c718133af,6,1,5,bf676d9b342d438d8bd0b02c718133af->2a1ad7012aa3426ab2592dd06689329b,0.8333,mixto,dom-digital - Municipalidad de Valparaíso,Firmador MOP - Subsecretaría de Obras Públicas
209ce526160947f0b398566cd4cbfd0d,b992e6a27eb249658efce6ca0cc286dc,6,3,3,209ce526160947f0b398566cd4cbfd0d->b992e6a27eb249658efce6ca0cc286dc,0.5,mixto,Portal de Aplicaciones Sence - Servicio Nacional de Capacitacion y Empleo,Vumar - Subsecretaría de Transportes
2c12290764aa4f67ba25e9cf801bd06c,c82f84bf3f2b451393445a0cb6883665,6,6,0,2c12290764aa4f67ba25e9cf801bd06c->c82f84bf3f2b451393445a0cb6883665,1.0,consistente,Servel - Servicio Electoral,Ventanilla Única Social - Subsecretaría de Evaluación Social
0f33ab6447034fe49d1629353a119e47,585115d181ea4a77bf361f06a32100ea,6,2,4,585115d181ea4a77bf361f06a32100ea->0f33ab6447034fe49d1629353a119e47,0.6667,mixto,Superintendencia en Línea - Mi Portal - Superintendencia de Seguridad Social,Senda Moodle - Servicio Nacional de Prevención y Rehabilitación del Consumo de Drogas y Alcohol
dd7629fec91f4599b3cf8c0dd0b984ac,edd67e7adef0443982c72ffc4d55ca4a,6,6,0,dd7629fec91f4599b3cf8c0dd0b984ac->edd67e7adef0443982c72ffc4d55ca4a,1.0,consistente,Sucursal Virtual FONASA - Fondo Nacional de Salud,Portal de Beneficios - Gendarmería de Chile
0de46482bc4d409c86f652534e4b47eb,67339e06f4b44f78994ff4785178807a,6,3,3,0de46482bc4d409c86f652534e4b47eb->67339e06f4b44f78994ff4785178807a,0.5,mixto,documentos - cyberdocs - Servicio Nacional del Patrimonio Cultural,Mercado+Público - Dirección de Compras y Contratación Pública
6e12533e73a048efa8bcc0a30f2b7684,b1b009877e0c4e0790fd92559d853d69,6,2,4,b1b009877e0c4e0790fd92559d853d69->6e12533e73a048efa8bcc0a30f2b7684,0.6667,mixto,Dirección General de Movilización Nacional - Dirección General de Movilización Nacional,Mi Súper - Superintendencia de Salud
02f0f8beb94542deac503efd6a774262,ffaec74bfd414f8394bab077a989e27f,6,0,6,ffaec74bfd414f8394bab077a989e27f->02f0f8beb94542deac503efd6a774262,1.0,consistente,SSMSO - Servicio de Salud Sur Oriente,miChileAtiende - Instituto de Previsión Social
55e045879c5c4db3bf493540d9dc0d17,ef1dd1f1a5b94d0eacb669f7b3ec2911,6,6,0,55e045879c5c4db3bf493540d9dc0d17->ef1dd1f1a5b94d0eacb669f7b3ec2911,1.0,consistente,Pago de permisos Especiales - Municipalidad de Antofagasta,Mi Crédito CAE - Comisión Administradora del Sistema de Créditos para Estudios Superiores
1bb1657eb2eb43808f0529810258aa3b,8ccf6c97b6eb4670bafec186fbe64f85,6,6,0,1bb1657eb2eb43808f0529810258aa3b->8ccf6c97b6eb4670bafec186fbe64f85,1.0,consistente,Autenticación Sistemas DPP - Defensoría Penal Pública,Buscador de Jurisprudencia - Poder Judicial
68b13a1228424526b43e2f78716efd3b,d5dac98442bb425ba884809990aa064d,6,2,4,d5dac98442bb425ba884809990aa064d->68b13a1228424526b43e2f78716efd3b,0.6667,mixto,Pagos Diario Oficial - Subsecretaría del Interior,Sistema Gestión Expedientes - Subsecretaría de Economía y Empresas de Menor Tamaño
44db06efed134a91bffa7407f60d7979,ae5b803c779a4b38b70f9e4b6d33dc26,6,4,2,44db06efed134a91bffa7407f60d7979->ae5b803c779a4b38b70f9e4b6d33dc26,0.6667,mixto,Tramitación Eletrónica TC - Tribunal Constitucional de Chile,Sistema DocWeb - Subsecretaría de Justicia
123,66a493258641428ea9797fbe33fc8b27,6,5,1,123->66a493258641428ea9797fbe33fc8b27,0.8333,mixto,Registro Civil - SRCeI,ChileAtiende - Instituto de Previsión Social
117d6d62a9844fd38fdb5d53e5cbc844,91f3f86897ff4ae39e50cbd7035fa8af,6,0,6,91f3f86897ff4ae39e50cbd7035fa8af->117d6d62a9844fd38fdb5d53e5cbc844,1.0,consistente,TRASPASO DEL DOMINIO DE BIENES - Fondo de Solidaridad e Inversión Social,APIs Receta Electrónica - Subsecretaría de Salud Pública
9ae54d261e454c93ae1c2cdec0fd03e6,9c9359fefd164d388f8a5edc2bac301e,6,3,3,9ae54d261e454c93ae1c2cdec0fd03e6->9c9359fefd164d388f8a5edc2bac301e,0.5,mixto,Login certificado afiliacion - Fondo Nacional de Salud,Contraloría - Contraloría General de la República
2ae2ca1a377048a58815f54a432f8a21,2ff516ac74a44ebfa3a522adbde28a0f,6,5,1,2ae2ca1a377048a58815f54a432f8a21->2ff516ac74a44ebfa3a522adbde28a0f,0.8333,mixto,Portal Paciente - Subsecretaría de Redes Asistenciales,E-Sign ClaveÚnica - ESIGN S.A.
ee00832abfba40b38335ce48a12981b5,fb3957569a8d49528c3571bcb4703f55,6,0,6,fb3957569a8d49528c3571bcb4703f55->ee00832abfba40b38335ce48a12981b5,1.0,consistente,Autenticacion Nube  Privada - Servicio de Impuestos Internos,MINVU - Subsecretaría de Vivienda y Urbanismo
1ad6835586034de0b29f4a402b182c6c,6d52b87b5a964c61ad7e28afd9499f18,6,4,2,1ad6835586034de0b29f4a402b182c6c->6d52b87b5a964c61ad7e28afd9499f18,0.6667,mixto,Comisaría Virtual 2 - Carabineros de Chile,Mis Trámites CGR - Contraloría General de la República
67339e06f4b44f78994ff4785178807a,b7c988fa6132435480b57f66696827fd,6,6,0,67339e06f4b44f78994ff4785178807a->b7c988fa6132435480b57f66696827fd,1.0,consistente,Mercado+Público - Dirección de Compras y Contratación Pública,Pase Cultural - Subsecretaría de Evaluación Social
2549b51828ce40af920a932dd2102217,5ad019e5f0e445e8b37fc4ed60a3447c,6,2,4,5ad019e5f0e445e8b37fc4ed60a3447c->2549b51828ce40af920a932dd2102217,0.6667,mixto,undefined - Servicio de Impuestos Internos,5ad019e5f0e445e8b37fc4ed60a3447c
f2eaffaf45b84b9c8e39cc303a97e9d7,f883bd6d70b043a09837e8b888fe3f65,6,3,3,f2eaffaf45b84b9c8e39cc303a97e9d7->f883bd6d70b043a09837e8b888fe3f65,0.5,mixto,SIMPLE - Secretaría de Gobierno Digital,undefined - Subsecretaría de Economía y Empresas de Menor Tamaño
dab6b8ce23604fa7b9ace2c2121d943e,fe447d5ca733434bbf33b0c6092787c5,6,5,1,dab6b8ce23604fa7b9ace2c2121d943e->fe447d5ca733434bbf33b0c6092787c5,0.8333,mixto,Intranet MSGG - Ministerio Secretaría General de Gobierno,Sistema OIRS MSGG - Subsecretaría General de Gobierno
0b145fb41bc84dc58a5beb5b4ef11b17,ffaec74bfd414f8394bab077a989e27f,6,3,3,0b145fb41bc84dc58a5beb5b4ef11b17->ffaec74bfd414f8394bab077a989e27f,0.5,mixto,Servicios en linea - Caja de Previsión de la Defensa Nacional,miChileAtiende - Instituto de Previsión Social
64b50202d6b74bfcb78c7342823e0f4f,dd7629fec91f4599b3cf8c0dd0b984ac,6,5,1,64b50202d6b74bfcb78c7342823e0f4f->dd7629fec91f4599b3cf8c0dd0b984ac,0.8333,mixto,Cesantía - Comisión Administradora de Sistema de Créditos para Estudios Superiores,Sucursal Virtual FONASA - Fondo Nacional de Salud
52449c34bb1e47fe81802bf322dae8ee,67eb30db49f240b08ab2b3f422f92cdf,6,1,5,67eb30db49f240b08ab2b3f422f92cdf->52449c34bb1e47fe81802bf322dae8ee,0.8333,mixto,bcm2.sii.cl - Servicio de Impuestos Internos,Portal MiDT - Dirección del Trabajo
006b85a984e94ce88ddb035ec01b2d70,ed07316d9d6344a9ab11e8a41fdc413a,6,2,4,ed07316d9d6344a9ab11e8a41fdc413a->006b85a984e94ce88ddb035ec01b2d70,0.6667,mixto,006b85a984e94ce88ddb035ec01b2d70,NEXTEO - Subsecretaría de Transportes
478deb22cecd489eb3ed2dcc954a975b,67339e06f4b44f78994ff4785178807a,6,3,3,478deb22cecd489eb3ed2dcc954a975b->67339e06f4b44f78994ff4785178807a,0.5,mixto,Portal Vecino - Municipalidad de Providencia,Mercado+Público - Dirección de Compras y Contratación Pública
123,279bdc4889564edba8ec3d808a74db1a,6,0,6,279bdc4889564edba8ec3d808a74db1a->123,1.0,consistente,Registro Civil - SRCeI,docdigital - docdigital
2549b51828ce40af920a932dd2102217,585115d181ea4a77bf361f06a32100ea,6,4,2,2549b51828ce40af920a932dd2102217->585115d181ea4a77bf361f06a32100ea,0.6667,mixto,undefined - Servicio de Impuestos Internos,Senda Moodle - Servicio Nacional de Prevención y Rehabilitación del Consumo de Drogas y Alcohol
361255d70c09499891fecebec813f51a,67339e06f4b44f78994ff4785178807a,6,1,5,67339e06f4b44f78994ff4785178807a->361255d70c09499891fecebec813f51a,0.8333,mixto,Sobrepeso y/o Sobredimensión - Dirección de Vialidad,Mercado+Público - Dirección de Compras y Contratación Pública
eb6b584fde4141aea5dafddee3e7ad4e,ffaec74bfd414f8394bab077a989e27f,6,3,3,eb6b584fde4141aea5dafddee3e7ad4e->ffaec74bfd414f8394bab077a989e27f,0.5,mixto,Listado de trámites digitales - Subsecretaría de Educación,miChileAtiende - Instituto de Previsión Social
495c261c0f484bd08e232f7358452c4d,dcd0b6134a8846c1ac7171f8530945ab,6,3,3,495c261c0f484bd08e232f7358452c4d->dcd0b6134a8846c1ac7171f8530945ab,0.5,mixto,undefined - Comisión para el Mercado Financiero,Identidad Única - Ministerio de Vivienda y Urbanismo - Subsecretaría de Vivienda y Urbanismo
0de46482bc4d409c86f652534e4b47eb,347178b052294153af290d6a84589868,6,4,2,0de46482bc4d409c86f652534e4b47eb->347178b052294153af290d6a84589868,0.6667,mixto,documentos - cyberdocs - Servicio Nacional del Patrimonio Cultural,Mi Fiscalía en Línea - Ministerio Público
95b7bf6083634811b6ec1552e2ed5fad,dd7629fec91f4599b3cf8c0dd0b984ac,6,5,1,95b7bf6083634811b6ec1552e2ed5fad->dd7629fec91f4599b3cf8c0dd0b984ac,0.8333,mixto,Gestión Telesalud - Subsecretaría de Redes Asistenciales,Sucursal Virtual FONASA - Fondo Nacional de Salud
0f33ab6447034fe49d1629353a119e47,cd40ad229df147389504190c71de61f5,6,4,2,0f33ab6447034fe49d1629353a119e47->cd40ad229df147389504190c71de61f5,0.6667,mixto,Superintendencia en Línea - Mi Portal - Superintendencia de Seguridad Social,Sistema de Acceso Unico - Instituto de Desarrollo Agropecuario
478deb22cecd489eb3ed2dcc954a975b,94d27864f86d422faa68efccb908cc34,6,4,2,478deb22cecd489eb3ed2dcc954a975b->94d27864f86d422faa68efccb908cc34,0.6667,mixto,Portal Vecino - Municipalidad de Providencia,94d27864f86d422faa68efccb908cc34
5aa6e3bc0b7f4c63b247ac04ca400129,b972e814004e4624a566f308901cca7c,6,2,4,b972e814004e4624a566f308901cca7c->5aa6e3bc0b7f4c63b247ac04ca400129,0.6667,mixto,Sistema de Auditoría Interna - Contraloría General de la República,DocDigital Versión 3 - Subsecretaría General de la Presidencia de la República
3d6941a46f8b4441973872f1f209bdec,e8dde9d26979498786c6ba5a82f70ad3,6,4,2,3d6941a46f8b4441973872f1f209bdec->e8dde9d26979498786c6ba5a82f70ad3,0.6667,mixto,Devolución de Pagos en excesos - Fondo Nacional de Salud,"undefined - Sociedad Administradora de Fondos de Cesantía de Chile II S.A., AFC Chile"
1bb1657eb2eb43808f0529810258aa3b,2ff516ac74a44ebfa3a522adbde28a0f,6,6,0,1bb1657eb2eb43808f0529810258aa3b->2ff516ac74a44ebfa3a522adbde28a0f,1.0,consistente,Autenticación Sistemas DPP - Defensoría Penal Pública,E-Sign ClaveÚnica - ESIGN S.A.
0335e32e61b248ae8ab98cb955f915dd,94d27864f86d422faa68efccb908cc34,6,5,1,0335e32e61b248ae8ab98cb955f915dd->94d27864f86d422faa68efccb908cc34,0.8333,mixto,Sistema de ambiente de Clientes - Central de Abastecimiento del Sistema Nacional de Servicios de Salud,94d27864f86d422faa68efccb908cc34
2549b51828ce40af920a932dd2102217,ef7f52e241e04cc69c0fad85a88599bc,6,4,2,2549b51828ce40af920a932dd2102217->ef7f52e241e04cc69c0fad85a88599bc,0.6667,mixto,undefined - Servicio de Impuestos Internos,Autenticación SII - Servicio de Impuestos Internos (CERT)
1ad6835586034de0b29f4a402b182c6c,d74a389b77734996ba37fa61a0d08341,6,0,6,d74a389b77734996ba37fa61a0d08341->1ad6835586034de0b29f4a402b182c6c,1.0,consistente,Comisaría Virtual 2 - Carabineros de Chile,DECLARACION JURADA - Servicio Agrícola y Ganadero
88d08ee1a5384a7fbe4bfddb8928ce82,d69a36460b0c4bee9cdc5fd2f58e6a0e,6,1,5,d69a36460b0c4bee9cdc5fd2f58e6a0e->88d08ee1a5384a7fbe4bfddb8928ce82,0.8333,mixto,Sistema Midas - Subsecretaría de Salud Pública,SGMAULE - Servicio de Salud Maule
38b3f29fe39b4e87b5f7982165de8cf1,5235b9f356954973a226cb6fc12c9d6e,6,2,4,5235b9f356954973a226cb6fc12c9d6e->38b3f29fe39b4e87b5f7982165de8cf1,0.6667,mixto,Portal Servel - Servicio Electoral,Sistema Alta Dirección Pública - Dirección Nacional del Servicio Civil
0de46482bc4d409c86f652534e4b47eb,e8dde9d26979498786c6ba5a82f70ad3,6,3,3,0de46482bc4d409c86f652534e4b47eb->e8dde9d26979498786c6ba5a82f70ad3,0.5,mixto,documentos - cyberdocs - Servicio Nacional del Patrimonio Cultural,"undefined - Sociedad Administradora de Fondos de Cesantía de Chile II S.A., AFC Chile"
2a4a00c47ac6468395984ee10ebc8dc3,495c261c0f484bd08e232f7358452c4d,6,6,0,2a4a00c47ac6468395984ee10ebc8dc3->495c261c0f484bd08e232f7358452c4d,1.0,consistente,Portal único de Trámites SERPAT - Servicio Nacional del Patrimonio Cultural,undefined - Comisión para el Mercado Financiero
123,841ec603883c444691473efa7a657b01,6,1,5,841ec603883c444691473efa7a657b01->123,0.8333,mixto,Registro Civil - SRCeI,Tramites SLEP Maule Costa - Dirección de Educación Pública
4a94478dd25f4430a0a023b87e11170d,7d0c4697a4f849e38021ccb192e0b4a7,6,1,5,7d0c4697a4f849e38021ccb192e0b4a7->4a94478dd25f4430a0a023b87e11170d,0.8333,mixto,Milicenciamedica.cl - Subsecretaría de Salud Pública,"Niños, Niñas y Adolescentes - Subsecretaría de Evaluación Social"
ae4caa1cb2154cac89440f3fe18251cb,d69a36460b0c4bee9cdc5fd2f58e6a0e,6,1,5,d69a36460b0c4bee9cdc5fd2f58e6a0e->ae4caa1cb2154cac89440f3fe18251cb,0.8333,mixto,Ingreso de causas y escritos - Corporación Administrativa del Poder Judicial,SGMAULE - Servicio de Salud Maule
5492b6e4db6948aca469c21d05b18721,e1669d0517f14a979d9a93159b4906b0,6,2,4,e1669d0517f14a979d9a93159b4906b0->5492b6e4db6948aca469c21d05b18721,0.6667,mixto,Ley del Lobby - Comisión para la Integridad PÚblica y Transparencia,Agenda Casino - Presidencia de la República
2ff516ac74a44ebfa3a522adbde28a0f,7249a9adb1c343aba8db068dbe0c3795,6,0,6,7249a9adb1c343aba8db068dbe0c3795->2ff516ac74a44ebfa3a522adbde28a0f,1.0,consistente,E-Sign ClaveÚnica - ESIGN S.A.,Simple Trámites - Subsecretaría de Evaluación Social
e8dde9d26979498786c6ba5a82f70ad3,fb74231009884254b2d13b0fd9056247,6,4,2,e8dde9d26979498786c6ba5a82f70ad3->fb74231009884254b2d13b0fd9056247,0.6667,mixto,"undefined - Sociedad Administradora de Fondos de Cesantía de Chile II S.A., AFC Chile",Carrera Docente CPEIP - Subsecretaría de Educación
9a76efc4c34e4bd7843206658dc45454,b34fe8a89b9a43189ec5be764c3b695c,6,5,1,9a76efc4c34e4bd7843206658dc45454->b34fe8a89b9a43189ec5be764c3b695c,0.8333,mixto,Portal Ciudadano ClaveÚnica - Secretaría de Gobierno Digital,Canales Digitales AFP UNO - AFP Uno
40fc9588a8e04b28852ec1163528bb8a,894c246eb00a482da371617f75149e30,6,6,0,40fc9588a8e04b28852ec1163528bb8a->894c246eb00a482da371617f75149e30,1.0,consistente,PAEx DGMN - Dirección General de Movilización Nacional,Contraloria General de la Republica - CONTRALORIA
67eb30db49f240b08ab2b3f422f92cdf,8af63e063a2a42098caed55eeb24acf0,6,4,2,67eb30db49f240b08ab2b3f422f92cdf->8af63e063a2a42098caed55eeb24acf0,0.6667,mixto,Portal MiDT - Dirección del Trabajo,Acceso Clave Unica UFRO - Universidad de La Frontera
c5b83bbfa22c4c31a5743485b4c6e524,c7d9f088b4be4e38924fcfa78a6b5496,6,5,1,c5b83bbfa22c4c31a5743485b4c6e524->c7d9f088b4be4e38924fcfa78a6b5496,0.8333,mixto,Bolsa Nacional de Empleo - Subsecretaría del Trabajo,Directores para Chile - Servicio Civil
c82f84bf3f2b451393445a0cb6883665,df28ab4cee16458d8bf66d7c75905dca,6,5,1,c82f84bf3f2b451393445a0cb6883665->df28ab4cee16458d8bf66d7c75905dca,0.8333,mixto,Ventanilla Única Social - Subsecretaría de Evaluación Social,Intranet Curarrehue - Municipalidad de Curarrehue
52449c34bb1e47fe81802bf322dae8ee,79bvfghg9a0a8tm25d16sddg7d61d4710,6,3,3,52449c34bb1e47fe81802bf322dae8ee->79bvfghg9a0a8tm25d16sddg7d61d4710,0.5,mixto,bcm2.sii.cl - Servicio de Impuestos Internos,Extranjeria - Secretaría de Gobierno Digital
ae5cbc3811f145059eb8c1eaa0209154,dd7629fec91f4599b3cf8c0dd0b984ac,6,6,0,ae5cbc3811f145059eb8c1eaa0209154->dd7629fec91f4599b3cf8c0dd0b984ac,1.0,consistente,Fonendo Mi ficha clínica - Servicio de Salud Libertador General Bernardo O'Higgins,Sucursal Virtual FONASA - Fondo Nacional de Salud
02f0f8beb94542deac503efd6a774262,dd7629fec91f4599b3cf8c0dd0b984ac,6,5,1,02f0f8beb94542deac503efd6a774262->dd7629fec91f4599b3cf8c0dd0b984ac,0.8333,mixto,SSMSO - Servicio de Salud Sur Oriente,Sucursal Virtual FONASA - Fondo Nacional de Salud
6a91c10b9e8341afbd387fb72bab3cf7,7249a9adb1c343aba8db068dbe0c3795,6,5,1,6a91c10b9e8341afbd387fb72bab3cf7->7249a9adb1c343aba8db068dbe0c3795,0.8333,mixto,Comisión de Medicina Preventiva e Invalidez - Subsecretaría de Salud Pública,Simple Trámites - Subsecretaría de Evaluación Social
b1b009877e0c4e0790fd92559d853d69,dc821110e3f34bf3984d61955ced2e69,6,4,2,b1b009877e0c4e0790fd92559d853d69->dc821110e3f34bf3984d61955ced2e69,0.6667,mixto,Mi Súper - Superintendencia de Salud,Licencia de Conducir Digital - Subsecretaría de Transportes
67339e06f4b44f78994ff4785178807a,f9894051ee6e40ad91d0cd53b2a8efc0,6,6,0,67339e06f4b44f78994ff4785178807a->f9894051ee6e40ad91d0cd53b2a8efc0,1.0,consistente,Mercado+Público - Dirección de Compras y Contratación Pública,I. Municipalidad de Santiago - Municipalidad de Santiago
7f2c2c35a2de4624ad938147f73f271a,91f3f86897ff4ae39e50cbd7035fa8af,6,1,5,91f3f86897ff4ae39e50cbd7035fa8af->7f2c2c35a2de4624ad938147f73f271a,0.8333,mixto,Registro Nacional de Mascotas y Animales de Compañía - Subsecretaría de Desarrollo Regional y Administrativo,APIs Receta Electrónica - Subsecretaría de Salud Pública
91f3f86897ff4ae39e50cbd7035fa8af,fb944d98fea445bda57de000993d3e25,6,2,4,fb944d98fea445bda57de000993d3e25->91f3f86897ff4ae39e50cbd7035fa8af,0.6667,mixto,APIs Receta Electrónica - Subsecretaría de Salud Pública,Accede a tu Portal Paciente - Servicio de Salud Maule
ad571b40258e4862b37b31fbbe2d8ab5,dd7629fec91f4599b3cf8c0dd0b984ac,6,2,4,dd7629fec91f4599b3cf8c0dd0b984ac->ad571b40258e4862b37b31fbbe2d8ab5,0.6667,mixto,HOSPITAL DE IQUIQUE - Servicio de Salud Tarapacá,Sucursal Virtual FONASA - Fondo Nacional de Salud
399e7fc266894562850261cfbc06b992,d74a389b77734996ba37fa61a0d08341,6,1,5,d74a389b77734996ba37fa61a0d08341->399e7fc266894562850261cfbc06b992,0.8333,mixto,Denuncia en Linea - Ministerio Público,DECLARACION JURADA - Servicio Agrícola y Ganadero
2a4a00c47ac6468395984ee10ebc8dc3,c82f84bf3f2b451393445a0cb6883665,6,2,4,c82f84bf3f2b451393445a0cb6883665->2a4a00c47ac6468395984ee10ebc8dc3,0.6667,mixto,Portal único de Trámites SERPAT - Servicio Nacional del Patrimonio Cultural,Ventanilla Única Social - Subsecretaría de Evaluación Social
ae4caa1cb2154cac89440f3fe18251cb,d254feea701346a399887b9fe59ac61a,6,3,3,ae4caa1cb2154cac89440f3fe18251cb->d254feea701346a399887b9fe59ac61a,0.5,mixto,Ingreso de causas y escritos - Corporación Administrativa del Poder Judicial,Plataforma de Telemedicina - Subsecretaría de Redes Asistenciales
6a322ad743e3464bae56d2d9b180078a,7249a9adb1c343aba8db068dbe0c3795,6,0,6,7249a9adb1c343aba8db068dbe0c3795->6a322ad743e3464bae56d2d9b180078a,1.0,consistente,6a322ad743e3464bae56d2d9b180078a,Simple Trámites - Subsecretaría de Evaluación Social
0335e32e61b248ae8ab98cb955f915dd,495c261c0f484bd08e232f7358452c4d,6,3,3,0335e32e61b248ae8ab98cb955f915dd->495c261c0f484bd08e232f7358452c4d,0.5,mixto,Sistema de ambiente de Clientes - Central de Abastecimiento del Sistema Nacional de Servicios de Salud,undefined - Comisión para el Mercado Financiero
463f33b89c2c4f13aa89f8f5d5096d6a,6d52b87b5a964c61ad7e28afd9499f18,6,5,1,463f33b89c2c4f13aa89f8f5d5096d6a->6d52b87b5a964c61ad7e28afd9499f18,0.8333,mixto,Extranet IMVallenar - Municipalidad de Vallenar,Mis Trámites CGR - Contraloría General de la República
387ff07354a74657a44369e05d83234a,b4206ac5e3224dfd900588a8f7caf95e,6,0,6,b4206ac5e3224dfd900588a8f7caf95e->387ff07354a74657a44369e05d83234a,1.0,consistente,Nuevo Sitio Web FONASA - Fondo Nacional de Salud,FONASA - Portal Beneficiario - Fondo Nacional de Salud
15a67718e1784a67bc978ca0dc6bc2df,ffaec74bfd414f8394bab077a989e27f,6,3,3,15a67718e1784a67bc978ca0dc6bc2df->ffaec74bfd414f8394bab077a989e27f,0.5,mixto,Portal de Exámenes - Servicio de Salud Ñuble,miChileAtiende - Instituto de Previsión Social
79bvfghg9a0a8tm25d16sddg7d61d4710,f883bd6d70b043a09837e8b888fe3f65,6,3,3,79bvfghg9a0a8tm25d16sddg7d61d4710->f883bd6d70b043a09837e8b888fe3f65,0.5,mixto,Extranjeria - Secretaría de Gobierno Digital,undefined - Subsecretaría de Economía y Empresas de Menor Tamaño
1ad6835586034de0b29f4a402b182c6c,4830b97416a14d1485ccb85c9f9baa4e,6,0,6,4830b97416a14d1485ccb85c9f9baa4e->1ad6835586034de0b29f4a402b182c6c,1.0,consistente,Comisaría Virtual 2 - Carabineros de Chile,Trámites SP - Superintendencia de Penssiones
08165f6182bc4dfc9dc1d7774508bbc6,38b3f29fe39b4e87b5f7982165de8cf1,6,3,3,08165f6182bc4dfc9dc1d7774508bbc6->38b3f29fe39b4e87b5f7982165de8cf1,0.5,mixto,e-certchile - E-Cert Chile,Portal Servel - Servicio Electoral
abf4698b03984acfb21f239abb1a3907,ae54454684154c25bd33c6e04609652b,6,6,0,abf4698b03984acfb21f239abb1a3907->ae54454684154c25bd33c6e04609652b,1.0,consistente,Tramites SLEPAS - Servicio Local de Educación Pública de Andalién Sur,Sistema de Apelación Contra de Isapres - Subsecretaría de Salud Pública
d0b1e3a4c2434e65be47566dcc3e2ee0,dc821110e3f34bf3984d61955ced2e69,6,5,1,d0b1e3a4c2434e65be47566dcc3e2ee0->dc821110e3f34bf3984d61955ced2e69,0.8333,mixto,Municipalidad de Los Angeles - Ilustre Municipalidad de Los Angeles,Licencia de Conducir Digital - Subsecretaría de Transportes
3af2d18b09e6443fa289e956fc10669f,86144f0d3b814c1d8c013f7aade6c55d,6,2,4,86144f0d3b814c1d8c013f7aade6c55d->3af2d18b09e6443fa289e956fc10669f,0.6667,mixto,Red Movilidad - Subsecretaría de Transportes,Sernac - Portal del consumidor - Servicio Nacional del Consumidor
91f3f86897ff4ae39e50cbd7035fa8af,fdd7e5cf453e42d7b8cb2334d3a7bff9,6,4,2,91f3f86897ff4ae39e50cbd7035fa8af->fdd7e5cf453e42d7b8cb2334d3a7bff9,0.6667,mixto,APIs Receta Electrónica - Subsecretaría de Salud Pública,Telesalud - Subsecretaría de Redes Asistenciales
08165f6182bc4dfc9dc1d7774508bbc6,6e12533e73a048efa8bcc0a30f2b7684,6,3,3,08165f6182bc4dfc9dc1d7774508bbc6->6e12533e73a048efa8bcc0a30f2b7684,0.5,mixto,e-certchile - E-Cert Chile,Dirección General de Movilización Nacional - Dirección General de Movilización Nacional
67339e06f4b44f78994ff4785178807a,ae5b803c779a4b38b70f9e4b6d33dc26,6,4,2,67339e06f4b44f78994ff4785178807a->ae5b803c779a4b38b70f9e4b6d33dc26,0.6667,mixto,Mercado+Público - Dirección de Compras y Contratación Pública,Sistema DocWeb - Subsecretaría de Justicia
0f33ab6447034fe49d1629353a119e47,ef1dd1f1a5b94d0eacb669f7b3ec2911,6,3,3,0f33ab6447034fe49d1629353a119e47->ef1dd1f1a5b94d0eacb669f7b3ec2911,0.5,mixto,Superintendencia en Línea - Mi Portal - Superintendencia de Seguridad Social,Mi Crédito CAE - Comisión Administradora del Sistema de Créditos para Estudios Superiores
3d639e0a581e4afbbc3976eed669f5c6,ee00832abfba40b38335ce48a12981b5,6,4,2,3d639e0a581e4afbbc3976eed669f5c6->ee00832abfba40b38335ce48a12981b5,0.6667,mixto,Mi Portal de Emprendimiento - Subsecretaría de Evaluación Social,Autenticacion Nube  Privada - Servicio de Impuestos Internos
239b1152a21a4cebb35b2a9dc02b10a9,ae4caa1cb2154cac89440f3fe18251cb,6,3,3,239b1152a21a4cebb35b2a9dc02b10a9->ae4caa1cb2154cac89440f3fe18251cb,0.5,mixto,Agencia de Calidad de la Educación - MINISTERIO DE EDUCACION,Ingreso de causas y escritos - Corporación Administrativa del Poder Judicial
7d0c4697a4f849e38021ccb192e0b4a7,b972e814004e4624a566f308901cca7c,6,4,2,7d0c4697a4f849e38021ccb192e0b4a7->b972e814004e4624a566f308901cca7c,0.6667,mixto,"Niños, Niñas y Adolescentes - Subsecretaría de Evaluación Social",DocDigital Versión 3 - Subsecretaría General de la Presidencia de la República
4a94478dd25f4430a0a023b87e11170d,645a4f092abd49f0820b8a5507e3dea0,6,6,0,4a94478dd25f4430a0a023b87e11170d->645a4f092abd49f0820b8a5507e3dea0,1.0,consistente,Milicenciamedica.cl - Subsecretaría de Salud Pública,Sistema Servicios en línea - Caja de Previsión de la Defensa Nacional
3346db58cd2d474fbcf63e827462b85d,c52ceac3693c4644bb20f07dd8aa7103,6,5,1,3346db58cd2d474fbcf63e827462b85d->c52ceac3693c4644bb20f07dd8aa7103,0.8333,mixto,Single Sign-On - Subsecretaría de Evaluación Social,Firma Electronica - Secretaría de Gobierno Digital
6a91c10b9e8341afbd387fb72bab3cf7,94d27864f86d422faa68efccb908cc34,6,1,5,94d27864f86d422faa68efccb908cc34->6a91c10b9e8341afbd387fb72bab3cf7,0.8333,mixto,Comisión de Medicina Preventiva e Invalidez - Subsecretaría de Salud Pública,94d27864f86d422faa68efccb908cc34
2549b51828ce40af920a932dd2102217,59dd121f53ac44ddb03bf52488eec671,6,0,6,59dd121f53ac44ddb03bf52488eec671->2549b51828ce40af920a932dd2102217,1.0,consistente,undefined - Servicio de Impuestos Internos,.SCSE. - Subsecretaría de Hacienda
3346db58cd2d474fbcf63e827462b85d,fb944d98fea445bda57de000993d3e25,6,4,2,3346db58cd2d474fbcf63e827462b85d->fb944d98fea445bda57de000993d3e25,0.6667,mixto,Single Sign-On - Subsecretaría de Evaluación Social,Accede a tu Portal Paciente - Servicio de Salud Maule
01b56ab5b9be43e19fa06300994787ec,ef1dd1f1a5b94d0eacb669f7b3ec2911,6,5,1,01b56ab5b9be43e19fa06300994787ec->ef1dd1f1a5b94d0eacb669f7b3ec2911,0.8333,mixto,Bitácora Web - Ministerio Público,Mi Crédito CAE - Comisión Administradora del Sistema de Créditos para Estudios Superiores
e8dde9d26979498786c6ba5a82f70ad3,ee1016d1de3347b79368186e86dfc2c2,6,1,5,ee1016d1de3347b79368186e86dfc2c2->e8dde9d26979498786c6ba5a82f70ad3,0.8333,mixto,"undefined - Sociedad Administradora de Fondos de Cesantía de Chile II S.A., AFC Chile",DOM Digital - municipalidad de puerto montt
95b7bf6083634811b6ec1552e2ed5fad,fdd7e5cf453e42d7b8cb2334d3a7bff9,6,0,6,fdd7e5cf453e42d7b8cb2334d3a7bff9->95b7bf6083634811b6ec1552e2ed5fad,1.0,consistente,Gestión Telesalud - Subsecretaría de Redes Asistenciales,Telesalud - Subsecretaría de Redes Asistenciales
209ce526160947f0b398566cd4cbfd0d,a3d2f5bccc104cf6bdd3817c86236b0e,6,0,6,a3d2f5bccc104cf6bdd3817c86236b0e->209ce526160947f0b398566cd4cbfd0d,1.0,consistente,Portal de Aplicaciones Sence - Servicio Nacional de Capacitacion y Empleo,Sistema Ambiente Proveedores - Central de Abastecimiento del Sistema Nacional de Servicios de Salud
dd02dca897074e77972f506652629762,e8dde9d26979498786c6ba5a82f70ad3,6,1,5,e8dde9d26979498786c6ba5a82f70ad3->dd02dca897074e77972f506652629762,0.8333,mixto,Resultados Subsidio Eléctrico - Subsecretaría de Energía,"undefined - Sociedad Administradora de Fondos de Cesantía de Chile II S.A., AFC Chile"
dd7629fec91f4599b3cf8c0dd0b984ac,fb74231009884254b2d13b0fd9056247,6,4,2,dd7629fec91f4599b3cf8c0dd0b984ac->fb74231009884254b2d13b0fd9056247,0.6667,mixto,Sucursal Virtual FONASA - Fondo Nacional de Salud,Carrera Docente CPEIP - Subsecretaría de Educación
3d6941a46f8b4441973872f1f209bdec,d602a0071f3f4db8b37a87cffd89bf23,6,2,4,d602a0071f3f4db8b37a87cffd89bf23->3d6941a46f8b4441973872f1f209bdec,0.6667,mixto,Devolución de Pagos en excesos - Fondo Nacional de Salud,PJUD - PODER JUDICIAL
239b1152a21a4cebb35b2a9dc02b10a9,80d8324451a74ae887a93c2bee8b5d3d,6,3,3,239b1152a21a4cebb35b2a9dc02b10a9->80d8324451a74ae887a93c2bee8b5d3d,0.5,mixto,Agencia de Calidad de la Educación - MINISTERIO DE EDUCACION,TRAYECTORIAS EDUCATIVAS (SPTE) - Subsecretaría de Educación
08165f6182bc4dfc9dc1d7774508bbc6,3346db58cd2d474fbcf63e827462b85d,6,0,6,3346db58cd2d474fbcf63e827462b85d->08165f6182bc4dfc9dc1d7774508bbc6,1.0,consistente,e-certchile - E-Cert Chile,Single Sign-On - Subsecretaría de Evaluación Social
9ae54d261e454c93ae1c2cdec0fd03e6,ef1dd1f1a5b94d0eacb669f7b3ec2911,6,3,3,9ae54d261e454c93ae1c2cdec0fd03e6->ef1dd1f1a5b94d0eacb669f7b3ec2911,0.5,mixto,Login certificado afiliacion - Fondo Nacional de Salud,Mi Crédito CAE - Comisión Administradora del Sistema de Créditos para Estudios Superiores
123,edd67e7adef0443982c72ffc4d55ca4a,6,3,3,123->edd67e7adef0443982c72ffc4d55ca4a,0.5,mixto,Registro Civil - SRCeI,Portal de Beneficios - Gendarmería de Chile
0b145fb41bc84dc58a5beb5b4ef11b17,9a76efc4c34e4bd7843206658dc45454,6,4,2,0b145fb41bc84dc58a5beb5b4ef11b17->9a76efc4c34e4bd7843206658dc45454,0.6667,mixto,Servicios en linea - Caja de Previsión de la Defensa Nacional,Portal Ciudadano ClaveÚnica - Secretaría de Gobierno Digital
64b50202d6b74bfcb78c7342823e0f4f,9a76efc4c34e4bd7843206658dc45454,6,5,1,64b50202d6b74bfcb78c7342823e0f4f->9a76efc4c34e4bd7843206658dc45454,0.8333,mixto,Cesantía - Comisión Administradora de Sistema de Créditos para Estudios Superiores,Portal Ciudadano ClaveÚnica - Secretaría de Gobierno Digital
295b6153828349ea914a9cda6020bafa,c52ceac3693c4644bb20f07dd8aa7103,6,3,3,295b6153828349ea914a9cda6020bafa->c52ceac3693c4644bb20f07dd8aa7103,0.5,mixto,Intranet Licantén - Municipalidad de Licantén,Firma Electronica - Secretaría de Gobierno Digital
64b50202d6b74bfcb78c7342823e0f4f,ae4caa1cb2154cac89440f3fe18251cb,6,4,2,64b50202d6b74bfcb78c7342823e0f4f->ae4caa1cb2154cac89440f3fe18251cb,0.6667,mixto,Cesantía - Comisión Administradora de Sistema de Créditos para Estudios Superiores,Ingreso de causas y escritos - Corporación Administrativa del Poder Judicial
26ce850e25c04398a2da12f4478e7597,9a76efc4c34e4bd7843206658dc45454,6,0,6,9a76efc4c34e4bd7843206658dc45454->26ce850e25c04398a2da12f4478e7597,1.0,consistente,Registro de profesionales - Subsecretaría de Educación,Portal Ciudadano ClaveÚnica - Secretaría de Gobierno Digital
4461c788433345b8a4a296b35aa9499d,ffaec74bfd414f8394bab077a989e27f,6,3,3,4461c788433345b8a4a296b35aa9499d->ffaec74bfd414f8394bab077a989e27f,0.5,mixto,Superintendencia de Educación - Superintendencia de Educación,miChileAtiende - Instituto de Previsión Social
123,ae5b803c779a4b38b70f9e4b6d33dc26,6,2,4,ae5b803c779a4b38b70f9e4b6d33dc26->123,0.6667,mixto,Registro Civil - SRCeI,Sistema DocWeb - Subsecretaría de Justicia
0b145fb41bc84dc58a5beb5b4ef11b17,ee00832abfba40b38335ce48a12981b5,6,6,0,0b145fb41bc84dc58a5beb5b4ef11b17->ee00832abfba40b38335ce48a12981b5,1.0,consistente,Servicios en linea - Caja de Previsión de la Defensa Nacional,Autenticacion Nube  Privada - Servicio de Impuestos Internos
67339e06f4b44f78994ff4785178807a,c765193a11274b73b1ffa97efd6fbc3b,6,6,0,67339e06f4b44f78994ff4785178807a->c765193a11274b73b1ffa97efd6fbc3b,1.0,consistente,Mercado+Público - Dirección de Compras y Contratación Pública,Servicio Único de Identidad - SMA - Superintendencia del Medio Ambiente
6d52b87b5a964c61ad7e28afd9499f18,c52ceac3693c4644bb20f07dd8aa7103,6,2,4,c52ceac3693c4644bb20f07dd8aa7103->6d52b87b5a964c61ad7e28afd9499f18,0.6667,mixto,Mis Trámites CGR - Contraloría General de la República,Firma Electronica - Secretaría de Gobierno Digital
2a4a00c47ac6468395984ee10ebc8dc3,dd7629fec91f4599b3cf8c0dd0b984ac,6,2,4,dd7629fec91f4599b3cf8c0dd0b984ac->2a4a00c47ac6468395984ee10ebc8dc3,0.6667,mixto,Portal único de Trámites SERPAT - Servicio Nacional del Patrimonio Cultural,Sucursal Virtual FONASA - Fondo Nacional de Salud
0dfdb4894c0e486faae2751590db44b8,2549b51828ce40af920a932dd2102217,6,3,3,0dfdb4894c0e486faae2751590db44b8->2549b51828ce40af920a932dd2102217,0.5,mixto,Trámites Online MBN - Subsecretaría de Bienes Nacionales,undefined - Servicio de Impuestos Internos
2629fabfb8e7428bb34e3d4f43ffdc9b,d602a0071f3f4db8b37a87cffd89bf23,6,4,2,2629fabfb8e7428bb34e3d4f43ffdc9b->d602a0071f3f4db8b37a87cffd89bf23,0.6667,mixto,Thomas Signe - Thomas-Signe Chile S.A,PJUD - PODER JUDICIAL
79bvfghg9a0a8tm25d16sddg7d61d4710,fb3957569a8d49528c3571bcb4703f55,6,4,2,79bvfghg9a0a8tm25d16sddg7d61d4710->fb3957569a8d49528c3571bcb4703f55,0.6667,mixto,Extranjeria - Secretaría de Gobierno Digital,MINVU - Subsecretaría de Vivienda y Urbanismo
f2eaffaf45b84b9c8e39cc303a97e9d7,ffaec74bfd414f8394bab077a989e27f,6,4,2,f2eaffaf45b84b9c8e39cc303a97e9d7->ffaec74bfd414f8394bab077a989e27f,0.6667,mixto,SIMPLE - Secretaría de Gobierno Digital,miChileAtiende - Instituto de Previsión Social
6a91c10b9e8341afbd387fb72bab3cf7,79bvfghg9a0a8tm25d16sddg7d61d4710,6,4,2,6a91c10b9e8341afbd387fb72bab3cf7->79bvfghg9a0a8tm25d16sddg7d61d4710,0.6667,mixto,Comisión de Medicina Preventiva e Invalidez - Subsecretaría de Salud Pública,Extranjeria - Secretaría de Gobierno Digital
67eb30db49f240b08ab2b3f422f92cdf,68b13a1228424526b43e2f78716efd3b,6,4,2,67eb30db49f240b08ab2b3f422f92cdf->68b13a1228424526b43e2f78716efd3b,0.6667,mixto,Portal MiDT - Dirección del Trabajo,Pagos Diario Oficial - Subsecretaría del Interior
64d9be8046574fbfbc1fb14c9912afea,68b13a1228424526b43e2f78716efd3b,6,3,3,64d9be8046574fbfbc1fb14c9912afea->68b13a1228424526b43e2f78716efd3b,0.5,mixto,ASDigital - Ministerio de salud,Pagos Diario Oficial - Subsecretaría del Interior
067325b206034a09a16597b6c55d26a8,495c261c0f484bd08e232f7358452c4d,6,3,3,067325b206034a09a16597b6c55d26a8->495c261c0f484bd08e232f7358452c4d,0.5,mixto,Red Movilidad - Subsecretaría de Transportes,undefined - Comisión para el Mercado Financiero
209ce526160947f0b398566cd4cbfd0d,387ff07354a74657a44369e05d83234a,6,3,3,209ce526160947f0b398566cd4cbfd0d->387ff07354a74657a44369e05d83234a,0.5,mixto,Portal de Aplicaciones Sence - Servicio Nacional de Capacitacion y Empleo,Nuevo Sitio Web FONASA - Fondo Nacional de Salud
ea62071feb644e4e81394dfa5c500ff3,ffaec74bfd414f8394bab077a989e27f,6,1,5,ffaec74bfd414f8394bab077a989e27f->ea62071feb644e4e81394dfa5c500ff3,0.8333,mixto,DIPRECA - Dirección de Previsión de Carabineros de Chile,miChileAtiende - Instituto de Previsión Social
0a750e36725e495ba32bd43a5f170724,3e2a4d42827d43d0b90248199e58e98e,6,5,1,0a750e36725e495ba32bd43a5f170724->3e2a4d42827d43d0b90248199e58e98e,0.8333,mixto,FUAS-Mineduc - Subsecretaría de Educación,Mineduc-Ayudamineduc - Subsecretaría de Educación
5492b6e4db6948aca469c21d05b18721,9a76efc4c34e4bd7843206658dc45454,6,5,1,5492b6e4db6948aca469c21d05b18721->9a76efc4c34e4bd7843206658dc45454,0.8333,mixto,Ley del Lobby - Comisión para la Integridad PÚblica y Transparencia,Portal Ciudadano ClaveÚnica - Secretaría de Gobierno Digital
347178b052294153af290d6a84589868,4461c788433345b8a4a296b35aa9499d,6,4,2,347178b052294153af290d6a84589868->4461c788433345b8a4a296b35aa9499d,0.6667,mixto,Mi Fiscalía en Línea - Ministerio Público,Superintendencia de Educación - Superintendencia de Educación
3d639e0a581e4afbbc3976eed669f5c6,6a322ad743e3464bae56d2d9b180078a,6,1,5,6a322ad743e3464bae56d2d9b180078a->3d639e0a581e4afbbc3976eed669f5c6,0.8333,mixto,Mi Portal de Emprendimiento - Subsecretaría de Evaluación Social,6a322ad743e3464bae56d2d9b180078a
3d639e0a581e4afbbc3976eed669f5c6,638aea308ffb483198d5c1387e2cc017,6,1,5,638aea308ffb483198d5c1387e2cc017->3d639e0a581e4afbbc3976eed669f5c6,0.8333,mixto,Mi Portal de Emprendimiento - Subsecretaría de Evaluación Social,"Portal ""Mi SUPERIR"" - Superintendencia de Insolvencia y Reemprendimiento"
5492b6e4db6948aca469c21d05b18721,f883bd6d70b043a09837e8b888fe3f65,6,4,2,5492b6e4db6948aca469c21d05b18721->f883bd6d70b043a09837e8b888fe3f65,0.6667,mixto,Ley del Lobby - Comisión para la Integridad PÚblica y Transparencia,undefined - Subsecretaría de Economía y Empresas de Menor Tamaño
67339e06f4b44f78994ff4785178807a,d153a909f976493a80fa3192b02d6a9d,6,1,5,d153a909f976493a80fa3192b02d6a9d->67339e06f4b44f78994ff4785178807a,0.8333,mixto,Mercado+Público - Dirección de Compras y Contratación Pública,Prestadores Cambio en la modal - Fondo Nacional de Salud
1bb1657eb2eb43808f0529810258aa3b,ffaec74bfd414f8394bab077a989e27f,6,2,4,ffaec74bfd414f8394bab077a989e27f->1bb1657eb2eb43808f0529810258aa3b,0.6667,mixto,Autenticación Sistemas DPP - Defensoría Penal Pública,miChileAtiende - Instituto de Previsión Social
86144f0d3b814c1d8c013f7aade6c55d,fdd7e5cf453e42d7b8cb2334d3a7bff9,6,4,2,86144f0d3b814c1d8c013f7aade6c55d->fdd7e5cf453e42d7b8cb2334d3a7bff9,0.6667,mixto,Sernac - Portal del consumidor - Servicio Nacional del Consumidor,Telesalud - Subsecretaría de Redes Asistenciales
048ab3a7acb54da88960434d9783879f,b7c988fa6132435480b57f66696827fd,6,2,4,b7c988fa6132435480b57f66696827fd->048ab3a7acb54da88960434d9783879f,0.6667,mixto,Comunidad Joven - Instituto Nacional de la Juventud,Pase Cultural - Subsecretaría de Evaluación Social
67339e06f4b44f78994ff4785178807a,f44bedcfbdb64a818e717b872a002abd,6,4,2,67339e06f4b44f78994ff4785178807a->f44bedcfbdb64a818e717b872a002abd,0.6667,mixto,Mercado+Público - Dirección de Compras y Contratación Pública,Ingreso a Municipalidad de Santiago - Municipalidad de Santiago
52449c34bb1e47fe81802bf322dae8ee,ef1dd1f1a5b94d0eacb669f7b3ec2911,6,1,5,ef1dd1f1a5b94d0eacb669f7b3ec2911->52449c34bb1e47fe81802bf322dae8ee,0.8333,mixto,bcm2.sii.cl - Servicio de Impuestos Internos,Mi Crédito CAE - Comisión Administradora del Sistema de Créditos para Estudios Superiores
2549b51828ce40af920a932dd2102217,b3b9221510904977b1c9f12ea7108119,6,5,1,2549b51828ce40af920a932dd2102217->b3b9221510904977b1c9f12ea7108119,0.8333,mixto,undefined - Servicio de Impuestos Internos,Contactanos DT - Dirección del Trabajo
4f22549f9d3a443cb041c0e55395dbf1,d74a389b77734996ba37fa61a0d08341,6,0,6,d74a389b77734996ba37fa61a0d08341->4f22549f9d3a443cb041c0e55395dbf1,1.0,consistente,Comisaría Virtual Denuncias - Carabineros de Chile,DECLARACION JURADA - Servicio Agrícola y Ganadero
64b50202d6b74bfcb78c7342823e0f4f,6e12533e73a048efa8bcc0a30f2b7684,6,6,0,64b50202d6b74bfcb78c7342823e0f4f->6e12533e73a048efa8bcc0a30f2b7684,1.0,consistente,Cesantía - Comisión Administradora de Sistema de Créditos para Estudios Superiores,Dirección General de Movilización Nacional - Dirección General de Movilización Nacional
067325b206034a09a16597b6c55d26a8,c82f84bf3f2b451393445a0cb6883665,6,4,2,067325b206034a09a16597b6c55d26a8->c82f84bf3f2b451393445a0cb6883665,0.6667,mixto,Red Movilidad - Subsecretaría de Transportes,Ventanilla Única Social - Subsecretaría de Evaluación Social
8ccf6c97b6eb4670bafec186fbe64f85,c52ceac3693c4644bb20f07dd8aa7103,6,0,6,c52ceac3693c4644bb20f07dd8aa7103->8ccf6c97b6eb4670bafec186fbe64f85,1.0,consistente,Buscador de Jurisprudencia - Poder Judicial,Firma Electronica - Secretaría de Gobierno Digital
74ed652f9a9242c590651fe4cff0d492,c82f84bf3f2b451393445a0cb6883665,6,2,4,c82f84bf3f2b451393445a0cb6883665->74ed652f9a9242c590651fe4cff0d492,0.6667,mixto,Ingreso a Intranet UTA - Universidad de Tarapacá,Ventanilla Única Social - Subsecretaría de Evaluación Social
64d9be8046574fbfbc1fb14c9912afea,9ae54d261e454c93ae1c2cdec0fd03e6,6,4,2,64d9be8046574fbfbc1fb14c9912afea->9ae54d261e454c93ae1c2cdec0fd03e6,0.6667,mixto,ASDigital - Ministerio de salud,Login certificado afiliacion - Fondo Nacional de Salud
495c261c0f484bd08e232f7358452c4d,f2eaffaf45b84b9c8e39cc303a97e9d7,6,0,6,f2eaffaf45b84b9c8e39cc303a97e9d7->495c261c0f484bd08e232f7358452c4d,1.0,consistente,undefined - Comisión para el Mercado Financiero,SIMPLE - Secretaría de Gobierno Digital
c82f84bf3f2b451393445a0cb6883665,f44bedcfbdb64a818e717b872a002abd,6,5,1,c82f84bf3f2b451393445a0cb6883665->f44bedcfbdb64a818e717b872a002abd,0.8333,mixto,Ventanilla Única Social - Subsecretaría de Evaluación Social,Ingreso a Municipalidad de Santiago - Municipalidad de Santiago
558b533275bd41bca3094acb6a85113a,eaf8f2b0ccd04cf2a7bfcf357fe88ca2,6,0,6,eaf8f2b0ccd04cf2a7bfcf357fe88ca2->558b533275bd41bca3094acb6a85113a,1.0,consistente,Servicio de Evaluación Ambiental - Servicio de Evaluación Ambiental,Empleos Públicos - Servicio Civil
6daae6995cb245348bb2b5432ccc9948,6e12533e73a048efa8bcc0a30f2b7684,6,6,0,6daae6995cb245348bb2b5432ccc9948->6e12533e73a048efa8bcc0a30f2b7684,1.0,consistente,DIRECTEMAR - Dirección General del Territorio Marítimo y Marina Mercante,Dirección General de Movilización Nacional - Dirección General de Movilización Nacional
b972e814004e4624a566f308901cca7c,cc892c05f6d94315be2b7539e45b9170,6,4,2,b972e814004e4624a566f308901cca7c->cc892c05f6d94315be2b7539e45b9170,0.6667,mixto,DocDigital Versión 3 - Subsecretaría General de la Presidencia de la República,Ventanilla Única 2.0 - Ministerio del Medio Ambiente
a4db025d032f42578306d5461abdda40,ae4caa1cb2154cac89440f3fe18251cb,6,4,2,a4db025d032f42578306d5461abdda40->ae4caa1cb2154cac89440f3fe18251cb,0.6667,mixto,CAPREDENApp - Redin,Ingreso de causas y escritos - Corporación Administrativa del Poder Judicial
645a4f092abd49f0820b8a5507e3dea0,cd40ad229df147389504190c71de61f5,6,6,0,645a4f092abd49f0820b8a5507e3dea0->cd40ad229df147389504190c71de61f5,1.0,consistente,Sistema Servicios en línea - Caja de Previsión de la Defensa Nacional,Sistema de Acceso Unico - Instituto de Desarrollo Agropecuario
558b533275bd41bca3094acb6a85113a,67339e06f4b44f78994ff4785178807a,6,6,0,558b533275bd41bca3094acb6a85113a->67339e06f4b44f78994ff4785178807a,1.0,consistente,Servicio de Evaluación Ambiental - Servicio de Evaluación Ambiental,Mercado+Público - Dirección de Compras y Contratación Pública
88d08ee1a5384a7fbe4bfddb8928ce82,942d80695ebe4218af105e03e6622f49,6,3,3,88d08ee1a5384a7fbe4bfddb8928ce82->942d80695ebe4218af105e03e6622f49,0.5,mixto,Sistema Midas - Subsecretaría de Salud Pública,Catálogo CPAT - Secretaría de Gobierno Digital
ae412e532f1a48428bd0c5ad1f02f816,c82f84bf3f2b451393445a0cb6883665,6,5,1,ae412e532f1a48428bd0c5ad1f02f816->c82f84bf3f2b451393445a0cb6883665,0.8333,mixto,Sistema de gestión de licencia - Subsecretaría de Transportes,Ventanilla Única Social - Subsecretaría de Evaluación Social
4060f34dc33042fda53efdfd0594b679,8c1942e0cdce4f71b53f62474322f0b7,6,6,0,4060f34dc33042fda53efdfd0594b679->8c1942e0cdce4f71b53f62474322f0b7,1.0,consistente,Capacitación ChileCompra - Dirección ChileCompra,Superintendencia de Electricidad y Combustibles - SUPERINTENDECIA DE ELECTRICIDAD Y COMBUSTIBLES
558b533275bd41bca3094acb6a85113a,bf676d9b342d438d8bd0b02c718133af,6,2,4,bf676d9b342d438d8bd0b02c718133af->558b533275bd41bca3094acb6a85113a,0.6667,mixto,Servicio de Evaluación Ambiental - Servicio de Evaluación Ambiental,Firmador MOP - Subsecretaría de Obras Públicas
91f3f86897ff4ae39e50cbd7035fa8af,fba5ab8c38d3426492c31c99ad569bdb,6,2,4,fba5ab8c38d3426492c31c99ad569bdb->91f3f86897ff4ae39e50cbd7035fa8af,0.6667,mixto,APIs Receta Electrónica - Subsecretaría de Salud Pública,Oficina Judicial Virtual Tribunales Tributarios y Aduaneros - Unidad Administradora de Tribunales Tributarios y Aduaneros
dcd0b6134a8846c1ac7171f8530945ab,f31ed616d84449edb5fdd8cd332552b2,6,4,2,dcd0b6134a8846c1ac7171f8530945ab->f31ed616d84449edb5fdd8cd332552b2,0.6667,mixto,Identidad Única - Ministerio de Vivienda y Urbanismo - Subsecretaría de Vivienda y Urbanismo,dom digital - Municipalidad de Temuco
894c246eb00a482da371617f75149e30,9c9359fefd164d388f8a5edc2bac301e,6,1,5,9c9359fefd164d388f8a5edc2bac301e->894c246eb00a482da371617f75149e30,0.8333,mixto,Contraloria General de la Republica - CONTRALORIA,Contraloría - Contraloría General de la República
b6a7ac98c6704aa6b6512efa5fa8dbfe,ef1dd1f1a5b94d0eacb669f7b3ec2911,6,6,0,b6a7ac98c6704aa6b6512efa5fa8dbfe->ef1dd1f1a5b94d0eacb669f7b3ec2911,1.0,consistente,Corfo - Corporación de Fomento de la Producción,Mi Crédito CAE - Comisión Administradora del Sistema de Créditos para Estudios Superiores
67eb30db49f240b08ab2b3f422f92cdf,e423b8339a57485d8b524937d93e4f44,6,4,2,67eb30db49f240b08ab2b3f422f92cdf->e423b8339a57485d8b524937d93e4f44,0.6667,mixto,Portal MiDT - Dirección del Trabajo,SIMPLE - Gendarmería de Chile
0a750e36725e495ba32bd43a5f170724,123,6,4,2,0a750e36725e495ba32bd43a5f170724->123,0.6667,mixto,FUAS-Mineduc - Subsecretaría de Educación,Registro Civil - SRCeI
2549b51828ce40af920a932dd2102217,ee1016d1de3347b79368186e86dfc2c2,6,2,4,ee1016d1de3347b79368186e86dfc2c2->2549b51828ce40af920a932dd2102217,0.6667,mixto,undefined - Servicio de Impuestos Internos,DOM Digital - municipalidad de puerto montt
08165f6182bc4dfc9dc1d7774508bbc6,cd40ad229df147389504190c71de61f5,6,4,2,08165f6182bc4dfc9dc1d7774508bbc6->cd40ad229df147389504190c71de61f5,0.6667,mixto,e-certchile - E-Cert Chile,Sistema de Acceso Unico - Instituto de Desarrollo Agropecuario
344f2a7e91d741f69c8e638468150260,d74a389b77734996ba37fa61a0d08341,6,6,0,344f2a7e91d741f69c8e638468150260->d74a389b77734996ba37fa61a0d08341,1.0,consistente,344f2a7e91d741f69c8e638468150260,DECLARACION JURADA - Servicio Agrícola y Ganadero
56da1c80cfea4a5b83326bfef271fc3e,9c9359fefd164d388f8a5edc2bac301e,6,3,3,56da1c80cfea4a5b83326bfef271fc3e->9c9359fefd164d388f8a5edc2bac301e,0.5,mixto,Escritorio de Aplicaciones - Ministerio Público,Contraloría - Contraloría General de la República
ae4caa1cb2154cac89440f3fe18251cb,b992e6a27eb249658efce6ca0cc286dc,6,5,1,ae4caa1cb2154cac89440f3fe18251cb->b992e6a27eb249658efce6ca0cc286dc,0.8333,mixto,Ingreso de causas y escritos - Corporación Administrativa del Poder Judicial,Vumar - Subsecretaría de Transportes
c82f84bf3f2b451393445a0cb6883665,f6aa209f0860477380c878df96de1c84,6,2,4,f6aa209f0860477380c878df96de1c84->c82f84bf3f2b451393445a0cb6883665,0.6667,mixto,Ventanilla Única Social - Subsecretaría de Evaluación Social,Fondo de Solidaridad e Inversión Social - Cerofilas - Fondo de Solidaridad e Inversión Social
34acd5e31fc14060a1a96777113872bd,4a94478dd25f4430a0a023b87e11170d,6,6,0,34acd5e31fc14060a1a96777113872bd->4a94478dd25f4430a0a023b87e11170d,1.0,consistente,Postulación en línea DS1 - Subsecretaría de Vivienda y Urbanismo,Milicenciamedica.cl - Subsecretaría de Salud Pública
08165f6182bc4dfc9dc1d7774508bbc6,a4db025d032f42578306d5461abdda40,6,0,6,a4db025d032f42578306d5461abdda40->08165f6182bc4dfc9dc1d7774508bbc6,1.0,consistente,e-certchile - E-Cert Chile,CAPREDENApp - Redin
781903276b2548499891c4c91c5d278b,9a76efc4c34e4bd7843206658dc45454,6,2,4,9a76efc4c34e4bd7843206658dc45454->781903276b2548499891c4c91c5d278b,0.6667,mixto,Enrollment Certificadoradelsur - Certificadora del Sur,Portal Ciudadano ClaveÚnica - Secretaría de Gobierno Digital
4234d86a351e4a7e9ea293e33836ae45,ae4caa1cb2154cac89440f3fe18251cb,6,5,1,4234d86a351e4a7e9ea293e33836ae45->ae4caa1cb2154cac89440f3fe18251cb,0.8333,mixto,Oficina Virtual DGA - Dirección General de Aguas,Ingreso de causas y escritos - Corporación Administrativa del Poder Judicial
7249a9adb1c343aba8db068dbe0c3795,eaf8f2b0ccd04cf2a7bfcf357fe88ca2,6,4,2,7249a9adb1c343aba8db068dbe0c3795->eaf8f2b0ccd04cf2a7bfcf357fe88ca2,0.6667,mixto,Simple Trámites - Subsecretaría de Evaluación Social,Empleos Públicos - Servicio Civil
67339e06f4b44f78994ff4785178807a,d254feea701346a399887b9fe59ac61a,6,1,5,d254feea701346a399887b9fe59ac61a->67339e06f4b44f78994ff4785178807a,0.8333,mixto,Mercado+Público - Dirección de Compras y Contratación Pública,Plataforma de Telemedicina - Subsecretaría de Redes Asistenciales
32f2a35e790544ec9e040345f8a364f3,b8386b6963a4492db355f0f70be3a3e2,6,4,2,32f2a35e790544ec9e040345f8a364f3->b8386b6963a4492db355f0f70be3a3e2,0.6667,mixto,Defensoría Penal Pública - DEFENSORIA PENAL PUBLICA,PDI Virtual - Policía de Investigaciones de Chile
4f4d89fa8ce34da19ecb340c1d267a3e,b9e3f79c40594953af24e9a43eba4e0c,6,0,6,b9e3f79c40594953af24e9a43eba4e0c->4f4d89fa8ce34da19ecb340c1d267a3e,1.0,consistente,Registro Nacional de MiPymes - Subsecretaría de Economía y Empresas de Menor Tamaño,e-Digital - E-Digital PKI SpA.
b3b9221510904977b1c9f12ea7108119,fd595f24910c4126b7398b3e081af528,6,6,0,b3b9221510904977b1c9f12ea7108119->fd595f24910c4126b7398b3e081af528,1.0,consistente,Contactanos DT - Dirección del Trabajo,Instituto Seguridad Laboral - Instituto Seguridad Laboral
0335e32e61b248ae8ab98cb955f915dd,dd7629fec91f4599b3cf8c0dd0b984ac,6,5,1,0335e32e61b248ae8ab98cb955f915dd->dd7629fec91f4599b3cf8c0dd0b984ac,0.8333,mixto,Sistema de ambiente de Clientes - Central de Abastecimiento del Sistema Nacional de Servicios de Salud,Sucursal Virtual FONASA - Fondo Nacional de Salud
80d8324451a74ae887a93c2bee8b5d3d,ae4caa1cb2154cac89440f3fe18251cb,6,3,3,80d8324451a74ae887a93c2bee8b5d3d->ae4caa1cb2154cac89440f3fe18251cb,0.5,mixto,TRAYECTORIAS EDUCATIVAS (SPTE) - Subsecretaría de Educación,Ingreso de causas y escritos - Corporación Administrativa del Poder Judicial
67eb30db49f240b08ab2b3f422f92cdf,7d07ecb8e72f4eb1b69ceea29e91be14,6,2,4,7d07ecb8e72f4eb1b69ceea29e91be14->67eb30db49f240b08ab2b3f422f92cdf,0.6667,mixto,Portal MiDT - Dirección del Trabajo,DT-CapacitacionRRLL - Dirección del Trabajo
4830b97416a14d1485ccb85c9f9baa4e,6743ad379b094f98ad903d0f0304add1,6,1,5,6743ad379b094f98ad903d0f0304add1->4830b97416a14d1485ccb85c9f9baa4e,0.8333,mixto,Trámites SP - Superintendencia de Penssiones,Procedimiento Administrativo Electrónico - Superintendencia de Seguridad Social
0faae9b6b5084555a1873eff484b4d9c,2549b51828ce40af920a932dd2102217,6,2,4,2549b51828ce40af920a932dd2102217->0faae9b6b5084555a1873eff484b4d9c,0.6667,mixto,Agendamiento Licencia Conducir - Municipalidad de Puente Alto,undefined - Servicio de Impuestos Internos
295b6153828349ea914a9cda6020bafa,9c9359fefd164d388f8a5edc2bac301e,6,3,3,295b6153828349ea914a9cda6020bafa->9c9359fefd164d388f8a5edc2bac301e,0.5,mixto,Intranet Licantén - Municipalidad de Licantén,Contraloría - Contraloría General de la República
3af2d18b09e6443fa289e956fc10669f,fdd7e5cf453e42d7b8cb2334d3a7bff9,6,2,4,fdd7e5cf453e42d7b8cb2334d3a7bff9->3af2d18b09e6443fa289e956fc10669f,0.6667,mixto,Red Movilidad - Subsecretaría de Transportes,Telesalud - Subsecretaría de Redes Asistenciales
6d252a9b7f244a0180f6c2a1ff39d2fe,d602a0071f3f4db8b37a87cffd89bf23,6,2,4,d602a0071f3f4db8b37a87cffd89bf23->6d252a9b7f244a0180f6c2a1ff39d2fe,0.6667,mixto,Sistemas Control de Extracciones Efectivas - Dirección General de Aguas,PJUD - PODER JUDICIAL
344f2a7e91d741f69c8e638468150260,a0184360dccb433cb80deb1830c74ae6,6,4,2,344f2a7e91d741f69c8e638468150260->a0184360dccb433cb80deb1830c74ae6,0.6667,mixto,344f2a7e91d741f69c8e638468150260,Ministerio de Minería - Subsecretaría de Minería
b972e814004e4624a566f308901cca7c,e9c87bd5f69f4f86afe073f6e04f7d5b,6,2,4,e9c87bd5f69f4f86afe073f6e04f7d5b->b972e814004e4624a566f308901cca7c,0.6667,mixto,DocDigital Versión 3 - Subsecretaría General de la Presidencia de la República,Fondo Nacional - Ministerio del Interior
1eec93924a1046efbad70c851782ab8a,7f2c2c35a2de4624ad938147f73f271a,6,0,6,7f2c2c35a2de4624ad938147f73f271a->1eec93924a1046efbad70c851782ab8a,1.0,consistente,Trámites INAPI - Instituto Nacional de Propiedad Industrial,Registro Nacional de Mascotas y Animales de Compañía - Subsecretaría de Desarrollo Regional y Administrativo
6d52b87b5a964c61ad7e28afd9499f18,edd67e7adef0443982c72ffc4d55ca4a,6,4,2,6d52b87b5a964c61ad7e28afd9499f18->edd67e7adef0443982c72ffc4d55ca4a,0.6667,mixto,Mis Trámites CGR - Contraloría General de la República,Portal de Beneficios - Gendarmería de Chile
123,e9793e137f8c4928980c8de4aeb9e473,6,6,0,123->e9793e137f8c4928980c8de4aeb9e473,1.0,consistente,Registro Civil - SRCeI,Trámites Senadis - Servicio Nacional de la Discapacidad
347178b052294153af290d6a84589868,dfd423dde87b47d382b736a15a36ac68,6,4,2,347178b052294153af290d6a84589868->dfd423dde87b47d382b736a15a36ac68,0.6667,mixto,Mi Fiscalía en Línea - Ministerio Público,App La Florida - Municipalidad de La Florida
818d938a32ad4dc19cfd13f6575ddc5a,d602a0071f3f4db8b37a87cffd89bf23,6,4,2,818d938a32ad4dc19cfd13f6575ddc5a->d602a0071f3f4db8b37a87cffd89bf23,0.6667,mixto,SSO - Servicio Agricola y Ganadero,PJUD - PODER JUDICIAL
9a76efc4c34e4bd7843206658dc45454,b6a7ac98c6704aa6b6512efa5fa8dbfe,6,5,1,9a76efc4c34e4bd7843206658dc45454->b6a7ac98c6704aa6b6512efa5fa8dbfe,0.8333,mixto,Portal Ciudadano ClaveÚnica - Secretaría de Gobierno Digital,Corfo - Corporación de Fomento de la Producción
03bd6e11bc9246339a1812eb74331dd6,bc82f932b75d45728359269b4c43409d,6,3,3,03bd6e11bc9246339a1812eb74331dd6->bc82f932b75d45728359269b4c43409d,0.5,mixto,Buscador de Juicios - Contraloría General de la República,Escritorio Digital - Gobierno Regional de la Región de Valparaíso
888fb026b62d4a75920fe44a0af43ad4,94d27864f86d422faa68efccb908cc34,6,4,2,888fb026b62d4a75920fe44a0af43ad4->94d27864f86d422faa68efccb908cc34,0.6667,mixto,Subsecretaría de Transportes - Subsecretaría de Transportes,94d27864f86d422faa68efccb908cc34
2ff516ac74a44ebfa3a522adbde28a0f,399e7fc266894562850261cfbc06b992,6,0,6,399e7fc266894562850261cfbc06b992->2ff516ac74a44ebfa3a522adbde28a0f,1.0,consistente,E-Sign ClaveÚnica - ESIGN S.A.,Denuncia en Linea - Ministerio Público
6a322ad743e3464bae56d2d9b180078a,fdd7e5cf453e42d7b8cb2334d3a7bff9,6,2,4,fdd7e5cf453e42d7b8cb2334d3a7bff9->6a322ad743e3464bae56d2d9b180078a,0.6667,mixto,6a322ad743e3464bae56d2d9b180078a,Telesalud - Subsecretaría de Redes Asistenciales
79bvfghg9a0a8tm25d16sddg7d61d4710,b4206ac5e3224dfd900588a8f7caf95e,6,0,6,b4206ac5e3224dfd900588a8f7caf95e->79bvfghg9a0a8tm25d16sddg7d61d4710,1.0,consistente,Extranjeria - Secretaría de Gobierno Digital,FONASA - Portal Beneficiario - Fondo Nacional de Salud
3af2d18b09e6443fa289e956fc10669f,ae4caa1cb2154cac89440f3fe18251cb,6,5,1,3af2d18b09e6443fa289e956fc10669f->ae4caa1cb2154cac89440f3fe18251cb,0.8333,mixto,Red Movilidad - Subsecretaría de Transportes,Ingreso de causas y escritos - Corporación Administrativa del Poder Judicial
0de46482bc4d409c86f652534e4b47eb,91f3f86897ff4ae39e50cbd7035fa8af,6,6,0,0de46482bc4d409c86f652534e4b47eb->91f3f86897ff4ae39e50cbd7035fa8af,1.0,consistente,documentos - cyberdocs - Servicio Nacional del Patrimonio Cultural,APIs Receta Electrónica - Subsecretaría de Salud Pública
3f4344ca761e46d7ad97528d511e5566,eaf8f2b0ccd04cf2a7bfcf357fe88ca2,6,0,6,eaf8f2b0ccd04cf2a7bfcf357fe88ca2->3f4344ca761e46d7ad97528d511e5566,1.0,consistente,DP - Universidad de Talca - Universidad de Talca,Empleos Públicos - Servicio Civil
3752375735a74ae09881a820a0b7d394,74e60dc3bc26493d81088e4d322b7c39,6,0,6,74e60dc3bc26493d81088e4d322b7c39->3752375735a74ae09881a820a0b7d394,1.0,consistente,Solicitud de Pasavantes Online - Servicio Nacional de Aduanas,SignPass - BPO Advisors SpA
399e7fc266894562850261cfbc06b992,eaf8f2b0ccd04cf2a7bfcf357fe88ca2,6,0,6,eaf8f2b0ccd04cf2a7bfcf357fe88ca2->399e7fc266894562850261cfbc06b992,1.0,consistente,Denuncia en Linea - Ministerio Público,Empleos Públicos - Servicio Civil
347178b052294153af290d6a84589868,a7925c7ee6674a30ae9f3f4045785095,6,3,3,347178b052294153af290d6a84589868->a7925c7ee6674a30ae9f3f4045785095,0.5,mixto,Mi Fiscalía en Línea - Ministerio Público,Gestión Documental - Ilustre Municipalidad de Peñalolén
1eec93924a1046efbad70c851782ab8a,4f22549f9d3a443cb041c0e55395dbf1,6,6,0,1eec93924a1046efbad70c851782ab8a->4f22549f9d3a443cb041c0e55395dbf1,1.0,consistente,Trámites INAPI - Instituto Nacional de Propiedad Industrial,Comisaría Virtual Denuncias - Carabineros de Chile
94d27864f86d422faa68efccb908cc34,b4206ac5e3224dfd900588a8f7caf95e,6,4,2,94d27864f86d422faa68efccb908cc34->b4206ac5e3224dfd900588a8f7caf95e,0.6667,mixto,94d27864f86d422faa68efccb908cc34,FONASA - Portal Beneficiario - Fondo Nacional de Salud
79bvfghg9a0a8tm25d16sddg7d61d4710,7f2c2c35a2de4624ad938147f73f271a,6,4,2,79bvfghg9a0a8tm25d16sddg7d61d4710->7f2c2c35a2de4624ad938147f73f271a,0.6667,mixto,Extranjeria - Secretaría de Gobierno Digital,Registro Nacional de Mascotas y Animales de Compañía - Subsecretaría de Desarrollo Regional y Administrativo
3fe452aaa8d34bc58594aa37cfec3113,ed07316d9d6344a9ab11e8a41fdc413a,6,1,5,ed07316d9d6344a9ab11e8a41fdc413a->3fe452aaa8d34bc58594aa37cfec3113,0.8333,mixto,ZeCeroPapel - Municipalidad de San Pedro de Atacama,NEXTEO - Subsecretaría de Transportes
91f3f86897ff4ae39e50cbd7035fa8af,cc892c05f6d94315be2b7539e45b9170,6,2,4,cc892c05f6d94315be2b7539e45b9170->91f3f86897ff4ae39e50cbd7035fa8af,0.6667,mixto,APIs Receta Electrónica - Subsecretaría de Salud Pública,Ventanilla Única 2.0 - Ministerio del Medio Ambiente
2ae2ca1a377048a58815f54a432f8a21,75beb592846a4eb3a6859376d1e1063b,6,3,3,2ae2ca1a377048a58815f54a432f8a21->75beb592846a4eb3a6859376d1e1063b,0.5,mixto,Portal Paciente - Subsecretaría de Redes Asistenciales,Hospital En Tus Manos - Servicio Salud Antofagasta
64d9be8046574fbfbc1fb14c9912afea,8ba6d7f9bb7445ff96ffd06af5fa8c1e,6,0,6,8ba6d7f9bb7445ff96ffd06af5fa8c1e->64d9be8046574fbfbc1fb14c9912afea,1.0,consistente,ASDigital - Ministerio de salud,Gestión Sustentable - Servicio de Salud Atacama
2ae2ca1a377048a58815f54a432f8a21,cb9e2b9dd1cd44c5b7d4fdcfbbf3f5e0,6,6,0,2ae2ca1a377048a58815f54a432f8a21->cb9e2b9dd1cd44c5b7d4fdcfbbf3f5e0,1.0,consistente,Portal Paciente - Subsecretaría de Redes Asistenciales,Portal Usuario 2.0 - Subsecretaría de Justicia
29c30f56f89e411091836b8d999123ea,ee1016d1de3347b79368186e86dfc2c2,6,1,5,ee1016d1de3347b79368186e86dfc2c2->29c30f56f89e411091836b8d999123ea,0.8333,mixto,Dom Digital - MUNICIPALIDAD DE PUNTA ARENAS,DOM Digital - municipalidad de puerto montt
9c38d644320148d7a94a9a54f16e3431,fcba6a53824845da9d6330719f43a430,6,2,4,fcba6a53824845da9d6330719f43a430->9c38d644320148d7a94a9a54f16e3431,0.6667,mixto,Funcionarios - Fondos Comunidad - GORE Los Lagos - Gobierno Regional de la Región de Los Lagos,Intranet - Gobierno Regional de la Región de Los Lagos
1eab1f316fa94a29bceec6dc6d84f0bd,2a1ad7012aa3426ab2592dd06689329b,6,4,2,1eab1f316fa94a29bceec6dc6d84f0bd->2a1ad7012aa3426ab2592dd06689329b,0.6667,mixto,DOM DIGITAL QUILPUÉ - Municipalidad de Quilpué,dom-digital - Municipalidad de Valparaíso
4d03d39d09be4f3e8729c63f71edae8f,d602a0071f3f4db8b37a87cffd89bf23,6,5,1,4d03d39d09be4f3e8729c63f71edae8f->d602a0071f3f4db8b37a87cffd89bf23,0.8333,mixto,Dom Digital - Municipalidad de Panguipulli,PJUD - PODER JUDICIAL
6d52b87b5a964c61ad7e28afd9499f18,ae412e532f1a48428bd0c5ad1f02f816,6,3,3,6d52b87b5a964c61ad7e28afd9499f18->ae412e532f1a48428bd0c5ad1f02f816,0.5,mixto,Mis Trámites CGR - Contraloría General de la República,Sistema de gestión de licencia - Subsecretaría de Transportes
bf676d9b342d438d8bd0b02c718133af,cb9e2b9dd1cd44c5b7d4fdcfbbf3f5e0,6,6,0,bf676d9b342d438d8bd0b02c718133af->cb9e2b9dd1cd44c5b7d4fdcfbbf3f5e0,1.0,consistente,Firmador MOP - Subsecretaría de Obras Públicas,Portal Usuario 2.0 - Subsecretaría de Justicia
3e2a4d42827d43d0b90248199e58e98e,eaf8f2b0ccd04cf2a7bfcf357fe88ca2,6,3,3,3e2a4d42827d43d0b90248199e58e98e->eaf8f2b0ccd04cf2a7bfcf357fe88ca2,0.5,mixto,Mineduc-Ayudamineduc - Subsecretaría de Educación,Empleos Públicos - Servicio Civil
123,ea62071feb644e4e81394dfa5c500ff3,6,2,4,ea62071feb644e4e81394dfa5c500ff3->123,0.6667,mixto,Registro Civil - SRCeI,DIPRECA - Dirección de Previsión de Carabineros de Chile
123,ad571b40258e4862b37b31fbbe2d8ab5,6,0,6,ad571b40258e4862b37b31fbbe2d8ab5->123,1.0,consistente,Registro Civil - SRCeI,HOSPITAL DE IQUIQUE - Servicio de Salud Tarapacá
0b145fb41bc84dc58a5beb5b4ef11b17,b31017b848694be1b92f15c6dad1ca2c,6,6,0,0b145fb41bc84dc58a5beb5b4ef11b17->b31017b848694be1b92f15c6dad1ca2c,1.0,consistente,Servicios en linea - Caja de Previsión de la Defensa Nacional,Sanidad Naval - Sanidad Naval de la Armada de Chile
67339e06f4b44f78994ff4785178807a,abd6ab0229c643338812eb3a1707c053,6,2,4,abd6ab0229c643338812eb3a1707c053->67339e06f4b44f78994ff4785178807a,0.6667,mixto,Mercado+Público - Dirección de Compras y Contratación Pública,Gestor Documental Gore Antof. - Gobierno Regional de la Región de Antofagasta
569c7b3055084660b7d89fe87a1d6d37,d602a0071f3f4db8b37a87cffd89bf23,6,1,5,d602a0071f3f4db8b37a87cffd89bf23->569c7b3055084660b7d89fe87a1d6d37,0.8333,mixto,SIMPLE - CNR - Comisión Nacional de Riego,PJUD - PODER JUDICIAL
2ae2ca1a377048a58815f54a432f8a21,a7709b21161d459298dc5dc58e77310b,6,2,4,a7709b21161d459298dc5dc58e77310b->2ae2ca1a377048a58815f54a432f8a21,0.6667,mixto,Portal Paciente - Subsecretaría de Redes Asistenciales,DIPRECA - Dirección de Previsión de Carabineros de Chile
1510fbeac5394ee69a53cf64a7a093db,d602a0071f3f4db8b37a87cffd89bf23,6,4,2,1510fbeac5394ee69a53cf64a7a093db->d602a0071f3f4db8b37a87cffd89bf23,0.6667,mixto,1510fbeac5394ee69a53cf64a7a093db,PJUD - PODER JUDICIAL
94d27864f86d422faa68efccb908cc34,a53d759fed7840a1b00e8d903669e8a1,6,6,0,94d27864f86d422faa68efccb908cc34->a53d759fed7840a1b00e8d903669e8a1,1.0,consistente,94d27864f86d422faa68efccb908cc34,CasillaÚnica - Subsecretaría de Hacienda
94d27864f86d422faa68efccb908cc34,fd595f24910c4126b7398b3e081af528,6,4,2,94d27864f86d422faa68efccb908cc34->fd595f24910c4126b7398b3e081af528,0.6667,mixto,94d27864f86d422faa68efccb908cc34,Instituto Seguridad Laboral - Instituto Seguridad Laboral
ad571b40258e4862b37b31fbbe2d8ab5,c82f84bf3f2b451393445a0cb6883665,6,1,5,c82f84bf3f2b451393445a0cb6883665->ad571b40258e4862b37b31fbbe2d8ab5,0.8333,mixto,HOSPITAL DE IQUIQUE - Servicio de Salud Tarapacá,Ventanilla Única Social - Subsecretaría de Evaluación Social
c63d7e67e1f8454386089193582563ea,dd7629fec91f4599b3cf8c0dd0b984ac,6,2,4,dd7629fec91f4599b3cf8c0dd0b984ac->c63d7e67e1f8454386089193582563ea,0.6667,mixto,Campus Virtual - Subsecretaría de Evaluación Social,Sucursal Virtual FONASA - Fondo Nacional de Salud
01b56ab5b9be43e19fa06300994787ec,e5b8388e1275417395d526c566b0e1e8,6,4,2,01b56ab5b9be43e19fa06300994787ec->e5b8388e1275417395d526c566b0e1e8,0.6667,mixto,Bitácora Web - Ministerio Público,Servicio Nacional de Aduanas - Servicio Nacional de Aduanas
6a322ad743e3464bae56d2d9b180078a,cc892c05f6d94315be2b7539e45b9170,6,1,5,cc892c05f6d94315be2b7539e45b9170->6a322ad743e3464bae56d2d9b180078a,0.8333,mixto,6a322ad743e3464bae56d2d9b180078a,Ventanilla Única 2.0 - Ministerio del Medio Ambiente
14cc5dc0682d44fe99d2d91e1eaafac7,4060f34dc33042fda53efdfd0594b679,6,5,1,14cc5dc0682d44fe99d2d91e1eaafac7->4060f34dc33042fda53efdfd0594b679,0.8333,mixto,SIMPLE - Corporación Nacional de Desarrollo Indígena,Capacitación ChileCompra - Dirección ChileCompra
006b85a984e94ce88ddb035ec01b2d70,3346db58cd2d474fbcf63e827462b85d,6,4,2,006b85a984e94ce88ddb035ec01b2d70->3346db58cd2d474fbcf63e827462b85d,0.6667,mixto,006b85a984e94ce88ddb035ec01b2d70,Single Sign-On - Subsecretaría de Evaluación Social
035b14f7f84242ef8ca0e78b0352777d,91f3f86897ff4ae39e50cbd7035fa8af,6,3,3,035b14f7f84242ef8ca0e78b0352777d->91f3f86897ff4ae39e50cbd7035fa8af,0.5,mixto,035b14f7f84242ef8ca0e78b0352777d,APIs Receta Electrónica - Subsecretaría de Salud Pública
123,16ffe077cc1a4b11a19bea91abce6f9c,6,3,3,123->16ffe077cc1a4b11a19bea91abce6f9c,0.5,mixto,Registro Civil - SRCeI,SIMEF v5 - Subsecretaría de Justicia
7249a9adb1c343aba8db068dbe0c3795,dc821110e3f34bf3984d61955ced2e69,6,2,4,dc821110e3f34bf3984d61955ced2e69->7249a9adb1c343aba8db068dbe0c3795,0.6667,mixto,Simple Trámites - Subsecretaría de Evaluación Social,Licencia de Conducir Digital - Subsecretaría de Transportes
68b13a1228424526b43e2f78716efd3b,eaf8f2b0ccd04cf2a7bfcf357fe88ca2,6,1,5,eaf8f2b0ccd04cf2a7bfcf357fe88ca2->68b13a1228424526b43e2f78716efd3b,0.8333,mixto,Pagos Diario Oficial - Subsecretaría del Interior,Empleos Públicos - Servicio Civil
ae4caa1cb2154cac89440f3fe18251cb,b3b9221510904977b1c9f12ea7108119,6,1,5,b3b9221510904977b1c9f12ea7108119->ae4caa1cb2154cac89440f3fe18251cb,0.8333,mixto,Ingreso de causas y escritos - Corporación Administrativa del Poder Judicial,Contactanos DT - Dirección del Trabajo
638aea308ffb483198d5c1387e2cc017,ef1dd1f1a5b94d0eacb669f7b3ec2911,6,4,2,638aea308ffb483198d5c1387e2cc017->ef1dd1f1a5b94d0eacb669f7b3ec2911,0.6667,mixto,"Portal ""Mi SUPERIR"" - Superintendencia de Insolvencia y Reemprendimiento",Mi Crédito CAE - Comisión Administradora del Sistema de Créditos para Estudios Superiores
2ff516ac74a44ebfa3a522adbde28a0f,e9d3577612dd49c3b62b654e33dccefb,6,2,4,e9d3577612dd49c3b62b654e33dccefb->2ff516ac74a44ebfa3a522adbde28a0f,0.6667,mixto,E-Sign ClaveÚnica - ESIGN S.A.,AutenticacionAccesoParaFirma - Certinet S.A.
638aea308ffb483198d5c1387e2cc017,cb9e2b9dd1cd44c5b7d4fdcfbbf3f5e0,6,2,4,cb9e2b9dd1cd44c5b7d4fdcfbbf3f5e0->638aea308ffb483198d5c1387e2cc017,0.6667,mixto,"Portal ""Mi SUPERIR"" - Superintendencia de Insolvencia y Reemprendimiento",Portal Usuario 2.0 - Subsecretaría de Justicia
64d9be8046574fbfbc1fb14c9912afea,ef1dd1f1a5b94d0eacb669f7b3ec2911,6,1,5,ef1dd1f1a5b94d0eacb669f7b3ec2911->64d9be8046574fbfbc1fb14c9912afea,0.8333,mixto,ASDigital - Ministerio de salud,Mi Crédito CAE - Comisión Administradora del Sistema de Créditos para Estudios Superiores
41da80f6154c4d918166fc43862f5d78,638aea308ffb483198d5c1387e2cc017,6,3,3,41da80f6154c4d918166fc43862f5d78->638aea308ffb483198d5c1387e2cc017,0.5,mixto,Web Cajmetro - Corporación de Asistencia Judicial de la Región Metropolitana,"Portal ""Mi SUPERIR"" - Superintendencia de Insolvencia y Reemprendimiento"
67eb30db49f240b08ab2b3f422f92cdf,d6aaaa2099844868bb6a77f7e9567c91,6,2,4,d6aaaa2099844868bb6a77f7e9567c91->67eb30db49f240b08ab2b3f422f92cdf,0.6667,mixto,Portal MiDT - Dirección del Trabajo,Portal de Atención Ciudadana - Subsecretaría del Trabajo
399e7fc266894562850261cfbc06b992,c52ceac3693c4644bb20f07dd8aa7103,6,0,6,c52ceac3693c4644bb20f07dd8aa7103->399e7fc266894562850261cfbc06b992,1.0,consistente,Denuncia en Linea - Ministerio Público,Firma Electronica - Secretaría de Gobierno Digital
3a631284571347bf8acba49209e63034,dd7629fec91f4599b3cf8c0dd0b984ac,6,3,3,3a631284571347bf8acba49209e63034->dd7629fec91f4599b3cf8c0dd0b984ac,0.5,mixto,Gesparvu Junji - Junta Nacional de Jardines Infantiles,Sucursal Virtual FONASA - Fondo Nacional de Salud
9a76efc4c34e4bd7843206658dc45454,b3b9221510904977b1c9f12ea7108119,6,5,1,9a76efc4c34e4bd7843206658dc45454->b3b9221510904977b1c9f12ea7108119,0.8333,mixto,Portal Ciudadano ClaveÚnica - Secretaría de Gobierno Digital,Contactanos DT - Dirección del Trabajo
5cb622f7d39d4c06aa879b224170b552,9c9359fefd164d388f8a5edc2bac301e,6,3,3,5cb622f7d39d4c06aa879b224170b552->9c9359fefd164d388f8a5edc2bac301e,0.5,mixto,Intranet Rio Claro - Municipalidad de Río Claro,Contraloría - Contraloría General de la República
621f2d0c79d0499eb8e6a538feb08e37,d602a0071f3f4db8b37a87cffd89bf23,6,2,4,d602a0071f3f4db8b37a87cffd89bf23->621f2d0c79d0499eb8e6a538feb08e37,0.6667,mixto,SIMPLE - Gobierno Regional de Arica y Parinacota,PJUD - PODER JUDICIAL
1e801411cdbd40aa92ad0dfc09000f69,2549b51828ce40af920a932dd2102217,6,4,2,1e801411cdbd40aa92ad0dfc09000f69->2549b51828ce40af920a932dd2102217,0.6667,mixto,Intranet Navidad - Municipalidad de Navidad,undefined - Servicio de Impuestos Internos
1ad6835586034de0b29f4a402b182c6c,b31017b848694be1b92f15c6dad1ca2c,6,3,3,1ad6835586034de0b29f4a402b182c6c->b31017b848694be1b92f15c6dad1ca2c,0.5,mixto,Comisaría Virtual 2 - Carabineros de Chile,Sanidad Naval - Sanidad Naval de la Armada de Chile
74e60dc3bc26493d81088e4d322b7c39,b6a7ac98c6704aa6b6512efa5fa8dbfe,5,2,3,b6a7ac98c6704aa6b6512efa5fa8dbfe->74e60dc3bc26493d81088e4d322b7c39,0.6,mixto,SignPass - BPO Advisors SpA,Corfo - Corporación de Fomento de la Producción
52449c34bb1e47fe81802bf322dae8ee,e5b8388e1275417395d526c566b0e1e8,5,5,0,52449c34bb1e47fe81802bf322dae8ee->e5b8388e1275417395d526c566b0e1e8,1.0,consistente,bcm2.sii.cl - Servicio de Impuestos Internos,Servicio Nacional de Aduanas - Servicio Nacional de Aduanas
91f3f86897ff4ae39e50cbd7035fa8af,eb838855f2344f65a4c925df80cdcad5,5,0,5,eb838855f2344f65a4c925df80cdcad5->91f3f86897ff4ae39e50cbd7035fa8af,1.0,consistente,APIs Receta Electrónica - Subsecretaría de Salud Pública,Cero Filas SAG - Servicio Agrícola y Ganadero
16b1032179824088a8d42a4107c6a8f4,4830b97416a14d1485ccb85c9f9baa4e,5,0,5,4830b97416a14d1485ccb85c9f9baa4e->16b1032179824088a8d42a4107c6a8f4,1.0,consistente,Simulador de Pensiones - Subsecretaría de Previsión Social,Trámites SP - Superintendencia de Penssiones
4a94478dd25f4430a0a023b87e11170d,eb6b584fde4141aea5dafddee3e7ad4e,5,4,1,4a94478dd25f4430a0a023b87e11170d->eb6b584fde4141aea5dafddee3e7ad4e,0.8,mixto,Milicenciamedica.cl - Subsecretaría de Salud Pública,Listado de trámites digitales - Subsecretaría de Educación
399e7fc266894562850261cfbc06b992,496bbab1df6444cb9490051281608749,5,5,0,399e7fc266894562850261cfbc06b992->496bbab1df6444cb9490051281608749,1.0,consistente,Denuncia en Linea - Ministerio Público,SIMPLE - Secretaría de Gobierno Digital
0b145fb41bc84dc58a5beb5b4ef11b17,4a94478dd25f4430a0a023b87e11170d,5,1,4,4a94478dd25f4430a0a023b87e11170d->0b145fb41bc84dc58a5beb5b4ef11b17,0.8,mixto,Servicios en linea - Caja de Previsión de la Defensa Nacional,Milicenciamedica.cl - Subsecretaría de Salud Pública
30cee14d90f44924bfc69147c5f8b08f,c82f84bf3f2b451393445a0cb6883665,5,1,4,c82f84bf3f2b451393445a0cb6883665->30cee14d90f44924bfc69147c5f8b08f,0.8,mixto,Plataforma Atención Ciudadana de la Subsecretaría de Previsión Social - SUBSECRETARÍA DE PREVISIÓN SOCIAL,Ventanilla Única Social - Subsecretaría de Evaluación Social
9899614f0851477e80bbe21a9a30dd63,ae4caa1cb2154cac89440f3fe18251cb,5,5,0,9899614f0851477e80bbe21a9a30dd63->ae4caa1cb2154cac89440f3fe18251cb,1.0,consistente,DOM DIGITAL - Municipalidad de la Reina,Ingreso de causas y escritos - Corporación Administrativa del Poder Judicial
347178b052294153af290d6a84589868,ddf47b043bc04fa0bd7d61b8af3f9b2c,5,3,2,347178b052294153af290d6a84589868->ddf47b043bc04fa0bd7d61b8af3f9b2c,0.6,mixto,Mi Fiscalía en Línea - Ministerio Público,Autenticacion UChile - Universidad de Chile
64d9be8046574fbfbc1fb14c9912afea,f9894051ee6e40ad91d0cd53b2a8efc0,5,0,5,f9894051ee6e40ad91d0cd53b2a8efc0->64d9be8046574fbfbc1fb14c9912afea,1.0,consistente,ASDigital - Ministerio de salud,I. Municipalidad de Santiago - Municipalidad de Santiago
67eb30db49f240b08ab2b3f422f92cdf,e1a6055d78bf444e905bb069bae9b363,5,4,1,67eb30db49f240b08ab2b3f422f92cdf->e1a6055d78bf444e905bb069bae9b363,0.8,mixto,Portal MiDT - Dirección del Trabajo,Registro de Acuerdos con Plazo de Pago Excepcional - Subsecretaría de Economía y Empresas de Menor Tamaño
6d52b87b5a964c61ad7e28afd9499f18,e1669d0517f14a979d9a93159b4906b0,5,4,1,6d52b87b5a964c61ad7e28afd9499f18->e1669d0517f14a979d9a93159b4906b0,0.8,mixto,Mis Trámites CGR - Contraloría General de la República,Agenda Casino - Presidencia de la República
4a94478dd25f4430a0a023b87e11170d,78d2a80a1628414097285e5ece0cab12,5,0,5,78d2a80a1628414097285e5ece0cab12->4a94478dd25f4430a0a023b87e11170d,1.0,consistente,Milicenciamedica.cl - Subsecretaría de Salud Pública,78d2a80a1628414097285e5ece0cab12
3009f6f4befb498fbed7dbf1b189f47c,5492b6e4db6948aca469c21d05b18721,5,4,1,3009f6f4befb498fbed7dbf1b189f47c->5492b6e4db6948aca469c21d05b18721,0.8,mixto,Sistema Electrónico de Postulación - Comision Nacional de Riego,Ley del Lobby - Comisión para la Integridad PÚblica y Transparencia
c2f8201a4d224d81babdcea072e5cec4,cce309a83d0f482a829a610f1695bfee,5,2,3,cce309a83d0f482a829a610f1695bfee->c2f8201a4d224d81babdcea072e5cec4,0.6,mixto,https://tramites.subtel.gob.cl - Subsecretaría de Telecomunicaciones,CNTV Denuncias - Consejo Nacional de Televisión
123,44568175e9ff4fdcb98cd4e9d368ce11,5,0,5,44568175e9ff4fdcb98cd4e9d368ce11->123,1.0,consistente,Registro Civil - SRCeI,Sistema Integrado DAES - Subsecretaría de Economía y Empresas de Menor Tamaño
40fc9588a8e04b28852ec1163528bb8a,645a4f092abd49f0820b8a5507e3dea0,5,0,5,645a4f092abd49f0820b8a5507e3dea0->40fc9588a8e04b28852ec1163528bb8a,1.0,consistente,PAEx DGMN - Dirección General de Movilización Nacional,Sistema Servicios en línea - Caja de Previsión de la Defensa Nacional
86480a9f563349b1a2974d9f43548e59,a4db025d032f42578306d5461abdda40,5,3,2,86480a9f563349b1a2974d9f43548e59->a4db025d032f42578306d5461abdda40,0.6,mixto,Portal Pacientes HMS - Ejército de Chile,CAPREDENApp - Redin
025eebbc74ba4738b90c87e459ea29de,fea91b9f08cc4f54a295711a70734a22,5,0,5,fea91b9f08cc4f54a295711a70734a22->025eebbc74ba4738b90c87e459ea29de,1.0,consistente,Dom Digital Muni Coquimbo - Municipalidad de Coquimbo,fea91b9f08cc4f54a295711a70734a22
387ff07354a74657a44369e05d83234a,91f3f86897ff4ae39e50cbd7035fa8af,5,2,3,91f3f86897ff4ae39e50cbd7035fa8af->387ff07354a74657a44369e05d83234a,0.6,mixto,Nuevo Sitio Web FONASA - Fondo Nacional de Salud,APIs Receta Electrónica - Subsecretaría de Salud Pública
123,c599d10f1d6a441b9a1a297073d5bd31,5,3,2,123->c599d10f1d6a441b9a1a297073d5bd31,0.6,mixto,Registro Civil - SRCeI,Tramites Mineduc - Ministerio de Educación
2549b51828ce40af920a932dd2102217,e423b8339a57485d8b524937d93e4f44,5,1,4,e423b8339a57485d8b524937d93e4f44->2549b51828ce40af920a932dd2102217,0.8,mixto,undefined - Servicio de Impuestos Internos,SIMPLE - Gendarmería de Chile
3346db58cd2d474fbcf63e827462b85d,638aea308ffb483198d5c1387e2cc017,5,3,2,3346db58cd2d474fbcf63e827462b85d->638aea308ffb483198d5c1387e2cc017,0.6,mixto,Single Sign-On - Subsecretaría de Evaluación Social,"Portal ""Mi SUPERIR"" - Superintendencia de Insolvencia y Reemprendimiento"
7f2c2c35a2de4624ad938147f73f271a,86144f0d3b814c1d8c013f7aade6c55d,5,3,2,7f2c2c35a2de4624ad938147f73f271a->86144f0d3b814c1d8c013f7aade6c55d,0.6,mixto,Registro Nacional de Mascotas y Animales de Compañía - Subsecretaría de Desarrollo Regional y Administrativo,Sernac - Portal del consumidor - Servicio Nacional del Consumidor
123,b604d9c8d263477ba41af4264639c206,5,0,5,b604d9c8d263477ba41af4264639c206->123,1.0,consistente,Registro Civil - SRCeI,Reserva de Estacionamientos - Municipalidad de Santiago
5492b6e4db6948aca469c21d05b18721,59dd121f53ac44ddb03bf52488eec671,5,2,3,59dd121f53ac44ddb03bf52488eec671->5492b6e4db6948aca469c21d05b18721,0.6,mixto,Ley del Lobby - Comisión para la Integridad PÚblica y Transparencia,.SCSE. - Subsecretaría de Hacienda
8af63e063a2a42098caed55eeb24acf0,e8dde9d26979498786c6ba5a82f70ad3,5,5,0,8af63e063a2a42098caed55eeb24acf0->e8dde9d26979498786c6ba5a82f70ad3,1.0,consistente,Acceso Clave Unica UFRO - Universidad de La Frontera,"undefined - Sociedad Administradora de Fondos de Cesantía de Chile II S.A., AFC Chile"
4830b97416a14d1485ccb85c9f9baa4e,eaf8f2b0ccd04cf2a7bfcf357fe88ca2,5,0,5,eaf8f2b0ccd04cf2a7bfcf357fe88ca2->4830b97416a14d1485ccb85c9f9baa4e,1.0,consistente,Trámites SP - Superintendencia de Penssiones,Empleos Públicos - Servicio Civil
209ce526160947f0b398566cd4cbfd0d,21411e9ba57846ee958313d9f2f81177,5,0,5,21411e9ba57846ee958313d9f2f81177->209ce526160947f0b398566cd4cbfd0d,1.0,consistente,Portal de Aplicaciones Sence - Servicio Nacional de Capacitacion y Empleo,Prestador Bono electrónico - Fondo Nacional de Salud
ae4caa1cb2154cac89440f3fe18251cb,d901924d294640abb47dd412154610c7,5,0,5,d901924d294640abb47dd412154610c7->ae4caa1cb2154cac89440f3fe18251cb,1.0,consistente,Ingreso de causas y escritos - Corporación Administrativa del Poder Judicial,Intranet IM. de Coihueco - Municipalidad de Coihueco
173651d19b3e492cb6c27f74b9b1fe7e,9ae54d261e454c93ae1c2cdec0fd03e6,5,0,5,9ae54d261e454c93ae1c2cdec0fd03e6->173651d19b3e492cb6c27f74b9b1fe7e,1.0,consistente,173651d19b3e492cb6c27f74b9b1fe7e,Login certificado afiliacion - Fondo Nacional de Salud
64d9be8046574fbfbc1fb14c9912afea,f15bd4421f604ffbae3d627bef601546,5,5,0,64d9be8046574fbfbc1fb14c9912afea->f15bd4421f604ffbae3d627bef601546,1.0,consistente,ASDigital - Ministerio de salud,Transferencia de Archivos - Ministerio Público
347178b052294153af290d6a84589868,b03b7030f1014eb2bbc31b681f8ae2d7,5,2,3,b03b7030f1014eb2bbc31b681f8ae2d7->347178b052294153af290d6a84589868,0.6,mixto,Mi Fiscalía en Línea - Ministerio Público,Control Presupuesto - Instituto Nacional de la Juventud
5235b9f356954973a226cb6fc12c9d6e,6d52b87b5a964c61ad7e28afd9499f18,5,5,0,5235b9f356954973a226cb6fc12c9d6e->6d52b87b5a964c61ad7e28afd9499f18,1.0,consistente,Sistema Alta Dirección Pública - Dirección Nacional del Servicio Civil,Mis Trámites CGR - Contraloría General de la República
6daae6995cb245348bb2b5432ccc9948,74e60dc3bc26493d81088e4d322b7c39,5,4,1,6daae6995cb245348bb2b5432ccc9948->74e60dc3bc26493d81088e4d322b7c39,0.8,mixto,DIRECTEMAR - Dirección General del Territorio Marítimo y Marina Mercante,SignPass - BPO Advisors SpA
2549b51828ce40af920a932dd2102217,4ef0ced873174ee9afc306e414132c72,5,4,1,2549b51828ce40af920a932dd2102217->4ef0ced873174ee9afc306e414132c72,0.8,mixto,undefined - Servicio de Impuestos Internos,Carabineros de Chile - Cerofilas - Carabineros de Chile
1bb1657eb2eb43808f0529810258aa3b,2ae2ca1a377048a58815f54a432f8a21,5,1,4,2ae2ca1a377048a58815f54a432f8a21->1bb1657eb2eb43808f0529810258aa3b,0.8,mixto,Autenticación Sistemas DPP - Defensoría Penal Pública,Portal Paciente - Subsecretaría de Redes Asistenciales
1006a34f43ad4c308f0a57736ffd4eeb,2ae2ca1a377048a58815f54a432f8a21,5,1,4,2ae2ca1a377048a58815f54a432f8a21->1006a34f43ad4c308f0a57736ffd4eeb,0.8,mixto,1006a34f43ad4c308f0a57736ffd4eeb,Portal Paciente - Subsecretaría de Redes Asistenciales
e8dde9d26979498786c6ba5a82f70ad3,e9b4ca99b7054bc986bb0a057cf4e2e5,5,1,4,e9b4ca99b7054bc986bb0a057cf4e2e5->e8dde9d26979498786c6ba5a82f70ad3,0.8,mixto,"undefined - Sociedad Administradora de Fondos de Cesantía de Chile II S.A., AFC Chile",e9b4ca99b7054bc986bb0a057cf4e2e5
34acd5e31fc14060a1a96777113872bd,ffaec74bfd414f8394bab077a989e27f,5,2,3,ffaec74bfd414f8394bab077a989e27f->34acd5e31fc14060a1a96777113872bd,0.6,mixto,Postulación en línea DS1 - Subsecretaría de Vivienda y Urbanismo,miChileAtiende - Instituto de Previsión Social
3d639e0a581e4afbbc3976eed669f5c6,c5b83bbfa22c4c31a5743485b4c6e524,5,1,4,c5b83bbfa22c4c31a5743485b4c6e524->3d639e0a581e4afbbc3976eed669f5c6,0.8,mixto,Mi Portal de Emprendimiento - Subsecretaría de Evaluación Social,Bolsa Nacional de Empleo - Subsecretaría del Trabajo
8b6597a56ec4424ca8d71fdfd2827ff9,dcd0b6134a8846c1ac7171f8530945ab,5,1,4,dcd0b6134a8846c1ac7171f8530945ab->8b6597a56ec4424ca8d71fdfd2827ff9,0.8,mixto,DOM DIGITAL - Municipalidad de Curicó,Identidad Única - Ministerio de Vivienda y Urbanismo - Subsecretaría de Vivienda y Urbanismo
ae4caa1cb2154cac89440f3fe18251cb,cd28f604c0b947398b97af66908be0b6,5,4,1,ae4caa1cb2154cac89440f3fe18251cb->cd28f604c0b947398b97af66908be0b6,0.8,mixto,Ingreso de causas y escritos - Corporación Administrativa del Poder Judicial,TDLC Chile - Tribunal de Defensa de la Libre Competencia
495c261c0f484bd08e232f7358452c4d,5235b9f356954973a226cb6fc12c9d6e,5,3,2,495c261c0f484bd08e232f7358452c4d->5235b9f356954973a226cb6fc12c9d6e,0.6,mixto,undefined - Comisión para el Mercado Financiero,Sistema Alta Dirección Pública - Dirección Nacional del Servicio Civil
88d08ee1a5384a7fbe4bfddb8928ce82,a3d2f5bccc104cf6bdd3817c86236b0e,5,2,3,a3d2f5bccc104cf6bdd3817c86236b0e->88d08ee1a5384a7fbe4bfddb8928ce82,0.6,mixto,Sistema Midas - Subsecretaría de Salud Pública,Sistema Ambiente Proveedores - Central de Abastecimiento del Sistema Nacional de Servicios de Salud
0a750e36725e495ba32bd43a5f170724,e8dde9d26979498786c6ba5a82f70ad3,5,5,0,0a750e36725e495ba32bd43a5f170724->e8dde9d26979498786c6ba5a82f70ad3,1.0,consistente,FUAS-Mineduc - Subsecretaría de Educación,"undefined - Sociedad Administradora de Fondos de Cesantía de Chile II S.A., AFC Chile"
4f22549f9d3a443cb041c0e55395dbf1,cb9e2b9dd1cd44c5b7d4fdcfbbf3f5e0,5,3,2,4f22549f9d3a443cb041c0e55395dbf1->cb9e2b9dd1cd44c5b7d4fdcfbbf3f5e0,0.6,mixto,Comisaría Virtual Denuncias - Carabineros de Chile,Portal Usuario 2.0 - Subsecretaría de Justicia
0f33ab6447034fe49d1629353a119e47,9ae54d261e454c93ae1c2cdec0fd03e6,5,3,2,0f33ab6447034fe49d1629353a119e47->9ae54d261e454c93ae1c2cdec0fd03e6,0.6,mixto,Superintendencia en Línea - Mi Portal - Superintendencia de Seguridad Social,Login certificado afiliacion - Fondo Nacional de Salud
123,9f3c39663dac4e6791811016adc217da,5,2,3,9f3c39663dac4e6791811016adc217da->123,0.6,mixto,Registro Civil - SRCeI,"Sistema Cuenta Cultura - Ministerio de las Culturas, las Artes y el Patrimonio"
9f88dc88029e42d3a5b082ab396be6d3,fb3957569a8d49528c3571bcb4703f55,5,3,2,9f88dc88029e42d3a5b082ab396be6d3->fb3957569a8d49528c3571bcb4703f55,0.6,mixto,Sistema de Postulación Único - Carabineros de Chile,MINVU - Subsecretaría de Vivienda y Urbanismo
1ad6835586034de0b29f4a402b182c6c,6a91c10b9e8341afbd387fb72bab3cf7,5,5,0,1ad6835586034de0b29f4a402b182c6c->6a91c10b9e8341afbd387fb72bab3cf7,1.0,consistente,Comisaría Virtual 2 - Carabineros de Chile,Comisión de Medicina Preventiva e Invalidez - Subsecretaría de Salud Pública
2ae2ca1a377048a58815f54a432f8a21,ae09dafa2f8e427ba37c7a8afef6d154,5,2,3,ae09dafa2f8e427ba37c7a8afef6d154->2ae2ca1a377048a58815f54a432f8a21,0.6,mixto,Portal Paciente - Subsecretaría de Redes Asistenciales,HbvConnect - Hospital Base Valdivia
4a94478dd25f4430a0a023b87e11170d,b6a7ac98c6704aa6b6512efa5fa8dbfe,5,1,4,b6a7ac98c6704aa6b6512efa5fa8dbfe->4a94478dd25f4430a0a023b87e11170d,0.8,mixto,Milicenciamedica.cl - Subsecretaría de Salud Pública,Corfo - Corporación de Fomento de la Producción
123,331cb18d7d51484fb07794a30ddbef6e,5,3,2,123->331cb18d7d51484fb07794a30ddbef6e,0.6,mixto,Registro Civil - SRCeI,Docentes para Chile - Subsecretaría de Educación
3d639e0a581e4afbbc3976eed669f5c6,eaf8f2b0ccd04cf2a7bfcf357fe88ca2,5,3,2,3d639e0a581e4afbbc3976eed669f5c6->eaf8f2b0ccd04cf2a7bfcf357fe88ca2,0.6,mixto,Mi Portal de Emprendimiento - Subsecretaría de Evaluación Social,Empleos Públicos - Servicio Civil
cb9e2b9dd1cd44c5b7d4fdcfbbf3f5e0,d74a389b77734996ba37fa61a0d08341,5,2,3,d74a389b77734996ba37fa61a0d08341->cb9e2b9dd1cd44c5b7d4fdcfbbf3f5e0,0.6,mixto,Portal Usuario 2.0 - Subsecretaría de Justicia,DECLARACION JURADA - Servicio Agrícola y Ganadero
1eec93924a1046efbad70c851782ab8a,b9e3f79c40594953af24e9a43eba4e0c,5,3,2,1eec93924a1046efbad70c851782ab8a->b9e3f79c40594953af24e9a43eba4e0c,0.6,mixto,Trámites INAPI - Instituto Nacional de Propiedad Industrial,e-Digital - E-Digital PKI SpA.
209ce526160947f0b398566cd4cbfd0d,62a5285108824e269a3fa09e9c233440,5,1,4,62a5285108824e269a3fa09e9c233440->209ce526160947f0b398566cd4cbfd0d,0.8,mixto,Portal de Aplicaciones Sence - Servicio Nacional de Capacitacion y Empleo,SEC - Atención Ciudadana - Superintendencia de Electricidad y Combustibles
b7c988fa6132435480b57f66696827fd,cb9e2b9dd1cd44c5b7d4fdcfbbf3f5e0,5,5,0,b7c988fa6132435480b57f66696827fd->cb9e2b9dd1cd44c5b7d4fdcfbbf3f5e0,1.0,consistente,Pase Cultural - Subsecretaría de Evaluación Social,Portal Usuario 2.0 - Subsecretaría de Justicia
c5b83bbfa22c4c31a5743485b4c6e524,ef1dd1f1a5b94d0eacb669f7b3ec2911,5,1,4,ef1dd1f1a5b94d0eacb669f7b3ec2911->c5b83bbfa22c4c31a5743485b4c6e524,0.8,mixto,Bolsa Nacional de Empleo - Subsecretaría del Trabajo,Mi Crédito CAE - Comisión Administradora del Sistema de Créditos para Estudios Superiores
ef1dd1f1a5b94d0eacb669f7b3ec2911,f883bd6d70b043a09837e8b888fe3f65,5,2,3,f883bd6d70b043a09837e8b888fe3f65->ef1dd1f1a5b94d0eacb669f7b3ec2911,0.6,mixto,Mi Crédito CAE - Comisión Administradora del Sistema de Créditos para Estudios Superiores,undefined - Subsecretaría de Economía y Empresas de Menor Tamaño
6a91c10b9e8341afbd387fb72bab3cf7,bf676d9b342d438d8bd0b02c718133af,5,4,1,6a91c10b9e8341afbd387fb72bab3cf7->bf676d9b342d438d8bd0b02c718133af,0.8,mixto,Comisión de Medicina Preventiva e Invalidez - Subsecretaría de Salud Pública,Firmador MOP - Subsecretaría de Obras Públicas
2ae2ca1a377048a58815f54a432f8a21,ef1dd1f1a5b94d0eacb669f7b3ec2911,5,2,3,ef1dd1f1a5b94d0eacb669f7b3ec2911->2ae2ca1a377048a58815f54a432f8a21,0.6,mixto,Portal Paciente - Subsecretaría de Redes Asistenciales,Mi Crédito CAE - Comisión Administradora del Sistema de Créditos para Estudios Superiores
627ac9455953497b8a19f1996a74b1e6,d6d4327ae40445518a3c8a6e62137cd6,5,0,5,d6d4327ae40445518a3c8a6e62137cd6->627ac9455953497b8a19f1996a74b1e6,1.0,consistente,Plataforma de Notificaciones Demo - Subsecretaría de Hacienda,Gobierno Digital Simple - Secretaría de Gobierno Digital
495c261c0f484bd08e232f7358452c4d,c13d78fe65b94d05ad83b59494767b9f,5,1,4,c13d78fe65b94d05ad83b59494767b9f->495c261c0f484bd08e232f7358452c4d,0.8,mixto,undefined - Comisión para el Mercado Financiero,Beneficios Personal - Gendarmería de Chile
6a322ad743e3464bae56d2d9b180078a,d0b1e3a4c2434e65be47566dcc3e2ee0,5,3,2,6a322ad743e3464bae56d2d9b180078a->d0b1e3a4c2434e65be47566dcc3e2ee0,0.6,mixto,6a322ad743e3464bae56d2d9b180078a,Municipalidad de Los Angeles - Ilustre Municipalidad de Los Angeles
b6a7ac98c6704aa6b6512efa5fa8dbfe,d74a389b77734996ba37fa61a0d08341,5,4,1,b6a7ac98c6704aa6b6512efa5fa8dbfe->d74a389b77734996ba37fa61a0d08341,0.8,mixto,Corfo - Corporación de Fomento de la Producción,DECLARACION JURADA - Servicio Agrícola y Ganadero
6a91c10b9e8341afbd387fb72bab3cf7,ef1dd1f1a5b94d0eacb669f7b3ec2911,5,2,3,ef1dd1f1a5b94d0eacb669f7b3ec2911->6a91c10b9e8341afbd387fb72bab3cf7,0.6,mixto,Comisión de Medicina Preventiva e Invalidez - Subsecretaría de Salud Pública,Mi Crédito CAE - Comisión Administradora del Sistema de Créditos para Estudios Superiores
02f0f8beb94542deac503efd6a774262,2ae2ca1a377048a58815f54a432f8a21,5,5,0,02f0f8beb94542deac503efd6a774262->2ae2ca1a377048a58815f54a432f8a21,1.0,consistente,SSMSO - Servicio de Salud Sur Oriente,Portal Paciente - Subsecretaría de Redes Asistenciales
02f0f8beb94542deac503efd6a774262,0faae9b6b5084555a1873eff484b4d9c,5,4,1,02f0f8beb94542deac503efd6a774262->0faae9b6b5084555a1873eff484b4d9c,0.8,mixto,SSMSO - Servicio de Salud Sur Oriente,Agendamiento Licencia Conducir - Municipalidad de Puente Alto
209ce526160947f0b398566cd4cbfd0d,fb944d98fea445bda57de000993d3e25,5,1,4,fb944d98fea445bda57de000993d3e25->209ce526160947f0b398566cd4cbfd0d,0.8,mixto,Portal de Aplicaciones Sence - Servicio Nacional de Capacitacion y Empleo,Accede a tu Portal Paciente - Servicio de Salud Maule
18bec3e707784a978d9d89f2967f87de,6a322ad743e3464bae56d2d9b180078a,5,1,4,6a322ad743e3464bae56d2d9b180078a->18bec3e707784a978d9d89f2967f87de,0.8,mixto,SERVEL- RENDICION - Servicio Electoral,6a322ad743e3464bae56d2d9b180078a
b972e814004e4624a566f308901cca7c,d78965c7cc7241de9494df4348e86691,5,2,3,d78965c7cc7241de9494df4348e86691->b972e814004e4624a566f308901cca7c,0.6,mixto,DocDigital Versión 3 - Subsecretaría General de la Presidencia de la República,Gestor Documental SSMS - Servicio de Salud Metropolitano Sur
5492b6e4db6948aca469c21d05b18721,8c4b94e7835b495e90eeca57d62cd1ff,5,3,2,5492b6e4db6948aca469c21d05b18721->8c4b94e7835b495e90eeca57d62cd1ff,0.6,mixto,Ley del Lobby - Comisión para la Integridad PÚblica y Transparencia,Intranet SEIM - Subsecretaría de Transportes
2549b51828ce40af920a932dd2102217,b3eb39eeec084dcd92806f5f6081e175,5,3,2,2549b51828ce40af920a932dd2102217->b3eb39eeec084dcd92806f5f6081e175,0.6,mixto,undefined - Servicio de Impuestos Internos,munimelipilla ceropapel - Municipalidad de Melipilla
123,dd53a3b5cb47459482a47afc5202b516,5,1,4,dd53a3b5cb47459482a47afc5202b516->123,0.8,mixto,Registro Civil - SRCeI,dd53a3b5cb47459482a47afc5202b516
67eb30db49f240b08ab2b3f422f92cdf,b972e814004e4624a566f308901cca7c,5,1,4,b972e814004e4624a566f308901cca7c->67eb30db49f240b08ab2b3f422f92cdf,0.8,mixto,Portal MiDT - Dirección del Trabajo,DocDigital Versión 3 - Subsecretaría General de la Presidencia de la República
51e1587ac2364f19bb4a9344841af223,64d9be8046574fbfbc1fb14c9912afea,5,4,1,51e1587ac2364f19bb4a9344841af223->64d9be8046574fbfbc1fb14c9912afea,0.8,mixto,www.sii.cl - Servicio de Impuestos Internos,ASDigital - Ministerio de salud
1bb1657eb2eb43808f0529810258aa3b,44568175e9ff4fdcb98cd4e9d368ce11,5,4,1,1bb1657eb2eb43808f0529810258aa3b->44568175e9ff4fdcb98cd4e9d368ce11,0.8,mixto,Autenticación Sistemas DPP - Defensoría Penal Pública,Sistema Integrado DAES - Subsecretaría de Economía y Empresas de Menor Tamaño
02f0f8beb94542deac503efd6a774262,88d08ee1a5384a7fbe4bfddb8928ce82,5,1,4,88d08ee1a5384a7fbe4bfddb8928ce82->02f0f8beb94542deac503efd6a774262,0.8,mixto,SSMSO - Servicio de Salud Sur Oriente,Sistema Midas - Subsecretaría de Salud Pública
4a94478dd25f4430a0a023b87e11170d,c39e8d94c06848008c0f7db6d3708af9,5,2,3,c39e8d94c06848008c0f7db6d3708af9->4a94478dd25f4430a0a023b87e11170d,0.6,mixto,Milicenciamedica.cl - Subsecretaría de Salud Pública,Subsecretaría de Vivienda y Urbanismo - Cerofilas - Subsecretaría de Vivienda y Urbanismo
2549b51828ce40af920a932dd2102217,c567f19e4b0b409491faa28b331bf1d3,5,3,2,2549b51828ce40af920a932dd2102217->c567f19e4b0b409491faa28b331bf1d3,0.6,mixto,undefined - Servicio de Impuestos Internos,c567f19e4b0b409491faa28b331bf1d3
6e12533e73a048efa8bcc0a30f2b7684,b4206ac5e3224dfd900588a8f7caf95e,5,2,3,b4206ac5e3224dfd900588a8f7caf95e->6e12533e73a048efa8bcc0a30f2b7684,0.6,mixto,Dirección General de Movilización Nacional - Dirección General de Movilización Nacional,FONASA - Portal Beneficiario - Fondo Nacional de Salud
025eebbc74ba4738b90c87e459ea29de,d602a0071f3f4db8b37a87cffd89bf23,5,1,4,d602a0071f3f4db8b37a87cffd89bf23->025eebbc74ba4738b90c87e459ea29de,0.8,mixto,Dom Digital Muni Coquimbo - Municipalidad de Coquimbo,PJUD - PODER JUDICIAL
2549b51828ce40af920a932dd2102217,80d8324451a74ae887a93c2bee8b5d3d,5,0,5,80d8324451a74ae887a93c2bee8b5d3d->2549b51828ce40af920a932dd2102217,1.0,consistente,undefined - Servicio de Impuestos Internos,TRAYECTORIAS EDUCATIVAS (SPTE) - Subsecretaría de Educación
495c261c0f484bd08e232f7358452c4d,eae6a8d122774db4ba88162a875db6a6,5,0,5,eae6a8d122774db4ba88162a875db6a6->495c261c0f484bd08e232f7358452c4d,1.0,consistente,undefined - Comisión para el Mercado Financiero,Recetas en línea - Acceso Químico farmacéutico - Subsecretaría de Salud Pública
3009f6f4befb498fbed7dbf1b189f47c,91f3f86897ff4ae39e50cbd7035fa8af,5,5,0,3009f6f4befb498fbed7dbf1b189f47c->91f3f86897ff4ae39e50cbd7035fa8af,1.0,consistente,Sistema Electrónico de Postulación - Comision Nacional de Riego,APIs Receta Electrónica - Subsecretaría de Salud Pública
55c1817c84554dc881bc439a4b00abed,6a322ad743e3464bae56d2d9b180078a,5,1,4,6a322ad743e3464bae56d2d9b180078a->55c1817c84554dc881bc439a4b00abed,0.8,mixto,Municipalidad de Colina - Municipalidad de Colina,6a322ad743e3464bae56d2d9b180078a
9a76efc4c34e4bd7843206658dc45454,c567f19e4b0b409491faa28b331bf1d3,5,4,1,9a76efc4c34e4bd7843206658dc45454->c567f19e4b0b409491faa28b331bf1d3,0.8,mixto,Portal Ciudadano ClaveÚnica - Secretaría de Gobierno Digital,c567f19e4b0b409491faa28b331bf1d3
80d8324451a74ae887a93c2bee8b5d3d,b972e814004e4624a566f308901cca7c,5,0,5,b972e814004e4624a566f308901cca7c->80d8324451a74ae887a93c2bee8b5d3d,1.0,consistente,TRAYECTORIAS EDUCATIVAS (SPTE) - Subsecretaría de Educación,DocDigital Versión 3 - Subsecretaría General de la Presidencia de la República
0f33ab6447034fe49d1629353a119e47,4060f34dc33042fda53efdfd0594b679,5,2,3,4060f34dc33042fda53efdfd0594b679->0f33ab6447034fe49d1629353a119e47,0.6,mixto,Superintendencia en Línea - Mi Portal - Superintendencia de Seguridad Social,Capacitación ChileCompra - Dirección ChileCompra
123,463f33b89c2c4f13aa89f8f5d5096d6a,5,3,2,123->463f33b89c2c4f13aa89f8f5d5096d6a,0.6,mixto,Registro Civil - SRCeI,Extranet IMVallenar - Municipalidad de Vallenar
387ff07354a74657a44369e05d83234a,4a94478dd25f4430a0a023b87e11170d,5,5,0,387ff07354a74657a44369e05d83234a->4a94478dd25f4430a0a023b87e11170d,1.0,consistente,Nuevo Sitio Web FONASA - Fondo Nacional de Salud,Milicenciamedica.cl - Subsecretaría de Salud Pública
0a750e36725e495ba32bd43a5f170724,94d27864f86d422faa68efccb908cc34,5,4,1,0a750e36725e495ba32bd43a5f170724->94d27864f86d422faa68efccb908cc34,0.8,mixto,FUAS-Mineduc - Subsecretaría de Educación,94d27864f86d422faa68efccb908cc34
dd7629fec91f4599b3cf8c0dd0b984ac,de90d8af20f547aaa9b3300c76251188,5,3,2,dd7629fec91f4599b3cf8c0dd0b984ac->de90d8af20f547aaa9b3300c76251188,0.6,mixto,Sucursal Virtual FONASA - Fondo Nacional de Salud,Postulación en línea DS49 - Subsecretaría de Vivienda y Urbanismo
0f33ab6447034fe49d1629353a119e47,3346db58cd2d474fbcf63e827462b85d,5,2,3,3346db58cd2d474fbcf63e827462b85d->0f33ab6447034fe49d1629353a119e47,0.6,mixto,Superintendencia en Línea - Mi Portal - Superintendencia de Seguridad Social,Single Sign-On - Subsecretaría de Evaluación Social
6daae6995cb245348bb2b5432ccc9948,bf676d9b342d438d8bd0b02c718133af,5,0,5,bf676d9b342d438d8bd0b02c718133af->6daae6995cb245348bb2b5432ccc9948,1.0,consistente,DIRECTEMAR - Dirección General del Territorio Marítimo y Marina Mercante,Firmador MOP - Subsecretaría de Obras Públicas
94d27864f86d422faa68efccb908cc34,b6a7ac98c6704aa6b6512efa5fa8dbfe,5,3,2,94d27864f86d422faa68efccb908cc34->b6a7ac98c6704aa6b6512efa5fa8dbfe,0.6,mixto,94d27864f86d422faa68efccb908cc34,Corfo - Corporación de Fomento de la Producción
4a94478dd25f4430a0a023b87e11170d,86480a9f563349b1a2974d9f43548e59,5,5,0,4a94478dd25f4430a0a023b87e11170d->86480a9f563349b1a2974d9f43548e59,1.0,consistente,Milicenciamedica.cl - Subsecretaría de Salud Pública,Portal Pacientes HMS - Ejército de Chile
67eb30db49f240b08ab2b3f422f92cdf,f2eaffaf45b84b9c8e39cc303a97e9d7,5,2,3,f2eaffaf45b84b9c8e39cc303a97e9d7->67eb30db49f240b08ab2b3f422f92cdf,0.6,mixto,Portal MiDT - Dirección del Trabajo,SIMPLE - Secretaría de Gobierno Digital
123,c06dcb061aed4e85bfb713760c77034b,5,4,1,123->c06dcb061aed4e85bfb713760c77034b,0.8,mixto,Registro Civil - SRCeI,RUN Back Office - Servicio de Registro Civil e Identificación
03bd6e11bc9246339a1812eb74331dd6,2549b51828ce40af920a932dd2102217,5,2,3,2549b51828ce40af920a932dd2102217->03bd6e11bc9246339a1812eb74331dd6,0.6,mixto,Buscador de Juicios - Contraloría General de la República,undefined - Servicio de Impuestos Internos
cc892c05f6d94315be2b7539e45b9170,eaf8f2b0ccd04cf2a7bfcf357fe88ca2,5,1,4,eaf8f2b0ccd04cf2a7bfcf357fe88ca2->cc892c05f6d94315be2b7539e45b9170,0.8,mixto,Ventanilla Única 2.0 - Ministerio del Medio Ambiente,Empleos Públicos - Servicio Civil
ae412e532f1a48428bd0c5ad1f02f816,e16bdf2168e144d396be917a93114bfa,5,0,5,e16bdf2168e144d396be917a93114bfa->ae412e532f1a48428bd0c5ad1f02f816,1.0,consistente,Sistema de gestión de licencia - Subsecretaría de Transportes,Intranet Municipalidad Osorno - Municipalidad de Osorno
4830b97416a14d1485ccb85c9f9baa4e,cb9e2b9dd1cd44c5b7d4fdcfbbf3f5e0,5,5,0,4830b97416a14d1485ccb85c9f9baa4e->cb9e2b9dd1cd44c5b7d4fdcfbbf3f5e0,1.0,consistente,Trámites SP - Superintendencia de Penssiones,Portal Usuario 2.0 - Subsecretaría de Justicia
55c1817c84554dc881bc439a4b00abed,ee00832abfba40b38335ce48a12981b5,5,4,1,55c1817c84554dc881bc439a4b00abed->ee00832abfba40b38335ce48a12981b5,0.8,mixto,Municipalidad de Colina - Municipalidad de Colina,Autenticacion Nube  Privada - Servicio de Impuestos Internos
4830b97416a14d1485ccb85c9f9baa4e,ae54454684154c25bd33c6e04609652b,5,2,3,ae54454684154c25bd33c6e04609652b->4830b97416a14d1485ccb85c9f9baa4e,0.6,mixto,Trámites SP - Superintendencia de Penssiones,Sistema de Apelación Contra de Isapres - Subsecretaría de Salud Pública
2ff516ac74a44ebfa3a522adbde28a0f,fba5ab8c38d3426492c31c99ad569bdb,5,3,2,2ff516ac74a44ebfa3a522adbde28a0f->fba5ab8c38d3426492c31c99ad569bdb,0.6,mixto,E-Sign ClaveÚnica - ESIGN S.A.,Oficina Judicial Virtual Tribunales Tributarios y Aduaneros - Unidad Administradora de Tribunales Tributarios y Aduaneros
347178b052294153af290d6a84589868,a7709b21161d459298dc5dc58e77310b,5,5,0,347178b052294153af290d6a84589868->a7709b21161d459298dc5dc58e77310b,1.0,consistente,Mi Fiscalía en Línea - Ministerio Público,DIPRECA - Dirección de Previsión de Carabineros de Chile
495c261c0f484bd08e232f7358452c4d,ac8e668f620b403b9ccc6486c0e365c7,5,0,5,ac8e668f620b403b9ccc6486c0e365c7->495c261c0f484bd08e232f7358452c4d,1.0,consistente,undefined - Comisión para el Mercado Financiero,ac8e668f620b403b9ccc6486c0e365c7
4a94478dd25f4430a0a023b87e11170d,6e12533e73a048efa8bcc0a30f2b7684,5,2,3,6e12533e73a048efa8bcc0a30f2b7684->4a94478dd25f4430a0a023b87e11170d,0.6,mixto,Milicenciamedica.cl - Subsecretaría de Salud Pública,Dirección General de Movilización Nacional - Dirección General de Movilización Nacional
64d9be8046574fbfbc1fb14c9912afea,d254feea701346a399887b9fe59ac61a,5,1,4,d254feea701346a399887b9fe59ac61a->64d9be8046574fbfbc1fb14c9912afea,0.8,mixto,ASDigital - Ministerio de salud,Plataforma de Telemedicina - Subsecretaría de Redes Asistenciales
6d52b87b5a964c61ad7e28afd9499f18,abd6ab0229c643338812eb3a1707c053,5,1,4,abd6ab0229c643338812eb3a1707c053->6d52b87b5a964c61ad7e28afd9499f18,0.8,mixto,Mis Trámites CGR - Contraloría General de la República,Gestor Documental Gore Antof. - Gobierno Regional de la Región de Antofagasta
9c503a3a614d483f8feb0de5edd9a9ba,d602a0071f3f4db8b37a87cffd89bf23,5,3,2,9c503a3a614d483f8feb0de5edd9a9ba->d602a0071f3f4db8b37a87cffd89bf23,0.6,mixto,COMPIN Licencias Medicas - Subsecretaría de Salud Pública,PJUD - PODER JUDICIAL
0de46482bc4d409c86f652534e4b47eb,495c261c0f484bd08e232f7358452c4d,5,4,1,0de46482bc4d409c86f652534e4b47eb->495c261c0f484bd08e232f7358452c4d,0.8,mixto,documentos - cyberdocs - Servicio Nacional del Patrimonio Cultural,undefined - Comisión para el Mercado Financiero
4a94478dd25f4430a0a023b87e11170d,6bcf44d8a73c473cb78f0cb92508a232,5,3,2,4a94478dd25f4430a0a023b87e11170d->6bcf44d8a73c473cb78f0cb92508a232,0.6,mixto,Milicenciamedica.cl - Subsecretaría de Salud Pública,6bcf44d8a73c473cb78f0cb92508a232
14cc5dc0682d44fe99d2d91e1eaafac7,c52ceac3693c4644bb20f07dd8aa7103,5,5,0,14cc5dc0682d44fe99d2d91e1eaafac7->c52ceac3693c4644bb20f07dd8aa7103,1.0,consistente,SIMPLE - Corporación Nacional de Desarrollo Indígena,Firma Electronica - Secretaría de Gobierno Digital
6daae6995cb245348bb2b5432ccc9948,eaf8f2b0ccd04cf2a7bfcf357fe88ca2,5,1,4,eaf8f2b0ccd04cf2a7bfcf357fe88ca2->6daae6995cb245348bb2b5432ccc9948,0.8,mixto,DIRECTEMAR - Dirección General del Territorio Marítimo y Marina Mercante,Empleos Públicos - Servicio Civil
86144f0d3b814c1d8c013f7aade6c55d,9ae54d261e454c93ae1c2cdec0fd03e6,5,5,0,86144f0d3b814c1d8c013f7aade6c55d->9ae54d261e454c93ae1c2cdec0fd03e6,1.0,consistente,Sernac - Portal del consumidor - Servicio Nacional del Consumidor,Login certificado afiliacion - Fondo Nacional de Salud
2549b51828ce40af920a932dd2102217,ddf47b043bc04fa0bd7d61b8af3f9b2c,5,4,1,2549b51828ce40af920a932dd2102217->ddf47b043bc04fa0bd7d61b8af3f9b2c,0.8,mixto,undefined - Servicio de Impuestos Internos,Autenticacion UChile - Universidad de Chile
40fc9588a8e04b28852ec1163528bb8a,e8dde9d26979498786c6ba5a82f70ad3,5,2,3,e8dde9d26979498786c6ba5a82f70ad3->40fc9588a8e04b28852ec1163528bb8a,0.6,mixto,PAEx DGMN - Dirección General de Movilización Nacional,"undefined - Sociedad Administradora de Fondos de Cesantía de Chile II S.A., AFC Chile"
9a76efc4c34e4bd7843206658dc45454,c39e8d94c06848008c0f7db6d3708af9,5,2,3,c39e8d94c06848008c0f7db6d3708af9->9a76efc4c34e4bd7843206658dc45454,0.6,mixto,Portal Ciudadano ClaveÚnica - Secretaría de Gobierno Digital,Subsecretaría de Vivienda y Urbanismo - Cerofilas - Subsecretaría de Vivienda y Urbanismo
5f686fded1294c02a7a5c3298f2eec5b,7fe316acf65941599252e923db155612,5,2,3,7fe316acf65941599252e923db155612->5f686fded1294c02a7a5c3298f2eec5b,0.6,mixto,Sistema SEIM - Subsecretaría de Transportes,DOM Digital - Municipalidad de Villarrica
6daae6995cb245348bb2b5432ccc9948,b31017b848694be1b92f15c6dad1ca2c,5,4,1,6daae6995cb245348bb2b5432ccc9948->b31017b848694be1b92f15c6dad1ca2c,0.8,mixto,DIRECTEMAR - Dirección General del Territorio Marítimo y Marina Mercante,Sanidad Naval - Sanidad Naval de la Armada de Chile
7ed3e9e974dc459dbb5d5526953d17c6,c5b83bbfa22c4c31a5743485b4c6e524,5,2,3,c5b83bbfa22c4c31a5743485b4c6e524->7ed3e9e974dc459dbb5d5526953d17c6,0.6,mixto,7ed3e9e974dc459dbb5d5526953d17c6,Bolsa Nacional de Empleo - Subsecretaría del Trabajo
c82f84bf3f2b451393445a0cb6883665,edd67e7adef0443982c72ffc4d55ca4a,5,2,3,edd67e7adef0443982c72ffc4d55ca4a->c82f84bf3f2b451393445a0cb6883665,0.6,mixto,Ventanilla Única Social - Subsecretaría de Evaluación Social,Portal de Beneficios - Gendarmería de Chile
4a94478dd25f4430a0a023b87e11170d,dd53a3b5cb47459482a47afc5202b516,5,5,0,4a94478dd25f4430a0a023b87e11170d->dd53a3b5cb47459482a47afc5202b516,1.0,consistente,Milicenciamedica.cl - Subsecretaría de Salud Pública,dd53a3b5cb47459482a47afc5202b516
c765193a11274b73b1ffa97efd6fbc3b,f883bd6d70b043a09837e8b888fe3f65,5,3,2,c765193a11274b73b1ffa97efd6fbc3b->f883bd6d70b043a09837e8b888fe3f65,0.6,mixto,Servicio Único de Identidad - SMA - Superintendencia del Medio Ambiente,undefined - Subsecretaría de Economía y Empresas de Menor Tamaño
780fb7c030e043f7bd9f40ca4ab06bd4,9a76efc4c34e4bd7843206658dc45454,5,3,2,780fb7c030e043f7bd9f40ca4ab06bd4->9a76efc4c34e4bd7843206658dc45454,0.6,mixto,App Funcionarios La Florida - Municipalidad de La Florida,Portal Ciudadano ClaveÚnica - Secretaría de Gobierno Digital
648a73c3ab2a48b1ac046802df52be11,67339e06f4b44f78994ff4785178807a,5,4,1,648a73c3ab2a48b1ac046802df52be11->67339e06f4b44f78994ff4785178807a,0.8,mixto,Gesdoc - Dirección General del Crédito Prendario,Mercado+Público - Dirección de Compras y Contratación Pública
eaf8f2b0ccd04cf2a7bfcf357fe88ca2,fe1194092c934e70b824f3014a2f020d,5,3,2,eaf8f2b0ccd04cf2a7bfcf357fe88ca2->fe1194092c934e70b824f3014a2f020d,0.6,mixto,Empleos Públicos - Servicio Civil,Portal Único de Fondos Concursables del Estado - Subsecretaría General de Gobierno
67339e06f4b44f78994ff4785178807a,a7925c7ee6674a30ae9f3f4045785095,5,3,2,67339e06f4b44f78994ff4785178807a->a7925c7ee6674a30ae9f3f4045785095,0.6,mixto,Mercado+Público - Dirección de Compras y Contratación Pública,Gestión Documental - Ilustre Municipalidad de Peñalolén
5ad019e5f0e445e8b37fc4ed60a3447c,6d252a9b7f244a0180f6c2a1ff39d2fe,5,3,2,5ad019e5f0e445e8b37fc4ed60a3447c->6d252a9b7f244a0180f6c2a1ff39d2fe,0.6,mixto,5ad019e5f0e445e8b37fc4ed60a3447c,Sistemas Control de Extracciones Efectivas - Dirección General de Aguas
ed6beff4035f49c6997be95df71e5544,fb3957569a8d49528c3571bcb4703f55,5,4,1,ed6beff4035f49c6997be95df71e5544->fb3957569a8d49528c3571bcb4703f55,0.8,mixto,Subsidio Familiar Automático - Subsecretaría de Evaluación Social,MINVU - Subsecretaría de Vivienda y Urbanismo
123,74ed652f9a9242c590651fe4cff0d492,5,2,3,74ed652f9a9242c590651fe4cff0d492->123,0.6,mixto,Registro Civil - SRCeI,Ingreso a Intranet UTA - Universidad de Tarapacá
3e2a4d42827d43d0b90248199e58e98e,67339e06f4b44f78994ff4785178807a,5,4,1,3e2a4d42827d43d0b90248199e58e98e->67339e06f4b44f78994ff4785178807a,0.8,mixto,Mineduc-Ayudamineduc - Subsecretaría de Educación,Mercado+Público - Dirección de Compras y Contratación Pública
006b85a984e94ce88ddb035ec01b2d70,9b9d3e3ece844158b34a416ddcfd686b,5,2,3,9b9d3e3ece844158b34a416ddcfd686b->006b85a984e94ce88ddb035ec01b2d70,0.6,mixto,006b85a984e94ce88ddb035ec01b2d70,Intranet v2 GORE Araucanía - Gobierno Regional de la Región de la Araucanía
2cad72181d644ee4870bf5357def945f,67eb30db49f240b08ab2b3f422f92cdf,5,0,5,67eb30db49f240b08ab2b3f422f92cdf->2cad72181d644ee4870bf5357def945f,1.0,consistente,Servicios Sernapesca - Servicio Nacional de Pesca y Acuicultura,Portal MiDT - Dirección del Trabajo
123,f96bf82e56594a91b22b01e54f9608ed,5,1,4,f96bf82e56594a91b22b01e54f9608ed->123,0.8,mixto,Registro Civil - SRCeI,Portal Paciente SSMO - Servicio de Salud Metropolitano Oriente
0de46482bc4d409c86f652534e4b47eb,209ce526160947f0b398566cd4cbfd0d,5,5,0,0de46482bc4d409c86f652534e4b47eb->209ce526160947f0b398566cd4cbfd0d,1.0,consistente,documentos - cyberdocs - Servicio Nacional del Patrimonio Cultural,Portal de Aplicaciones Sence - Servicio Nacional de Capacitacion y Empleo
006b85a984e94ce88ddb035ec01b2d70,dd7629fec91f4599b3cf8c0dd0b984ac,5,5,0,006b85a984e94ce88ddb035ec01b2d70->dd7629fec91f4599b3cf8c0dd0b984ac,1.0,consistente,006b85a984e94ce88ddb035ec01b2d70,Sucursal Virtual FONASA - Fondo Nacional de Salud
0e11736fc9c24dbea92c4f3a6453a160,8af63e063a2a42098caed55eeb24acf0,5,2,3,8af63e063a2a42098caed55eeb24acf0->0e11736fc9c24dbea92c4f3a6453a160,0.6,mixto,0e11736fc9c24dbea92c4f3a6453a160,Acceso Clave Unica UFRO - Universidad de La Frontera
6a91c10b9e8341afbd387fb72bab3cf7,c5b83bbfa22c4c31a5743485b4c6e524,5,4,1,6a91c10b9e8341afbd387fb72bab3cf7->c5b83bbfa22c4c31a5743485b4c6e524,0.8,mixto,Comisión de Medicina Preventiva e Invalidez - Subsecretaría de Salud Pública,Bolsa Nacional de Empleo - Subsecretaría del Trabajo
6d52b87b5a964c61ad7e28afd9499f18,856e64720e4f47afa86454cee150efd5,5,2,3,856e64720e4f47afa86454cee150efd5->6d52b87b5a964c61ad7e28afd9499f18,0.6,mixto,Mis Trámites CGR - Contraloría General de la República,Superintendencia de Educación Superior - Superintendencia de educacion superior
08165f6182bc4dfc9dc1d7774508bbc6,18bec3e707784a978d9d89f2967f87de,5,5,0,08165f6182bc4dfc9dc1d7774508bbc6->18bec3e707784a978d9d89f2967f87de,1.0,consistente,e-certchile - E-Cert Chile,SERVEL- RENDICION - Servicio Electoral
025eebbc74ba4738b90c87e459ea29de,f31ed616d84449edb5fdd8cd332552b2,5,2,3,f31ed616d84449edb5fdd8cd332552b2->025eebbc74ba4738b90c87e459ea29de,0.6,mixto,Dom Digital Muni Coquimbo - Municipalidad de Coquimbo,dom digital - Municipalidad de Temuco
209ce526160947f0b398566cd4cbfd0d,a7709b21161d459298dc5dc58e77310b,5,0,5,a7709b21161d459298dc5dc58e77310b->209ce526160947f0b398566cd4cbfd0d,1.0,consistente,Portal de Aplicaciones Sence - Servicio Nacional de Capacitacion y Empleo,DIPRECA - Dirección de Previsión de Carabineros de Chile
331cb18d7d51484fb07794a30ddbef6e,e8dde9d26979498786c6ba5a82f70ad3,5,0,5,e8dde9d26979498786c6ba5a82f70ad3->331cb18d7d51484fb07794a30ddbef6e,1.0,consistente,Docentes para Chile - Subsecretaría de Educación,"undefined - Sociedad Administradora de Fondos de Cesantía de Chile II S.A., AFC Chile"
3346db58cd2d474fbcf63e827462b85d,d16fad3dcdb14d69b5d82776d09bb796,5,1,4,d16fad3dcdb14d69b5d82776d09bb796->3346db58cd2d474fbcf63e827462b85d,0.8,mixto,Single Sign-On - Subsecretaría de Evaluación Social,Sistema de Gestión Documental - Municipalidad de Villa Alegre
2a4a00c47ac6468395984ee10ebc8dc3,e423b8339a57485d8b524937d93e4f44,5,2,3,e423b8339a57485d8b524937d93e4f44->2a4a00c47ac6468395984ee10ebc8dc3,0.6,mixto,Portal único de Trámites SERPAT - Servicio Nacional del Patrimonio Cultural,SIMPLE - Gendarmería de Chile
006b85a984e94ce88ddb035ec01b2d70,209ce526160947f0b398566cd4cbfd0d,5,3,2,006b85a984e94ce88ddb035ec01b2d70->209ce526160947f0b398566cd4cbfd0d,0.6,mixto,006b85a984e94ce88ddb035ec01b2d70,Portal de Aplicaciones Sence - Servicio Nacional de Capacitacion y Empleo
894c246eb00a482da371617f75149e30,91f3f86897ff4ae39e50cbd7035fa8af,5,2,3,91f3f86897ff4ae39e50cbd7035fa8af->894c246eb00a482da371617f75149e30,0.6,mixto,Contraloria General de la Republica - CONTRALORIA,APIs Receta Electrónica - Subsecretaría de Salud Pública
9a76efc4c34e4bd7843206658dc45454,ddf47b043bc04fa0bd7d61b8af3f9b2c,5,1,4,ddf47b043bc04fa0bd7d61b8af3f9b2c->9a76efc4c34e4bd7843206658dc45454,0.8,mixto,Portal Ciudadano ClaveÚnica - Secretaría de Gobierno Digital,Autenticacion UChile - Universidad de Chile
495c261c0f484bd08e232f7358452c4d,b15e46acff6b4a7487ad18cdac3a21d0,5,0,5,b15e46acff6b4a7487ad18cdac3a21d0->495c261c0f484bd08e232f7358452c4d,1.0,consistente,undefined - Comisión para el Mercado Financiero,Hospital Sotero del Río - Servicio Salud Metropolitano Sur Oriente
2ae2ca1a377048a58815f54a432f8a21,ad571b40258e4862b37b31fbbe2d8ab5,5,4,1,2ae2ca1a377048a58815f54a432f8a21->ad571b40258e4862b37b31fbbe2d8ab5,0.8,mixto,Portal Paciente - Subsecretaría de Redes Asistenciales,HOSPITAL DE IQUIQUE - Servicio de Salud Tarapacá
9a76efc4c34e4bd7843206658dc45454,c41ab43393dc4726a332cda4062bd83e,5,2,3,c41ab43393dc4726a332cda4062bd83e->9a76efc4c34e4bd7843206658dc45454,0.6,mixto,Portal Ciudadano ClaveÚnica - Secretaría de Gobierno Digital,CeroFilas Subtrans - Subsecretaría de Transportes
347178b052294153af290d6a84589868,52449c34bb1e47fe81802bf322dae8ee,5,2,3,52449c34bb1e47fe81802bf322dae8ee->347178b052294153af290d6a84589868,0.6,mixto,Mi Fiscalía en Línea - Ministerio Público,bcm2.sii.cl - Servicio de Impuestos Internos
01b56ab5b9be43e19fa06300994787ec,31050e1a1dcb4c9899ba77be32449e54,5,5,0,01b56ab5b9be43e19fa06300994787ec->31050e1a1dcb4c9899ba77be32449e54,1.0,consistente,Bitácora Web - Ministerio Público,Bono electrónico y LME - Superintendencia de Seguridad Social
347178b052294153af290d6a84589868,c765193a11274b73b1ffa97efd6fbc3b,5,3,2,347178b052294153af290d6a84589868->c765193a11274b73b1ffa97efd6fbc3b,0.6,mixto,Mi Fiscalía en Línea - Ministerio Público,Servicio Único de Identidad - SMA - Superintendencia del Medio Ambiente
cb9e2b9dd1cd44c5b7d4fdcfbbf3f5e0,fdd7e5cf453e42d7b8cb2334d3a7bff9,5,5,0,cb9e2b9dd1cd44c5b7d4fdcfbbf3f5e0->fdd7e5cf453e42d7b8cb2334d3a7bff9,1.0,consistente,Portal Usuario 2.0 - Subsecretaría de Justicia,Telesalud - Subsecretaría de Redes Asistenciales
b972e814004e4624a566f308901cca7c,e423b8339a57485d8b524937d93e4f44,5,5,0,b972e814004e4624a566f308901cca7c->e423b8339a57485d8b524937d93e4f44,1.0,consistente,DocDigital Versión 3 - Subsecretaría General de la Presidencia de la República,SIMPLE - Gendarmería de Chile
08165f6182bc4dfc9dc1d7774508bbc6,0b145fb41bc84dc58a5beb5b4ef11b17,5,2,3,0b145fb41bc84dc58a5beb5b4ef11b17->08165f6182bc4dfc9dc1d7774508bbc6,0.6,mixto,e-certchile - E-Cert Chile,Servicios en linea - Caja de Previsión de la Defensa Nacional
2549b51828ce40af920a932dd2102217,620c600471844207a3826707fe3e8e8e,5,2,3,620c600471844207a3826707fe3e8e8e->2549b51828ce40af920a932dd2102217,0.6,mixto,undefined - Servicio de Impuestos Internos,620c600471844207a3826707fe3e8e8e
86144f0d3b814c1d8c013f7aade6c55d,8ccf6c97b6eb4670bafec186fbe64f85,5,0,5,8ccf6c97b6eb4670bafec186fbe64f85->86144f0d3b814c1d8c013f7aade6c55d,1.0,consistente,Sernac - Portal del consumidor - Servicio Nacional del Consumidor,Buscador de Jurisprudencia - Poder Judicial
780fb7c030e043f7bd9f40ca4ab06bd4,9c9359fefd164d388f8a5edc2bac301e,5,4,1,780fb7c030e043f7bd9f40ca4ab06bd4->9c9359fefd164d388f8a5edc2bac301e,0.8,mixto,App Funcionarios La Florida - Municipalidad de La Florida,Contraloría - Contraloría General de la República
4f22549f9d3a443cb041c0e55395dbf1,94d27864f86d422faa68efccb908cc34,5,1,4,94d27864f86d422faa68efccb908cc34->4f22549f9d3a443cb041c0e55395dbf1,0.8,mixto,Comisaría Virtual Denuncias - Carabineros de Chile,94d27864f86d422faa68efccb908cc34
2549b51828ce40af920a932dd2102217,671dca542e094f3d90cb15883bd89274,5,1,4,671dca542e094f3d90cb15883bd89274->2549b51828ce40af920a932dd2102217,0.8,mixto,undefined - Servicio de Impuestos Internos,DOM Digital - Municipalidad de San Pedro de la Paz
228ce6ed11d14e84ac2ae00cb5639515,70c26dae53774888aa5bdccfcf6aa387,5,0,5,70c26dae53774888aa5bdccfcf6aa387->228ce6ed11d14e84ac2ae00cb5639515,1.0,consistente,Plataforma HSA-MSGG - Ministerio Secretaría General de Gobierno,Plataforma Vehículos MSGG - Subsecretaría General de Gobierno
1ad6835586034de0b29f4a402b182c6c,a7709b21161d459298dc5dc58e77310b,5,4,1,1ad6835586034de0b29f4a402b182c6c->a7709b21161d459298dc5dc58e77310b,0.8,mixto,Comisaría Virtual 2 - Carabineros de Chile,DIPRECA - Dirección de Previsión de Carabineros de Chile
0f33ab6447034fe49d1629353a119e47,5492b6e4db6948aca469c21d05b18721,5,3,2,0f33ab6447034fe49d1629353a119e47->5492b6e4db6948aca469c21d05b18721,0.6,mixto,Superintendencia en Línea - Mi Portal - Superintendencia de Seguridad Social,Ley del Lobby - Comisión para la Integridad PÚblica y Transparencia
4461c788433345b8a4a296b35aa9499d,856e64720e4f47afa86454cee150efd5,5,2,3,856e64720e4f47afa86454cee150efd5->4461c788433345b8a4a296b35aa9499d,0.6,mixto,Superintendencia de Educación - Superintendencia de Educación,Superintendencia de Educación Superior - Superintendencia de educacion superior
3f5b60933b964357b7cdc0c3077ae24d,9963de59629c454c9b3eb0d426338fcf,5,3,2,3f5b60933b964357b7cdc0c3077ae24d->9963de59629c454c9b3eb0d426338fcf,0.6,mixto,Sistema Único de Reclamos PGU - Instituto de Previsión Social,Sistema de Gestión de Reclamos - Instituto de Previsión Social
31050e1a1dcb4c9899ba77be32449e54,94d27864f86d422faa68efccb908cc34,5,2,3,94d27864f86d422faa68efccb908cc34->31050e1a1dcb4c9899ba77be32449e54,0.6,mixto,Bono electrónico y LME - Superintendencia de Seguridad Social,94d27864f86d422faa68efccb908cc34
2ae2ca1a377048a58815f54a432f8a21,97c4ca6968044bd0b8b151e7d41ef060,5,5,0,2ae2ca1a377048a58815f54a432f8a21->97c4ca6968044bd0b8b151e7d41ef060,1.0,consistente,Portal Paciente - Subsecretaría de Redes Asistenciales,Servicios en Línea - Hospital Regional de Talca - Hospital Regional de Talca
7d0c4697a4f849e38021ccb192e0b4a7,d9d5abd8143543189c1befef73999834,5,1,4,d9d5abd8143543189c1befef73999834->7d0c4697a4f849e38021ccb192e0b4a7,0.8,mixto,"Niños, Niñas y Adolescentes - Subsecretaría de Evaluación Social",Fondos Comunidad - GORE Los Lagos - Gobierno Regional de la Región de Los Lagos
4a94478dd25f4430a0a023b87e11170d,5aa6e3bc0b7f4c63b247ac04ca400129,5,3,2,4a94478dd25f4430a0a023b87e11170d->5aa6e3bc0b7f4c63b247ac04ca400129,0.6,mixto,Milicenciamedica.cl - Subsecretaría de Salud Pública,Sistema de Auditoría Interna - Contraloría General de la República
6e12533e73a048efa8bcc0a30f2b7684,be4240b37c354311af26b2846acba9c7,5,4,1,6e12533e73a048efa8bcc0a30f2b7684->be4240b37c354311af26b2846acba9c7,0.8,mixto,Dirección General de Movilización Nacional - Dirección General de Movilización Nacional,Clave Única USACH - Universidad de Santiago de Chile
08165f6182bc4dfc9dc1d7774508bbc6,cb9e2b9dd1cd44c5b7d4fdcfbbf3f5e0,5,0,5,cb9e2b9dd1cd44c5b7d4fdcfbbf3f5e0->08165f6182bc4dfc9dc1d7774508bbc6,1.0,consistente,e-certchile - E-Cert Chile,Portal Usuario 2.0 - Subsecretaría de Justicia
ae54454684154c25bd33c6e04609652b,fd595f24910c4126b7398b3e081af528,5,2,3,fd595f24910c4126b7398b3e081af528->ae54454684154c25bd33c6e04609652b,0.6,mixto,Sistema de Apelación Contra de Isapres - Subsecretaría de Salud Pública,Instituto Seguridad Laboral - Instituto Seguridad Laboral
51e1587ac2364f19bb4a9344841af223,ae4caa1cb2154cac89440f3fe18251cb,5,1,4,ae4caa1cb2154cac89440f3fe18251cb->51e1587ac2364f19bb4a9344841af223,0.8,mixto,www.sii.cl - Servicio de Impuestos Internos,Ingreso de causas y escritos - Corporación Administrativa del Poder Judicial
c82f84bf3f2b451393445a0cb6883665,fe1194092c934e70b824f3014a2f020d,5,5,0,c82f84bf3f2b451393445a0cb6883665->fe1194092c934e70b824f3014a2f020d,1.0,consistente,Ventanilla Única Social - Subsecretaría de Evaluación Social,Portal Único de Fondos Concursables del Estado - Subsecretaría General de Gobierno
2549b51828ce40af920a932dd2102217,dab6b8ce23604fa7b9ace2c2121d943e,5,3,2,2549b51828ce40af920a932dd2102217->dab6b8ce23604fa7b9ace2c2121d943e,0.6,mixto,undefined - Servicio de Impuestos Internos,Intranet MSGG - Ministerio Secretaría General de Gobierno
2ad4912955564809a967e35f45df29fc,c82f84bf3f2b451393445a0cb6883665,5,5,0,2ad4912955564809a967e35f45df29fc->c82f84bf3f2b451393445a0cb6883665,1.0,consistente,Postulación Beneficios Municipalidad de Puente Alto - Municipalidad de Puente Alto,Ventanilla Única Social - Subsecretaría de Evaluación Social
888fb026b62d4a75920fe44a0af43ad4,d602a0071f3f4db8b37a87cffd89bf23,5,3,2,888fb026b62d4a75920fe44a0af43ad4->d602a0071f3f4db8b37a87cffd89bf23,0.6,mixto,Subsecretaría de Transportes - Subsecretaría de Transportes,PJUD - PODER JUDICIAL
347178b052294153af290d6a84589868,9f88dc88029e42d3a5b082ab396be6d3,5,4,1,347178b052294153af290d6a84589868->9f88dc88029e42d3a5b082ab396be6d3,0.8,mixto,Mi Fiscalía en Línea - Ministerio Público,Sistema de Postulación Único - Carabineros de Chile
ae4caa1cb2154cac89440f3fe18251cb,b2ace35bc76642f495f04addfca9e3aa,5,0,5,b2ace35bc76642f495f04addfca9e3aa->ae4caa1cb2154cac89440f3fe18251cb,1.0,consistente,Ingreso de causas y escritos - Corporación Administrativa del Poder Judicial,Plataforma de Cursos DDHH - Subsecretaría de Derechos Humanos
02f0f8beb94542deac503efd6a774262,5aa6e3bc0b7f4c63b247ac04ca400129,5,2,3,5aa6e3bc0b7f4c63b247ac04ca400129->02f0f8beb94542deac503efd6a774262,0.6,mixto,SSMSO - Servicio de Salud Sur Oriente,Sistema de Auditoría Interna - Contraloría General de la República
6d52b87b5a964c61ad7e28afd9499f18,a7709b21161d459298dc5dc58e77310b,5,1,4,a7709b21161d459298dc5dc58e77310b->6d52b87b5a964c61ad7e28afd9499f18,0.8,mixto,Mis Trámites CGR - Contraloría General de la República,DIPRECA - Dirección de Previsión de Carabineros de Chile
123,eb838855f2344f65a4c925df80cdcad5,5,5,0,123->eb838855f2344f65a4c925df80cdcad5,1.0,consistente,Registro Civil - SRCeI,Cero Filas SAG - Servicio Agrícola y Ganadero
5235b9f356954973a226cb6fc12c9d6e,67eb30db49f240b08ab2b3f422f92cdf,5,3,2,5235b9f356954973a226cb6fc12c9d6e->67eb30db49f240b08ab2b3f422f92cdf,0.6,mixto,Sistema Alta Dirección Pública - Dirección Nacional del Servicio Civil,Portal MiDT - Dirección del Trabajo
123,64b1afe9206b4eb885878aafb4be1dae,5,5,0,123->64b1afe9206b4eb885878aafb4be1dae,1.0,consistente,Registro Civil - SRCeI,SISPUBLI 2.0 - Dirección Nacional del Servicio Civil
347178b052294153af290d6a84589868,c7d9f088b4be4e38924fcfa78a6b5496,5,0,5,c7d9f088b4be4e38924fcfa78a6b5496->347178b052294153af290d6a84589868,1.0,consistente,Mi Fiscalía en Línea - Ministerio Público,Directores para Chile - Servicio Civil
67339e06f4b44f78994ff4785178807a,9728891232324c3cb03aa5382847d19d,5,0,5,9728891232324c3cb03aa5382847d19d->67339e06f4b44f78994ff4785178807a,1.0,consistente,Mercado+Público - Dirección de Compras y Contratación Pública,9728891232324c3cb03aa5382847d19d
347178b052294153af290d6a84589868,a647689891b84948871ff7099253a553,5,1,4,a647689891b84948871ff7099253a553->347178b052294153af290d6a84589868,0.8,mixto,Mi Fiscalía en Línea - Ministerio Público,Autoconsulta SSASUR - Servicio Salud Araucanía Sur
478deb22cecd489eb3ed2dcc954a975b,9a76efc4c34e4bd7843206658dc45454,5,1,4,9a76efc4c34e4bd7843206658dc45454->478deb22cecd489eb3ed2dcc954a975b,0.8,mixto,Portal Vecino - Municipalidad de Providencia,Portal Ciudadano ClaveÚnica - Secretaría de Gobierno Digital
44568175e9ff4fdcb98cd4e9d368ce11,c82f84bf3f2b451393445a0cb6883665,5,2,3,c82f84bf3f2b451393445a0cb6883665->44568175e9ff4fdcb98cd4e9d368ce11,0.6,mixto,Sistema Integrado DAES - Subsecretaría de Economía y Empresas de Menor Tamaño,Ventanilla Única Social - Subsecretaría de Evaluación Social
162c7417de9b4554bcc6be93e006b7a1,2e0f9d54f6534336a19fffacd7b6af40,5,4,1,162c7417de9b4554bcc6be93e006b7a1->2e0f9d54f6534336a19fffacd7b6af40,0.8,mixto,Clave Única UNO afp - AFP Uno,Sitio Web UNO Privado - AFP Uno
4f22549f9d3a443cb041c0e55395dbf1,67339e06f4b44f78994ff4785178807a,5,3,2,4f22549f9d3a443cb041c0e55395dbf1->67339e06f4b44f78994ff4785178807a,0.6,mixto,Comisaría Virtual Denuncias - Carabineros de Chile,Mercado+Público - Dirección de Compras y Contratación Pública
5235b9f356954973a226cb6fc12c9d6e,ae54454684154c25bd33c6e04609652b,5,4,1,5235b9f356954973a226cb6fc12c9d6e->ae54454684154c25bd33c6e04609652b,0.8,mixto,Sistema Alta Dirección Pública - Dirección Nacional del Servicio Civil,Sistema de Apelación Contra de Isapres - Subsecretaría de Salud Pública
03bd6e11bc9246339a1812eb74331dd6,b972e814004e4624a566f308901cca7c,5,3,2,03bd6e11bc9246339a1812eb74331dd6->b972e814004e4624a566f308901cca7c,0.6,mixto,Buscador de Juicios - Contraloría General de la República,DocDigital Versión 3 - Subsecretaría General de la Presidencia de la República
74e60dc3bc26493d81088e4d322b7c39,eaf8f2b0ccd04cf2a7bfcf357fe88ca2,5,5,0,74e60dc3bc26493d81088e4d322b7c39->eaf8f2b0ccd04cf2a7bfcf357fe88ca2,1.0,consistente,SignPass - BPO Advisors SpA,Empleos Públicos - Servicio Civil
894c246eb00a482da371617f75149e30,b1b009877e0c4e0790fd92559d853d69,5,1,4,b1b009877e0c4e0790fd92559d853d69->894c246eb00a482da371617f75149e30,0.8,mixto,Contraloria General de la Republica - CONTRALORIA,Mi Súper - Superintendencia de Salud
6a322ad743e3464bae56d2d9b180078a,b15e46acff6b4a7487ad18cdac3a21d0,5,2,3,b15e46acff6b4a7487ad18cdac3a21d0->6a322ad743e3464bae56d2d9b180078a,0.6,mixto,6a322ad743e3464bae56d2d9b180078a,Hospital Sotero del Río - Servicio Salud Metropolitano Sur Oriente
1ad6835586034de0b29f4a402b182c6c,88d08ee1a5384a7fbe4bfddb8928ce82,5,0,5,88d08ee1a5384a7fbe4bfddb8928ce82->1ad6835586034de0b29f4a402b182c6c,1.0,consistente,Comisaría Virtual 2 - Carabineros de Chile,Sistema Midas - Subsecretaría de Salud Pública
228ce6ed11d14e84ac2ae00cb5639515,e1669d0517f14a979d9a93159b4906b0,5,3,2,228ce6ed11d14e84ac2ae00cb5639515->e1669d0517f14a979d9a93159b4906b0,0.6,mixto,Plataforma HSA-MSGG - Ministerio Secretaría General de Gobierno,Agenda Casino - Presidencia de la República
9f3c39663dac4e6791811016adc217da,c82f84bf3f2b451393445a0cb6883665,5,3,2,9f3c39663dac4e6791811016adc217da->c82f84bf3f2b451393445a0cb6883665,0.6,mixto,"Sistema Cuenta Cultura - Ministerio de las Culturas, las Artes y el Patrimonio",Ventanilla Única Social - Subsecretaría de Evaluación Social
9a76efc4c34e4bd7843206658dc45454,a77e76b1e0eb4cc3ae3a1df547fbf4cb,5,3,2,9a76efc4c34e4bd7843206658dc45454->a77e76b1e0eb4cc3ae3a1df547fbf4cb,0.6,mixto,Portal Ciudadano ClaveÚnica - Secretaría de Gobierno Digital,Prácticas Chile - Dirección Nacional del Servicio Civil
94d27864f86d422faa68efccb908cc34,b1b009877e0c4e0790fd92559d853d69,5,4,1,94d27864f86d422faa68efccb908cc34->b1b009877e0c4e0790fd92559d853d69,0.8,mixto,94d27864f86d422faa68efccb908cc34,Mi Súper - Superintendencia de Salud
c52ceac3693c4644bb20f07dd8aa7103,d6d4327ae40445518a3c8a6e62137cd6,5,1,4,d6d4327ae40445518a3c8a6e62137cd6->c52ceac3693c4644bb20f07dd8aa7103,0.8,mixto,Firma Electronica - Secretaría de Gobierno Digital,Gobierno Digital Simple - Secretaría de Gobierno Digital
4f22549f9d3a443cb041c0e55395dbf1,f883bd6d70b043a09837e8b888fe3f65,5,3,2,4f22549f9d3a443cb041c0e55395dbf1->f883bd6d70b043a09837e8b888fe3f65,0.6,mixto,Comisaría Virtual Denuncias - Carabineros de Chile,undefined - Subsecretaría de Economía y Empresas de Menor Tamaño
2ff516ac74a44ebfa3a522adbde28a0f,638aea308ffb483198d5c1387e2cc017,5,3,2,2ff516ac74a44ebfa3a522adbde28a0f->638aea308ffb483198d5c1387e2cc017,0.6,mixto,E-Sign ClaveÚnica - ESIGN S.A.,"Portal ""Mi SUPERIR"" - Superintendencia de Insolvencia y Reemprendimiento"
9ae54d261e454c93ae1c2cdec0fd03e6,b34fe8a89b9a43189ec5be764c3b695c,5,1,4,b34fe8a89b9a43189ec5be764c3b695c->9ae54d261e454c93ae1c2cdec0fd03e6,0.8,mixto,Login certificado afiliacion - Fondo Nacional de Salud,Canales Digitales AFP UNO - AFP Uno
b1b009877e0c4e0790fd92559d853d69,c5b83bbfa22c4c31a5743485b4c6e524,5,2,3,c5b83bbfa22c4c31a5743485b4c6e524->b1b009877e0c4e0790fd92559d853d69,0.6,mixto,Mi Súper - Superintendencia de Salud,Bolsa Nacional de Empleo - Subsecretaría del Trabajo
3af2d18b09e6443fa289e956fc10669f,d74a389b77734996ba37fa61a0d08341,5,0,5,d74a389b77734996ba37fa61a0d08341->3af2d18b09e6443fa289e956fc10669f,1.0,consistente,Red Movilidad - Subsecretaría de Transportes,DECLARACION JURADA - Servicio Agrícola y Ganadero
cc24befdf2774590868faf92c745d561,dd7629fec91f4599b3cf8c0dd0b984ac,5,5,0,cc24befdf2774590868faf92c745d561->dd7629fec91f4599b3cf8c0dd0b984ac,1.0,consistente,Portal de autenticación Cuprum - AFP Cuprum,Sucursal Virtual FONASA - Fondo Nacional de Salud
2ae2ca1a377048a58815f54a432f8a21,f883bd6d70b043a09837e8b888fe3f65,5,3,2,2ae2ca1a377048a58815f54a432f8a21->f883bd6d70b043a09837e8b888fe3f65,0.6,mixto,Portal Paciente - Subsecretaría de Redes Asistenciales,undefined - Subsecretaría de Economía y Empresas de Menor Tamaño
123,75f9d382b18d402fae4a2061eb768169,5,2,3,75f9d382b18d402fae4a2061eb768169->123,0.6,mixto,Registro Civil - SRCeI,Municipalidad Las Condes - Municipalidad de Las Condes
68b13a1228424526b43e2f78716efd3b,dc821110e3f34bf3984d61955ced2e69,5,2,3,dc821110e3f34bf3984d61955ced2e69->68b13a1228424526b43e2f78716efd3b,0.6,mixto,Pagos Diario Oficial - Subsecretaría del Interior,Licencia de Conducir Digital - Subsecretaría de Transportes
01b56ab5b9be43e19fa06300994787ec,edd67e7adef0443982c72ffc4d55ca4a,5,1,4,edd67e7adef0443982c72ffc4d55ca4a->01b56ab5b9be43e19fa06300994787ec,0.8,mixto,Bitácora Web - Ministerio Público,Portal de Beneficios - Gendarmería de Chile
0a0b41b45e2143ad8d97436f8561b1ca,f72815499f1b4b018cd1792d91e81249,5,4,1,0a0b41b45e2143ad8d97436f8561b1ca->f72815499f1b4b018cd1792d91e81249,0.8,mixto,Sistemas Recoleta - Municipalidad de Recoleta,Servicios Populares Recoleta - Municipalidad de Recoleta
c7898e94d376496db2a6d220f486db47,d602a0071f3f4db8b37a87cffd89bf23,5,2,3,d602a0071f3f4db8b37a87cffd89bf23->c7898e94d376496db2a6d220f486db47,0.6,mixto,Sistemas Internos - Subsecretaría de Bienes Nacionales,PJUD - PODER JUDICIAL
1c6f1fdb9e7544aaac5f4daf9243ca1e,9c9359fefd164d388f8a5edc2bac301e,5,2,3,9c9359fefd164d388f8a5edc2bac301e->1c6f1fdb9e7544aaac5f4daf9243ca1e,0.6,mixto,Sistemas Municipales - Municipalidad de Recoleta,Contraloría - Contraloría General de la República
123,9fd20d626db942aeb4d84f9c475d3bea,5,4,1,123->9fd20d626db942aeb4d84f9c475d3bea,0.8,mixto,Registro Civil - SRCeI,Superir - Superintendencia de Insolvencia y Reemprendimiento
c52ceac3693c4644bb20f07dd8aa7103,fe447d5ca733434bbf33b0c6092787c5,5,3,2,c52ceac3693c4644bb20f07dd8aa7103->fe447d5ca733434bbf33b0c6092787c5,0.6,mixto,Firma Electronica - Secretaría de Gobierno Digital,Sistema OIRS MSGG - Subsecretaría General de Gobierno
c150a834cbcc40d09aeed2f8703f4dd3,d6aaaa2099844868bb6a77f7e9567c91,5,5,0,c150a834cbcc40d09aeed2f8703f4dd3->d6aaaa2099844868bb6a77f7e9567c91,1.0,consistente,Trámites Dirección Trabajo - Dirección del Trabajo,Portal de Atención Ciudadana - Subsecretaría del Trabajo
3752375735a74ae09881a820a0b7d394,67eb30db49f240b08ab2b3f422f92cdf,5,3,2,3752375735a74ae09881a820a0b7d394->67eb30db49f240b08ab2b3f422f92cdf,0.6,mixto,Solicitud de Pasavantes Online - Servicio Nacional de Aduanas,Portal MiDT - Dirección del Trabajo
3009f6f4befb498fbed7dbf1b189f47c,6d252a9b7f244a0180f6c2a1ff39d2fe,5,3,2,3009f6f4befb498fbed7dbf1b189f47c->6d252a9b7f244a0180f6c2a1ff39d2fe,0.6,mixto,Sistema Electrónico de Postulación - Comision Nacional de Riego,Sistemas Control de Extracciones Efectivas - Dirección General de Aguas
64d9be8046574fbfbc1fb14c9912afea,dd53a3b5cb47459482a47afc5202b516,5,2,3,dd53a3b5cb47459482a47afc5202b516->64d9be8046574fbfbc1fb14c9912afea,0.6,mixto,ASDigital - Ministerio de salud,dd53a3b5cb47459482a47afc5202b516
645a4f092abd49f0820b8a5507e3dea0,ee00832abfba40b38335ce48a12981b5,5,2,3,ee00832abfba40b38335ce48a12981b5->645a4f092abd49f0820b8a5507e3dea0,0.6,mixto,Sistema Servicios en línea - Caja de Previsión de la Defensa Nacional,Autenticacion Nube  Privada - Servicio de Impuestos Internos
08165f6182bc4dfc9dc1d7774508bbc6,8c1942e0cdce4f71b53f62474322f0b7,5,0,5,8c1942e0cdce4f71b53f62474322f0b7->08165f6182bc4dfc9dc1d7774508bbc6,1.0,consistente,e-certchile - E-Cert Chile,Superintendencia de Electricidad y Combustibles - SUPERINTENDECIA DE ELECTRICIDAD Y COMBUSTIBLES
5492b6e4db6948aca469c21d05b18721,88d08ee1a5384a7fbe4bfddb8928ce82,5,3,2,5492b6e4db6948aca469c21d05b18721->88d08ee1a5384a7fbe4bfddb8928ce82,0.6,mixto,Ley del Lobby - Comisión para la Integridad PÚblica y Transparencia,Sistema Midas - Subsecretaría de Salud Pública
95b7bf6083634811b6ec1552e2ed5fad,d8420be9114342368d9bc32882809746,5,3,2,95b7bf6083634811b6ec1552e2ed5fad->d8420be9114342368d9bc32882809746,0.6,mixto,Gestión Telesalud - Subsecretaría de Redes Asistenciales,Plataforma Atención Remota - Subsecretaría de Redes Asistenciales
8af63e063a2a42098caed55eeb24acf0,d0b1e3a4c2434e65be47566dcc3e2ee0,5,4,1,8af63e063a2a42098caed55eeb24acf0->d0b1e3a4c2434e65be47566dcc3e2ee0,0.8,mixto,Acceso Clave Unica UFRO - Universidad de La Frontera,Municipalidad de Los Angeles - Ilustre Municipalidad de Los Angeles
1eec93924a1046efbad70c851782ab8a,4f4d89fa8ce34da19ecb340c1d267a3e,5,2,3,4f4d89fa8ce34da19ecb340c1d267a3e->1eec93924a1046efbad70c851782ab8a,0.6,mixto,Trámites INAPI - Instituto Nacional de Propiedad Industrial,Registro Nacional de MiPymes - Subsecretaría de Economía y Empresas de Menor Tamaño
41da80f6154c4d918166fc43862f5d78,91f3f86897ff4ae39e50cbd7035fa8af,5,5,0,41da80f6154c4d918166fc43862f5d78->91f3f86897ff4ae39e50cbd7035fa8af,1.0,consistente,Web Cajmetro - Corporación de Asistencia Judicial de la Región Metropolitana,APIs Receta Electrónica - Subsecretaría de Salud Pública
5af95b4c9eec408dad00e7b5a2a16b92,d602a0071f3f4db8b37a87cffd89bf23,5,2,3,d602a0071f3f4db8b37a87cffd89bf23->5af95b4c9eec408dad00e7b5a2a16b92,0.6,mixto,Servicio de Salud Tarapacá - Servicio de Salud Tarapacá,PJUD - PODER JUDICIAL
5cb622f7d39d4c06aa879b224170b552,625c85747d2c430d8b68c06d2cab9566,5,5,0,5cb622f7d39d4c06aa879b224170b552->625c85747d2c430d8b68c06d2cab9566,1.0,consistente,Intranet Rio Claro - Municipalidad de Río Claro,Gobierno Regional del Maule - e-Process
b3b9221510904977b1c9f12ea7108119,c82f84bf3f2b451393445a0cb6883665,5,4,1,b3b9221510904977b1c9f12ea7108119->c82f84bf3f2b451393445a0cb6883665,0.8,mixto,Contactanos DT - Dirección del Trabajo,Ventanilla Única Social - Subsecretaría de Evaluación Social
05877e8556fa4c0ca458d131265ffd99,d602a0071f3f4db8b37a87cffd89bf23,5,3,2,05877e8556fa4c0ca458d131265ffd99->d602a0071f3f4db8b37a87cffd89bf23,0.6,mixto,SOLCIU - Solicitudes Ciudadanas - Secretaria del interior,PJUD - PODER JUDICIAL
3d6941a46f8b4441973872f1f209bdec,9a76efc4c34e4bd7843206658dc45454,5,0,5,9a76efc4c34e4bd7843206658dc45454->3d6941a46f8b4441973872f1f209bdec,1.0,consistente,Devolución de Pagos en excesos - Fondo Nacional de Salud,Portal Ciudadano ClaveÚnica - Secretaría de Gobierno Digital
9a76efc4c34e4bd7843206658dc45454,a7925c7ee6674a30ae9f3f4045785095,5,3,2,9a76efc4c34e4bd7843206658dc45454->a7925c7ee6674a30ae9f3f4045785095,0.6,mixto,Portal Ciudadano ClaveÚnica - Secretaría de Gobierno Digital,Gestión Documental - Ilustre Municipalidad de Peñalolén
2ff516ac74a44ebfa3a522adbde28a0f,620c600471844207a3826707fe3e8e8e,5,5,0,2ff516ac74a44ebfa3a522adbde28a0f->620c600471844207a3826707fe3e8e8e,1.0,consistente,E-Sign ClaveÚnica - ESIGN S.A.,620c600471844207a3826707fe3e8e8e
2ff516ac74a44ebfa3a522adbde28a0f,7fe316acf65941599252e923db155612,5,5,0,2ff516ac74a44ebfa3a522adbde28a0f->7fe316acf65941599252e923db155612,1.0,consistente,E-Sign ClaveÚnica - ESIGN S.A.,DOM Digital - Municipalidad de Villarrica
5492b6e4db6948aca469c21d05b18721,ae54454684154c25bd33c6e04609652b,5,2,3,ae54454684154c25bd33c6e04609652b->5492b6e4db6948aca469c21d05b18721,0.6,mixto,Ley del Lobby - Comisión para la Integridad PÚblica y Transparencia,Sistema de Apelación Contra de Isapres - Subsecretaría de Salud Pública
2a4a00c47ac6468395984ee10ebc8dc3,eaf8f2b0ccd04cf2a7bfcf357fe88ca2,5,3,2,2a4a00c47ac6468395984ee10ebc8dc3->eaf8f2b0ccd04cf2a7bfcf357fe88ca2,0.6,mixto,Portal único de Trámites SERPAT - Servicio Nacional del Patrimonio Cultural,Empleos Públicos - Servicio Civil
6a91c10b9e8341afbd387fb72bab3cf7,d6d4327ae40445518a3c8a6e62137cd6,5,3,2,6a91c10b9e8341afbd387fb72bab3cf7->d6d4327ae40445518a3c8a6e62137cd6,0.6,mixto,Comisión de Medicina Preventiva e Invalidez - Subsecretaría de Salud Pública,Gobierno Digital Simple - Secretaría de Gobierno Digital
5af95b4c9eec408dad00e7b5a2a16b92,c82f84bf3f2b451393445a0cb6883665,5,1,4,c82f84bf3f2b451393445a0cb6883665->5af95b4c9eec408dad00e7b5a2a16b92,0.8,mixto,Servicio de Salud Tarapacá - Servicio de Salud Tarapacá,Ventanilla Única Social - Subsecretaría de Evaluación Social
2ae2ca1a377048a58815f54a432f8a21,7f2c2c35a2de4624ad938147f73f271a,5,2,3,7f2c2c35a2de4624ad938147f73f271a->2ae2ca1a377048a58815f54a432f8a21,0.6,mixto,Portal Paciente - Subsecretaría de Redes Asistenciales,Registro Nacional de Mascotas y Animales de Compañía - Subsecretaría de Desarrollo Regional y Administrativo
54d69d2bfc1d455185885b56eed7d514,c82f84bf3f2b451393445a0cb6883665,5,4,1,54d69d2bfc1d455185885b56eed7d514->c82f84bf3f2b451393445a0cb6883665,0.8,mixto,Acceso ANiD - Agencia Nacional de Investigación y Desarrollo,Ventanilla Única Social - Subsecretaría de Evaluación Social
65a7c85f21154e9ab4ca00675da7bfa1,dcd0b6134a8846c1ac7171f8530945ab,5,0,5,dcd0b6134a8846c1ac7171f8530945ab->65a7c85f21154e9ab4ca00675da7bfa1,1.0,consistente,Dom Digital - municipalidad pedro aguirre cerda,Identidad Única - Ministerio de Vivienda y Urbanismo - Subsecretaría de Vivienda y Urbanismo
123,b3b9221510904977b1c9f12ea7108119,5,2,3,b3b9221510904977b1c9f12ea7108119->123,0.6,mixto,Registro Civil - SRCeI,Contactanos DT - Dirección del Trabajo
209ce526160947f0b398566cd4cbfd0d,9f88dc88029e42d3a5b082ab396be6d3,5,4,1,209ce526160947f0b398566cd4cbfd0d->9f88dc88029e42d3a5b082ab396be6d3,0.8,mixto,Portal de Aplicaciones Sence - Servicio Nacional de Capacitacion y Empleo,Sistema de Postulación Único - Carabineros de Chile
ae4caa1cb2154cac89440f3fe18251cb,be4240b37c354311af26b2846acba9c7,5,5,0,ae4caa1cb2154cac89440f3fe18251cb->be4240b37c354311af26b2846acba9c7,1.0,consistente,Ingreso de causas y escritos - Corporación Administrativa del Poder Judicial,Clave Única USACH - Universidad de Santiago de Chile
1ad6835586034de0b29f4a402b182c6c,c52ceac3693c4644bb20f07dd8aa7103,5,0,5,c52ceac3693c4644bb20f07dd8aa7103->1ad6835586034de0b29f4a402b182c6c,1.0,consistente,Comisaría Virtual 2 - Carabineros de Chile,Firma Electronica - Secretaría de Gobierno Digital
5af95b4c9eec408dad00e7b5a2a16b92,ae4caa1cb2154cac89440f3fe18251cb,5,2,3,ae4caa1cb2154cac89440f3fe18251cb->5af95b4c9eec408dad00e7b5a2a16b92,0.6,mixto,Servicio de Salud Tarapacá - Servicio de Salud Tarapacá,Ingreso de causas y escritos - Corporación Administrativa del Poder Judicial
ae412e532f1a48428bd0c5ad1f02f816,d0b1e3a4c2434e65be47566dcc3e2ee0,5,2,3,d0b1e3a4c2434e65be47566dcc3e2ee0->ae412e532f1a48428bd0c5ad1f02f816,0.6,mixto,Sistema de gestión de licencia - Subsecretaría de Transportes,Municipalidad de Los Angeles - Ilustre Municipalidad de Los Angeles
209ce526160947f0b398566cd4cbfd0d,5492b6e4db6948aca469c21d05b18721,5,3,2,209ce526160947f0b398566cd4cbfd0d->5492b6e4db6948aca469c21d05b18721,0.6,mixto,Portal de Aplicaciones Sence - Servicio Nacional de Capacitacion y Empleo,Ley del Lobby - Comisión para la Integridad PÚblica y Transparencia
64d9be8046574fbfbc1fb14c9912afea,b785d3ec935248ff8a8fd358f7765463,5,0,5,b785d3ec935248ff8a8fd358f7765463->64d9be8046574fbfbc1fb14c9912afea,1.0,consistente,ASDigital - Ministerio de salud,Pesca Recreativa - Servicio Nacional de Pesca y Acuicultura
3d639e0a581e4afbbc3976eed669f5c6,67eb30db49f240b08ab2b3f422f92cdf,5,1,4,67eb30db49f240b08ab2b3f422f92cdf->3d639e0a581e4afbbc3976eed669f5c6,0.8,mixto,Mi Portal de Emprendimiento - Subsecretaría de Evaluación Social,Portal MiDT - Dirección del Trabajo
3e2a4d42827d43d0b90248199e58e98e,9f88dc88029e42d3a5b082ab396be6d3,5,3,2,3e2a4d42827d43d0b90248199e58e98e->9f88dc88029e42d3a5b082ab396be6d3,0.6,mixto,Mineduc-Ayudamineduc - Subsecretaría de Educación,Sistema de Postulación Único - Carabineros de Chile
d0b1e3a4c2434e65be47566dcc3e2ee0,dd7629fec91f4599b3cf8c0dd0b984ac,5,3,2,d0b1e3a4c2434e65be47566dcc3e2ee0->dd7629fec91f4599b3cf8c0dd0b984ac,0.6,mixto,Municipalidad de Los Angeles - Ilustre Municipalidad de Los Angeles,Sucursal Virtual FONASA - Fondo Nacional de Salud
a7709b21161d459298dc5dc58e77310b,cb9e2b9dd1cd44c5b7d4fdcfbbf3f5e0,5,4,1,a7709b21161d459298dc5dc58e77310b->cb9e2b9dd1cd44c5b7d4fdcfbbf3f5e0,0.8,mixto,DIPRECA - Dirección de Previsión de Carabineros de Chile,Portal Usuario 2.0 - Subsecretaría de Justicia
6d52b87b5a964c61ad7e28afd9499f18,86144f0d3b814c1d8c013f7aade6c55d,5,3,2,6d52b87b5a964c61ad7e28afd9499f18->86144f0d3b814c1d8c013f7aade6c55d,0.6,mixto,Mis Trámites CGR - Contraloría General de la República,Sernac - Portal del consumidor - Servicio Nacional del Consumidor
ae412e532f1a48428bd0c5ad1f02f816,d16fad3dcdb14d69b5d82776d09bb796,5,2,3,d16fad3dcdb14d69b5d82776d09bb796->ae412e532f1a48428bd0c5ad1f02f816,0.6,mixto,Sistema de gestión de licencia - Subsecretaría de Transportes,Sistema de Gestión Documental - Municipalidad de Villa Alegre
5ad019e5f0e445e8b37fc4ed60a3447c,64d9be8046574fbfbc1fb14c9912afea,5,3,2,5ad019e5f0e445e8b37fc4ed60a3447c->64d9be8046574fbfbc1fb14c9912afea,0.6,mixto,5ad019e5f0e445e8b37fc4ed60a3447c,ASDigital - Ministerio de salud
55c1817c84554dc881bc439a4b00abed,9a76efc4c34e4bd7843206658dc45454,5,1,4,9a76efc4c34e4bd7843206658dc45454->55c1817c84554dc881bc439a4b00abed,0.8,mixto,Municipalidad de Colina - Municipalidad de Colina,Portal Ciudadano ClaveÚnica - Secretaría de Gobierno Digital
55c1817c84554dc881bc439a4b00abed,dc821110e3f34bf3984d61955ced2e69,5,3,2,55c1817c84554dc881bc439a4b00abed->dc821110e3f34bf3984d61955ced2e69,0.6,mixto,Municipalidad de Colina - Municipalidad de Colina,Licencia de Conducir Digital - Subsecretaría de Transportes
173651d19b3e492cb6c27f74b9b1fe7e,ea62071feb644e4e81394dfa5c500ff3,5,1,4,ea62071feb644e4e81394dfa5c500ff3->173651d19b3e492cb6c27f74b9b1fe7e,0.8,mixto,173651d19b3e492cb6c27f74b9b1fe7e,DIPRECA - Dirección de Previsión de Carabineros de Chile
239b1152a21a4cebb35b2a9dc02b10a9,c63d7e67e1f8454386089193582563ea,5,5,0,239b1152a21a4cebb35b2a9dc02b10a9->c63d7e67e1f8454386089193582563ea,1.0,consistente,Agencia de Calidad de la Educación - MINISTERIO DE EDUCACION,Campus Virtual - Subsecretaría de Evaluación Social
2ff516ac74a44ebfa3a522adbde28a0f,6daae6995cb245348bb2b5432ccc9948,5,5,0,2ff516ac74a44ebfa3a522adbde28a0f->6daae6995cb245348bb2b5432ccc9948,1.0,consistente,E-Sign ClaveÚnica - ESIGN S.A.,DIRECTEMAR - Dirección General del Territorio Marítimo y Marina Mercante
123,8ccf6c97b6eb4670bafec186fbe64f85,5,1,4,8ccf6c97b6eb4670bafec186fbe64f85->123,0.8,mixto,Registro Civil - SRCeI,Buscador de Jurisprudencia - Poder Judicial
9a76efc4c34e4bd7843206658dc45454,a4b6a99bdf274e679d55747b64987bc5,5,3,2,9a76efc4c34e4bd7843206658dc45454->a4b6a99bdf274e679d55747b64987bc5,0.6,mixto,Portal Ciudadano ClaveÚnica - Secretaría de Gobierno Digital,SIPA DGAC - Dirección General de Aeronáutica Civil
117d6d62a9844fd38fdb5d53e5cbc844,123,5,3,2,117d6d62a9844fd38fdb5d53e5cbc844->123,0.6,mixto,TRASPASO DEL DOMINIO DE BIENES - Fondo de Solidaridad e Inversión Social,Registro Civil - SRCeI
2e0f9d54f6534336a19fffacd7b6af40,fdd7e5cf453e42d7b8cb2334d3a7bff9,5,5,0,2e0f9d54f6534336a19fffacd7b6af40->fdd7e5cf453e42d7b8cb2334d3a7bff9,1.0,consistente,Sitio Web UNO Privado - AFP Uno,Telesalud - Subsecretaría de Redes Asistenciales
0e11736fc9c24dbea92c4f3a6453a160,fb74231009884254b2d13b0fd9056247,5,3,2,0e11736fc9c24dbea92c4f3a6453a160->fb74231009884254b2d13b0fd9056247,0.6,mixto,0e11736fc9c24dbea92c4f3a6453a160,Carrera Docente CPEIP - Subsecretaría de Educación
5492b6e4db6948aca469c21d05b18721,c13d78fe65b94d05ad83b59494767b9f,5,3,2,5492b6e4db6948aca469c21d05b18721->c13d78fe65b94d05ad83b59494767b9f,0.6,mixto,Ley del Lobby - Comisión para la Integridad PÚblica y Transparencia,Beneficios Personal - Gendarmería de Chile
1eec93924a1046efbad70c851782ab8a,b972e814004e4624a566f308901cca7c,5,1,4,b972e814004e4624a566f308901cca7c->1eec93924a1046efbad70c851782ab8a,0.8,mixto,Trámites INAPI - Instituto Nacional de Propiedad Industrial,DocDigital Versión 3 - Subsecretaría General de la Presidencia de la República
18bec3e707784a978d9d89f2967f87de,eaf8f2b0ccd04cf2a7bfcf357fe88ca2,5,5,0,18bec3e707784a978d9d89f2967f87de->eaf8f2b0ccd04cf2a7bfcf357fe88ca2,1.0,consistente,SERVEL- RENDICION - Servicio Electoral,Empleos Públicos - Servicio Civil
0335e32e61b248ae8ab98cb955f915dd,2549b51828ce40af920a932dd2102217,5,2,3,2549b51828ce40af920a932dd2102217->0335e32e61b248ae8ab98cb955f915dd,0.6,mixto,Sistema de ambiente de Clientes - Central de Abastecimiento del Sistema Nacional de Servicios de Salud,undefined - Servicio de Impuestos Internos
94d27864f86d422faa68efccb908cc34,cc892c05f6d94315be2b7539e45b9170,5,4,1,94d27864f86d422faa68efccb908cc34->cc892c05f6d94315be2b7539e45b9170,0.8,mixto,94d27864f86d422faa68efccb908cc34,Ventanilla Única 2.0 - Ministerio del Medio Ambiente
44568175e9ff4fdcb98cd4e9d368ce11,94d27864f86d422faa68efccb908cc34,5,0,5,94d27864f86d422faa68efccb908cc34->44568175e9ff4fdcb98cd4e9d368ce11,1.0,consistente,Sistema Integrado DAES - Subsecretaría de Economía y Empresas de Menor Tamaño,94d27864f86d422faa68efccb908cc34
44568175e9ff4fdcb98cd4e9d368ce11,9a8b89a81b6a4af6a344229958ea3cdf,5,1,4,9a8b89a81b6a4af6a344229958ea3cdf->44568175e9ff4fdcb98cd4e9d368ce11,0.8,mixto,Sistema Integrado DAES - Subsecretaría de Economía y Empresas de Menor Tamaño,Registros Ley 19862 - Subsecretaría de Hacienda
9a76efc4c34e4bd7843206658dc45454,cc24befdf2774590868faf92c745d561,5,4,1,9a76efc4c34e4bd7843206658dc45454->cc24befdf2774590868faf92c745d561,0.8,mixto,Portal Ciudadano ClaveÚnica - Secretaría de Gobierno Digital,Portal de autenticación Cuprum - AFP Cuprum
c13d78fe65b94d05ad83b59494767b9f,ea62071feb644e4e81394dfa5c500ff3,5,4,1,c13d78fe65b94d05ad83b59494767b9f->ea62071feb644e4e81394dfa5c500ff3,0.8,mixto,Beneficios Personal - Gendarmería de Chile,DIPRECA - Dirección de Previsión de Carabineros de Chile
dc821110e3f34bf3984d61955ced2e69,dfd423dde87b47d382b736a15a36ac68,5,1,4,dfd423dde87b47d382b736a15a36ac68->dc821110e3f34bf3984d61955ced2e69,0.8,mixto,Licencia de Conducir Digital - Subsecretaría de Transportes,App La Florida - Municipalidad de La Florida
4461c788433345b8a4a296b35aa9499d,67eb30db49f240b08ab2b3f422f92cdf,5,2,3,67eb30db49f240b08ab2b3f422f92cdf->4461c788433345b8a4a296b35aa9499d,0.6,mixto,Superintendencia de Educación - Superintendencia de Educación,Portal MiDT - Dirección del Trabajo
5af95b4c9eec408dad00e7b5a2a16b92,eaf8f2b0ccd04cf2a7bfcf357fe88ca2,5,2,3,eaf8f2b0ccd04cf2a7bfcf357fe88ca2->5af95b4c9eec408dad00e7b5a2a16b92,0.6,mixto,Servicio de Salud Tarapacá - Servicio de Salud Tarapacá,Empleos Públicos - Servicio Civil
374a9a2f750b45b0b6fcb95978f22039,b972e814004e4624a566f308901cca7c,5,1,4,b972e814004e4624a566f308901cca7c->374a9a2f750b45b0b6fcb95978f22039,0.8,mixto,Sistema FRIL - Gobierno Regional de la Región de Los Lagos,DocDigital Versión 3 - Subsecretaría General de la Presidencia de la República
38b3f29fe39b4e87b5f7982165de8cf1,ae54454684154c25bd33c6e04609652b,5,2,3,ae54454684154c25bd33c6e04609652b->38b3f29fe39b4e87b5f7982165de8cf1,0.6,mixto,Portal Servel - Servicio Electoral,Sistema de Apelación Contra de Isapres - Subsecretaría de Salud Pública
ad571b40258e4862b37b31fbbe2d8ab5,e8dde9d26979498786c6ba5a82f70ad3,5,4,1,ad571b40258e4862b37b31fbbe2d8ab5->e8dde9d26979498786c6ba5a82f70ad3,0.8,mixto,HOSPITAL DE IQUIQUE - Servicio de Salud Tarapacá,"undefined - Sociedad Administradora de Fondos de Cesantía de Chile II S.A., AFC Chile"
d602a0071f3f4db8b37a87cffd89bf23,eb838855f2344f65a4c925df80cdcad5,5,3,2,d602a0071f3f4db8b37a87cffd89bf23->eb838855f2344f65a4c925df80cdcad5,0.6,mixto,PJUD - PODER JUDICIAL,Cero Filas SAG - Servicio Agrícola y Ganadero
123,efc2ff990ea34f39b9cc691bfe733130,5,1,4,efc2ff990ea34f39b9cc691bfe733130->123,0.8,mixto,Registro Civil - SRCeI,Agenda Municipalidad de Puente Alto - Municipalidad de Puente Alto
4a94478dd25f4430a0a023b87e11170d,95b7bf6083634811b6ec1552e2ed5fad,5,1,4,95b7bf6083634811b6ec1552e2ed5fad->4a94478dd25f4430a0a023b87e11170d,0.8,mixto,Milicenciamedica.cl - Subsecretaría de Salud Pública,Gestión Telesalud - Subsecretaría de Redes Asistenciales
ae4caa1cb2154cac89440f3fe18251cb,b7c988fa6132435480b57f66696827fd,5,2,3,b7c988fa6132435480b57f66696827fd->ae4caa1cb2154cac89440f3fe18251cb,0.6,mixto,Ingreso de causas y escritos - Corporación Administrativa del Poder Judicial,Pase Cultural - Subsecretaría de Evaluación Social
209ce526160947f0b398566cd4cbfd0d,585115d181ea4a77bf361f06a32100ea,5,4,1,209ce526160947f0b398566cd4cbfd0d->585115d181ea4a77bf361f06a32100ea,0.8,mixto,Portal de Aplicaciones Sence - Servicio Nacional de Capacitacion y Empleo,Senda Moodle - Servicio Nacional de Prevención y Rehabilitación del Consumo de Drogas y Alcohol
c5b83bbfa22c4c31a5743485b4c6e524,ddf47b043bc04fa0bd7d61b8af3f9b2c,5,2,3,ddf47b043bc04fa0bd7d61b8af3f9b2c->c5b83bbfa22c4c31a5743485b4c6e524,0.6,mixto,Bolsa Nacional de Empleo - Subsecretaría del Trabajo,Autenticacion UChile - Universidad de Chile
b2ace35bc76642f495f04addfca9e3aa,eaf8f2b0ccd04cf2a7bfcf357fe88ca2,5,3,2,b2ace35bc76642f495f04addfca9e3aa->eaf8f2b0ccd04cf2a7bfcf357fe88ca2,0.6,mixto,Plataforma de Cursos DDHH - Subsecretaría de Derechos Humanos,Empleos Públicos - Servicio Civil
ab2dd6e0890c4b5483973add6fa1b91b,c5b83bbfa22c4c31a5743485b4c6e524,5,1,4,c5b83bbfa22c4c31a5743485b4c6e524->ab2dd6e0890c4b5483973add6fa1b91b,0.8,mixto,Sercotec - Servicio de Cooperación Técnica,Bolsa Nacional de Empleo - Subsecretaría del Trabajo
3af2d18b09e6443fa289e956fc10669f,eaf8f2b0ccd04cf2a7bfcf357fe88ca2,5,3,2,3af2d18b09e6443fa289e956fc10669f->eaf8f2b0ccd04cf2a7bfcf357fe88ca2,0.6,mixto,Red Movilidad - Subsecretaría de Transportes,Empleos Públicos - Servicio Civil
67eb30db49f240b08ab2b3f422f92cdf,78d2a80a1628414097285e5ece0cab12,5,5,0,67eb30db49f240b08ab2b3f422f92cdf->78d2a80a1628414097285e5ece0cab12,1.0,consistente,Portal MiDT - Dirección del Trabajo,78d2a80a1628414097285e5ece0cab12
4a94478dd25f4430a0a023b87e11170d,c7d9f088b4be4e38924fcfa78a6b5496,5,4,1,4a94478dd25f4430a0a023b87e11170d->c7d9f088b4be4e38924fcfa78a6b5496,0.8,mixto,Milicenciamedica.cl - Subsecretaría de Salud Pública,Directores para Chile - Servicio Civil
123,527213d7d4294edebe57db0d54f838f8,5,3,2,123->527213d7d4294edebe57db0d54f838f8,0.6,mixto,Registro Civil - SRCeI,Servicio de Salud Metropolitano Sur Oriente - Servicio de Salud Metropolitano Sur
31050e1a1dcb4c9899ba77be32449e54,6743ad379b094f98ad903d0f0304add1,5,3,2,31050e1a1dcb4c9899ba77be32449e54->6743ad379b094f98ad903d0f0304add1,0.6,mixto,Bono electrónico y LME - Superintendencia de Seguridad Social,Procedimiento Administrativo Electrónico - Superintendencia de Seguridad Social
6e12533e73a048efa8bcc0a30f2b7684,b7c988fa6132435480b57f66696827fd,5,3,2,6e12533e73a048efa8bcc0a30f2b7684->b7c988fa6132435480b57f66696827fd,0.6,mixto,Dirección General de Movilización Nacional - Dirección General de Movilización Nacional,Pase Cultural - Subsecretaría de Evaluación Social
b6a7ac98c6704aa6b6512efa5fa8dbfe,dc821110e3f34bf3984d61955ced2e69,5,4,1,b6a7ac98c6704aa6b6512efa5fa8dbfe->dc821110e3f34bf3984d61955ced2e69,0.8,mixto,Corfo - Corporación de Fomento de la Producción,Licencia de Conducir Digital - Subsecretaría de Transportes
86144f0d3b814c1d8c013f7aade6c55d,ef1dd1f1a5b94d0eacb669f7b3ec2911,5,4,1,86144f0d3b814c1d8c013f7aade6c55d->ef1dd1f1a5b94d0eacb669f7b3ec2911,0.8,mixto,Sernac - Portal del consumidor - Servicio Nacional del Consumidor,Mi Crédito CAE - Comisión Administradora del Sistema de Créditos para Estudios Superiores
78d2a80a1628414097285e5ece0cab12,94d27864f86d422faa68efccb908cc34,5,5,0,78d2a80a1628414097285e5ece0cab12->94d27864f86d422faa68efccb908cc34,1.0,consistente,78d2a80a1628414097285e5ece0cab12,94d27864f86d422faa68efccb908cc34
4f22549f9d3a443cb041c0e55395dbf1,6daae6995cb245348bb2b5432ccc9948,5,4,1,4f22549f9d3a443cb041c0e55395dbf1->6daae6995cb245348bb2b5432ccc9948,0.8,mixto,Comisaría Virtual Denuncias - Carabineros de Chile,DIRECTEMAR - Dirección General del Territorio Marítimo y Marina Mercante
387ff07354a74657a44369e05d83234a,6e12533e73a048efa8bcc0a30f2b7684,5,2,3,6e12533e73a048efa8bcc0a30f2b7684->387ff07354a74657a44369e05d83234a,0.6,mixto,Nuevo Sitio Web FONASA - Fondo Nacional de Salud,Dirección General de Movilización Nacional - Dirección General de Movilización Nacional
ae4caa1cb2154cac89440f3fe18251cb,ea3b3bbfa0bd4b99ae4fd1176a22d13c,5,0,5,ea3b3bbfa0bd4b99ae4fd1176a22d13c->ae4caa1cb2154cac89440f3fe18251cb,1.0,consistente,Ingreso de causas y escritos - Corporación Administrativa del Poder Judicial,Bono Logro Escolar - Subsecretaría de Servicios Sociales
2549b51828ce40af920a932dd2102217,9a8b89a81b6a4af6a344229958ea3cdf,5,3,2,2549b51828ce40af920a932dd2102217->9a8b89a81b6a4af6a344229958ea3cdf,0.6,mixto,undefined - Servicio de Impuestos Internos,Registros Ley 19862 - Subsecretaría de Hacienda
780fb7c030e043f7bd9f40ca4ab06bd4,ae412e532f1a48428bd0c5ad1f02f816,5,1,4,ae412e532f1a48428bd0c5ad1f02f816->780fb7c030e043f7bd9f40ca4ab06bd4,0.8,mixto,App Funcionarios La Florida - Municipalidad de La Florida,Sistema de gestión de licencia - Subsecretaría de Transportes
67339e06f4b44f78994ff4785178807a,be89c84ae27c40c3a5ee2840d95e5d5d,5,1,4,be89c84ae27c40c3a5ee2840d95e5d5d->67339e06f4b44f78994ff4785178807a,0.8,mixto,Mercado+Público - Dirección de Compras y Contratación Pública,be89c84ae27c40c3a5ee2840d95e5d5d
449f058c212e48fd816264e10ee2d594,8af63e063a2a42098caed55eeb24acf0,5,3,2,449f058c212e48fd816264e10ee2d594->8af63e063a2a42098caed55eeb24acf0,0.6,mixto,Agencia de Calidad de la Educación - Agencia de Calidad de la Educación,Acceso Clave Unica UFRO - Universidad de La Frontera
94d27864f86d422faa68efccb908cc34,d44f2fafe10b4397ac7557cd13747bd2,5,0,5,d44f2fafe10b4397ac7557cd13747bd2->94d27864f86d422faa68efccb908cc34,1.0,consistente,94d27864f86d422faa68efccb908cc34,RPI - MTT
4f22549f9d3a443cb041c0e55395dbf1,dd7629fec91f4599b3cf8c0dd0b984ac,5,0,5,dd7629fec91f4599b3cf8c0dd0b984ac->4f22549f9d3a443cb041c0e55395dbf1,1.0,consistente,Comisaría Virtual Denuncias - Carabineros de Chile,Sucursal Virtual FONASA - Fondo Nacional de Salud
2ae2ca1a377048a58815f54a432f8a21,f26d1b7657924c61b3e519cbacf36c34,5,5,0,2ae2ca1a377048a58815f54a432f8a21->f26d1b7657924c61b3e519cbacf36c34,1.0,consistente,Portal Paciente - Subsecretaría de Redes Asistenciales,Resultados Exámenes - Servicio de Salud Coquimbo
3af2d18b09e6443fa289e956fc10669f,495c261c0f484bd08e232f7358452c4d,5,4,1,3af2d18b09e6443fa289e956fc10669f->495c261c0f484bd08e232f7358452c4d,0.8,mixto,Red Movilidad - Subsecretaría de Transportes,undefined - Comisión para el Mercado Financiero
1bb1657eb2eb43808f0529810258aa3b,dfd423dde87b47d382b736a15a36ac68,5,2,3,dfd423dde87b47d382b736a15a36ac68->1bb1657eb2eb43808f0529810258aa3b,0.6,mixto,Autenticación Sistemas DPP - Defensoría Penal Pública,App La Florida - Municipalidad de La Florida
1ad6835586034de0b29f4a402b182c6c,b992e6a27eb249658efce6ca0cc286dc,5,0,5,b992e6a27eb249658efce6ca0cc286dc->1ad6835586034de0b29f4a402b182c6c,1.0,consistente,Comisaría Virtual 2 - Carabineros de Chile,Vumar - Subsecretaría de Transportes
8ccf6c97b6eb4670bafec186fbe64f85,fba5ab8c38d3426492c31c99ad569bdb,5,4,1,8ccf6c97b6eb4670bafec186fbe64f85->fba5ab8c38d3426492c31c99ad569bdb,0.8,mixto,Buscador de Jurisprudencia - Poder Judicial,Oficina Judicial Virtual Tribunales Tributarios y Aduaneros - Unidad Administradora de Tribunales Tributarios y Aduaneros
309b72a99d154079a6ab5d23444fd7dd,b972e814004e4624a566f308901cca7c,5,4,1,309b72a99d154079a6ab5d23444fd7dd->b972e814004e4624a566f308901cca7c,0.8,mixto,Mordedores - Subsecretaría de Salud Pública,DocDigital Versión 3 - Subsecretaría General de la Presidencia de la República
67eb30db49f240b08ab2b3f422f92cdf,ae412e532f1a48428bd0c5ad1f02f816,5,5,0,67eb30db49f240b08ab2b3f422f92cdf->ae412e532f1a48428bd0c5ad1f02f816,1.0,consistente,Portal MiDT - Dirección del Trabajo,Sistema de gestión de licencia - Subsecretaría de Transportes
ae412e532f1a48428bd0c5ad1f02f816,e8dde9d26979498786c6ba5a82f70ad3,5,0,5,e8dde9d26979498786c6ba5a82f70ad3->ae412e532f1a48428bd0c5ad1f02f816,1.0,consistente,Sistema de gestión de licencia - Subsecretaría de Transportes,"undefined - Sociedad Administradora de Fondos de Cesantía de Chile II S.A., AFC Chile"
31050e1a1dcb4c9899ba77be32449e54,95b7bf6083634811b6ec1552e2ed5fad,5,4,1,31050e1a1dcb4c9899ba77be32449e54->95b7bf6083634811b6ec1552e2ed5fad,0.8,mixto,Bono electrónico y LME - Superintendencia de Seguridad Social,Gestión Telesalud - Subsecretaría de Redes Asistenciales
51e1587ac2364f19bb4a9344841af223,dd7629fec91f4599b3cf8c0dd0b984ac,5,1,4,dd7629fec91f4599b3cf8c0dd0b984ac->51e1587ac2364f19bb4a9344841af223,0.8,mixto,www.sii.cl - Servicio de Impuestos Internos,Sucursal Virtual FONASA - Fondo Nacional de Salud
9a76efc4c34e4bd7843206658dc45454,b8386b6963a4492db355f0f70be3a3e2,5,4,1,9a76efc4c34e4bd7843206658dc45454->b8386b6963a4492db355f0f70be3a3e2,0.8,mixto,Portal Ciudadano ClaveÚnica - Secretaría de Gobierno Digital,PDI Virtual - Policía de Investigaciones de Chile
d602a0071f3f4db8b37a87cffd89bf23,e9d3577612dd49c3b62b654e33dccefb,5,0,5,e9d3577612dd49c3b62b654e33dccefb->d602a0071f3f4db8b37a87cffd89bf23,1.0,consistente,PJUD - PODER JUDICIAL,AutenticacionAccesoParaFirma - Certinet S.A.
4f22549f9d3a443cb041c0e55395dbf1,dc821110e3f34bf3984d61955ced2e69,5,4,1,4f22549f9d3a443cb041c0e55395dbf1->dc821110e3f34bf3984d61955ced2e69,0.8,mixto,Comisaría Virtual Denuncias - Carabineros de Chile,Licencia de Conducir Digital - Subsecretaría de Transportes
9a76efc4c34e4bd7843206658dc45454,f9894051ee6e40ad91d0cd53b2a8efc0,5,5,0,9a76efc4c34e4bd7843206658dc45454->f9894051ee6e40ad91d0cd53b2a8efc0,1.0,consistente,Portal Ciudadano ClaveÚnica - Secretaría de Gobierno Digital,I. Municipalidad de Santiago - Municipalidad de Santiago
94d27864f86d422faa68efccb908cc34,c765193a11274b73b1ffa97efd6fbc3b,5,1,4,c765193a11274b73b1ffa97efd6fbc3b->94d27864f86d422faa68efccb908cc34,0.8,mixto,94d27864f86d422faa68efccb908cc34,Servicio Único de Identidad - SMA - Superintendencia del Medio Ambiente
67eb30db49f240b08ab2b3f422f92cdf,eae6a8d122774db4ba88162a875db6a6,5,3,2,67eb30db49f240b08ab2b3f422f92cdf->eae6a8d122774db4ba88162a875db6a6,0.6,mixto,Portal MiDT - Dirección del Trabajo,Recetas en línea - Acceso Químico farmacéutico - Subsecretaría de Salud Pública
6bcf44d8a73c473cb78f0cb92508a232,ffaec74bfd414f8394bab077a989e27f,5,2,3,ffaec74bfd414f8394bab077a989e27f->6bcf44d8a73c473cb78f0cb92508a232,0.6,mixto,6bcf44d8a73c473cb78f0cb92508a232,miChileAtiende - Instituto de Previsión Social
ee00832abfba40b38335ce48a12981b5,fdd7e5cf453e42d7b8cb2334d3a7bff9,5,1,4,fdd7e5cf453e42d7b8cb2334d3a7bff9->ee00832abfba40b38335ce48a12981b5,0.8,mixto,Autenticacion Nube  Privada - Servicio de Impuestos Internos,Telesalud - Subsecretaría de Redes Asistenciales
9b5aaa3a004344fb87124fb7fbc9f49c,dd7629fec91f4599b3cf8c0dd0b984ac,5,2,3,dd7629fec91f4599b3cf8c0dd0b984ac->9b5aaa3a004344fb87124fb7fbc9f49c,0.6,mixto,9b5aaa3a004344fb87124fb7fbc9f49c,Sucursal Virtual FONASA - Fondo Nacional de Salud
4f4d89fa8ce34da19ecb340c1d267a3e,64d9be8046574fbfbc1fb14c9912afea,5,3,2,4f4d89fa8ce34da19ecb340c1d267a3e->64d9be8046574fbfbc1fb14c9912afea,0.6,mixto,Registro Nacional de MiPymes - Subsecretaría de Economía y Empresas de Menor Tamaño,ASDigital - Ministerio de salud
d0b1e3a4c2434e65be47566dcc3e2ee0,f883bd6d70b043a09837e8b888fe3f65,5,2,3,f883bd6d70b043a09837e8b888fe3f65->d0b1e3a4c2434e65be47566dcc3e2ee0,0.6,mixto,Municipalidad de Los Angeles - Ilustre Municipalidad de Los Angeles,undefined - Subsecretaría de Economía y Empresas de Menor Tamaño
ee00832abfba40b38335ce48a12981b5,fd595f24910c4126b7398b3e081af528,5,4,1,ee00832abfba40b38335ce48a12981b5->fd595f24910c4126b7398b3e081af528,0.8,mixto,Autenticacion Nube  Privada - Servicio de Impuestos Internos,Instituto Seguridad Laboral - Instituto Seguridad Laboral
5aa1a66c9e844e18a4a41740ed4aa476,9c503a3a614d483f8feb0de5edd9a9ba,5,0,5,9c503a3a614d483f8feb0de5edd9a9ba->5aa1a66c9e844e18a4a41740ed4aa476,1.0,consistente,Recetas en línea - Acceso Prescriptor - Subsecretaría de Salud Pública,COMPIN Licencias Medicas - Subsecretaría de Salud Pública
83b5865df3ba4e0a9855e3af5a41f9aa,c82f84bf3f2b451393445a0cb6883665,5,3,2,83b5865df3ba4e0a9855e3af5a41f9aa->c82f84bf3f2b451393445a0cb6883665,0.6,mixto,Municipalidad de Quilicura - Simple - Municipalidad de Quilicura,Ventanilla Única Social - Subsecretaría de Evaluación Social
2a4a00c47ac6468395984ee10ebc8dc3,32f2a35e790544ec9e040345f8a364f3,5,0,5,32f2a35e790544ec9e040345f8a364f3->2a4a00c47ac6468395984ee10ebc8dc3,1.0,consistente,Portal único de Trámites SERPAT - Servicio Nacional del Patrimonio Cultural,Defensoría Penal Pública - DEFENSORIA PENAL PUBLICA
9a76efc4c34e4bd7843206658dc45454,f44bedcfbdb64a818e717b872a002abd,5,4,1,9a76efc4c34e4bd7843206658dc45454->f44bedcfbdb64a818e717b872a002abd,0.8,mixto,Portal Ciudadano ClaveÚnica - Secretaría de Gobierno Digital,Ingreso a Municipalidad de Santiago - Municipalidad de Santiago
ae4caa1cb2154cac89440f3fe18251cb,d0b1e3a4c2434e65be47566dcc3e2ee0,5,4,1,ae4caa1cb2154cac89440f3fe18251cb->d0b1e3a4c2434e65be47566dcc3e2ee0,0.8,mixto,Ingreso de causas y escritos - Corporación Administrativa del Poder Judicial,Municipalidad de Los Angeles - Ilustre Municipalidad de Los Angeles
a7925c7ee6674a30ae9f3f4045785095,e8dde9d26979498786c6ba5a82f70ad3,5,3,2,a7925c7ee6674a30ae9f3f4045785095->e8dde9d26979498786c6ba5a82f70ad3,0.6,mixto,Gestión Documental - Ilustre Municipalidad de Peñalolén,"undefined - Sociedad Administradora de Fondos de Cesantía de Chile II S.A., AFC Chile"
0b145fb41bc84dc58a5beb5b4ef11b17,dd7629fec91f4599b3cf8c0dd0b984ac,5,2,3,dd7629fec91f4599b3cf8c0dd0b984ac->0b145fb41bc84dc58a5beb5b4ef11b17,0.6,mixto,Servicios en linea - Caja de Previsión de la Defensa Nacional,Sucursal Virtual FONASA - Fondo Nacional de Salud
4f22549f9d3a443cb041c0e55395dbf1,b8386b6963a4492db355f0f70be3a3e2,5,1,4,b8386b6963a4492db355f0f70be3a3e2->4f22549f9d3a443cb041c0e55395dbf1,0.8,mixto,Comisaría Virtual Denuncias - Carabineros de Chile,PDI Virtual - Policía de Investigaciones de Chile
1ad6835586034de0b29f4a402b182c6c,b8386b6963a4492db355f0f70be3a3e2,5,1,4,b8386b6963a4492db355f0f70be3a3e2->1ad6835586034de0b29f4a402b182c6c,0.8,mixto,Comisaría Virtual 2 - Carabineros de Chile,PDI Virtual - Policía de Investigaciones de Chile
d74a389b77734996ba37fa61a0d08341,eb838855f2344f65a4c925df80cdcad5,5,0,5,eb838855f2344f65a4c925df80cdcad5->d74a389b77734996ba37fa61a0d08341,1.0,consistente,DECLARACION JURADA - Servicio Agrícola y Ganadero,Cero Filas SAG - Servicio Agrícola y Ganadero
399e7fc266894562850261cfbc06b992,dc821110e3f34bf3984d61955ced2e69,5,5,0,399e7fc266894562850261cfbc06b992->dc821110e3f34bf3984d61955ced2e69,1.0,consistente,Denuncia en Linea - Ministerio Público,Licencia de Conducir Digital - Subsecretaría de Transportes
3322cab8a5164377ad7d8958407c68f7,f31ed616d84449edb5fdd8cd332552b2,5,4,1,3322cab8a5164377ad7d8958407c68f7->f31ed616d84449edb5fdd8cd332552b2,0.8,mixto,DOM Digital - municipalidad de pucon,dom digital - Municipalidad de Temuco
0335e32e61b248ae8ab98cb955f915dd,5af95b4c9eec408dad00e7b5a2a16b92,5,3,2,0335e32e61b248ae8ab98cb955f915dd->5af95b4c9eec408dad00e7b5a2a16b92,0.6,mixto,Sistema de ambiente de Clientes - Central de Abastecimiento del Sistema Nacional de Servicios de Salud,Servicio de Salud Tarapacá - Servicio de Salud Tarapacá
b992e6a27eb249658efce6ca0cc286dc,c82f84bf3f2b451393445a0cb6883665,5,2,3,c82f84bf3f2b451393445a0cb6883665->b992e6a27eb249658efce6ca0cc286dc,0.6,mixto,Vumar - Subsecretaría de Transportes,Ventanilla Única Social - Subsecretaría de Evaluación Social
6a322ad743e3464bae56d2d9b180078a,74ed652f9a9242c590651fe4cff0d492,5,0,5,74ed652f9a9242c590651fe4cff0d492->6a322ad743e3464bae56d2d9b180078a,1.0,consistente,6a322ad743e3464bae56d2d9b180078a,Ingreso a Intranet UTA - Universidad de Tarapacá
d6d4327ae40445518a3c8a6e62137cd6,d878a9b71bd6473c90e7ecf31a72f2f6,5,5,0,d6d4327ae40445518a3c8a6e62137cd6->d878a9b71bd6473c90e7ecf31a72f2f6,1.0,consistente,Gobierno Digital Simple - Secretaría de Gobierno Digital,d878a9b71bd6473c90e7ecf31a72f2f6
6d52b87b5a964c61ad7e28afd9499f18,fb3957569a8d49528c3571bcb4703f55,5,1,4,fb3957569a8d49528c3571bcb4703f55->6d52b87b5a964c61ad7e28afd9499f18,0.8,mixto,Mis Trámites CGR - Contraloría General de la República,MINVU - Subsecretaría de Vivienda y Urbanismo
ac8fac68f21540539f02e8fd2a44f651,ee00832abfba40b38335ce48a12981b5,5,3,2,ac8fac68f21540539f02e8fd2a44f651->ee00832abfba40b38335ce48a12981b5,0.6,mixto,CapacitaSII - Servicio de Impuestos Internos,Autenticacion Nube  Privada - Servicio de Impuestos Internos
fb3957569a8d49528c3571bcb4703f55,fdd7e5cf453e42d7b8cb2334d3a7bff9,5,0,5,fdd7e5cf453e42d7b8cb2334d3a7bff9->fb3957569a8d49528c3571bcb4703f55,1.0,consistente,MINVU - Subsecretaría de Vivienda y Urbanismo,Telesalud - Subsecretaría de Redes Asistenciales
88d08ee1a5384a7fbe4bfddb8928ce82,dc821110e3f34bf3984d61955ced2e69,5,5,0,88d08ee1a5384a7fbe4bfddb8928ce82->dc821110e3f34bf3984d61955ced2e69,1.0,consistente,Sistema Midas - Subsecretaría de Salud Pública,Licencia de Conducir Digital - Subsecretaría de Transportes
2549b51828ce40af920a932dd2102217,6638e8be97b54a8a917c20284ee6082d,5,2,3,6638e8be97b54a8a917c20284ee6082d->2549b51828ce40af920a932dd2102217,0.6,mixto,undefined - Servicio de Impuestos Internos,Consulta Honorarios - Universidad de Antofagasta
08165f6182bc4dfc9dc1d7774508bbc6,88d08ee1a5384a7fbe4bfddb8928ce82,5,3,2,08165f6182bc4dfc9dc1d7774508bbc6->88d08ee1a5384a7fbe4bfddb8928ce82,0.6,mixto,e-certchile - E-Cert Chile,Sistema Midas - Subsecretaría de Salud Pública
5f686fded1294c02a7a5c3298f2eec5b,74e60dc3bc26493d81088e4d322b7c39,5,3,2,5f686fded1294c02a7a5c3298f2eec5b->74e60dc3bc26493d81088e4d322b7c39,0.6,mixto,Sistema SEIM - Subsecretaría de Transportes,SignPass - BPO Advisors SpA
495c261c0f484bd08e232f7358452c4d,6d52b87b5a964c61ad7e28afd9499f18,5,1,4,6d52b87b5a964c61ad7e28afd9499f18->495c261c0f484bd08e232f7358452c4d,0.8,mixto,undefined - Comisión para el Mercado Financiero,Mis Trámites CGR - Contraloría General de la República
c82f84bf3f2b451393445a0cb6883665,daa56f929b2c4c61a04a016533364752,5,4,1,c82f84bf3f2b451393445a0cb6883665->daa56f929b2c4c61a04a016533364752,0.8,mixto,Ventanilla Única Social - Subsecretaría de Evaluación Social,SIAC JUNJI - Junta Nacional de Jardines Infantiles
209ce526160947f0b398566cd4cbfd0d,c567f19e4b0b409491faa28b331bf1d3,5,5,0,209ce526160947f0b398566cd4cbfd0d->c567f19e4b0b409491faa28b331bf1d3,1.0,consistente,Portal de Aplicaciones Sence - Servicio Nacional de Capacitacion y Empleo,c567f19e4b0b409491faa28b331bf1d3
4a94478dd25f4430a0a023b87e11170d,eae6a8d122774db4ba88162a875db6a6,5,5,0,4a94478dd25f4430a0a023b87e11170d->eae6a8d122774db4ba88162a875db6a6,1.0,consistente,Milicenciamedica.cl - Subsecretaría de Salud Pública,Recetas en línea - Acceso Químico farmacéutico - Subsecretaría de Salud Pública
061230af8491491e8777333096d1d6de,c82f84bf3f2b451393445a0cb6883665,5,1,4,c82f84bf3f2b451393445a0cb6883665->061230af8491491e8777333096d1d6de,0.8,mixto,sise portal - Subsecretaría de Evaluación Social,Ventanilla Única Social - Subsecretaría de Evaluación Social
2549b51828ce40af920a932dd2102217,62a5285108824e269a3fa09e9c233440,5,2,3,62a5285108824e269a3fa09e9c233440->2549b51828ce40af920a932dd2102217,0.6,mixto,undefined - Servicio de Impuestos Internos,SEC - Atención Ciudadana - Superintendencia de Electricidad y Combustibles
4a94478dd25f4430a0a023b87e11170d,b3b9221510904977b1c9f12ea7108119,5,5,0,4a94478dd25f4430a0a023b87e11170d->b3b9221510904977b1c9f12ea7108119,1.0,consistente,Milicenciamedica.cl - Subsecretaría de Salud Pública,Contactanos DT - Dirección del Trabajo
26ce850e25c04398a2da12f4478e7597,eaf8f2b0ccd04cf2a7bfcf357fe88ca2,5,3,2,26ce850e25c04398a2da12f4478e7597->eaf8f2b0ccd04cf2a7bfcf357fe88ca2,0.6,mixto,Registro de profesionales - Subsecretaría de Educación,Empleos Públicos - Servicio Civil
638aea308ffb483198d5c1387e2cc017,a7709b21161d459298dc5dc58e77310b,5,0,5,a7709b21161d459298dc5dc58e77310b->638aea308ffb483198d5c1387e2cc017,1.0,consistente,"Portal ""Mi SUPERIR"" - Superintendencia de Insolvencia y Reemprendimiento",DIPRECA - Dirección de Previsión de Carabineros de Chile
1bb1657eb2eb43808f0529810258aa3b,ee00832abfba40b38335ce48a12981b5,5,3,2,1bb1657eb2eb43808f0529810258aa3b->ee00832abfba40b38335ce48a12981b5,0.6,mixto,Autenticación Sistemas DPP - Defensoría Penal Pública,Autenticacion Nube  Privada - Servicio de Impuestos Internos
347178b052294153af290d6a84589868,fd595f24910c4126b7398b3e081af528,5,3,2,347178b052294153af290d6a84589868->fd595f24910c4126b7398b3e081af528,0.6,mixto,Mi Fiscalía en Línea - Ministerio Público,Instituto Seguridad Laboral - Instituto Seguridad Laboral
c82f84bf3f2b451393445a0cb6883665,e423b8339a57485d8b524937d93e4f44,5,4,1,c82f84bf3f2b451393445a0cb6883665->e423b8339a57485d8b524937d93e4f44,0.8,mixto,Ventanilla Única Social - Subsecretaría de Evaluación Social,SIMPLE - Gendarmería de Chile
309b72a99d154079a6ab5d23444fd7dd,a96e622271484df9b5df5d32e8d67c67,5,0,5,a96e622271484df9b5df5d32e8d67c67->309b72a99d154079a6ab5d23444fd7dd,1.0,consistente,Mordedores - Subsecretaría de Salud Pública,Epivigila Midas - Subsecretaría de Salud Pública
495c261c0f484bd08e232f7358452c4d,d0b1e3a4c2434e65be47566dcc3e2ee0,5,3,2,495c261c0f484bd08e232f7358452c4d->d0b1e3a4c2434e65be47566dcc3e2ee0,0.6,mixto,undefined - Comisión para el Mercado Financiero,Municipalidad de Los Angeles - Ilustre Municipalidad de Los Angeles
6a91c10b9e8341afbd387fb72bab3cf7,e9793e137f8c4928980c8de4aeb9e473,5,3,2,6a91c10b9e8341afbd387fb72bab3cf7->e9793e137f8c4928980c8de4aeb9e473,0.6,mixto,Comisión de Medicina Preventiva e Invalidez - Subsecretaría de Salud Pública,Trámites Senadis - Servicio Nacional de la Discapacidad
2629fabfb8e7428bb34e3d4f43ffdc9b,2ff516ac74a44ebfa3a522adbde28a0f,5,0,5,2ff516ac74a44ebfa3a522adbde28a0f->2629fabfb8e7428bb34e3d4f43ffdc9b,1.0,consistente,Thomas Signe - Thomas-Signe Chile S.A,E-Sign ClaveÚnica - ESIGN S.A.
006b85a984e94ce88ddb035ec01b2d70,136c7b7db74f4354ae8721ced4db4e39,5,1,4,136c7b7db74f4354ae8721ced4db4e39->006b85a984e94ce88ddb035ec01b2d70,0.8,mixto,006b85a984e94ce88ddb035ec01b2d70,136c7b7db74f4354ae8721ced4db4e39
08165f6182bc4dfc9dc1d7774508bbc6,818d938a32ad4dc19cfd13f6575ddc5a,5,4,1,08165f6182bc4dfc9dc1d7774508bbc6->818d938a32ad4dc19cfd13f6575ddc5a,0.8,mixto,e-certchile - E-Cert Chile,SSO - Servicio Agricola y Ganadero
9c9359fefd164d388f8a5edc2bac301e,b4206ac5e3224dfd900588a8f7caf95e,5,2,3,b4206ac5e3224dfd900588a8f7caf95e->9c9359fefd164d388f8a5edc2bac301e,0.6,mixto,Contraloría - Contraloría General de la República,FONASA - Portal Beneficiario - Fondo Nacional de Salud
6a322ad743e3464bae56d2d9b180078a,bf676d9b342d438d8bd0b02c718133af,5,1,4,bf676d9b342d438d8bd0b02c718133af->6a322ad743e3464bae56d2d9b180078a,0.8,mixto,6a322ad743e3464bae56d2d9b180078a,Firmador MOP - Subsecretaría de Obras Públicas
