institucion_origen,institucion_destino,soporte_total,n_pares_servicio,lift_max,categoria
Sociedad Administradora de Fondos de Cesantía de Chile S.A.,Subsecretaría de Evaluación Social,2426270,4,2.79,artefacto_vus
Instituto de Previsión Social,Subsecretaría de Evaluación Social,2274744,8,2.3,artefacto_vus
Sociedad Administradora de Fondos de Cesantía de Chile S.A.,Fondo Nacional de Salud,2112673,7,3.46,candidato_sin_verificar
Fondo Nacional de Salud,Carabineros de Chile,1716462,6,1.96,candidato_sin_verificar
Poder Judicial,Subsecretaría de Evaluación Social,1578739,9,3.65,artefacto_vus
Instituto de Previsión Social,Fondo Nacional de Salud,1377580,4,1.48,efecto_base_lift_bajo
Ministerio de Desarrollo Social y Familia,Subsecretaría de Vivienda y Urbanismo,1220372,7,3.49,ya_explicado_rsh
Servicio de Registro Civil e Identificación,Servicio de Impuestos Internos,1210250,2,1.27,efecto_base_lift_bajo
Servicio de Registro Civil e Identificación,Subsecretaría de Vivienda y Urbanismo,1137145,2,1.23,efecto_base_lift_bajo
Servicio de Registro Civil e Identificación,E-Sign S.A.,1103042,1,1.21,efecto_base_lift_bajo
ACEPTA.COM S.A.,Servicio de Impuestos Internos,1067780,6,2.38,confirmado_acepta
Sociedad Administradora de Fondos de Cesantía de Chile S.A.,Subsecretaría del Trabajo,1026834,4,2.13,confirmado_afc_bne
Subsecretaría de Vivienda y Urbanismo,Subsecretaría de Evaluación Social,943145,8,3.64,artefacto_vus
Ministerio de Desarrollo Social y Familia,Servicio Nacional del Consumidor,935118,4,1.47,efecto_base_lift_bajo
Fondo Nacional de Salud,Servicio Electoral,906252,2,1.25,efecto_base_lift_bajo
Servicio de Impuestos Internos,Subsecretaría de Evaluación Social,851146,10,3.16,artefacto_vus
Ministerio de Desarrollo Social y Familia,Servicio de Impuestos Internos,849691,6,1.66,candidato_sin_verificar
Servicio de Registro Civil e Identificación,Ministerio Público,783886,1,1.24,efecto_base_lift_bajo
Sociedad Administradora de Fondos de Cesantía de Chile S.A.,Carabineros de Chile,769605,4,2.0,candidato_sin_verificar
Poder Judicial,Carabineros de Chile,704940,8,2.09,candidato_sin_verificar
Servicio de Registro Civil e Identificación,Superintendencia de Seguridad Social,670417,2,1.27,efecto_base_lift_bajo
Ministerio de Desarrollo Social y Familia,Subsecretaría de Evaluación Social,636762,4,2.02,artefacto_vus
Servicio de Impuestos Internos,Fondo Nacional de Salud,623860,12,2.17,candidato_sin_verificar
Fondo Nacional de Salud,Ministerio Público,535966,2,1.31,efecto_base_lift_bajo
Servicio de Registro Civil e Identificación,Carabineros de Chile,533122,2,1.36,efecto_base_lift_bajo
Fondo Nacional de Salud,Subsecretaría de Redes Asistenciales,529347,8,2.74,candidato_sin_verificar
ACEPTA.COM S.A.,Secretaría de Gobierno Digital,517591,7,2.21,confirmado_acepta
Servicio de Impuestos Internos,Carabineros de Chile,514479,8,4.26,candidato_sin_verificar
ACEPTA.COM S.A.,Sociedad Administradora de Fondos de Cesantía de Chile S.A.,513222,2,1.68,confirmado_acepta
Instituto de Previsión Social,Carabineros de Chile,492587,4,1.64,candidato_sin_verificar
Fondo Nacional de Salud,Superintendencia de Seguridad Social,489226,4,3.33,candidato_sin_verificar
ACEPTA.COM S.A.,Comisión para el Mercado Financiero,466987,2,1.78,confirmado_acepta
Servicio de Impuestos Internos,Subsecretaría de Redes Asistenciales,456797,6,1.81,candidato_sin_verificar
ACEPTA.COM S.A.,Fondo Nacional de Salud,442702,1,1.39,confirmado_acepta
Comisión Administradora del Sistema de Créditos para Estudios Superiores,Subsecretaría de Evaluación Social,435735,14,3.84,artefacto_vus
Subsecretaría de Vivienda y Urbanismo,Fondo Nacional de Salud,425785,11,2.12,candidato_sin_verificar
ACEPTA.COM S.A.,Poder Judicial,412779,3,1.79,confirmado_acepta
Sociedad Administradora de Fondos de Cesantía de Chile S.A.,Subsecretaría de Redes Asistenciales,408076,3,1.56,candidato_sin_verificar
Servicio de Registro Civil e Identificación,Subsecretaría de Educación,402026,8,1.42,efecto_base_lift_bajo
Sociedad Administradora de Fondos de Cesantía de Chile S.A.,Servicio Agrícola y Ganadero,397591,1,1.22,efecto_base_lift_bajo
Fondo Nacional de Salud,Subsecretaría de Evaluación Social,390104,5,1.69,artefacto_vus
Dirección Nacional del Servicio Civil,Subsecretaría de Evaluación Social,390015,9,17.09,artefacto_vus
Instituto de Previsión Social,Servicio Electoral,389180,1,1.24,efecto_base_lift_bajo
Instituto de Previsión Social,Subsecretaría de Redes Asistenciales,385019,8,3.35,candidato_sin_verificar
Ministerio de Desarrollo Social y Familia,Subsecretaría de Redes Asistenciales,382375,8,2.7,candidato_sin_verificar
Secretaría de Gobierno Digital,Subsecretaría de Evaluación Social,369830,4,19.47,artefacto_vus
Comisión Administradora del Sistema de Créditos para Estudios Superiores,Fondo Nacional de Salud,367557,18,10.49,candidato_sin_verificar
Poder Judicial,Fondo Nacional de Salud,366962,9,1.75,candidato_sin_verificar
Dirección Nacional del Servicio Civil,Fondo Nacional de Salud,357572,13,8.1,candidato_sin_verificar
Ministerio de Desarrollo Social y Familia,Superintendencia de Seguridad Social,352155,6,3.94,candidato_sin_verificar
ACEPTA.COM S.A.,Servicio Nacional de Capacitación y Empleo,330121,2,1.88,confirmado_acepta
ACEPTA.COM S.A.,Dirección del Trabajo,320507,2,1.99,confirmado_acepta
Sociedad Administradora de Fondos de Cesantía de Chile S.A.,Subsecretaría de Transportes,317648,4,1.6,candidato_sin_verificar
Instituto de Previsión Social,Servicio de Impuestos Internos,312572,3,2.45,candidato_sin_verificar
Servicio de Registro Civil e Identificación,Subsecretaría de Desarrollo Regional y Administrativo,309192,2,1.24,efecto_base_lift_bajo
Fondo Nacional de Salud,Subsecretaría de Vivienda y Urbanismo,307129,3,1.84,candidato_sin_verificar
Instituto de Previsión Social,Ministerio Público,305921,3,1.38,efecto_base_lift_bajo
Comisión para el Mercado Financiero,Subsecretaría de Evaluación Social,304501,3,1.63,artefacto_vus
Servicio Agrícola y Ganadero,Sociedad Administradora de Fondos de Cesantía de Chile S.A.,295617,1,1.21,efecto_base_lift_bajo
Servicio de Registro Civil e Identificación,Ministerio de Educación,290263,2,1.39,efecto_base_lift_bajo
Ministerio de Desarrollo Social y Familia,Servicio de Cooperación Técnica,285614,2,2.42,candidato_sin_verificar
Subsecretaría de Economía y Empresas de Menor Tamaño,Fondo Nacional de Salud,281558,6,3.88,candidato_sin_verificar
ACEPTA.COM S.A.,Subsecretaría de Salud Pública,279120,9,2.71,confirmado_acepta
Servicio de Impuestos Internos,Superintendencia de Pensiones,266302,3,1.97,candidato_sin_verificar
Servicio de Impuestos Internos,Contraloría General de la República,265890,6,2.49,candidato_sin_verificar
Subsecretaría de Redes Asistenciales,Subsecretaría de Evaluación Social,258628,12,5.16,artefacto_vus
Poder Judicial,Subsecretaría de Justicia,258376,5,4.3,candidato_sin_verificar
ACEPTA.COM S.A.,E-Cert Chile,255160,1,1.9,confirmado_acepta
Servicio de Registro Civil e Identificación,Contraloría General de la República,251478,3,1.27,efecto_base_lift_bajo
Subsecretaría de Evaluación Social,Fondo Nacional de Salud,237247,6,2.24,candidato_sin_verificar
Fondo Nacional de Salud,Subsecretaría de Educación,235239,6,1.68,candidato_sin_verificar
Secretaría de Gobierno Digital,Fondo Nacional de Salud,232728,9,1.74,candidato_sin_verificar
Sociedad Administradora de Fondos de Cesantía de Chile S.A.,Subsecretaría de Justicia,231383,4,1.62,candidato_sin_verificar
Instituto de Previsión Social,Subsecretaría de Servicios Sociales,225588,3,6.5,candidato_sin_verificar
Servicio de Registro Civil e Identificación,Secretaría de Gobierno Digital,223551,6,1.34,efecto_base_lift_bajo
Subsecretaría de Salud Pública,Superintendencia de Seguridad Social,208831,4,10.4,confirmado_milicencia_suseso
Servicio de Registro Civil e Identificación,Subsecretaría de Salud Pública,206381,4,1.27,efecto_base_lift_bajo
Poder Judicial,Subsecretaría de Redes Asistenciales,205156,2,1.47,efecto_base_lift_bajo
Ministerio de Desarrollo Social y Familia,Carabineros de Chile,204780,3,1.64,candidato_sin_verificar
Ministerio de Desarrollo Social y Familia,Subsecretaría de Salud Pública,200633,3,1.72,candidato_sin_verificar
ACEPTA.COM S.A.,Superintendencia de Seguridad Social,200238,4,2.02,confirmado_acepta
Servicio de Registro Civil e Identificación,Instituto de Seguridad Laboral,199319,1,1.26,efecto_base_lift_bajo
Ministerio de Desarrollo Social y Familia,Subsecretaría de Desarrollo Regional y Administrativo,199269,2,1.41,efecto_base_lift_bajo
Servicio de Registro Civil e Identificación,Universidad de La Frontera,199012,1,1.42,efecto_base_lift_bajo
Servicio Nacional de Capacitación y Empleo,Subsecretaría de Evaluación Social,198553,7,5.34,artefacto_vus
ACEPTA.COM S.A.,Carabineros de Chile,198479,2,1.99,confirmado_acepta
Ministerio de Desarrollo Social y Familia,Subsecretaría de Educación,197121,5,2.14,candidato_sin_verificar
Subsecretaría de Redes Asistenciales,Carabineros de Chile,194601,7,3.87,candidato_sin_verificar
Instituto de Previsión Social,Subsecretaría de Justicia,193650,5,1.98,candidato_sin_verificar
Comisión para el Mercado Financiero,Subsecretaría de Redes Asistenciales,190901,1,1.44,efecto_base_lift_bajo
Servicio de Impuestos Internos,Subsecretaría de Transportes,188490,11,2.37,candidato_sin_verificar
Fondo Nacional de Salud,Subsecretaría de Desarrollo Regional y Administrativo,187092,2,1.41,efecto_base_lift_bajo
ACEPTA.COM S.A.,Instituto de Previsión Social,185239,1,1.33,confirmado_acepta
Fondo Nacional de Salud,Contraloría General de la República,181414,6,2.58,candidato_sin_verificar
Fondo Nacional de Salud,Subsecretaría de Salud Pública,180245,5,2.36,candidato_sin_verificar
ACEPTA.COM S.A.,Servicio Electoral,179452,2,1.48,confirmado_acepta
Subsecretaría de Redes Asistenciales,Servicio Nacional del Consumidor,178815,2,2.44,candidato_sin_verificar
ACEPTA.COM S.A.,Servicio Nacional del Consumidor,178560,2,1.87,confirmado_acepta
Subsecretaría de Redes Asistenciales,Servicio Electoral,173976,1,1.63,candidato_sin_verificar
Ministerio de Desarrollo Social y Familia,Subsecretaría de Servicios Sociales,172166,2,4.81,candidato_sin_verificar
Subsecretaría de Redes Asistenciales,Fondo Nacional de Salud,171831,9,16.38,candidato_sin_verificar
Servicio Agrícola y Ganadero,Servicio Nacional del Consumidor,171329,2,2.39,candidato_sin_verificar
Fondo Nacional de Salud,Superintendencia de Pensiones,169614,2,2.05,candidato_sin_verificar
Secretaría de Gobierno Digital,Carabineros de Chile,169102,5,1.46,efecto_base_lift_bajo
Instituto de Previsión Social,Subsecretaría de Educación,166000,5,2.44,candidato_sin_verificar
Servicio Nacional de Capacitación y Empleo,Subsecretaría de Redes Asistenciales,165948,4,2.52,candidato_sin_verificar
Subsecretaría del Trabajo,Fondo Nacional de Salud,165305,5,3.07,candidato_sin_verificar
Dirección Nacional del Servicio Civil,Carabineros de Chile,162905,8,9.51,candidato_sin_verificar
Instituto de Previsión Social,Fondo de Solidaridad e Inversión Social,162454,5,4.84,candidato_sin_verificar
ACEPTA.COM S.A.,BPO Advisors SpA,160945,1,1.95,confirmado_acepta
Servicio de Impuestos Internos,Subsecretaría de Salud Pública,160855,5,2.14,candidato_sin_verificar
Fondo Nacional de Salud,Ministerio de Educación,160747,3,1.94,candidato_sin_verificar
Comisión para el Mercado Financiero,Fondo Nacional de Salud,156978,3,1.69,candidato_sin_verificar
Sociedad Administradora de Fondos de Cesantía de Chile S.A.,Superintendencia de Pensiones,156665,2,1.61,candidato_sin_verificar
Servicio de Registro Civil e Identificación,Superintendencia de Insolvencia y Reemprendimiento,152595,4,1.35,efecto_base_lift_bajo
ACEPTA.COM S.A.,E-Sign S.A.,150046,1,1.89,confirmado_acepta
Servicio de Registro Civil e Identificación,Instituto Nacional de Propiedad Industrial,144569,1,1.28,efecto_base_lift_bajo
Servicio de Impuestos Internos,Superintendencia de Insolvencia y Reemprendimiento,144271,5,4.76,candidato_sin_verificar
Ministerio de Desarrollo Social y Familia,Subsecretaría del Trabajo,143691,3,2.79,candidato_sin_verificar
Comisión para el Mercado Financiero,Superintendencia de Insolvencia y Reemprendimiento,143265,4,2.89,candidato_sin_verificar
Servicio de Registro Civil e Identificación,Subsecretaría de Servicios Sociales,142628,1,1.21,efecto_base_lift_bajo
Subsecretaría de Economía y Empresas de Menor Tamaño,Servicio Agrícola y Ganadero,142100,3,7.89,candidato_sin_verificar
Ministerio de Desarrollo Social y Familia,Instituto de Seguridad Laboral,141698,2,1.77,candidato_sin_verificar
ACEPTA.COM S.A.,Subsecretaría de Vivienda y Urbanismo,140368,3,1.8,confirmado_acepta
Fondo Nacional de Salud,Instituto de Seguridad Laboral,138730,1,1.64,candidato_sin_verificar
Comisión para el Mercado Financiero,Superintendencia de Pensiones,136999,1,1.71,candidato_sin_verificar
ACEPTA.COM S.A.,Subsecretaría del Trabajo,136172,2,2.07,confirmado_acepta
Secretaría de Gobierno Digital,AFP Uno,136034,5,2.64,candidato_sin_verificar
Subsecretaría del Trabajo,Subsecretaría de Evaluación Social,135253,6,2.84,artefacto_vus
Subsecretaría de Redes Asistenciales,Servicio de Impuestos Internos,135075,3,1.65,candidato_sin_verificar
Poder Judicial,Subsecretaría de Servicios Sociales,132888,2,2.72,candidato_sin_verificar
Subsecretaría de Salud Pública,Subsecretaría de Redes Asistenciales,132098,11,4.41,candidato_sin_verificar
Servicio Agrícola y Ganadero,BPO Advisors SpA,129849,1,2.08,candidato_sin_verificar
Subsecretaría de Servicios Sociales,Subsecretaría de Evaluación Social,129677,2,3.94,artefacto_vus
Servicio de Registro Civil e Identificación,Universidad de Chile,128911,1,1.28,efecto_base_lift_bajo
Fondo Nacional de Salud,Subsecretaría de Servicios Sociales,127308,3,2.25,candidato_sin_verificar
Secretaría de Gobierno Digital,Subsecretaría de Educación,126881,4,4.8,candidato_sin_verificar
Servicio de Registro Civil e Identificación,Corporación de Asistencia Judicial de la Región Metropolitana,125676,1,1.3,efecto_base_lift_bajo
Subsecretaría del Trabajo,Carabineros de Chile,125431,3,4.8,candidato_sin_verificar
ACEPTA.COM S.A.,Subsecretaría de Educación,125350,6,1.84,confirmado_acepta
Servicio Agrícola y Ganadero,Servicio de Impuestos Internos,124929,3,2.41,candidato_sin_verificar
Fondo de Solidaridad e Inversión Social,Subsecretaría de Vivienda y Urbanismo,124210,4,6.25,candidato_sin_verificar
ACEPTA.COM S.A.,Subsecretaría de Transportes,123751,4,2.03,confirmado_acepta
Servicio de Registro Civil e Identificación,Subsecretaría de Transportes,122655,3,1.32,efecto_base_lift_bajo
Secretaría de Gobierno Digital,Ministerio Público,122451,6,3.7,candidato_sin_verificar
ACEPTA.COM S.A.,Subsecretaría de Redes Asistenciales,122070,5,1.79,confirmado_acepta
Dirección del Trabajo,Subsecretaría de Redes Asistenciales,121444,2,1.3,efecto_base_lift_bajo
Poder Judicial,Fondo de Solidaridad e Inversión Social,118172,6,2.45,candidato_sin_verificar
Poder Judicial,Subsecretaría de Salud Pública,117055,4,1.55,candidato_sin_verificar
Comisión Administradora del Sistema de Créditos para Estudios Superiores,Carabineros de Chile,116522,6,5.24,candidato_sin_verificar
Servicio de Registro Civil e Identificación,Superintendencia de Electricidad y Combustibles,116029,2,1.29,efecto_base_lift_bajo
Sociedad Administradora de Fondos de Cesantía de Chile S.A.,Superintendencia de Insolvencia y Reemprendimiento,116019,4,1.99,candidato_sin_verificar
Servicio de Impuestos Internos,Ministerio Público,115466,6,2.85,candidato_sin_verificar
Sociedad Administradora de Fondos de Cesantía de Chile S.A.,AFP Uno,115435,2,1.68,candidato_sin_verificar
Subsecretaría de Redes Asistenciales,Subsecretaría de Transportes,113704,2,2.16,candidato_sin_verificar
Subsecretaría de Redes Asistenciales,E-Sign S.A.,111670,1,1.55,candidato_sin_verificar
Subsecretaría de Redes Asistenciales,BPO Advisors SpA,111527,1,1.48,efecto_base_lift_bajo
Servicio Agrícola y Ganadero,Subsecretaría de Economía y Empresas de Menor Tamaño,110693,4,4.7,candidato_sin_verificar
Instituto de Seguridad Laboral,Subsecretaría de Evaluación Social,108913,4,7.17,artefacto_vus
Servicio de Registro Civil e Identificación,Comisión Administradora del Sistema de Créditos para Estudios Superiores,107420,1,1.25,efecto_base_lift_bajo
Servicio de Impuestos Internos,Superintendencia de Electricidad y Combustibles,106863,3,1.97,candidato_sin_verificar
Ministerio de Desarrollo Social y Familia,Fondo de Solidaridad e Inversión Social,106841,2,2.91,candidato_sin_verificar
Comisión para el Mercado Financiero,Ministerio Público,105494,1,1.76,candidato_sin_verificar
Dirección del Trabajo,Subsecretaría de Evaluación Social,105159,2,1.76,artefacto_vus
Carabineros de Chile,Subsecretaría de Redes Asistenciales,105087,2,1.95,candidato_sin_verificar
Subsecretaría de Salud Pública,Fondo Nacional de Salud,104258,15,61.99,candidato_sin_verificar
Subsecretaría de Redes Asistenciales,Subsecretaría de Vivienda y Urbanismo,104125,3,3.93,candidato_sin_verificar
Servicio Electoral,Subsecretaría de Redes Asistenciales,103982,3,1.61,candidato_sin_verificar
Sociedad Administradora de Fondos de Cesantía de Chile S.A.,Ministerio Público,103849,2,1.54,candidato_sin_verificar
Universidad de La Frontera,Ministerio de Educación,103816,1,45.66,candidato_sin_verificar
Sociedad Administradora de Fondos de Cesantía de Chile S.A.,Subsecretaría de Servicios Sociales,101516,1,1.59,candidato_sin_verificar
Servicio de Registro Civil e Identificación,Municipalidad de Santiago,101273,4,1.31,efecto_base_lift_bajo
Servicio Nacional de Capacitación y Empleo,Subsecretaría de Servicios Sociales,101197,2,7.03,candidato_sin_verificar
Servicio de Registro Civil e Identificación,Servicio Nacional del Patrimonio Cultural,100919,1,1.25,efecto_base_lift_bajo
Instituto de Seguridad Laboral,Fondo Nacional de Salud,100096,4,4.3,candidato_sin_verificar
Subsecretaría de Salud Pública,Subsecretaría de Evaluación Social,100006,9,4.77,artefacto_vus
Subsecretaría de Vivienda y Urbanismo,Subsecretaría de Justicia,99337,6,3.71,candidato_sin_verificar
Servicio de Registro Civil e Identificación,Fondo de Solidaridad e Inversión Social,97850,1,1.23,efecto_base_lift_bajo
Servicio de Registro Civil e Identificación,Servicio Nacional de Aduanas,96481,4,1.32,efecto_base_lift_bajo
Superintendencia de Seguridad Social,Subsecretaría de Redes Asistenciales,96430,3,2.11,candidato_sin_verificar
Dirección del Trabajo,AFP Uno,95521,3,2.2,candidato_sin_verificar
Servicio Nacional de Capacitación y Empleo,Fondo de Solidaridad e Inversión Social,94751,5,5.58,candidato_sin_verificar
Servicio Nacional del Consumidor,Subsecretaría de Redes Asistenciales,94209,1,2.0,candidato_sin_verificar
Servicio de Impuestos Internos,Corporación de Asistencia Judicial de la Región Metropolitana,94059,1,1.52,candidato_sin_verificar
Servicio de Impuestos Internos,Universidad de Chile,92947,1,1.44,efecto_base_lift_bajo
Ministerio de Desarrollo Social y Familia,Servicio Electoral,92368,1,1.35,efecto_base_lift_bajo
E-Cert Chile,Subsecretaría de Redes Asistenciales,91940,1,1.35,efecto_base_lift_bajo
ACEPTA.COM S.A.,Dirección Nacional del Servicio Civil,91450,6,2.31,confirmado_acepta
Subsecretaría de Redes Asistenciales,Ministerio Público,91372,5,3.49,candidato_sin_verificar
Sociedad Administradora de Fondos de Cesantía de Chile S.A.,Corporación de Asistencia Judicial de la Región Metropolitana,90830,1,1.72,candidato_sin_verificar
Subsecretaría de Evaluación Social,Subsecretaría de Servicios Sociales,90761,2,6.23,candidato_sin_verificar
ACEPTA.COM S.A.,Ministerio Público,90568,1,1.65,confirmado_acepta
Ministerio de Desarrollo Social y Familia,Comisión Administradora del Sistema de Créditos para Estudios Superiores,89446,3,1.57,candidato_sin_verificar
Servicio de Impuestos Internos,Fondo de Solidaridad e Inversión Social,88703,3,1.71,candidato_sin_verificar
Fondo Nacional de Salud,Fondo de Solidaridad e Inversión Social,88665,4,1.98,candidato_sin_verificar
Comisión para el Mercado Financiero,Carabineros de Chile,84760,1,1.78,candidato_sin_verificar
Fondo Nacional de Salud,Corporación de Asistencia Judicial de la Región Metropolitana,84066,1,1.62,candidato_sin_verificar
Fondo de Solidaridad e Inversión Social,Servicio de Cooperación Técnica,83731,1,8.69,candidato_sin_verificar
Servicio de Impuestos Internos,Subsecretaría de Justicia,82480,6,2.4,candidato_sin_verificar
Comisión para el Mercado Financiero,AFP Uno,82093,2,1.73,candidato_sin_verificar
Poder Judicial,Contraloría General de la República,82068,5,3.09,candidato_sin_verificar
ACEPTA.COM S.A.,Dirección de Compras y Contratación Pública,81930,3,2.23,confirmado_acepta
Servicio de Cooperación Técnica,Subsecretaría de Evaluación Social,80642,2,9.49,artefacto_vus
Poder Judicial,Superintendencia de Pensiones,80401,1,1.55,candidato_sin_verificar
Subsecretaría de Servicios Sociales,Fondo Nacional de Salud,79996,3,2.09,candidato_sin_verificar
Fondo de Solidaridad e Inversión Social,Subsecretaría de Evaluación Social,79751,2,2.3,artefacto_vus
Servicio de Salud Maule,Subsecretaría de Evaluación Social,79602,4,2.81,artefacto_vus
Servicio Agrícola y Ganadero,Subsecretaría de Salud Pública,79309,3,5.49,candidato_sin_verificar
Servicio de Registro Civil e Identificación,Superintendencia de Educación,79089,1,1.32,efecto_base_lift_bajo
Servicio de Registro Civil e Identificación,Subsecretaría de Telecomunicaciones,77954,1,1.25,efecto_base_lift_bajo
Comisión Administradora del Sistema de Créditos para Estudios Superiores,Subsecretaría de Redes Asistenciales,77325,5,2.87,candidato_sin_verificar
Dirección Nacional del Servicio Civil,Servicio Agrícola y Ganadero,76904,1,1.91,candidato_sin_verificar
Subsecretaría de Vivienda y Urbanismo,Subsecretaría de Redes Asistenciales,76187,3,1.81,candidato_sin_verificar
Comisión para el Mercado Financiero,Contraloría General de la República,76040,1,1.99,candidato_sin_verificar
Subsecretaría de Vivienda y Urbanismo,Carabineros de Chile,75839,5,2.63,candidato_sin_verificar
Subsecretaría de Educación,Subsecretaría de Redes Asistenciales,75434,6,3.38,candidato_sin_verificar
Ministerio de Desarrollo Social y Familia,Gendarmería de Chile,74948,2,2.58,candidato_sin_verificar
Servicio de Registro Civil e Identificación,Ministerio de Transportes y Telecomunicaciones,74719,1,1.28,efecto_base_lift_bajo
Subsecretaría de Redes Asistenciales,Subsecretaría de Salud Pública,74412,8,67.56,candidato_sin_verificar
Servicio de Impuestos Internos,Subsecretaría de Telecomunicaciones,74101,3,2.19,candidato_sin_verificar
Fondo Nacional de Salud,Comisión Administradora del Sistema de Créditos para Estudios Superiores,73508,1,1.6,candidato_sin_verificar
Sociedad Administradora de Fondos de Cesantía de Chile S.A.,Superintendencia de Electricidad y Combustibles,73431,1,1.43,efecto_base_lift_bajo
Subsecretaría de Educación,Fondo Nacional de Salud,72632,7,29.92,candidato_sin_verificar
Servicio de Impuestos Internos,Servicio Nacional de Aduanas,72585,5,2.31,candidato_sin_verificar
Fondo Nacional de Salud,Superintendencia de Insolvencia y Reemprendimiento,71913,2,1.87,candidato_sin_verificar
Servicio Nacional de Capacitación y Empleo,Fondo Nacional de Salud,71677,6,2.86,candidato_sin_verificar
Servicio de Impuestos Internos,Superintendencia de Educación,71236,2,2.09,candidato_sin_verificar
Servicio de Registro Civil e Identificación,Subsecretaría General de Gobierno,71164,2,1.29,efecto_base_lift_bajo
Subsecretaría de Evaluación Social,Fondo de Solidaridad e Inversión Social,70903,5,31.56,candidato_sin_verificar
Comisión Administradora del Sistema de Créditos para Estudios Superiores,Servicio Agrícola y Ganadero,70232,1,1.66,candidato_sin_verificar
Ministerio de Desarrollo Social y Familia,Contraloría General de la República,69481,1,1.29,efecto_base_lift_bajo
Comisión para el Mercado Financiero,Dirección General de Movilización Nacional,69434,1,1.91,candidato_sin_verificar
Dirección Nacional del Servicio Civil,Contraloría General de la República,68778,5,10.14,candidato_sin_verificar
Dirección de Compras y Contratación Pública,Contraloría General de la República,68375,5,57.58,candidato_sin_verificar
Servicio de Registro Civil e Identificación,Servicio Nacional de Pesca y Acuicultura,68253,1,1.2,efecto_base_lift_bajo
Fondo Nacional de Salud,Universidad de Chile,68179,2,1.46,efecto_base_lift_bajo
Servicio de Registro Civil e Identificación,Subsecretaría del Interior,66654,3,1.34,efecto_base_lift_bajo
Dirección del Trabajo,Ministerio Público,66172,2,1.83,candidato_sin_verificar
Instituto de Previsión Social,Superintendencia de Pensiones,66126,1,1.56,candidato_sin_verificar
Ministerio de Desarrollo Social y Familia,Instituto de Desarrollo Agropecuario,66082,2,4.15,candidato_sin_verificar
Sociedad Administradora de Fondos de Cesantía de Chile S.A.,Fondo de Solidaridad e Inversión Social,65780,1,1.53,candidato_sin_verificar
BPO Advisors SpA,Subsecretaría de Evaluación Social,65005,2,1.86,artefacto_vus
Fondo Nacional de Salud,Superintendencia de Electricidad y Combustibles,64123,1,1.27,efecto_base_lift_bajo
Subsecretaría de Transportes,Subsecretaría de Redes Asistenciales,63626,3,2.15,candidato_sin_verificar
Subsecretaría de Salud Pública,Ministerio Público,63548,7,6.09,candidato_sin_verificar
E-Sign S.A.,Subsecretaría de Redes Asistenciales,63480,1,1.59,candidato_sin_verificar
Servicio Nacional del Consumidor,Fondo Nacional de Salud,63197,5,2.74,candidato_sin_verificar
Instituto de Previsión Social,Subsecretaría de Desarrollo Regional y Administrativo,63143,1,1.22,efecto_base_lift_bajo
Servicio Nacional del Consumidor,Subsecretaría de Evaluación Social,62967,2,2.09,artefacto_vus
Subsecretaría del Trabajo,Subsecretaría de Redes Asistenciales,62541,2,1.61,candidato_sin_verificar
Servicio de Registro Civil e Identificación,Corporación de Fomento de la Producción,62537,1,1.29,efecto_base_lift_bajo
Subsecretaría de Vivienda y Urbanismo,Subsecretaría de Transportes,62089,2,1.75,candidato_sin_verificar
Servicio de Impuestos Internos,Consejo Nacional de Televisión,61719,4,1.83,candidato_sin_verificar
Servicio Electoral,Fondo Nacional de Salud,60961,3,1.85,candidato_sin_verificar
Servicio Agrícola y Ganadero,Dirección Nacional del Servicio Civil,59994,3,2.27,candidato_sin_verificar
Servicio de Registro Civil e Identificación,Dirección Nacional del Servicio Civil,59991,2,1.41,efecto_base_lift_bajo
Secretaría de Gobierno Digital,Comisión para la Integridad Pública y Transparencia,59835,5,46.41,candidato_sin_verificar
Fondo Nacional de Salud,Servicio Nacional del Patrimonio Cultural,59693,1,1.38,efecto_base_lift_bajo
Superintendencia de Seguridad Social,Subsecretaría de Evaluación Social,59491,6,3.2,artefacto_vus
Gendarmería de Chile,Subsecretaría de Evaluación Social,59285,4,2.79,artefacto_vus
Dirección Nacional del Servicio Civil,Subsecretaría de Redes Asistenciales,59232,6,2.7,candidato_sin_verificar
Ministerio de Desarrollo Social y Familia,E-Sign S.A.,59226,1,1.28,efecto_base_lift_bajo
Subsecretaría de Economía y Empresas de Menor Tamaño,Subsecretaría de Transportes,58964,6,2.92,candidato_sin_verificar
Servicio Nacional del Consumidor,Ministerio Público,57714,3,2.59,candidato_sin_verificar
Dirección de Compras y Contratación Pública,Subsecretaría de Evaluación Social,57648,7,5.85,artefacto_vus
Secretaría de Gobierno Digital,Superintendencia de Seguridad Social,57619,1,1.49,efecto_base_lift_bajo
Servicio de Impuestos Internos,Presidencia de la República,57271,4,1.94,candidato_sin_verificar
Subsecretaría de Evaluación Social,Subsecretaría de Educación,57161,3,2.94,candidato_sin_verificar
Subsecretaría de Economía y Empresas de Menor Tamaño,Subsecretaría de Evaluación Social,56675,2,2.11,artefacto_vus
Superintendencia de Salud,Fondo Nacional de Salud,56672,4,4.74,candidato_sin_verificar
Comisión para el Mercado Financiero,Subsecretaría de Telecomunicaciones,56248,1,2.05,candidato_sin_verificar
Ministerio de Desarrollo Social y Familia,Subsecretaría de Telecomunicaciones,55184,2,1.34,efecto_base_lift_bajo
BPO Advisors SpA,Subsecretaría de Redes Asistenciales,55181,1,1.32,efecto_base_lift_bajo
Instituto de Desarrollo Agropecuario,Subsecretaría de Evaluación Social,54876,3,6.45,artefacto_vus
Ministerio de Desarrollo Social y Familia,Subsecretaría de Transportes,54820,2,1.44,efecto_base_lift_bajo
Poder Judicial,Comisión para la Integridad Pública y Transparencia,54708,2,2.19,candidato_sin_verificar
Servicio de Salud Maule,Fondo Nacional de Salud,54611,4,2.52,candidato_sin_verificar
Fondo Nacional de Salud,Superintendencia de Educación,53457,1,1.67,candidato_sin_verificar
Sociedad Administradora de Fondos de Cesantía de Chile S.A.,Subsecretaría de Telecomunicaciones,53327,1,1.58,candidato_sin_verificar
Servicio de Registro Civil e Identificación,Sociedad Administradora de Fondos de Cesantía de Chile S.A.,53126,2,1.27,efecto_base_lift_bajo
ACEPTA.COM S.A.,Dirección General de Movilización Nacional,52746,1,1.44,confirmado_acepta
Sociedad Administradora de Fondos de Cesantía de Chile S.A.,Instituto de Desarrollo Agropecuario,52720,1,1.87,candidato_sin_verificar
Subsecretaría de Evaluación Social,Subsecretaría de Justicia,52680,2,4.6,candidato_sin_verificar
ACEPTA.COM S.A.,Superintendencia de Salud,51879,1,1.87,confirmado_acepta
Fondo Nacional de Salud,Ministerio de Transportes y Telecomunicaciones,51777,2,1.86,candidato_sin_verificar
Sociedad Administradora de Fondos de Cesantía de Chile S.A.,Superintendencia de Educación,51354,1,1.58,candidato_sin_verificar
Sociedad Administradora de Fondos de Cesantía de Chile S.A.,Ministerio de Transportes y Telecomunicaciones,51332,1,1.62,candidato_sin_verificar
Ministerio de Desarrollo Social y Familia,Ministerio de Transportes y Telecomunicaciones,50753,2,1.91,candidato_sin_verificar
Servicio Nacional del Consumidor,Carabineros de Chile,50271,2,2.3,candidato_sin_verificar
Subsecretaría de Educación,Subsecretaría de Evaluación Social,50220,3,2.58,artefacto_vus
Fondo de Solidaridad e Inversión Social,Fondo Nacional de Salud,49227,3,1.91,candidato_sin_verificar
Servicio de Registro Civil e Identificación,Consejo Nacional de Televisión,49043,2,1.25,efecto_base_lift_bajo
Servicio de Registro Civil e Identificación,Policía de Investigaciones de Chile,49036,2,1.35,efecto_base_lift_bajo
Fondo Nacional de Salud,Subsecretaría de Transportes,48844,4,2.01,candidato_sin_verificar
Ministerio de Educación,Subsecretaría de Educación,48683,3,52.67,candidato_sin_verificar
ACEPTA.COM S.A.,Contraloría General de la República,48478,3,1.74,confirmado_acepta
Ministerio de Desarrollo Social y Familia,Subsecretaría General de Gobierno,47619,2,1.42,efecto_base_lift_bajo
Dirección del Trabajo,Subsecretaría de Economía y Empresas de Menor Tamaño,47488,4,3.38,candidato_sin_verificar
Fondo Nacional de Salud,Subsecretaría General de Gobierno,47326,4,2.18,candidato_sin_verificar
Ministerio de Desarrollo Social y Familia,Sociedad Administradora de Fondos de Cesantía de Chile S.A.,47157,2,4.65,candidato_sin_verificar
Municipalidad de La Florida,Subsecretaría de Evaluación Social,47034,1,1.35,artefacto_vus
Subsecretaría de Redes Asistenciales,Subsecretaría de Desarrollo Regional y Administrativo,47010,3,4.02,candidato_sin_verificar
Fondo Nacional de Salud,Subsecretaría de Telecomunicaciones,46831,2,1.76,candidato_sin_verificar
Dirección de Compras y Contratación Pública,Servicio de Impuestos Internos,46796,5,10.42,candidato_sin_verificar
Poder Judicial,Superintendencia de Educación,46668,1,2.74,candidato_sin_verificar
Ministerio de Desarrollo Social y Familia,Ministerio Público,46536,1,1.45,efecto_base_lift_bajo
Servicio de Impuestos Internos,Dirección Nacional del Servicio Civil,46083,2,1.68,candidato_sin_verificar
BPO Advisors SpA,Fondo Nacional de Salud,46077,3,2.59,candidato_sin_verificar
ACEPTA.COM S.A.,Servicio Nacional del Patrimonio Cultural,46032,1,1.65,confirmado_acepta
Poder Judicial,Subsecretaría de Economía y Empresas de Menor Tamaño,45870,8,3.88,candidato_sin_verificar
Servicio Agrícola y Ganadero,Superintendencia de Salud,45273,1,2.17,candidato_sin_verificar
Dirección del Trabajo,Carabineros de Chile,45051,2,3.32,candidato_sin_verificar
Ministerio Público,Subsecretaría de Redes Asistenciales,44921,1,1.62,candidato_sin_verificar
Sociedad Administradora de Fondos de Cesantía de Chile S.A.,Subsecretaría de Educación,44880,4,1.75,candidato_sin_verificar
Gendarmería de Chile,Fondo Nacional de Salud,44849,3,2.07,candidato_sin_verificar
Subsecretaría de Economía y Empresas de Menor Tamaño,Carabineros de Chile,44203,2,1.64,candidato_sin_verificar
Sociedad Administradora de Fondos de Cesantía de Chile S.A.,Servicio Nacional de Aduanas,44133,2,1.78,candidato_sin_verificar
Servicio de Registro Civil e Identificación,Presidencia de la República,43869,1,1.29,efecto_base_lift_bajo
Contraloría General de la República,Comisión para la Integridad Pública y Transparencia,43812,3,17.86,candidato_sin_verificar
Fondo de Solidaridad e Inversión Social,Subsecretaría de Economía y Empresas de Menor Tamaño,43560,3,6.44,candidato_sin_verificar
Dirección de Previsión de Carabineros de Chile,Carabineros de Chile,43313,4,6.49,candidato_sin_verificar
Secretaría de Gobierno Digital,Subsecretaría de Economía y Empresas de Menor Tamaño,42994,3,1.55,candidato_sin_verificar
Subsecretaría de Economía y Empresas de Menor Tamaño,Subsecretaría de Justicia,42697,5,3.88,candidato_sin_verificar
ACEPTA.COM S.A.,Ministerio de Salud,42508,1,2.01,confirmado_acepta
Subsecretaría de Redes Asistenciales,Contraloría General de la República,42409,3,5.04,candidato_sin_verificar
Fondo Nacional de Salud,Consejo Nacional de Televisión,42348,4,2.19,candidato_sin_verificar
E-Cert Chile,Carabineros de Chile,41445,1,1.71,candidato_sin_verificar
Fondo Nacional de Salud,Sociedad Administradora de Fondos de Cesantía de Chile S.A.,41441,1,1.89,candidato_sin_verificar
ACEPTA.COM S.A.,Subsecretaría de Desarrollo Regional y Administrativo,41142,2,1.96,confirmado_acepta
Servicio Agrícola y Ganadero,Subsecretaría de Desarrollo Regional y Administrativo,41113,4,6.29,candidato_sin_verificar
Subsecretaría de Transportes,Fondo Nacional de Salud,40947,4,2.02,candidato_sin_verificar
Comisión Administradora del Sistema de Créditos para Estudios Superiores,Subsecretaría de Transportes,40752,3,1.7,candidato_sin_verificar
Municipalidad de La Florida,Fondo Nacional de Salud,40480,3,1.83,candidato_sin_verificar
Dirección de Previsión de Carabineros de Chile,Instituto de Previsión Social,40400,1,1.28,efecto_base_lift_bajo
Subsecretaría de Evaluación Social,Subsecretaría de Redes Asistenciales,40269,4,2.5,candidato_sin_verificar
Comisión Administradora del Sistema de Créditos para Estudios Superiores,AFP Uno,39859,6,2.39,candidato_sin_verificar
Subsecretaría General de Gobierno,Subsecretaría de Evaluación Social,39851,4,13.66,artefacto_vus
Servicio de Tesorerías,Contraloría General de la República,39809,2,2.56,candidato_sin_verificar
Fondo Nacional de Salud,Servicio Nacional de Aduanas,39656,4,2.18,candidato_sin_verificar
E-Sign S.A.,AFP Uno,39528,2,2.13,candidato_sin_verificar
Subsecretaría del Trabajo,AFP Uno,39188,3,2.34,candidato_sin_verificar
BPO Advisors SpA,Ministerio Público,39188,2,2.16,candidato_sin_verificar
Secretaría de Gobierno Digital,Subsecretaría de Redes Asistenciales,39143,6,2.33,candidato_sin_verificar
Comisión Administradora del Sistema de Créditos para Estudios Superiores,Subsecretaría de Justicia,38646,3,2.0,candidato_sin_verificar
Ministerio de Desarrollo Social y Familia,Consejo Nacional de Televisión,38540,3,1.53,candidato_sin_verificar
Subsecretaría de Justicia,Subsecretaría de Redes Asistenciales,38515,4,2.6,candidato_sin_verificar
Dirección Nacional del Servicio Civil,Subsecretaría de Justicia,38295,3,4.17,candidato_sin_verificar
Dirección Nacional del Servicio Civil,Subsecretaría de Transportes,38212,3,3.09,candidato_sin_verificar
Servicio Nacional de Capacitación y Empleo,Contraloría General de la República,38155,1,1.34,efecto_base_lift_bajo
Ministerio de Desarrollo Social y Familia,Corporación de Fomento de la Producción,38112,1,1.26,efecto_base_lift_bajo
Servicio de Impuestos Internos,Subsecretaría de Educación,38080,6,2.4,candidato_sin_verificar
Instituto Nacional de Estadísticas,Dirección Nacional del Servicio Civil,38040,2,9.46,candidato_sin_verificar
Instituto de Previsión Social,Subsecretaría de Vivienda y Urbanismo,37944,3,2.45,candidato_sin_verificar
Servicio de Impuestos Internos,Subsecretaría de Economía y Empresas de Menor Tamaño,37832,6,2.04,candidato_sin_verificar
Ministerio de Desarrollo Social y Familia,Servicio de Salud Araucanía Sur,37699,2,1.9,candidato_sin_verificar
Poder Judicial,Dirección del Trabajo,37537,5,2.18,candidato_sin_verificar
Servicio de Registro Civil e Identificación,Subsecretaría de Derechos Humanos,37517,1,1.29,efecto_base_lift_bajo
Subsecretaría de Economía y Empresas de Menor Tamaño,Subsecretaría del Interior,37473,1,8.39,candidato_sin_verificar
Servicio de Registro Civil e Identificación,Dirección del Trabajo,37365,1,1.3,efecto_base_lift_bajo
ACEPTA.COM S.A.,Subsecretaría de Evaluación Social,37102,1,1.37,confirmado_acepta
Poder Judicial,Subsecretaría de Telecomunicaciones,36965,4,2.31,candidato_sin_verificar
Municipalidad de Las Condes,Servicio de Impuestos Internos,36900,2,2.04,candidato_sin_verificar
Poder Judicial,Subsecretaría del Interior,36700,1,2.86,candidato_sin_verificar
Servicio de Impuestos Internos,Municipalidad de Peñalolén,36454,3,1.74,candidato_sin_verificar
Dirección Nacional del Servicio Civil,Ministerio Público,36242,7,7.58,candidato_sin_verificar
Servicio Electoral,AFP Uno,36041,2,2.07,candidato_sin_verificar
ACEPTA.COM S.A.,Servicio de Cooperación Técnica,35812,1,1.72,confirmado_acepta
Ministerio de Transportes y Telecomunicaciones,Subsecretaría de Evaluación Social,35714,2,1.44,artefacto_vus
Sociedad Administradora de Fondos de Cesantía de Chile S.A.,Subsecretaría de Economía y Empresas de Menor Tamaño,35489,2,1.62,candidato_sin_verificar
Fondo de Solidaridad e Inversión Social,Subsecretaría de Redes Asistenciales,35418,3,3.09,candidato_sin_verificar
Subsecretaría de Vivienda y Urbanismo,Ministerio Público,35299,3,2.06,candidato_sin_verificar
Dirección Nacional del Servicio Civil,Subsecretaría de Salud Pública,35161,4,3.95,candidato_sin_verificar
Instituto de Previsión Social,Servicio de Salud Araucanía Sur,35145,3,2.34,candidato_sin_verificar
Poder Judicial,Subsecretaría de Derechos Humanos,35119,2,2.73,candidato_sin_verificar
Servicio de Tesorerías,Carabineros de Chile,35109,1,1.63,candidato_sin_verificar
Subsecretaría de Redes Asistenciales,Subsecretaría de Educación,34633,3,2.33,candidato_sin_verificar
Superintendencia de Salud,Subsecretaría de Redes Asistenciales,34445,1,2.46,candidato_sin_verificar
Fondo Nacional de Salud,Policía de Investigaciones de Chile,34377,4,1.86,candidato_sin_verificar
Fondo Nacional de Salud,Servicio de Salud Araucanía Sur,34331,3,2.91,candidato_sin_verificar
Servicio Agrícola y Ganadero,Subsecretaría de Vivienda y Urbanismo,34325,1,1.47,efecto_base_lift_bajo
Servicio de Impuestos Internos,Servicio de Salud Araucanía Sur,34085,2,1.26,efecto_base_lift_bajo
Servicio de Registro Civil e Identificación,Servicio Nacional para la Prevención y Rehabilitación del Consumo de Drogas y Alcohol,33944,1,1.34,efecto_base_lift_bajo
Servicio de Impuestos Internos,Subsecretaría de Derechos Humanos,33719,2,1.67,candidato_sin_verificar
Poder Judicial,Consejo Nacional de Televisión,33672,2,1.88,candidato_sin_verificar
Servicio de Impuestos Internos,Subsecretaría de Desarrollo Regional y Administrativo,33618,3,2.9,candidato_sin_verificar
Dirección de Compras y Contratación Pública,Superintendencia de Insolvencia y Reemprendimiento,33489,2,6.77,candidato_sin_verificar
Sociedad Administradora de Fondos de Cesantía de Chile S.A.,Policía de Investigaciones de Chile,33465,2,1.79,candidato_sin_verificar
Dirección de Compras y Contratación Pública,Subsecretaría de Redes Asistenciales,33459,4,2.54,candidato_sin_verificar
Servicio de Registro Civil e Identificación,Junta Nacional de Jardines Infantiles,33437,3,1.4,efecto_base_lift_bajo
Instituto de Previsión Social,Contraloría General de la República,33316,1,1.28,efecto_base_lift_bajo
Dirección General de Movilización Nacional,Subsecretaría de Redes Asistenciales,33249,1,1.8,candidato_sin_verificar
Servicio de Cooperación Técnica,Fondo Nacional de Salud,33053,4,3.41,candidato_sin_verificar
Superintendencia de Salud,Carabineros de Chile,32945,3,2.84,candidato_sin_verificar
Municipalidad de Santiago,Fondo Nacional de Salud,32927,4,1.75,candidato_sin_verificar
Servicio Electoral,Subsecretaría de Evaluación Social,32905,4,3.4,artefacto_vus
Municipalidad de Los Angeles,Subsecretaría de Evaluación Social,32583,2,1.69,artefacto_vus
Sociedad Administradora de Fondos de Cesantía de Chile S.A.,Consejo Nacional de Televisión,32124,2,1.51,candidato_sin_verificar
Subsecretaría de Redes Asistenciales,Secretaría de Gobierno Digital,32040,4,2.78,candidato_sin_verificar
Servicio Nacional de Capacitación y Empleo,Carabineros de Chile,31735,7,4.55,candidato_sin_verificar
Subsecretaría de Transportes,AFP Uno,31463,2,2.37,candidato_sin_verificar
Servicio Nacional del Patrimonio Cultural,Subsecretaría de Redes Asistenciales,31352,2,2.11,candidato_sin_verificar
Comisión para el Mercado Financiero,Consejo Nacional de Televisión,31230,1,1.84,candidato_sin_verificar
Subsecretaría de Redes Asistenciales,Subsecretaría de Justicia,31059,4,2.81,candidato_sin_verificar
Comisión Administradora del Sistema de Créditos para Estudios Superiores,Subsecretaría de Salud Pública,31043,2,3.21,candidato_sin_verificar
Universidad de La Frontera,Subsecretaría de Educación,31002,3,67.66,candidato_sin_verificar
Secretaría de Gobierno Digital,Servicio Nacional de Aduanas,30999,2,2.23,candidato_sin_verificar
Secretaría de Gobierno Digital,Consejo Nacional de Televisión,30765,1,1.28,efecto_base_lift_bajo
Servicio de Impuestos Internos,Servicio Nacional del Consumidor,30671,2,1.66,candidato_sin_verificar
Fondo de Solidaridad e Inversión Social,Subsecretaría de Servicios Sociales,30667,1,6.47,candidato_sin_verificar
Superintendencia de Seguridad Social,Fondo Nacional de Salud,30613,8,4.11,candidato_sin_verificar
Subsecretaría de Economía y Empresas de Menor Tamaño,Ministerio Público,30549,5,2.77,candidato_sin_verificar
ACEPTA.COM S.A.,Superintendencia de Electricidad y Combustibles,30440,3,2.37,confirmado_acepta
Ministerio de Desarrollo Social y Familia,Corporación Nacional de Desarrollo Indígena,30398,1,1.95,candidato_sin_verificar
Subsecretaría del Trabajo,Ministerio Público,30218,2,2.41,candidato_sin_verificar
Servicio Nacional del Consumidor,AFP Uno,30129,2,2.07,candidato_sin_verificar
Servicio de Impuestos Internos,Servicio Nacional para la Prevención y Rehabilitación del Consumo de Drogas y Alcohol,29782,2,1.69,candidato_sin_verificar
Dirección General de Movilización Nacional,Fondo Nacional de Salud,29688,3,4.45,candidato_sin_verificar
Ministerio Público,Carabineros de Chile,29663,3,4.18,candidato_sin_verificar
Servicio de Cooperación Técnica,Subsecretaría de Economía y Empresas de Menor Tamaño,29644,3,33.14,candidato_sin_verificar
Servicio de Registro Civil e Identificación,Municipalidad de Peñalolén,29060,1,1.25,efecto_base_lift_bajo
Servicio Agrícola y Ganadero,Secretaría de Gobierno Digital,29051,4,2.89,candidato_sin_verificar
Fondo Nacional de Salud,Subsecretaría de Economía y Empresas de Menor Tamaño,29011,5,2.56,candidato_sin_verificar
Ministerio de Desarrollo Social y Familia,Servicio Nacional de la Discapacidad,28761,2,2.02,candidato_sin_verificar
Fondo Nacional de Salud,Dirección Nacional del Servicio Civil,28747,1,1.39,efecto_base_lift_bajo
Subsecretaría de Transportes,Ministerio Público,28632,4,3.02,candidato_sin_verificar
Contraloría General de la República,Dirección Nacional del Servicio Civil,28325,2,27.85,candidato_sin_verificar
ACEPTA.COM S.A.,Comisión Administradora del Sistema de Créditos para Estudios Superiores,28248,3,2.23,confirmado_acepta
Servicio de Salud Metropolitano Sur Oriente,Subsecretaría de Redes Asistenciales,27950,3,9.62,candidato_sin_verificar
Servicio Nacional de la Discapacidad,Subsecretaría de Evaluación Social,27602,3,6.34,artefacto_vus
Dirección Nacional del Servicio Civil,Superintendencia de Pensiones,27587,2,3.9,candidato_sin_verificar
Dirección de Compras y Contratación Pública,Fondo Nacional de Salud,27510,8,4.54,candidato_sin_verificar
Universidad de La Frontera,Ministerio Público,27387,2,2.47,candidato_sin_verificar
Comisión para el Mercado Financiero,Servicio Nacional de Aduanas,27334,1,2.21,candidato_sin_verificar
Servicio de Tesorerías,Subsecretaría de Educación,27234,2,1.36,efecto_base_lift_bajo
Subsecretaría General de Gobierno,Fondo Nacional de Salud,27168,4,1.77,candidato_sin_verificar
Servicio de Registro Civil e Identificación,Servicio Nacional del Consumidor,26899,1,1.27,efecto_base_lift_bajo
Subsecretaría General de la Presidencia de la República,Servicio de Impuestos Internos,26815,3,5.85,candidato_sin_verificar
Instituto Nacional de Propiedad Industrial,Subsecretaría del Interior,26602,1,35.82,candidato_sin_verificar
Subsecretaría de Redes Asistenciales,Superintendencia de Pensiones,26208,1,1.82,candidato_sin_verificar
Ministerio de Desarrollo Social y Familia,Superintendencia de Salud,26106,1,1.61,candidato_sin_verificar
Sociedad Administradora de Fondos de Cesantía de Chile S.A.,Subsecretaría de Vivienda y Urbanismo,25945,1,1.76,candidato_sin_verificar
Fondo Nacional de Salud,Presidencia de la República,25926,1,1.42,efecto_base_lift_bajo
ACEPTA.COM S.A.,Superintendencia de Pensiones,25847,1,1.63,confirmado_acepta
Dirección del Trabajo,Comisión para la Integridad Pública y Transparencia,25659,2,2.23,candidato_sin_verificar
ACEPTA.COM S.A.,Superintendencia de Insolvencia y Reemprendimiento,25646,4,2.71,confirmado_acepta
Comisión Administradora del Sistema de Créditos para Estudios Superiores,Ministerio Público,25641,5,2.47,candidato_sin_verificar
Fondo Nacional de Salud,Servicio Nacional para la Prevención y Rehabilitación del Consumo de Drogas y Alcohol,25622,1,1.9,candidato_sin_verificar
Dirección General de Movilización Nacional,AFP Uno,25599,2,3.02,candidato_sin_verificar
Secretaría de Gobierno Digital,Subsecretaría de Desarrollo Regional y Administrativo,25562,2,3.21,candidato_sin_verificar
ACEPTA.COM S.A.,Instituto de Seguridad Laboral,25388,1,1.85,confirmado_acepta
Ministerio de Desarrollo Social y Familia,Subsecretaría de Derechos Humanos,25358,1,1.41,efecto_base_lift_bajo
Subsecretaría de Desarrollo Regional y Administrativo,Subsecretaría de Redes Asistenciales,25296,2,2.43,candidato_sin_verificar
Fondo Nacional de Salud,Junta Nacional de Jardines Infantiles,25116,5,3.68,candidato_sin_verificar
Servicio de Registro Civil e Identificación,Universidad de Santiago de Chile,25095,1,1.2,efecto_base_lift_bajo
Contraloría General de la República,Ministerio Público,25062,3,4.29,candidato_sin_verificar
Contraloría General de la República,Subsecretaría de Redes Asistenciales,24800,2,2.31,candidato_sin_verificar
Servicio de Cooperación Técnica,Carabineros de Chile,24796,3,3.18,candidato_sin_verificar
Sociedad Administradora de Fondos de Cesantía de Chile S.A.,E-Digital PKI SpA.,24772,1,1.56,candidato_sin_verificar
Ministerio Público,E-Cert Chile,24757,1,3.25,candidato_sin_verificar
Servicio de Registro Civil e Identificación,Subsecretaría de Economía y Empresas de Menor Tamaño,24612,3,1.35,efecto_base_lift_bajo
Dirección del Trabajo,Subsecretaría del Trabajo,24413,2,3.02,candidato_sin_verificar
Dirección de Compras y Contratación Pública,Comisión para la Integridad Pública y Transparencia,24284,1,9.44,candidato_sin_verificar
Dirección de Previsión de Carabineros de Chile,Servicio de Impuestos Internos,24256,1,2.02,candidato_sin_verificar
Poder Judicial,Servicio de Salud Araucanía Sur,24232,2,1.52,candidato_sin_verificar
Instituto de Previsión Social,Junta Nacional de Jardines Infantiles,24060,4,6.91,candidato_sin_verificar
Dirección de Compras y Contratación Pública,Subsecretaría de Vivienda y Urbanismo,23973,6,3.33,candidato_sin_verificar
Fondo Nacional de Salud,Subsecretaría de Derechos Humanos,23818,3,7.49,candidato_sin_verificar
Instituto de Previsión Social,Ministerio de Transportes y Telecomunicaciones,23810,2,1.55,candidato_sin_verificar
ACEPTA.COM S.A.,Defensoría Penal Pública,23795,3,2.07,confirmado_acepta
Subsecretaría de Redes Asistenciales,Instituto de Seguridad Laboral,23633,1,1.89,candidato_sin_verificar
Dirección de Compras y Contratación Pública,Ministerio Público,23588,4,3.13,candidato_sin_verificar
Dirección de Previsión de Carabineros de Chile,Dirección General de Movilización Nacional,23574,1,23.6,candidato_sin_verificar
Servicio de Registro Civil e Identificación,Superintendencia del Medio Ambiente,23531,1,1.26,efecto_base_lift_bajo
Secretaría de Gobierno Digital,Subsecretaría de Justicia,23403,3,5.95,candidato_sin_verificar
Servicio de Registro Civil e Identificación,Dirección General de Aeronáutica Civil,23312,3,1.41,efecto_base_lift_bajo
Dirección General de Movilización Nacional,Secretaría de Gobierno Digital,23305,3,20.55,candidato_sin_verificar
Subsecretaría de Transportes,Carabineros de Chile,23293,1,2.25,candidato_sin_verificar
Sociedad Administradora de Fondos de Cesantía de Chile S.A.,Servicio de Salud Araucanía Sur,23211,1,1.23,efecto_base_lift_bajo
Subsecretaría de Justicia,Subsecretaría de Servicios Sociales,23132,1,3.88,candidato_sin_verificar
Instituto de Previsión Social,Subsecretaría de Telecomunicaciones,23115,2,1.72,candidato_sin_verificar
Servicio de Registro Civil e Identificación,Subsecretaría de Justicia,22895,1,1.31,efecto_base_lift_bajo
Servicio de Impuestos Internos,Servicio Agrícola y Ganadero,22874,1,1.44,efecto_base_lift_bajo
Dirección General de Movilización Nacional,Subsecretaría de Evaluación Social,22816,2,3.01,artefacto_vus
Servicio Nacional del Consumidor,Consejo Nacional de Televisión,22809,1,3.77,candidato_sin_verificar
Municipalidad de Las Condes,Servicio Electoral,22447,3,1.79,candidato_sin_verificar
Servicio Nacional del Consumidor,Comisión para la Integridad Pública y Transparencia,22411,1,2.74,candidato_sin_verificar
Ministerio de Desarrollo Social y Familia,Dirección Nacional del Servicio Civil,22303,2,1.43,efecto_base_lift_bajo
Servicio de Registro Civil e Identificación,Servicio Electoral,22067,1,1.28,efecto_base_lift_bajo
Ministerio de Desarrollo Social y Familia,Defensoría Penal Pública,21967,3,2.35,candidato_sin_verificar
Servicio Nacional de Capacitación y Empleo,Consejo Nacional de Televisión,21792,2,1.69,candidato_sin_verificar
Ministerio de Desarrollo Social y Familia,Superintendencia de Insolvencia y Reemprendimiento,21682,4,2.88,candidato_sin_verificar
Secretaría de Gobierno Digital,Subsecretaría de Transportes,21572,4,36.97,candidato_sin_verificar
Subsecretaría de Economía y Empresas de Menor Tamaño,Comisión para la Integridad Pública y Transparencia,21488,3,45.91,candidato_sin_verificar
Contraloría General de la República,Subsecretaría de Evaluación Social,21121,4,9.58,artefacto_vus
Servicio de Impuestos Internos,Policía de Investigaciones de Chile,20946,1,1.49,efecto_base_lift_bajo
Servicio de Impuestos Internos,Comisión para la Integridad Pública y Transparencia,20887,2,3.59,candidato_sin_verificar
Corporación Nacional de Desarrollo Indígena,Subsecretaría de Redes Asistenciales,20869,1,1.56,candidato_sin_verificar
Fondo Nacional de Salud,Servicio de Salud Metropolitano Oriente,20827,3,1.84,candidato_sin_verificar
Servicio Agrícola y Ganadero,Universidad de Chile,20824,1,3.14,candidato_sin_verificar
Servicio de Impuestos Internos,Dirección de Educación Pública,20733,2,2.06,candidato_sin_verificar
Ministerio de Desarrollo Social y Familia,Municipalidad de Puente Alto,20708,2,1.84,candidato_sin_verificar
Servicio de Impuestos Internos,Poder Judicial,20577,5,2.54,candidato_sin_verificar
Comisión para el Mercado Financiero,Servicio de Salud Araucanía Sur,20536,1,1.34,efecto_base_lift_bajo
Ministerio de Desarrollo Social y Familia,Servicio de Salud Metropolitano Oriente,20482,2,1.45,efecto_base_lift_bajo
Fondo Nacional de Salud,Servicio Nacional del Consumidor,20460,2,1.64,candidato_sin_verificar
Subsecretaría de Redes Asistenciales,Universidad de Chile,20367,1,2.55,candidato_sin_verificar
Servicio Nacional de Capacitación y Empleo,Ministerio Público,20182,4,1.98,candidato_sin_verificar
Ministerio de Desarrollo Social y Familia,Servicio Nacional de Aduanas,20123,1,1.39,efecto_base_lift_bajo
Instituto de Previsión Social,Sociedad Administradora de Fondos de Cesantía de Chile S.A.,19997,1,2.1,candidato_sin_verificar
Servicio de Impuestos Internos,Municipalidad de Santiago,19760,5,2.1,candidato_sin_verificar
Comisión para el Mercado Financiero,Subsecretaría de Desarrollo Regional y Administrativo,19664,1,1.59,candidato_sin_verificar
Sociedad Administradora de Fondos de Cesantía de Chile S.A.,AFP Modelo,19574,1,1.94,candidato_sin_verificar
Instituto Nacional de Estadísticas,Subsecretaría de Vivienda y Urbanismo,19561,4,2.52,candidato_sin_verificar
Secretaría de Gobierno Digital,Municipalidad de Santiago,19530,3,2.47,candidato_sin_verificar
Poder Judicial,Certificadora del Sur,19483,2,2.09,candidato_sin_verificar
Dirección del Trabajo,Consejo Nacional de Televisión,19473,1,1.64,candidato_sin_verificar
Sociedad Administradora de Fondos de Cesantía de Chile S.A.,Subsecretaría de Desarrollo Regional y Administrativo,19451,1,1.27,efecto_base_lift_bajo
Fondo Nacional de Salud,Secretaría de Gobierno Digital,19449,3,2.04,candidato_sin_verificar
Servicio Agrícola y Ganadero,Servicio de Cooperación Técnica,19394,1,1.24,efecto_base_lift_bajo
Servicio de Registro Civil e Identificación,Subsecretaría de Bienes Nacionales,19223,2,1.23,efecto_base_lift_bajo
Poder Judicial,Subsecretaría de Hacienda,19148,4,1.75,candidato_sin_verificar
Municipalidad de Las Condes,Subsecretaría de Transportes,19136,2,4.48,candidato_sin_verificar
Servicio Agrícola y Ganadero,Instituto de Seguridad Laboral,19096,1,1.84,candidato_sin_verificar
Dirección Nacional del Servicio Civil,AFP Uno,18953,3,3.6,candidato_sin_verificar
Servicio de Cooperación Técnica,Subsecretaría de Redes Asistenciales,18902,1,1.8,candidato_sin_verificar
Ministerio de Desarrollo Social y Familia,Policía de Investigaciones de Chile,18873,2,1.91,candidato_sin_verificar
BPO Advisors SpA,Comisión para la Integridad Pública y Transparencia,18834,1,2.6,candidato_sin_verificar
Ministerio de Desarrollo Social y Familia,Servicio de Salud Tarapacá,18769,4,1.69,candidato_sin_verificar
Instituto de Previsión Social,Subsecretaría General de Gobierno,18743,2,1.89,candidato_sin_verificar
Servicio de Impuestos Internos,AFP Uno,18731,4,1.86,candidato_sin_verificar
Ministerio de Desarrollo Social y Familia,Junta Nacional de Jardines Infantiles,18715,4,4.39,candidato_sin_verificar
Servicio de Registro Civil e Identificación,Servicio Nacional de Geología y Minería,18690,8,1.39,efecto_base_lift_bajo
Ministerio de Salud,Subsecretaría de Evaluación Social,18624,1,2.2,artefacto_vus
Subsecretaría del Trabajo,Contraloría General de la República,18597,1,1.7,candidato_sin_verificar
Ministerio Público,Dirección de Previsión de Carabineros de Chile,18549,2,104.34,candidato_sin_verificar
Ministerio de Salud,Subsecretaría de Redes Asistenciales,18395,2,6.27,candidato_sin_verificar
Servicio de Registro Civil e Identificación,Dirección de Educación Pública,18292,1,1.38,efecto_base_lift_bajo
Dirección Nacional del Servicio Civil,Comisión para la Integridad Pública y Transparencia,18202,4,16.5,candidato_sin_verificar
Municipalidad de Puente Alto,Subsecretaría de Evaluación Social,18125,2,2.43,artefacto_vus
Servicio de Impuestos Internos,Subsecretaría de Previsión Social,18088,3,1.67,candidato_sin_verificar
Poder Judicial,Subsecretaría de Desarrollo Regional y Administrativo,18010,2,1.33,efecto_base_lift_bajo
Secretaría de Gobierno Digital,Certificadora del Sur,17999,3,2.87,candidato_sin_verificar
Ministerio de Desarrollo Social y Familia,Dirección General del Crédito Prendario,17901,3,2.15,candidato_sin_verificar
Subsecretaría de Redes Asistenciales,Superintendencia de Insolvencia y Reemprendimiento,17882,3,2.05,candidato_sin_verificar
Servicio Nacional del Consumidor,Subsecretaría de Economía y Empresas de Menor Tamaño,17850,2,2.72,candidato_sin_verificar
Servicio de Impuestos Internos,Subsecretaría de Servicios Sociales,17808,1,2.04,candidato_sin_verificar
Secretaría de Gobierno Digital,Municipalidad de Peñalolén,17790,2,2.0,candidato_sin_verificar
Subsecretaría de Redes Asistenciales,Comisión Administradora del Sistema de Créditos para Estudios Superiores,17703,1,2.61,candidato_sin_verificar
Servicio Nacional de Capacitación y Empleo,Servicio de Salud Araucanía Sur,17657,1,1.55,candidato_sin_verificar
Gendarmería de Chile,Carabineros de Chile,17655,5,4.33,candidato_sin_verificar
Municipalidad de Puente Alto,Subsecretaría de Redes Asistenciales,17634,5,4.0,candidato_sin_verificar
Servicio Nacional de Capacitación y Empleo,Subsecretaría de Energía,17605,1,1.41,efecto_base_lift_bajo
Carabineros de Chile,Subsecretaría de Evaluación Social,17588,1,1.67,artefacto_vus
Servicio de Impuestos Internos,Subsecretaría de Bienes Nacionales,17531,3,2.15,candidato_sin_verificar
Dirección Nacional del Servicio Civil,Servicio Nacional para la Prevención y Rehabilitación del Consumo de Drogas y Alcohol,17449,2,9.87,candidato_sin_verificar
Dirección del Trabajo,Servicio Nacional de Aduanas,17365,2,2.01,candidato_sin_verificar
Servicio de Impuestos Internos,Municipalidad de Quilicura,17349,5,2.14,candidato_sin_verificar
Comisión Administradora del Sistema de Créditos para Estudios Superiores,Contraloría General de la República,17246,2,2.69,candidato_sin_verificar
Carabineros de Chile,Fondo Nacional de Salud,17237,2,2.41,candidato_sin_verificar
Servicio de Registro Civil e Identificación,Superintendencia de Servicios Sanitarios,17209,1,1.24,efecto_base_lift_bajo
Fondo Nacional de Salud,AFP Modelo,17143,1,1.73,candidato_sin_verificar
Instituto de Previsión Social,Servicio Nacional de Pesca y Acuicultura,17066,1,1.29,efecto_base_lift_bajo
Subsecretaría de Salud Pública,Junta Nacional de Jardines Infantiles,17038,5,4.06,candidato_sin_verificar
Subsecretaría de Evaluación Social,Ministerio Público,17033,3,13.69,candidato_sin_verificar
Instituto Nacional de Estadísticas,Servicio de Impuestos Internos,17020,2,1.92,candidato_sin_verificar
Ministerio de Desarrollo Social y Familia,Superintendencia de Pensiones,17018,2,1.76,candidato_sin_verificar
Consejo Nacional de Televisión,Subsecretaría de Evaluación Social,16965,3,2.14,artefacto_vus
Secretaría de Gobierno Digital,Servicio Nacional del Consumidor,16772,1,1.26,efecto_base_lift_bajo
Ministerio Público,Servicio Electoral,16740,1,2.53,candidato_sin_verificar
Consejo Nacional de Televisión,Fondo Nacional de Salud,16697,4,1.81,candidato_sin_verificar
Secretaría de Gobierno Digital,AFP Modelo,16670,1,1.44,efecto_base_lift_bajo
Sociedad Administradora de Fondos de Cesantía de Chile S.A.,Municipalidad de Peñalolén,16670,1,1.32,efecto_base_lift_bajo
Superintendencia de Salud,Subsecretaría de Evaluación Social,16630,2,1.76,artefacto_vus
Servicio Electoral,Contraloría General de la República,16531,2,10.3,candidato_sin_verificar
Sociedad Administradora de Fondos de Cesantía de Chile S.A.,Servicio Nacional del Consumidor,16452,1,1.43,efecto_base_lift_bajo
Subsecretaría de Servicios Sociales,Subsecretaría de Justicia,16429,1,3.9,candidato_sin_verificar
Ministerio de Educación,Universidad de Chile,16392,2,5.33,candidato_sin_verificar
Comisión para el Mercado Financiero,Municipalidad de Peñalolén,16366,1,1.6,candidato_sin_verificar
Servicio de Registro Civil e Identificación,Superintendencia de Educación Superior,16337,1,1.29,efecto_base_lift_bajo
Poder Judicial,E-Digital PKI SpA.,16323,1,1.97,candidato_sin_verificar
Fondo Nacional de Salud,Servicio de Salud Ñuble,16285,1,1.38,efecto_base_lift_bajo
Comisión para el Mercado Financiero,Servicio Nacional del Consumidor,16255,1,1.73,candidato_sin_verificar
Subsecretaría de Salud Pública,Carabineros de Chile,16151,5,3.15,candidato_sin_verificar
Fondo de Solidaridad e Inversión Social,Superintendencia de Salud,16135,1,1.26,efecto_base_lift_bajo
Poder Judicial,Municipalidad de Peñalolén,16091,2,1.44,efecto_base_lift_bajo
Contraloría General de la República,Servicio Electoral,15942,1,42.31,candidato_sin_verificar
Servicio Nacional de Capacitación y Empleo,Servicio Nacional de Aduanas,15871,1,1.72,candidato_sin_verificar
Servicio Agrícola y Ganadero,Universidad de La Frontera,15870,1,1.72,candidato_sin_verificar
Dirección del Trabajo,Fondo Nacional de Salud,15827,2,1.52,candidato_sin_verificar
Dirección General de Movilización Nacional,Ministerio Público,15811,2,2.71,candidato_sin_verificar
Servicio de Registro Civil e Identificación,Subsecretaría de Redes Asistenciales,15802,1,1.24,efecto_base_lift_bajo
Dirección General de Movilización Nacional,Carabineros de Chile,15781,2,4.17,candidato_sin_verificar
Servicio Nacional de Aduanas,Subsecretaría de Evaluación Social,15716,1,1.6,artefacto_vus
Universidad de La Frontera,Fondo Nacional de Salud,15687,1,2.03,candidato_sin_verificar
Servicio Nacional de Capacitación y Empleo,Servicio Nacional del Consumidor,15642,1,2.24,candidato_sin_verificar
Servicio de Salud Metropolitano Oriente,Subsecretaría de Evaluación Social,15634,3,1.55,artefacto_vus
Ministerio de Desarrollo Social y Familia,Universidad de Santiago de Chile,15632,1,1.2,efecto_base_lift_bajo
Dirección Nacional del Servicio Civil,Subsecretaría de Derechos Humanos,15611,1,8.01,candidato_sin_verificar
Servicio de Tesorerías,Servicio de Impuestos Internos,15593,3,5.02,candidato_sin_verificar
Poder Judicial,Superintendencia de Insolvencia y Reemprendimiento,15589,2,4.17,candidato_sin_verificar
Fondo Nacional de Salud,Municipalidad de Puente Alto,15560,3,1.96,candidato_sin_verificar
Servicio de Tesorerías,Consejo Nacional de Televisión,15507,1,2.01,candidato_sin_verificar
Superintendencia de Salud,AFP Uno,15392,2,2.37,candidato_sin_verificar
Subsecretaría de Economía y Empresas de Menor Tamaño,Dirección del Trabajo,15229,3,5.63,candidato_sin_verificar
Gendarmería de Chile,Servicio de Impuestos Internos,15195,2,2.77,candidato_sin_verificar
Ejército de Chile,Secretaría de Gobierno Digital,15165,3,30.83,candidato_sin_verificar
Instituto Nacional de Estadísticas,Comisión Administradora del Sistema de Créditos para Estudios Superiores,15120,4,3.74,candidato_sin_verificar
Poder Judicial,Dirección de Educación Pública,15055,4,2.14,candidato_sin_verificar
Servicio Nacional de Capacitación y Empleo,Subsecretaría de Derechos Humanos,14976,1,1.57,candidato_sin_verificar
Superintendencia de Seguridad Social,Subsecretaría de Salud Pública,14900,2,8.14,candidato_sin_verificar
Comisión para el Mercado Financiero,Subsecretaría de Economía y Empresas de Menor Tamaño,14882,1,1.92,candidato_sin_verificar
Superintendencia de Salud,Ministerio Público,14875,2,2.4,candidato_sin_verificar
Subsecretaría de Educación,Ministerio Público,14843,3,2.91,candidato_sin_verificar
Servicio Nacional de Capacitación y Empleo,AFP Uno,14832,3,3.18,candidato_sin_verificar
Servicio Nacional del Consumidor,Subsecretaría de Desarrollo Regional y Administrativo,14829,1,3.36,candidato_sin_verificar
ACEPTA.COM S.A.,Corporación de Asistencia Judicial de la Región Metropolitana,14771,1,1.75,confirmado_acepta
Subsecretaría de Salud Pública,Servicio de Salud Araucanía Sur,14722,3,3.77,candidato_sin_verificar
Subsecretaría de Redes Asistenciales,Instituto Nacional de Propiedad Industrial,14697,1,1.65,candidato_sin_verificar
ACEPTA.COM S.A.,Universidad de Chile,14660,1,1.67,confirmado_acepta
Carabineros de Chile,AFP Uno,14515,3,1.97,candidato_sin_verificar
Subsecretaría de Salud Pública,Consejo Nacional de Televisión,14475,2,2.38,candidato_sin_verificar
Servicio Nacional de Capacitación y Empleo,Subsecretaría de Desarrollo Regional y Administrativo,14445,1,1.56,candidato_sin_verificar
Subsecretaría de Desarrollo Regional y Administrativo,Subsecretaría de Evaluación Social,14421,3,1.87,artefacto_vus
Servicio Electoral,Servicio de Salud Araucanía Sur,14386,2,1.96,candidato_sin_verificar
Sociedad Administradora de Fondos de Cesantía de Chile S.A.,Certificadora del Sur,14362,1,1.34,efecto_base_lift_bajo
Secretaría de Gobierno Digital,Junta Nacional de Jardines Infantiles,14348,3,5.31,candidato_sin_verificar
Servicio de Registro Civil e Identificación,Servicio de Salud Tarapacá,14325,3,1.34,efecto_base_lift_bajo
Subsecretaría de Evaluación Social,Carabineros de Chile,14316,2,2.06,candidato_sin_verificar
Servicio de Registro Civil e Identificación,Subsecretaría de Previsión Social,14224,1,1.24,efecto_base_lift_bajo
Subsecretaría de Redes Asistenciales,Superintendencia de Electricidad y Combustibles,14198,1,1.89,candidato_sin_verificar
Subsecretaría de Desarrollo Regional y Administrativo,Fondo Nacional de Salud,14153,4,3.21,candidato_sin_verificar
Poder Judicial,Servicio Nacional de Aduanas,14134,1,1.77,candidato_sin_verificar
Ministerio de Salud,Fondo Nacional de Salud,14060,3,5.81,candidato_sin_verificar
Servicio de Impuestos Internos,Subsecretaría de Hacienda,14035,4,2.49,candidato_sin_verificar
Comisión para el Mercado Financiero,Municipalidad de Santiago,13935,3,2.09,candidato_sin_verificar
ACEPTA.COM S.A.,Municipalidad de La Florida,13933,1,1.94,confirmado_acepta
Subsecretaría de Evaluación Social,Municipalidad de Puente Alto,13901,1,2.69,candidato_sin_verificar
Instituto de Previsión Social,Consejo Nacional de Televisión,13885,2,1.8,candidato_sin_verificar
Servicio de Registro Civil e Identificación,Ministerio del Interior,13826,1,1.25,efecto_base_lift_bajo
Comisión para el Mercado Financiero,Subsecretaría de Justicia,13817,1,1.79,candidato_sin_verificar
Sociedad Administradora de Fondos de Cesantía de Chile S.A.,Dirección de Educación Pública,13775,2,1.66,candidato_sin_verificar
Instituto de Seguridad Laboral,Subsecretaría de Redes Asistenciales,13768,1,1.98,candidato_sin_verificar
Sociedad Administradora de Fondos de Cesantía de Chile S.A.,Municipalidad de Santiago,13737,3,1.43,efecto_base_lift_bajo
Instituto de Previsión Social,Subsecretaría de Transportes,13713,3,1.57,candidato_sin_verificar
Ministerio de Desarrollo Social y Familia,Municipalidad de Temuco,13611,2,1.51,candidato_sin_verificar
Poder Judicial,Subsecretaría de Bienes Nacionales,13539,2,2.52,candidato_sin_verificar
Servicio Nacional de Capacitación y Empleo,Subsecretaría de Justicia,13490,2,2.15,candidato_sin_verificar
Subsecretaría de Justicia,Fondo de Solidaridad e Inversión Social,13484,1,3.36,candidato_sin_verificar
Instituto de Previsión Social,Subsecretaría de Previsión Social,13354,1,1.96,candidato_sin_verificar
Servicio Agrícola y Ganadero,Comisión Administradora del Sistema de Créditos para Estudios Superiores,13324,2,2.0,candidato_sin_verificar
Servicio Agrícola y Ganadero,Contraloría General de la República,13318,1,2.34,candidato_sin_verificar
Subsecretaría de Justicia,Subsecretaría de Educación,13298,2,1.8,candidato_sin_verificar
ACEPTA.COM S.A.,Subsecretaría de Servicios Sociales,13233,1,1.29,confirmado_acepta
Servicio Electoral,Subsecretaría de Desarrollo Regional y Administrativo,13230,2,2.47,candidato_sin_verificar
Poder Judicial,Defensoría Penal Pública,13199,4,4.59,candidato_sin_verificar
Poder Judicial,AFP Modelo,13160,2,1.51,candidato_sin_verificar
Poder Judicial,Subsecretaría de Educación,13155,2,2.27,candidato_sin_verificar
Dirección de Compras y Contratación Pública,Instituto de Seguridad Laboral,13122,2,7.96,candidato_sin_verificar
Servicio de Impuestos Internos,Junta Nacional de Jardines Infantiles,13112,2,1.55,candidato_sin_verificar
Sociedad Administradora de Fondos de Cesantía de Chile S.A.,Poder Judicial,13074,2,1.65,candidato_sin_verificar
Subsecretaría de Redes Asistenciales,Servicio Nacional del Patrimonio Cultural,13004,1,2.04,candidato_sin_verificar
Ministerio de Desarrollo Social y Familia,Superintendencia de Educación Superior,12902,2,1.57,candidato_sin_verificar
Secretaría de Gobierno Digital,Subsecretaría de Vivienda y Urbanismo,12899,2,2.91,candidato_sin_verificar
Caja de Previsión de la Defensa Nacional,Ejército de Chile,12882,1,17.98,candidato_sin_verificar
Servicio Nacional de la Discapacidad,Fondo Nacional de Salud,12872,3,1.54,candidato_sin_verificar
Ministerio de Desarrollo Social y Familia,Corporación de Asistencia Judicial de la Región Metropolitana,12807,1,2.59,candidato_sin_verificar
Gendarmería de Chile,Comisión para el Mercado Financiero,12771,1,2.03,candidato_sin_verificar
Servicio de Registro Civil e Identificación,Poder Judicial,12672,1,1.3,efecto_base_lift_bajo
Superintendencia de Seguridad Social,Junta Nacional de Jardines Infantiles,12607,5,6.2,candidato_sin_verificar
Dirección del Trabajo,Subsecretaría de Desarrollo Regional y Administrativo,12525,1,1.45,efecto_base_lift_bajo
Fondo Nacional de Salud,Dirección de Educación Pública,12498,1,1.76,candidato_sin_verificar
Junta Nacional de Jardines Infantiles,Subsecretaría de Evaluación Social,12485,2,5.64,artefacto_vus
Servicio de Registro Civil e Identificación,Dirección General del Crédito Prendario,12474,1,1.31,efecto_base_lift_bajo
Secretaría de Gobierno Digital,Municipalidad de Colina,12395,2,1.53,candidato_sin_verificar
Instituto de Previsión Social,Caja de Previsión de la Defensa Nacional,12288,1,1.39,efecto_base_lift_bajo
Servicio Electoral,Fondo de Solidaridad e Inversión Social,12281,2,3.12,candidato_sin_verificar
Subsecretaría de Educación,Instituto de Previsión Social,12268,1,2.26,candidato_sin_verificar
Servicio Electoral,Subsecretaría de Servicios Sociales,12261,1,1.68,candidato_sin_verificar
Subsecretaría de Redes Asistenciales,Municipalidad de Providencia,12231,1,2.71,candidato_sin_verificar
Municipalidad de Las Condes,Ministerio Público,12227,2,3.24,candidato_sin_verificar
ACEPTA.COM S.A.,Municipalidad de Santiago,12219,2,2.27,confirmado_acepta
Dirección Nacional del Servicio Civil,Dirección del Trabajo,12150,2,3.32,candidato_sin_verificar
Instituto de Seguridad Laboral,Subsecretaría de Transportes,12077,1,1.81,candidato_sin_verificar
Poder Judicial,Servicio Electoral,11981,3,2.24,candidato_sin_verificar
Poder Judicial,Subsecretaría de Prevención del Delito,11970,2,4.6,candidato_sin_verificar
Instituto de Previsión Social,Servicio Nacional de Aduanas,11916,3,2.36,candidato_sin_verificar
Contraloría General de la República,Poder Judicial,11905,4,9.61,candidato_sin_verificar
Ministerio de Desarrollo Social y Familia,Servicio de Salud Libertador General Bernardo O'Higgins,11838,2,2.78,candidato_sin_verificar
Subsecretaría de Salud Pública,Subsecretaría de Desarrollo Regional y Administrativo,11682,4,3.6,candidato_sin_verificar
Servicio de Registro Civil e Identificación,Instituto Nacional de Deportes de Chile,11675,2,1.33,efecto_base_lift_bajo
Subsecretaría de Redes Asistenciales,Ejército de Chile,11618,2,2.88,candidato_sin_verificar
Servicio de Registro Civil e Identificación,Subsecretaría de las Culturas y las Artes,11577,1,1.33,efecto_base_lift_bajo
Secretaría de Gobierno Digital,Subsecretaría de Bienes Nacionales,11573,2,1.47,efecto_base_lift_bajo
Subsecretaría de Vivienda y Urbanismo,Fondo de Solidaridad e Inversión Social,11571,3,2.18,candidato_sin_verificar
Secretaría de Gobierno Digital,Subsecretaría de Servicios Sociales,11565,1,1.33,efecto_base_lift_bajo
Defensoría Penal Pública,Subsecretaría de Redes Asistenciales,11564,1,1.55,candidato_sin_verificar
Subsecretaría de Desarrollo Regional y Administrativo,Ministerio Público,11543,3,2.37,candidato_sin_verificar
Contraloría General de la República,Secretaría de Gobierno Digital,11488,4,78.25,candidato_sin_verificar
Subsecretaría de Redes Asistenciales,Municipalidad de La Florida,11487,1,1.75,candidato_sin_verificar
Subsecretaría de Redes Asistenciales,Subsecretaría de Telecomunicaciones,11453,1,2.32,candidato_sin_verificar
Servicio de Salud Metropolitano Oriente,Fondo Nacional de Salud,11420,2,1.69,candidato_sin_verificar
Subsecretaría de Redes Asistenciales,Corporación de Asistencia Judicial de la Región Metropolitana,11407,1,1.48,efecto_base_lift_bajo
Fondo de Solidaridad e Inversión Social,Instituto de Desarrollo Agropecuario,11362,1,5.43,candidato_sin_verificar
Subsecretaría de Economía y Empresas de Menor Tamaño,Servicio de Impuestos Internos,11322,2,6.61,candidato_sin_verificar
Sociedad Administradora de Fondos de Cesantía de Chile S.A.,Municipalidad de Colina,11282,1,1.52,candidato_sin_verificar
Policía de Investigaciones de Chile,Fondo Nacional de Salud,11281,3,1.86,candidato_sin_verificar
Carabineros de Chile,Consejo Nacional de Televisión,11280,1,1.89,candidato_sin_verificar
Universidad de La Frontera,Contraloría General de la República,11254,1,4.9,candidato_sin_verificar
Ministerio de Desarrollo Social y Familia,Servicio de Salud Maule,11253,1,2.24,candidato_sin_verificar
Servicio Nacional de Aduanas,Fondo Nacional de Salud,11250,3,1.39,efecto_base_lift_bajo
Superintendencia de Seguridad Social,Servicio de Salud Araucanía Sur,11223,3,2.24,candidato_sin_verificar
Policía de Investigaciones de Chile,Subsecretaría de Evaluación Social,11197,2,1.45,artefacto_vus
Servicio de Registro Civil e Identificación,Municipalidad de Quilicura,11193,1,1.26,efecto_base_lift_bajo
Ministerio Público,Servicio de Impuestos Internos,11122,1,2.27,candidato_sin_verificar
Secretaría de Gobierno Digital,Servicio de Impuestos Internos,11095,2,1.52,candidato_sin_verificar
Ministerio de Desarrollo Social y Familia,Municipalidad de Santiago,11058,1,1.54,candidato_sin_verificar
ACEPTA.COM S.A.,Subsecretaría de Telecomunicaciones,11034,1,2.04,confirmado_acepta
Carabineros de Chile,Subsecretaría de Desarrollo Regional y Administrativo,10968,2,3.48,candidato_sin_verificar
Secretaría de Gobierno Digital,docdigital,10930,5,322.14,candidato_sin_verificar
Servicio Electoral,Consejo Nacional de Televisión,10884,2,4.82,candidato_sin_verificar
Universidad de La Frontera,Universidad de Chile,10845,1,5.24,candidato_sin_verificar
Subsecretaría del Trabajo,Consejo Nacional de Televisión,10814,1,2.22,candidato_sin_verificar
Servicio Agrícola y Ganadero,Ministerio de Educación,10811,1,1.52,candidato_sin_verificar
ACEPTA.COM S.A.,Servicio Agrícola y Ganadero,10730,3,2.03,confirmado_acepta
Instituto de Previsión Social,Policía de Investigaciones de Chile,10712,2,2.02,candidato_sin_verificar
Subsecretaría de Vivienda y Urbanismo,Comisión para la Integridad Pública y Transparencia,10645,2,3.65,candidato_sin_verificar
Subsecretaría de Redes Asistenciales,Ministerio de Educación,10637,1,1.21,efecto_base_lift_bajo
Poder Judicial,Municipalidad de Colina,10607,2,1.67,candidato_sin_verificar
Comisión para el Mercado Financiero,Dirección de Educación Pública,10594,1,1.81,candidato_sin_verificar
Subsecretaría de Justicia,Subsecretaría de Salud Pública,10592,1,1.27,efecto_base_lift_bajo
Instituto Nacional de Estadísticas,Subsecretaría de Evaluación Social,10574,3,2.85,artefacto_vus
Dirección de Previsión de Carabineros de Chile,Certificadora del Sur,10560,2,42.75,candidato_sin_verificar
Dirección Nacional del Servicio Civil,Dirección de Educación Pública,10533,2,10.74,candidato_sin_verificar
Dirección del Trabajo,Municipalidad de Peñalolén,10509,1,1.48,efecto_base_lift_bajo
Dirección Nacional del Servicio Civil,Subsecretaría de Economía y Empresas de Menor Tamaño,10494,4,7.39,candidato_sin_verificar
Poder Judicial,Subsecretaría de Transportes,10440,5,1.85,candidato_sin_verificar
Servicio de Registro Civil e Identificación,Corporación de Asistencia Judicial de la Región del Biobío,10424,1,1.3,efecto_base_lift_bajo
Secretaría de Gobierno Digital,Dirección de Educación Pública,10423,1,1.26,efecto_base_lift_bajo
Subsecretaría de Redes Asistenciales,Dirección Nacional del Servicio Civil,10412,2,2.98,candidato_sin_verificar
Superintendencia de Insolvencia y Reemprendimiento,Subsecretaría de Redes Asistenciales,10391,3,2.49,candidato_sin_verificar
Subsecretaría de Vivienda y Urbanismo,Servicio de Salud Araucanía Sur,10374,2,2.29,candidato_sin_verificar
Subsecretaría de Salud Pública,Comisión para la Integridad Pública y Transparencia,10364,3,5.48,candidato_sin_verificar
Dirección de Compras y Contratación Pública,Servicio Nacional del Consumidor,10343,1,2.17,candidato_sin_verificar
Ministerio Público,Servicio Nacional del Consumidor,10278,1,1.94,candidato_sin_verificar
Servicio Nacional de Capacitación y Empleo,Subsecretaría de Transportes,10204,3,1.85,candidato_sin_verificar
ACEPTA.COM S.A.,Municipalidad de Providencia,10161,1,2.05,confirmado_acepta
Ministerio de Desarrollo Social y Familia,Hospital Base Valdivia,10130,2,2.2,candidato_sin_verificar
Fondo Nacional de Salud,Municipalidad de Santiago,10119,2,1.78,candidato_sin_verificar
Sociedad Administradora de Fondos de Cesantía de Chile S.A.,Subsecretaría de Hacienda,10111,2,1.36,efecto_base_lift_bajo
E-Cert Chile,Subsecretaría de Desarrollo Regional y Administrativo,10098,1,1.59,candidato_sin_verificar
Subsecretaría General de la Presidencia de la República,Comisión para la Integridad Pública y Transparencia,10083,1,30.89,candidato_sin_verificar
Ministerio de Desarrollo Social y Familia,Corporación de Asistencia Judicial de la Región del Biobío,10062,2,2.72,candidato_sin_verificar
Poder Judicial,Tribunal Constitucional de Chile,10031,2,5.37,candidato_sin_verificar
Servicio Agrícola y Ganadero,Municipalidad de Santiago,10020,3,3.43,candidato_sin_verificar
Ministerio de Salud,Ministerio Público,10019,1,2.08,candidato_sin_verificar
Dirección Nacional del Servicio Civil,Subsecretaría de Educación,10014,3,133.42,candidato_sin_verificar
Servicio de Impuestos Internos,Subsecretaría de las Culturas y las Artes,10010,2,1.63,candidato_sin_verificar
Dirección de Compras y Contratación Pública,Dirección General de Movilización Nacional,9997,1,2.46,candidato_sin_verificar
Superintendencia de Seguridad Social,Subsecretaría de Desarrollo Regional y Administrativo,9986,3,2.25,candidato_sin_verificar
Subsecretaría del Trabajo,Subsecretaría de Economía y Empresas de Menor Tamaño,9967,2,2.1,candidato_sin_verificar
Fondo de Solidaridad e Inversión Social,Subsecretaría de Justicia,9960,1,3.51,candidato_sin_verificar
E-Cert Chile,Municipalidad de Peñalolén,9949,1,1.9,candidato_sin_verificar
Servicio Nacional de Capacitación y Empleo,Junta Nacional de Jardines Infantiles,9938,2,24.08,candidato_sin_verificar
ACEPTA.COM S.A.,Superintendencia de Educación,9933,1,1.91,confirmado_acepta
Servicio de Impuestos Internos,Subsecretaría de Prevención del Delito,9924,2,2.37,candidato_sin_verificar
Poder Judicial,AFP Uno,9918,2,1.55,candidato_sin_verificar
Ministerio de Desarrollo Social y Familia,Ministerio del Interior,9911,1,1.45,efecto_base_lift_bajo
Sociedad Administradora de Fondos de Cesantía de Chile S.A.,Subsecretaría de Bienes Nacionales,9878,2,3.54,candidato_sin_verificar
Fondo Nacional de Salud,Municipalidad de Colina,9861,1,1.35,efecto_base_lift_bajo
Municipalidad de La Florida,Subsecretaría de Transportes,9841,2,3.6,candidato_sin_verificar
Superintendencia de Seguridad Social,Ministerio Público,9838,2,2.72,candidato_sin_verificar
Sociedad Administradora de Fondos de Cesantía de Chile S.A.,Junta Nacional de Jardines Infantiles,9821,1,1.81,candidato_sin_verificar
Poder Judicial,Junta Nacional de Jardines Infantiles,9734,2,1.93,candidato_sin_verificar
Subsecretaría de Redes Asistenciales,Municipalidad de Santiago,9721,2,2.42,candidato_sin_verificar
Servicio Agrícola y Ganadero,Corporación de Fomento de la Producción,9718,1,3.05,candidato_sin_verificar
Dirección de Compras y Contratación Pública,Subsecretaría de Transportes,9675,5,12.04,candidato_sin_verificar
Subsecretaría de Educación,Universidad de Chile,9618,4,7.38,candidato_sin_verificar
Fondo de Solidaridad e Inversión Social,Subsecretaría General de Gobierno,9617,1,4.4,candidato_sin_verificar
Instituto de Previsión Social,Dirección de Previsión de Carabineros de Chile,9610,1,1.58,candidato_sin_verificar
Instituto de Previsión Social,Municipalidad de Puente Alto,9599,3,3.26,candidato_sin_verificar
Comisión para el Mercado Financiero,Subsecretaría de Bienes Nacionales,9586,1,1.81,candidato_sin_verificar
Instituto de Previsión Social,Subsecretaría de Derechos Humanos,9579,2,1.23,efecto_base_lift_bajo
Corporación de Asistencia Judicial de la Región Metropolitana,Subsecretaría de Evaluación Social,9497,2,2.72,artefacto_vus
Servicio de Cooperación Técnica,Ministerio Público,9497,1,2.0,candidato_sin_verificar
Ministerio de Salud,Comisión para la Integridad Pública y Transparencia,9489,1,5.12,candidato_sin_verificar
Dirección Nacional del Servicio Civil,Consejo Nacional de Televisión,9471,1,3.66,candidato_sin_verificar
Caja de Previsión de la Defensa Nacional,Subsecretaría de Redes Asistenciales,9453,1,1.43,efecto_base_lift_bajo
Ministerio de Desarrollo Social y Familia,Subsecretaría de Economía y Empresas de Menor Tamaño,9445,1,1.46,efecto_base_lift_bajo
ACEPTA.COM S.A.,Corporación de Fomento de la Producción,9443,1,2.23,confirmado_acepta
Instituto de Seguridad Laboral,Subsecretaría de Justicia,9406,1,1.66,candidato_sin_verificar
ACEPTA.COM S.A.,Consejo Nacional de Televisión,9376,2,1.73,confirmado_acepta
Fondo de Solidaridad e Inversión Social,Instituto de Seguridad Laboral,9366,1,1.47,efecto_base_lift_bajo
Instituto de Previsión Social,Subsecretaría de Hacienda,9360,1,2.23,candidato_sin_verificar
Agencia de Calidad de la Educación,Universidad de La Frontera,9333,1,47.11,candidato_sin_verificar
Instituto de Previsión Social,Ejército de Chile,9333,1,1.23,efecto_base_lift_bajo
Municipalidad de Las Condes,E-Sign S.A.,9319,1,1.41,efecto_base_lift_bajo
Servicio Electoral,Subsecretaría de Educación,9300,3,1.92,candidato_sin_verificar
ACEPTA.COM S.A.,Fondo de Solidaridad e Inversión Social,9298,1,1.35,confirmado_acepta
Servicio Nacional de Capacitación y Empleo,Servicio de Salud Ñuble,9267,1,1.28,efecto_base_lift_bajo
ACEPTA.COM S.A.,Ministerio de Transportes y Telecomunicaciones,9236,1,1.82,confirmado_acepta
Dirección General de Movilización Nacional,Comisión para la Integridad Pública y Transparencia,9232,1,2.88,candidato_sin_verificar
Poder Judicial,Servicio Nacional del Consumidor,9181,1,1.52,candidato_sin_verificar
E-Sign S.A.,Fondo Nacional de Salud,9167,2,2.4,candidato_sin_verificar
Secretaría de Gobierno Digital,Subsecretaría de Salud Pública,9143,3,2.27,candidato_sin_verificar
Universidad de La Frontera,Superintendencia de Educación,9129,1,7.44,candidato_sin_verificar
Subsecretaría de Transportes,Subsecretaría de Desarrollo Regional y Administrativo,9129,3,4.75,candidato_sin_verificar
Servicio de Tesorerías,Subsecretaría de Economía y Empresas de Menor Tamaño,9121,2,4.12,candidato_sin_verificar
Fondo Nacional de Salud,Servicio de Impuestos Internos,9111,2,1.99,candidato_sin_verificar
Instituto de Previsión Social,Municipalidad de Quilicura,9089,4,2.01,candidato_sin_verificar
Instituto de Previsión Social,Subsecretaría del Trabajo,9064,2,1.81,candidato_sin_verificar
Fondo de Solidaridad e Inversión Social,Subsecretaría de Educación,9048,2,3.66,candidato_sin_verificar
Secretaría de Gobierno Digital,Policía de Investigaciones de Chile,9010,1,5.53,candidato_sin_verificar
Servicio Agrícola y Ganadero,Municipalidad de La Florida,9001,1,1.66,candidato_sin_verificar
Subsecretaría del Trabajo,Subsecretaría de Derechos Humanos,8971,1,2.45,candidato_sin_verificar
Secretaría de Gobierno Digital,Municipalidad de La Florida,8921,1,1.45,efecto_base_lift_bajo
Superintendencia de Seguridad Social,Consejo Nacional de Televisión,8889,2,2.76,candidato_sin_verificar
Subsecretaría de Evaluación Social,Subsecretaría de Vivienda y Urbanismo,8883,1,7.18,candidato_sin_verificar
Subsecretaría de Redes Asistenciales,Superintendencia de Educación,8882,1,1.87,candidato_sin_verificar
Servicio de Tesorerías,Servicio de Salud Araucanía Sur,8845,1,1.28,efecto_base_lift_bajo
Dirección Nacional del Servicio Civil,Subsecretaría de Desarrollo Regional y Administrativo,8841,3,5.27,candidato_sin_verificar
ACEPTA.COM S.A.,Gendarmería de Chile,8834,1,1.35,confirmado_acepta
Servicio Agrícola y Ganadero,Superintendencia de Electricidad y Combustibles,8803,2,3.09,candidato_sin_verificar
Gendarmería de Chile,Subsecretaría de Justicia,8782,2,2.84,candidato_sin_verificar
Sanidad Naval de la Armada de Chile,Dirección General de Movilización Nacional,8775,1,20.11,candidato_sin_verificar
Servicio de Impuestos Internos,Instituto Nacional de Deportes de Chile,8762,2,1.73,candidato_sin_verificar
Dirección del Trabajo,Subsecretaría de Justicia,8761,1,1.63,candidato_sin_verificar
Servicio de Tesorerías,Subsecretaría de Justicia,8746,1,2.5,candidato_sin_verificar
Fondo de Solidaridad e Inversión Social,Gendarmería de Chile,8738,1,2.89,candidato_sin_verificar
Comisión Administradora del Sistema de Créditos para Estudios Superiores,Subsecretaría de Desarrollo Regional y Administrativo,8723,4,4.76,candidato_sin_verificar
Comisión Administradora del Sistema de Créditos para Estudios Superiores,Consejo Nacional de Televisión,8712,2,4.09,candidato_sin_verificar
Secretaría de Gobierno Digital,Poder Judicial,8689,2,9.99,candidato_sin_verificar
Comisión Administradora del Sistema de Créditos para Estudios Superiores,Subsecretaría de Economía y Empresas de Menor Tamaño,8682,6,3.47,candidato_sin_verificar
Ministerio Público,BPO Advisors SpA,8662,1,1.85,candidato_sin_verificar
Dirección de Previsión de Carabineros de Chile,Superintendencia de Insolvencia y Reemprendimiento,8647,2,6.99,candidato_sin_verificar
Servicio de Registro Civil e Identificación,Municipalidad de Viña del Mar,8623,1,1.2,efecto_base_lift_bajo
Servicio de Registro Civil e Identificación,Dirección General de Promoción de Exportaciones,8612,1,1.26,efecto_base_lift_bajo
Servicio Agrícola y Ganadero,Subsecretaría de Telecomunicaciones,8597,1,2.1,candidato_sin_verificar
Subsecretaría de Justicia,Secretaría de Gobierno Digital,8597,3,1.52,candidato_sin_verificar
ACEPTA.COM S.A.,Instituto de Desarrollo Agropecuario,8595,1,1.9,confirmado_acepta
Instituto Nacional de Estadísticas,Subsecretaría de Economía y Empresas de Menor Tamaño,8524,2,1.41,efecto_base_lift_bajo
Sanidad Naval de la Armada de Chile,Carabineros de Chile,8512,3,1.79,candidato_sin_verificar
Gendarmería de Chile,Dirección de Previsión de Carabineros de Chile,8496,2,123.86,candidato_sin_verificar
Dirección General del Crédito Prendario,Subsecretaría de Evaluación Social,8482,2,3.57,artefacto_vus
Subsecretaría del Trabajo,Comisión para la Integridad Pública y Transparencia,8461,2,3.15,candidato_sin_verificar
Servicio de Registro Civil e Identificación,Ministerio Secretaría General de Gobierno,8452,2,1.33,efecto_base_lift_bajo
Subsecretaría de Justicia,Comisión Administradora del Sistema de Créditos para Estudios Superiores,8450,1,1.95,candidato_sin_verificar
ACEPTA.COM S.A.,Subsecretaría del Interior,8447,1,2.15,confirmado_acepta
Subsecretaría de Educación,AFP Uno,8423,2,2.24,candidato_sin_verificar
Subsecretaría de Economía y Empresas de Menor Tamaño,Subsecretaría de Hacienda,8375,3,5.81,candidato_sin_verificar
Ministerio de Educación,Subsecretaría de Salud Pública,8357,2,1.65,candidato_sin_verificar
Servicio de Tesorerías,Municipalidad de Peñalolén,8320,1,1.79,candidato_sin_verificar
Carabineros de Chile,Servicio de Salud Araucanía Sur,8312,1,1.56,candidato_sin_verificar
Comisión para el Mercado Financiero,Junta Nacional de Jardines Infantiles,8234,1,1.59,candidato_sin_verificar
Instituto de Previsión Social,Subsecretaría de Bienes Nacionales,8204,1,1.79,candidato_sin_verificar
Dirección de Previsión de Carabineros de Chile,Contraloría General de la República,8168,2,4.26,candidato_sin_verificar
Municipalidad de Temuco,Subsecretaría de Evaluación Social,8166,1,1.34,artefacto_vus
Dirección de Compras y Contratación Pública,Subsecretaría de Salud Pública,8164,4,4.17,candidato_sin_verificar
Gendarmería de Chile,Ministerio Público,8155,3,38.78,candidato_sin_verificar
Comisión para el Mercado Financiero,Poder Judicial,8154,1,1.9,candidato_sin_verificar
Secretaría de Gobierno Digital,Subsecretaría de Prevención del Delito,8148,2,21.79,candidato_sin_verificar
Dirección del Trabajo,Municipalidad de Colina,8103,1,1.93,candidato_sin_verificar
E-Cert Chile,Subsecretaría de Justicia,8090,1,2.05,candidato_sin_verificar
Superintendencia de Insolvencia y Reemprendimiento,Fondo Nacional de Salud,8088,5,3.17,candidato_sin_verificar
Secretaría de Gobierno Digital,Municipalidad de Quilicura,8072,2,1.53,candidato_sin_verificar
Servicio Nacional de Capacitación y Empleo,Municipalidad de Santiago,8060,2,2.04,candidato_sin_verificar
Servicio Nacional del Consumidor,AFP Modelo,8044,1,2.77,candidato_sin_verificar
Servicio Nacional del Consumidor,Servicio de Salud Araucanía Sur,8037,1,1.48,efecto_base_lift_bajo
Defensoría Penal Pública,Subsecretaría de Evaluación Social,8032,2,3.0,artefacto_vus
Subsecretaría de Salud Pública,AFP Uno,7995,6,3.28,candidato_sin_verificar
Dirección de Compras y Contratación Pública,Secretaría de Gobierno Digital,7957,6,6.67,candidato_sin_verificar
Ministerio de Desarrollo Social y Familia,Municipalidad de Quilicura,7954,2,1.34,efecto_base_lift_bajo
Poder Judicial,Municipalidad de Quilicura,7941,4,1.83,candidato_sin_verificar
Carabineros de Chile,Subsecretaría de Prevención del Delito,7887,2,6.42,candidato_sin_verificar
BPO Advisors SpA,Fondo de Solidaridad e Inversión Social,7881,1,1.44,efecto_base_lift_bajo
ACEPTA.COM S.A.,Servicio de Evaluación Ambiental,7874,2,1.83,confirmado_acepta
Ministerio de Desarrollo Social y Familia,Hospital Regional de Talca,7866,2,1.76,candidato_sin_verificar
Subsecretaría de Redes Asistenciales,Consejo Nacional de Televisión,7863,1,2.57,candidato_sin_verificar
Comisión Administradora del Sistema de Créditos para Estudios Superiores,Dirección del Trabajo,7863,2,2.06,candidato_sin_verificar
Comisión Administradora del Sistema de Créditos para Estudios Superiores,Comisión para la Integridad Pública y Transparencia,7852,4,1.97,candidato_sin_verificar
Secretaría de Gobierno Digital,Ministerio de Transportes y Telecomunicaciones,7851,1,1.81,candidato_sin_verificar
Sociedad Administradora de Fondos de Cesantía de Chile S.A.,Municipalidad de Quilicura,7819,2,1.48,efecto_base_lift_bajo
Servicio Agrícola y Ganadero,Consejo Nacional de Televisión,7812,2,2.0,candidato_sin_verificar
Ministerio Público,Dirección General de Movilización Nacional,7794,1,3.76,candidato_sin_verificar
Subsecretaría de Evaluación Social,Superintendencia de Electricidad y Combustibles,7792,2,3.15,candidato_sin_verificar
Municipalidad de Santiago,Subsecretaría de Evaluación Social,7738,1,1.58,artefacto_vus
Corporación Nacional de Desarrollo Indígena,Fondo de Solidaridad e Inversión Social,7670,1,4.37,candidato_sin_verificar
Servicio de Registro Civil e Identificación,Subsecretaría de Hacienda,7658,1,1.25,efecto_base_lift_bajo
Subsecretaría de Justicia,Contraloría General de la República,7641,1,1.74,candidato_sin_verificar
Dirección de Compras y Contratación Pública,Consejo Nacional de Televisión,7616,4,3.24,candidato_sin_verificar
Contraloría General de la República,Superintendencia de Pensiones,7614,1,1.92,candidato_sin_verificar
Servicio Nacional de Capacitación y Empleo,Servicio Electoral,7614,1,1.5,efecto_base_lift_bajo
Subsecretaría de Redes Asistenciales,Fondo de Solidaridad e Inversión Social,7592,1,1.21,efecto_base_lift_bajo
Servicio de Salud Arica y Parinacota,Subsecretaría de Evaluación Social,7590,2,3.13,artefacto_vus
Comisión para el Mercado Financiero,Municipalidad de Quilicura,7589,2,1.77,candidato_sin_verificar
Superintendencia de Electricidad y Combustibles,Ministerio Público,7575,2,2.59,candidato_sin_verificar
Comisión para el Mercado Financiero,Subsecretaría de Prevención del Delito,7543,1,2.42,candidato_sin_verificar
Subsecretaría de Economía y Empresas de Menor Tamaño,Consejo Nacional de Televisión,7541,1,1.98,candidato_sin_verificar
Subsecretaría de Vivienda y Urbanismo,E-Digital PKI SpA.,7496,2,2.65,candidato_sin_verificar
Redin,Caja de Previsión de la Defensa Nacional,7484,1,118.94,candidato_sin_verificar
Ministerio de Desarrollo Social y Familia,Subsecretaría de las Culturas y las Artes,7465,1,1.38,efecto_base_lift_bajo
Instituto de Seguridad Laboral,Carabineros de Chile,7456,1,3.0,candidato_sin_verificar
Servicio de Registro Civil e Identificación,Municipalidad de Coquimbo,7425,1,1.21,efecto_base_lift_bajo
Secretaría de Gobierno Digital,Subsecretaría General de la Presidencia de la República,7396,8,840.72,candidato_sin_verificar
Dirección del Trabajo,Servicio de Impuestos Internos,7368,1,2.24,candidato_sin_verificar
Instituto Nacional de Propiedad Industrial,Subsecretaría de Redes Asistenciales,7358,1,1.49,efecto_base_lift_bajo
Gendarmería de Chile,E-Cert Chile,7341,1,2.28,candidato_sin_verificar
Instituto Nacional de Estadísticas,Subsecretaría de Redes Asistenciales,7336,4,2.89,candidato_sin_verificar
Ministerio de Desarrollo Social y Familia,Instituto Nacional de Deportes de Chile,7324,2,1.35,efecto_base_lift_bajo
Ministerio del Interior,Subsecretaría de Evaluación Social,7315,1,1.57,artefacto_vus
Subsecretaría de Vivienda y Urbanismo,Subsecretaría de Bienes Nacionales,7309,3,5.62,candidato_sin_verificar
Instituto de Seguridad Laboral,Ministerio Público,7299,2,4.81,candidato_sin_verificar
Servicio Nacional del Consumidor,Municipalidad de Peñalolén,7290,1,2.0,candidato_sin_verificar
Superintendencia de Salud,Comisión para la Integridad Pública y Transparencia,7277,1,3.0,candidato_sin_verificar
Municipalidad de Las Condes,Servicio Nacional del Patrimonio Cultural,7274,2,3.12,candidato_sin_verificar
Instituto de Previsión Social,AFP Uno,7217,1,1.39,efecto_base_lift_bajo
Corporación Nacional de Desarrollo Indígena,Servicio de Salud Araucanía Sur,7216,1,4.68,candidato_sin_verificar
Instituto de Desarrollo Agropecuario,Fondo Nacional de Salud,7216,3,2.28,candidato_sin_verificar
Subsecretaría de Transportes,Municipalidad de Peñalolén,7203,1,3.23,candidato_sin_verificar
Servicio de Evaluación Ambiental,Comisión para la Integridad Pública y Transparencia,7200,2,18.03,candidato_sin_verificar
ACEPTA.COM S.A.,Subsecretaría General de Gobierno,7198,1,1.52,confirmado_acepta
Subsecretaría del Trabajo,Subsecretaría de Desarrollo Regional y Administrativo,7194,1,2.03,candidato_sin_verificar
Instituto de Previsión Social,Municipalidad de Colina,7158,1,1.37,efecto_base_lift_bajo
Municipalidad de Ñuñoa,Servicio de Impuestos Internos,7148,1,2.01,candidato_sin_verificar
Fondo de Solidaridad e Inversión Social,Corporación de Fomento de la Producción,7135,1,3.65,candidato_sin_verificar
Servicio Agrícola y Ganadero,Subsecretaría de Educación,7124,2,1.87,candidato_sin_verificar
ACEPTA.COM S.A.,Servicio Nacional de Pesca y Acuicultura,7096,1,1.44,confirmado_acepta
ACEPTA.COM S.A.,Subsecretaría General de la Presidencia de la República,7094,2,3.28,confirmado_acepta
Servicio Nacional del Consumidor,Certificadora del Sur,7072,1,2.28,candidato_sin_verificar
Comisión para el Mercado Financiero,Subsecretaría de Transportes,7069,1,1.89,candidato_sin_verificar
Instituto de Previsión Social,Servicio de Salud Metropolitano Oriente,7066,1,1.4,efecto_base_lift_bajo
Ministerio Público,Subsecretaría de Desarrollo Regional y Administrativo,7065,2,1.95,candidato_sin_verificar
Servicio Nacional de Capacitación y Empleo,Dirección del Trabajo,7029,2,3.97,candidato_sin_verificar
Servicio de Tesorerías,Servicio Nacional del Consumidor,7018,1,1.65,candidato_sin_verificar
Servicio Agrícola y Ganadero,Subsecretaría General de Gobierno,7000,1,1.97,candidato_sin_verificar
Subsecretaría de Redes Asistenciales,Dirección de Compras y Contratación Pública,6985,1,1.86,candidato_sin_verificar
Caja de Previsión de la Defensa Nacional,Subsecretaría de Evaluación Social,6970,1,1.51,artefacto_vus
Ministerio Público,Superintendencia de Insolvencia y Reemprendimiento,6956,3,13.1,candidato_sin_verificar
ACEPTA.COM S.A.,Servicio Nacional de Aduanas,6893,3,2.13,confirmado_acepta
Subsecretaría de Salud Pública,Servicio de Impuestos Internos,6892,2,2.5,candidato_sin_verificar
Contraloría General de la República,Fondo Nacional de Salud,6889,3,4.85,candidato_sin_verificar
Subsecretaría del Trabajo,Servicio de Salud Araucanía Sur,6838,1,1.56,candidato_sin_verificar
Servicio Agrícola y Ganadero,"Ministerio de las Culturas, las Artes y el Patrimonio",6831,1,2.21,candidato_sin_verificar
Subsecretaría de Telecomunicaciones,Poder Judicial,6802,2,2.12,candidato_sin_verificar
Municipalidad de Puente Alto,Fondo Nacional de Salud,6799,1,1.4,efecto_base_lift_bajo
ACEPTA.COM S.A.,Ministerio del Medio Ambiente,6786,1,2.07,confirmado_acepta
Subsecretaría de Redes Asistenciales,Municipalidad de Los Angeles,6783,1,1.64,candidato_sin_verificar
Dirección Nacional del Servicio Civil,Servicio de Salud Araucanía Sur,6771,2,2.69,candidato_sin_verificar
Dirección de Compras y Contratación Pública,Dirección de Contabilidad y Finanzas,6747,4,76.71,candidato_sin_verificar
Subsecretaría de Salud Pública,Municipalidad de Peñalolén,6741,2,2.03,candidato_sin_verificar
Subsecretaría de Salud Pública,Subsecretaría de Economía y Empresas de Menor Tamaño,6735,3,2.43,candidato_sin_verificar
Subsecretaría de Redes Asistenciales,Ministerio de Transportes y Telecomunicaciones,6720,1,1.45,efecto_base_lift_bajo
Poder Judicial,Servicio de Impuestos Internos,6716,1,2.2,candidato_sin_verificar
Servicio de Impuestos Internos,Municipalidad de Viña del Mar,6709,1,1.46,efecto_base_lift_bajo
Servicio Agrícola y Ganadero,Subsecretaría de Transportes,6683,3,2.52,candidato_sin_verificar
Subsecretaría de Redes Asistenciales,Subsecretaría de Derechos Humanos,6678,2,2.7,candidato_sin_verificar
Subsecretaría de Educación,Servicio de Salud Araucanía Sur,6663,3,2.06,candidato_sin_verificar
Subsecretaría de Redes Asistenciales,Corporación de Fomento de la Producción,6655,1,1.73,candidato_sin_verificar
Subsecretaría del Trabajo,E-Digital PKI SpA.,6652,1,1.81,candidato_sin_verificar
BPO Advisors SpA,Subsecretaría de Economía y Empresas de Menor Tamaño,6649,1,2.73,candidato_sin_verificar
Servicio de Registro Civil e Identificación,Dirección de Contabilidad y Finanzas,6648,2,1.33,efecto_base_lift_bajo
Servicio de Impuestos Internos,Subsecretaría del Interior,6640,2,1.76,candidato_sin_verificar
Subsecretaría General de Gobierno,Contraloría General de la República,6639,1,31.91,candidato_sin_verificar
Ministerio de Transportes y Telecomunicaciones,Fondo Nacional de Salud,6637,2,1.82,candidato_sin_verificar
Servicio de Impuestos Internos,Caja de Previsión de la Defensa Nacional,6614,1,1.97,candidato_sin_verificar
Subsecretaría de Vivienda y Urbanismo,Subsecretaría de Economía y Empresas de Menor Tamaño,6597,2,2.07,candidato_sin_verificar
Secretaría de Gobierno Digital,Sociedad Administradora de Fondos de Cesantía de Chile S.A.,6595,2,1.93,candidato_sin_verificar
Fondo Nacional de Salud,Dirección General del Crédito Prendario,6587,1,1.3,efecto_base_lift_bajo
Secretaría de Gobierno Digital,Agencia Nacional de Ciberseguridad,6582,5,117.69,candidato_sin_verificar
Servicio Nacional de Capacitación y Empleo,Subsecretaría de Bienes Nacionales,6581,1,1.67,candidato_sin_verificar
Subsecretaría del Trabajo,Dirección de Educación Pública,6563,2,3.53,candidato_sin_verificar
Dirección de Previsión de Carabineros de Chile,Subsecretaría de Prevención del Delito,6554,1,76.51,candidato_sin_verificar
Subsecretaría del Trabajo,AFP Modelo,6543,1,2.8,candidato_sin_verificar
Comisión Administradora del Sistema de Créditos para Estudios Superiores,Subsecretaría de Derechos Humanos,6534,1,3.19,candidato_sin_verificar
Dirección de Previsión de Carabineros de Chile,Subsecretaría de Redes Asistenciales,6527,2,1.48,efecto_base_lift_bajo
Superintendencia de Insolvencia y Reemprendimiento,Ministerio Público,6513,3,3.36,candidato_sin_verificar
Servicio de Impuestos Internos,Certificadora del Sur,6508,1,2.27,candidato_sin_verificar
Subsecretaría de Telecomunicaciones,Fondo Nacional de Salud,6503,2,1.66,candidato_sin_verificar
Servicio Nacional de Pesca y Acuicultura,Subsecretaría de Evaluación Social,6467,3,3.51,artefacto_vus
Ministerio de Desarrollo Social y Familia,Servicio Nacional de Pesca y Acuicultura,6466,1,1.27,efecto_base_lift_bajo
Corporación de Asistencia Judicial de la Región Metropolitana,Fondo Nacional de Salud,6453,1,2.34,candidato_sin_verificar
Subsecretaría de Economía y Empresas de Menor Tamaño,Instituto de Previsión Social,6434,1,1.21,efecto_base_lift_bajo
Subsecretaría de Redes Asistenciales,Servicio Nacional de Pesca y Acuicultura,6415,1,1.43,efecto_base_lift_bajo
Instituto de Desarrollo Agropecuario,Carabineros de Chile,6324,3,3.67,candidato_sin_verificar
Subsecretaría de Vivienda y Urbanismo,Subsecretaría de Desarrollo Regional y Administrativo,6301,2,1.99,candidato_sin_verificar
Subsecretaría de Economía y Empresas de Menor Tamaño,Certificadora del Sur,6298,1,3.22,candidato_sin_verificar
Contraloría General de la República,docdigital,6296,3,41.0,candidato_sin_verificar
E-Sign S.A.,Subsecretaría de Desarrollo Regional y Administrativo,6296,1,1.68,candidato_sin_verificar
Subsecretaría de Evaluación Social,Ministerio de Educación,6287,1,1.25,efecto_base_lift_bajo
Superintendencia de Seguridad Social,Subsecretaría de Justicia,6245,4,3.05,candidato_sin_verificar
Ministerio del Medio Ambiente,Carabineros de Chile,6241,2,1.43,efecto_base_lift_bajo
Servicio Agrícola y Ganadero,Servicio Nacional de Pesca y Acuicultura,6239,1,1.68,candidato_sin_verificar
Sanidad Naval de la Armada de Chile,Caja de Previsión de la Defensa Nacional,6221,1,50.7,candidato_sin_verificar
Dirección Nacional del Servicio Civil,Servicio Nacional del Consumidor,6215,1,4.36,candidato_sin_verificar
Servicio de Registro Civil e Identificación,Defensoría Penal Pública,6200,2,1.38,efecto_base_lift_bajo
Subsecretaría de Salud Pública,Contraloría General de la República,6199,4,17.9,candidato_sin_verificar
Subsecretaría de Economía y Empresas de Menor Tamaño,Poder Judicial,6191,2,4.99,candidato_sin_verificar
Servicio Nacional del Consumidor,Subsecretaría de Justicia,6183,1,2.25,candidato_sin_verificar
Dirección General del Crédito Prendario,Fondo Nacional de Salud,6167,4,1.93,candidato_sin_verificar
Contraloría General de la República,Subsecretaría de Desarrollo Regional y Administrativo,6147,3,5.06,candidato_sin_verificar
Subsecretaría de Vivienda y Urbanismo,AFP Modelo,6140,2,2.45,candidato_sin_verificar
Agencia de Calidad de la Educación,Subsecretaría de Educación,6132,3,462.6,candidato_sin_verificar
Dirección de Compras y Contratación Pública,Subsecretaría de Desarrollo Regional y Administrativo,6129,3,5.38,candidato_sin_verificar
Dirección de Compras y Contratación Pública,Dirección de Educación Pública,6127,2,16.07,candidato_sin_verificar
Servicio Electoral,Subsecretaría de Justicia,6117,1,1.78,candidato_sin_verificar
Ministerio de Desarrollo Social y Familia,Superintendencia de Electricidad y Combustibles,6101,1,1.26,efecto_base_lift_bajo
BPO Advisors SpA,Subsecretaría de Desarrollo Regional y Administrativo,6060,1,1.55,candidato_sin_verificar
Servicio de Impuestos Internos,Municipalidad de Coquimbo,6041,1,1.54,candidato_sin_verificar
Dirección General de Movilización Nacional,Subsecretaría de Economía y Empresas de Menor Tamaño,6014,3,2.03,candidato_sin_verificar
Subsecretaría de Transportes,Comisión para la Integridad Pública y Transparencia,6003,5,38.07,candidato_sin_verificar
Servicio Electoral,Municipalidad de Peñalolén,5963,1,1.31,efecto_base_lift_bajo
Servicio de Impuestos Internos,Dirección de Contabilidad y Finanzas,5950,3,1.72,candidato_sin_verificar
Ministerio de Desarrollo Social y Familia,Superintendencia de Educación,5948,1,1.95,candidato_sin_verificar
Subsecretaría General de Gobierno,Subsecretaría de Hacienda,5932,2,51.85,candidato_sin_verificar
Servicio de Impuestos Internos,Hospital Regional de Talca,5931,1,1.22,efecto_base_lift_bajo
Gendarmería de Chile,Poder Judicial,5926,2,4.14,candidato_sin_verificar
BPO Advisors SpA,Servicio de Salud Araucanía Sur,5918,1,1.23,efecto_base_lift_bajo
Servicio de Cooperación Técnica,Subsecretaría de Educación,5911,1,1.71,candidato_sin_verificar
Superintendencia de Electricidad y Combustibles,Comisión para la Integridad Pública y Transparencia,5909,2,5.27,candidato_sin_verificar
ACEPTA.COM S.A.,Servicio de Salud Arica y Parinacota,5909,1,1.54,confirmado_acepta
Subsecretaría de Telecomunicaciones,Secretaría de Gobierno Digital,5904,2,3.5,candidato_sin_verificar
Subsecretaría de Educación,Subsecretaría de Desarrollo Regional y Administrativo,5888,4,3.34,candidato_sin_verificar
Subsecretaría de Redes Asistenciales,Dirección de Previsión de Carabineros de Chile,5868,1,2.83,candidato_sin_verificar
Subsecretaría de Redes Asistenciales,Subsecretaría del Interior,5867,1,1.64,candidato_sin_verificar
ACEPTA.COM S.A.,Servicio de Salud Metropolitano Sur Oriente,5854,1,1.3,confirmado_acepta
Fondo Nacional de Salud,Instituto Nacional de Deportes de Chile,5853,1,1.41,efecto_base_lift_bajo
Subsecretaría de Telecomunicaciones,Sociedad Administradora de Fondos de Cesantía de Chile S.A.,5851,1,1.61,candidato_sin_verificar
Servicio de Salud Maule,Subsecretaría de Justicia,5850,1,1.66,candidato_sin_verificar
Subsecretaría de Redes Asistenciales,Subsecretaría General de Gobierno,5803,1,1.35,efecto_base_lift_bajo
Municipalidad de La Florida,Subsecretaría de Redes Asistenciales,5778,1,1.59,candidato_sin_verificar
Dirección del Trabajo,Subsecretaría de Bienes Nacionales,5767,1,1.57,candidato_sin_verificar
Superintendencia de Educación,Ministerio Público,5766,1,4.85,candidato_sin_verificar
Gendarmería de Chile,Subsecretaría de Transportes,5751,1,1.81,candidato_sin_verificar
Servicio de Registro Civil e Identificación,Tribunal Constitucional de Chile,5741,1,1.31,efecto_base_lift_bajo
E-Cert Chile,Junta Nacional de Jardines Infantiles,5710,1,2.15,candidato_sin_verificar
ACEPTA.COM S.A.,"Ministerio de las Culturas, las Artes y el Patrimonio",5708,1,1.39,confirmado_acepta
Dirección de Previsión de Carabineros de Chile,Subsecretaría de Derechos Humanos,5687,1,16.17,candidato_sin_verificar
Municipalidad de Los Angeles,Fondo Nacional de Salud,5656,4,4.18,candidato_sin_verificar
Municipalidad de Las Condes,Carabineros de Chile,5652,1,2.58,candidato_sin_verificar
Dirección General de Movilización Nacional,Servicio Electoral,5651,1,5.33,candidato_sin_verificar
Fondo de Solidaridad e Inversión Social,Servicio Nacional de la Discapacidad,5647,1,5.87,candidato_sin_verificar
Ministerio de Desarrollo Social y Familia,Subsecretaría de Hacienda,5636,1,1.48,efecto_base_lift_bajo
Poder Judicial,Municipalidad de Recoleta,5631,2,2.06,candidato_sin_verificar
Universidad de La Frontera,Subsecretaría de Salud Pública,5615,1,1.67,candidato_sin_verificar
Servicio de Impuestos Internos,Subsecretaría de Vivienda y Urbanismo,5613,1,1.43,efecto_base_lift_bajo
Sociedad Administradora de Fondos de Cesantía de Chile S.A.,AFP Cuprum,5573,1,1.52,candidato_sin_verificar
Servicio de Cooperación Técnica,Ministerio de Educación,5566,1,1.44,efecto_base_lift_bajo
Corporación de Fomento de la Producción,Fondo Nacional de Salud,5549,2,2.09,candidato_sin_verificar
E-Sign S.A.,Servicio de Salud Araucanía Sur,5549,1,1.21,efecto_base_lift_bajo
Universidad de Chile,Fondo Nacional de Salud,5536,2,5.43,candidato_sin_verificar
Servicio de Salud Maule,Subsecretaría de Transportes,5530,1,1.33,efecto_base_lift_bajo
Comisión Administradora del Sistema de Créditos para Estudios Superiores,AFP Modelo,5515,3,4.26,candidato_sin_verificar
Subsecretaría de Prevención del Delito,Dirección de Previsión de Carabineros de Chile,5513,1,102.28,candidato_sin_verificar
Subsecretaría de Telecomunicaciones,Servicio Nacional del Consumidor,5511,1,5.25,candidato_sin_verificar
Contraloría General de la República,Subsecretaría de Economía y Empresas de Menor Tamaño,5497,3,4.88,candidato_sin_verificar
Defensoría Penal Pública,AFP Uno,5492,2,1.98,candidato_sin_verificar
Servicio de Cooperación Técnica,Comisión para la Integridad Pública y Transparencia,5485,1,3.01,candidato_sin_verificar
Ministerio de Desarrollo Social y Familia,Municipalidad de Viña del Mar,5447,1,1.22,efecto_base_lift_bajo
Carabineros de Chile,Municipalidad de Peñalolén,5433,1,1.52,candidato_sin_verificar
Servicio de Tesorerías,Dirección de Educación Pública,5432,1,2.05,candidato_sin_verificar
Universidad de Chile,Subsecretaría de Transportes,5426,1,1.27,efecto_base_lift_bajo
Subsecretaría de Justicia,Subsecretaría de Telecomunicaciones,5421,1,1.72,candidato_sin_verificar
Servicio Nacional de Capacitación y Empleo,Subsecretaría de Educación,5415,3,3.48,candidato_sin_verificar
Servicio Electoral,Poder Judicial,5414,2,2.35,candidato_sin_verificar
Servicio de Salud Metropolitano Sur Oriente,Fondo Nacional de Salud,5410,2,1.61,candidato_sin_verificar
Servicio de Registro Civil e Identificación,Municipalidad de Padre Hurtado,5396,1,1.3,efecto_base_lift_bajo
Servicio de Registro Civil e Identificación,Instituto Nacional de Estadísticas,5395,1,1.28,efecto_base_lift_bajo
Gendarmería de Chile,Subsecretaría de Redes Asistenciales,5392,1,1.63,candidato_sin_verificar
Universidad de Chile,Ministerio Público,5385,1,2.68,candidato_sin_verificar
Servicio Nacional de Capacitación y Empleo,BPO Advisors SpA,5370,1,1.49,efecto_base_lift_bajo
Consejo Nacional de Televisión,Carabineros de Chile,5359,3,2.62,candidato_sin_verificar
Dirección Nacional del Servicio Civil,Junta Nacional de Jardines Infantiles,5357,4,125.96,candidato_sin_verificar
Dirección Nacional del Servicio Civil,Subsecretaría de Hacienda,5356,3,3.84,candidato_sin_verificar
Comisión Administradora del Sistema de Créditos para Estudios Superiores,Servicio de Salud Araucanía Sur,5356,3,1.97,candidato_sin_verificar
Subsecretaría de Redes Asistenciales,Servicio Nacional para la Prevención y Rehabilitación del Consumo de Drogas y Alcohol,5334,1,2.66,candidato_sin_verificar
Poder Judicial,Municipalidad de Valdivia,5329,5,1.65,candidato_sin_verificar
Servicio de Impuestos Internos,Municipalidad de Recoleta,5322,1,1.34,efecto_base_lift_bajo
Servicio Agrícola y Ganadero,Subsecretaría de Redes Asistenciales,5320,3,1.9,candidato_sin_verificar
Ejército de Chile,Subsecretaría de Redes Asistenciales,5272,2,2.61,candidato_sin_verificar
Comisión Administradora del Sistema de Créditos para Estudios Superiores,E-Digital PKI SpA.,5269,3,2.5,candidato_sin_verificar
Ministerio de Desarrollo Social y Familia,Servicio de Salud Antofagasta,5269,2,2.1,candidato_sin_verificar
ACEPTA.COM S.A.,Subsecretaría de Economía y Empresas de Menor Tamaño,5268,3,2.2,confirmado_acepta
Dirección General del Territorio Marítimo y de Marina Mercante,Servicio Nacional de Pesca y Acuicultura,5259,1,63.16,candidato_sin_verificar
Subsecretaría de Vivienda y Urbanismo,Subsecretaría de Hacienda,5255,4,2.87,candidato_sin_verificar
Municipalidad de Santiago,Subsecretaría de Transportes,5249,1,2.11,candidato_sin_verificar
Comisión Administradora del Sistema de Créditos para Estudios Superiores,Servicio Nacional del Consumidor,5244,1,3.5,candidato_sin_verificar
Subsecretaría de Salud Pública,Subsecretaría de Justicia,5236,2,1.99,candidato_sin_verificar
Servicio Agrícola y Ganadero,Ministerio de Transportes y Telecomunicaciones,5228,1,1.36,efecto_base_lift_bajo
Redin,Servicio de Impuestos Internos,5226,1,1.94,candidato_sin_verificar
Instituto de Desarrollo Agropecuario,Subsecretaría de Justicia,5225,1,2.81,candidato_sin_verificar
Subsecretaría de Salud Pública,Subsecretaría de Bienes Nacionales,5214,3,2.99,candidato_sin_verificar
Servicio de Impuestos Internos,AFP Modelo,5201,1,1.94,candidato_sin_verificar
Servicio de Impuestos Internos,Municipalidad de Padre Hurtado,5194,2,1.68,candidato_sin_verificar
Poder Judicial,Municipalidad de Lo Barnechea,5177,2,1.6,candidato_sin_verificar
Instituto de Previsión Social,Superintendencia de Educación Superior,5159,2,2.02,candidato_sin_verificar
Dirección de Previsión de Carabineros de Chile,Ministerio Público,5156,2,2.92,candidato_sin_verificar
Subsecretaría de Vivienda y Urbanismo,AFP Uno,5153,3,2.17,candidato_sin_verificar
BPO Advisors SpA,Subsecretaría de Justicia,5141,1,2.12,candidato_sin_verificar
Servicio Nacional de Capacitación y Empleo,Corporación de Asistencia Judicial de la Región Metropolitana,5136,2,4.0,candidato_sin_verificar
Subsecretaría General de la Presidencia de la República,Contraloría General de la República,5133,3,98.11,candidato_sin_verificar
Ministerio de Desarrollo Social y Familia,Secretaría de Gobierno Digital,5133,4,1.51,candidato_sin_verificar
Servicio de Registro Civil e Identificación,Universidad del Biobío,5131,1,1.33,efecto_base_lift_bajo
Subsecretaría General de la Presidencia de la República,docdigital,5126,1,206.35,candidato_sin_verificar
Subsecretaría de Justicia,Ministerio de Transportes y Telecomunicaciones,5124,1,1.73,candidato_sin_verificar
Instituto de Previsión Social,Municipalidad de Recoleta,5114,1,2.16,candidato_sin_verificar
E-Cert Chile,Poder Judicial,5074,1,2.31,candidato_sin_verificar
Subsecretaría de Servicios Sociales,Fondo de Solidaridad e Inversión Social,5073,1,7.5,candidato_sin_verificar
Fondo de Solidaridad e Inversión Social,Comisión Administradora del Sistema de Créditos para Estudios Superiores,5049,1,1.46,efecto_base_lift_bajo
Servicio Agrícola y Ganadero,Subsecretaría de Justicia,5033,1,4.38,candidato_sin_verificar
Secretaría de Gobierno Digital,Dirección del Trabajo,5029,1,1.49,efecto_base_lift_bajo
Servicio de Registro Civil e Identificación,Subsecretaría General de la Presidencia de la República,5023,1,1.25,efecto_base_lift_bajo
Poder Judicial,Unidad Administradora de los Tribunales Tributarios y Aduaneros,4968,1,4.25,candidato_sin_verificar
Superintendencia de Electricidad y Combustibles,Fondo Nacional de Salud,4962,2,1.81,candidato_sin_verificar
Sociedad Administradora de Fondos de Cesantía de Chile S.A.,Senado,4961,1,1.37,efecto_base_lift_bajo
Municipalidad de La Florida,Subsecretaría de Justicia,4955,1,1.67,candidato_sin_verificar
Agencia de Calidad de la Educación,Ministerio Público,4953,2,9.7,candidato_sin_verificar
Comisión para el Mercado Financiero,Subsecretaría de Salud Pública,4953,2,1.82,candidato_sin_verificar
Instituto de Previsión Social,Poder Judicial,4916,1,1.76,candidato_sin_verificar
Comisión Administradora del Sistema de Créditos para Estudios Superiores,Subsecretaría de Vivienda y Urbanismo,4914,2,2.76,candidato_sin_verificar
Instituto de Desarrollo Agropecuario,Superintendencia de Pensiones,4911,1,3.55,candidato_sin_verificar
Dirección del Trabajo,Poder Judicial,4909,1,1.65,candidato_sin_verificar
Servicio Nacional de Capacitación y Empleo,Municipalidad de Quilicura,4897,2,1.55,candidato_sin_verificar
Sociedad Administradora de Fondos de Cesantía de Chile S.A.,Municipalidad de Viña del Mar,4885,1,1.25,efecto_base_lift_bajo
Subsecretaría de Justicia,Subsecretaría General de Gobierno,4879,1,1.78,candidato_sin_verificar
Dirección Nacional del Servicio Civil,E-Digital PKI SpA.,4874,1,2.49,candidato_sin_verificar
Municipalidad de Providencia,Subsecretaría de Redes Asistenciales,4863,1,1.94,candidato_sin_verificar
Subsecretaría General de Gobierno,Comisión para la Integridad Pública y Transparencia,4855,1,11.73,candidato_sin_verificar
Dirección del Trabajo,Municipalidad de Quilicura,4850,2,1.63,candidato_sin_verificar
Dirección General de Movilización Nacional,Poder Judicial,4844,2,3.48,candidato_sin_verificar
Central de Abastecimiento del Sistema Nacional de Servicios de Salud,Contraloría General de la República,4830,2,13.78,candidato_sin_verificar
Poder Judicial,Servicio Nacional de Geología y Minería,4829,7,2.88,candidato_sin_verificar
Fondo de Solidaridad e Inversión Social,Subsecretaría de Transportes,4827,2,1.37,efecto_base_lift_bajo
Dirección Nacional del Servicio Civil,Servicio Nacional de Aduanas,4805,1,2.56,candidato_sin_verificar
Secretaría de Gobierno Digital,Servicio Agrícola y Ganadero,4796,3,3.16,candidato_sin_verificar
E-Sign S.A.,Municipalidad de Maipú,4774,1,9.94,candidato_sin_verificar
Sociedad Administradora de Fondos de Cesantía de Chile S.A.,Municipalidad de Recoleta,4763,1,1.41,efecto_base_lift_bajo
Instituto de Previsión Social,Presidencia de la República,4739,1,1.92,candidato_sin_verificar
Servicio de Salud Arica y Parinacota,Subsecretaría de Redes Asistenciales,4737,1,2.44,candidato_sin_verificar
Municipalidad de Las Condes,Subsecretaría de Salud Pública,4733,1,3.98,candidato_sin_verificar
Servicio de Impuestos Internos,Fuerza Aérea de Chile,4706,3,2.86,candidato_sin_verificar
Sociedad Administradora de Fondos de Cesantía de Chile S.A.,Municipalidad de Lo Barnechea,4686,1,1.27,efecto_base_lift_bajo
Servicio de Impuestos Internos,Tribunal Constitucional de Chile,4671,1,1.67,candidato_sin_verificar
Subsecretaría de Prevención del Delito,Servicio Nacional del Consumidor,4651,1,2.1,candidato_sin_verificar
Subsecretaría de Evaluación Social,Servicio de Salud Araucanía Sur,4641,2,2.25,candidato_sin_verificar
Superintendencia de Salud,Subsecretaría de Economía y Empresas de Menor Tamaño,4638,2,2.36,candidato_sin_verificar
Gendarmería de Chile,Subsecretaría de Derechos Humanos,4636,1,76.66,candidato_sin_verificar
Servicio Electoral,Subsecretaría de Bienes Nacionales,4633,2,2.37,candidato_sin_verificar
Instituto de Previsión Social,Municipalidad de Padre Hurtado,4633,3,1.87,candidato_sin_verificar
Subsecretaría de Desarrollo Regional y Administrativo,Comisión para la Integridad Pública y Transparencia,4632,2,4.06,candidato_sin_verificar
Subsecretaría de Economía y Empresas de Menor Tamaño,Municipalidad de Peñalolén,4623,1,2.01,candidato_sin_verificar
Servicio de Impuestos Internos,Defensoría Penal Pública,4615,2,1.7,candidato_sin_verificar
Servicio Nacional de Pesca y Acuicultura,Fondo Nacional de Salud,4615,2,1.25,efecto_base_lift_bajo
Comisión Administradora del Sistema de Créditos para Estudios Superiores,Superintendencia de Educación Superior,4583,1,5.13,candidato_sin_verificar
Servicio Nacional del Consumidor,Poder Judicial,4582,1,3.01,candidato_sin_verificar
Gendarmería de Chile,Subsecretaría de Salud Pública,4567,1,1.75,candidato_sin_verificar
Servicio de Impuestos Internos,Instituto Nacional de Estadísticas,4567,1,1.7,candidato_sin_verificar
Subsecretaría de Economía y Empresas de Menor Tamaño,Subsecretaría de Desarrollo Regional y Administrativo,4564,1,1.64,candidato_sin_verificar
Instituto de Previsión Social,Superintendencia de Insolvencia y Reemprendimiento,4550,1,1.68,candidato_sin_verificar
Sociedad Administradora de Fondos de Cesantía de Chile S.A.,Instituto de Salud Pública de Chile,4544,2,1.48,efecto_base_lift_bajo
Superintendencia de Insolvencia y Reemprendimiento,Comisión para la Integridad Pública y Transparencia,4540,2,5.64,candidato_sin_verificar
Servicio de Registro Civil e Identificación,Subsecretaría del Trabajo,4532,1,1.3,efecto_base_lift_bajo
Municipalidad de Las Condes,Superintendencia de Seguridad Social,4524,1,1.2,efecto_base_lift_bajo
Caja de Previsión de la Defensa Nacional,Fondo de Solidaridad e Inversión Social,4521,1,2.6,candidato_sin_verificar
Poder Judicial,Agencia Nacional de Ciberseguridad,4511,2,1.95,candidato_sin_verificar
Subsecretaría de Telecomunicaciones,Subsecretaría de Evaluación Social,4507,2,1.88,artefacto_vus
Universidad de La Frontera,Junta Nacional de Jardines Infantiles,4493,1,18.6,candidato_sin_verificar
Instituto Nacional de la Juventud,Subsecretaría de Redes Asistenciales,4493,1,3.45,candidato_sin_verificar
Corporación Nacional de Desarrollo Indígena,Subsecretaría de Evaluación Social,4489,1,24.86,artefacto_vus
Servicio de Registro Civil e Identificación,Consejo de Defensa del Estado,4486,1,1.22,efecto_base_lift_bajo
Servicio Electoral,Subsecretaría de Previsión Social,4473,1,1.28,efecto_base_lift_bajo
Subsecretaría de Redes Asistenciales,Sociedad Administradora de Fondos de Cesantía de Chile S.A.,4466,1,1.38,efecto_base_lift_bajo
Superintendencia de Seguridad Social,Subsecretaría de Bienes Nacionales,4460,3,2.88,candidato_sin_verificar
ACEPTA.COM S.A.,Certinet S.A.,4451,1,3.43,confirmado_acepta
Instituto de Previsión Social,Superintendencia de Seguridad Social,4445,1,2.07,candidato_sin_verificar
"Ministerio de las Culturas, las Artes y el Patrimonio",Fondo Nacional de Salud,4443,2,1.69,candidato_sin_verificar
Dirección Nacional del Servicio Civil,Subsecretaría de Vivienda y Urbanismo,4442,1,2.43,candidato_sin_verificar
Servicio de Registro Civil e Identificación,Corporación Nacional Forestal y de Protección de Recursos Naturales Renovables,4426,2,1.26,efecto_base_lift_bajo
Ministerio de Desarrollo Social y Familia,Servicio de Salud Magallanes,4422,1,1.69,candidato_sin_verificar
Instituto Nacional de Estadísticas,Fondo de Solidaridad e Inversión Social,4405,2,6.23,candidato_sin_verificar
Municipalidad de Las Condes,Subsecretaría de Vivienda y Urbanismo,4405,1,1.7,candidato_sin_verificar
Servicio Agrícola y Ganadero,Servicio de Evaluación Ambiental,4397,1,3.1,candidato_sin_verificar
Subsecretaría del Trabajo,Municipalidad de Peñalolén,4390,1,1.5,efecto_base_lift_bajo
Servicio Nacional de Capacitación y Empleo,Municipalidad de Recoleta,4388,1,2.15,candidato_sin_verificar
Subsecretaría General de la Presidencia de la República,Subsecretaría de Redes Asistenciales,4384,2,2.17,candidato_sin_verificar
ACEPTA.COM S.A.,Universidad de Santiago de Chile,4371,1,2.4,confirmado_acepta
Servicio Agrícola y Ganadero,Superintendencia del Medio Ambiente,4367,1,3.56,candidato_sin_verificar
Carabineros de Chile,Poder Judicial,4363,2,3.0,candidato_sin_verificar
Servicio de Registro Civil e Identificación,Municipalidad de la Reina,4362,1,1.26,efecto_base_lift_bajo
Dirección Nacional del Servicio Civil,Poder Judicial,4357,2,4.7,candidato_sin_verificar
Servicio Nacional del Patrimonio Cultural,Consejo Nacional de Televisión,4348,1,2.4,candidato_sin_verificar
Dirección del Trabajo,Dirección de Contabilidad y Finanzas,4339,2,2.85,candidato_sin_verificar
Municipalidad de Las Condes,Subsecretaría de Redes Asistenciales,4334,1,1.99,candidato_sin_verificar
Contraloría General de la República,Servicio de Impuestos Internos,4326,1,2.68,candidato_sin_verificar
Servicio de Tesorerías,Subsecretaría de Transportes,4314,1,2.54,candidato_sin_verificar
Contraloría General de la República,Servicio Nacional del Consumidor,4270,1,2.45,candidato_sin_verificar
Ministerio Público,Subsecretaría de Prevención del Delito,4241,1,6.52,candidato_sin_verificar
Servicio Nacional del Patrimonio Cultural,Subsecretaría de Desarrollo Regional y Administrativo,4241,2,4.44,candidato_sin_verificar
Secretaría de Gobierno Digital,Presidencia de la República,4239,1,1.67,candidato_sin_verificar
Servicio Agrícola y Ganadero,Dirección General de Aeronáutica Civil,4232,1,3.88,candidato_sin_verificar
Servicio de Impuestos Internos,Servicio de Salud Biobío,4227,2,1.57,candidato_sin_verificar
Servicio Nacional del Consumidor,Subsecretaría de Educación,4218,1,1.97,candidato_sin_verificar
Universidad de Chile,Subsecretaría de Evaluación Social,4213,3,4.38,artefacto_vus
Dirección de Compras y Contratación Pública,Subsecretaría de Telecomunicaciones,4212,3,3.67,candidato_sin_verificar
Comisión para el Mercado Financiero,Municipalidad de Recoleta,4199,1,1.54,candidato_sin_verificar
Dirección del Trabajo,Subsecretaría de Transportes,4197,1,1.61,candidato_sin_verificar
Ministerio de Educación,Ministerio Público,4192,1,1.94,candidato_sin_verificar
Servicio de Impuestos Internos,Consejo de Defensa del Estado,4192,2,1.66,candidato_sin_verificar
Servicio de Registro Civil e Identificación,Municipalidad de Valparaíso,4179,1,1.23,efecto_base_lift_bajo
E-Sign S.A.,Subsecretaría de Justicia,4177,1,1.8,candidato_sin_verificar
Subsecretaría de Redes Asistenciales,Subsecretaría de Previsión Social,4176,3,2.14,candidato_sin_verificar
Gendarmería de Chile,Servicio de Tesorerías,4167,1,1.46,efecto_base_lift_bajo
Subsecretaría de Justicia,Corporación de Fomento de la Producción,4157,1,1.69,candidato_sin_verificar
Carabineros de Chile,Subsecretaría de Bienes Nacionales,4152,2,2.23,candidato_sin_verificar
Gendarmería de Chile,Contraloría General de la República,4142,2,7.8,candidato_sin_verificar
ACEPTA.COM S.A.,Subsecretaría de Derechos Humanos,4103,1,1.62,confirmado_acepta
Comisión Administradora del Sistema de Créditos para Estudios Superiores,Servicio Nacional de Aduanas,4099,1,2.07,candidato_sin_verificar
Presidencia de la República,Subsecretaría de Redes Asistenciales,4095,1,2.73,candidato_sin_verificar
Dirección Nacional del Servicio Civil,AFP Modelo,4088,1,3.28,candidato_sin_verificar
Servicio Nacional del Consumidor,Subsecretaría de Bienes Nacionales,4088,1,2.17,candidato_sin_verificar
Subsecretaría del Trabajo,Municipalidad de Colina,4080,1,2.36,candidato_sin_verificar
Subsecretaría de Redes Asistenciales,Servicio de Salud Araucanía Sur,4079,1,1.49,efecto_base_lift_bajo
Secretaría de Gobierno Digital,Municipalidad de Antofagasta,4078,1,1.23,efecto_base_lift_bajo
Contraloría General de la República,Subsecretaría de Telecomunicaciones,4076,1,3.0,candidato_sin_verificar
Carabineros de Chile,Subsecretaría de Economía y Empresas de Menor Tamaño,4071,1,1.5,candidato_sin_verificar
Contraloría General de la República,Subsecretaría de Salud Pública,4061,3,14.19,candidato_sin_verificar
Universidad de La Frontera,Subsecretaría de Telecomunicaciones,4048,2,47.6,candidato_sin_verificar
Certinet S.A.,Servicio Agrícola y Ganadero,4040,1,3.09,candidato_sin_verificar
Servicio Agrícola y Ganadero,Servicio Nacional de Aduanas,4023,2,5.08,candidato_sin_verificar
Subsecretaría de Redes Asistenciales,Servicio de Salud Metropolitano Oriente,4022,1,2.35,candidato_sin_verificar
Contraloría General de la República,Subsecretaría General de la Presidencia de la República,4017,1,57.76,candidato_sin_verificar
Servicio de Impuestos Internos,Superintendencia de Casinos de Juego,4003,3,2.33,candidato_sin_verificar
Subsecretaría General de Gobierno,Subsecretaría de Redes Asistenciales,3992,1,1.67,candidato_sin_verificar
Subsecretaría de Redes Asistenciales,Municipalidad de Peñalolén,3971,1,4.6,candidato_sin_verificar
Servicio de Salud Tarapacá,Subsecretaría de Redes Asistenciales,3966,2,4.23,candidato_sin_verificar
ACEPTA.COM S.A.,Policía de Investigaciones de Chile,3963,1,2.07,confirmado_acepta
Poder Judicial,Instituto Nacional de Deportes de Chile,3958,1,1.79,candidato_sin_verificar
Ministerio de Desarrollo Social y Familia,Municipalidad de Los Angeles,3951,1,1.48,efecto_base_lift_bajo
Sociedad Administradora de Fondos de Cesantía de Chile S.A.,Municipalidad de Antofagasta,3935,1,1.37,efecto_base_lift_bajo
ACEPTA.COM S.A.,Ejército de Chile,3930,1,1.38,confirmado_acepta
Poder Judicial,Municipalidad de Antofagasta,3927,2,1.53,candidato_sin_verificar
Servicio Nacional del Consumidor,Municipalidad de Colina,3920,1,1.83,candidato_sin_verificar
Servicio de Impuestos Internos,Ministerio del Medio Ambiente,3918,2,1.69,candidato_sin_verificar
Sociedad Administradora de Fondos de Cesantía de Chile S.A.,Agencia Nacional de Ciberseguridad,3914,1,1.48,efecto_base_lift_bajo
Municipalidad de Santiago,Subsecretaría de Redes Asistenciales,3907,1,1.51,candidato_sin_verificar
Ejército de Chile,Caja de Previsión de la Defensa Nacional,3900,1,35.27,candidato_sin_verificar
"Ministerio de las Culturas, las Artes y el Patrimonio",Subsecretaría de Evaluación Social,3892,1,2.37,artefacto_vus
Servicio de Impuestos Internos,Municipalidad de Valdivia,3881,2,2.99,candidato_sin_verificar
Contraloría General de la República,BPO Advisors SpA,3875,1,2.51,candidato_sin_verificar
E-Cert Chile,Municipalidad de Quilicura,3866,1,1.93,candidato_sin_verificar
Instituto de Seguridad Laboral,Comisión para la Integridad Pública y Transparencia,3864,1,3.21,candidato_sin_verificar
Servicio Agrícola y Ganadero,Subsecretaría de Derechos Humanos,3857,1,2.02,candidato_sin_verificar
Subsecretaría de Telecomunicaciones,Ministerio Público,3851,1,3.11,candidato_sin_verificar
Instituto de Desarrollo Agropecuario,Subsecretaría de Redes Asistenciales,3850,1,1.69,candidato_sin_verificar
Secretaría de Gobierno Digital,Subsecretaría de Hacienda,3849,5,16.51,candidato_sin_verificar
Subsecretaría de Educación,Fondo de Solidaridad e Inversión Social,3845,1,1.24,efecto_base_lift_bajo
Servicio de Registro Civil e Identificación,Subsecretaría de Evaluación Social,3838,1,1.35,artefacto_vus
Servicio de Evaluación Ambiental,Subsecretaría de Redes Asistenciales,3830,2,1.69,candidato_sin_verificar
ACEPTA.COM S.A.,Subsecretaría de Justicia,3829,2,2.14,confirmado_acepta
Ministerio de Desarrollo Social y Familia,Consejo de Defensa del Estado,3829,2,1.9,candidato_sin_verificar
Ministerio Público,Contraloría General de la República,3824,2,4.49,candidato_sin_verificar
Instituto de Previsión Social,Subsecretaría de Economía y Empresas de Menor Tamaño,3822,2,1.56,candidato_sin_verificar
Carabineros de Chile,Subsecretaría de Justicia,3822,1,1.42,efecto_base_lift_bajo
Subsecretaría de Evaluación Social,Comisión para la Integridad Pública y Transparencia,3820,1,2.37,candidato_sin_verificar
Poder Judicial,Municipalidad de Padre Hurtado,3813,2,1.97,candidato_sin_verificar
Superintendencia de Electricidad y Combustibles,Subsecretaría de Evaluación Social,3810,1,1.28,artefacto_vus
Superintendencia de Seguridad Social,Comisión para la Integridad Pública y Transparencia,3794,1,2.57,candidato_sin_verificar
Fondo de Solidaridad e Inversión Social,Subsecretaría de Telecomunicaciones,3786,1,1.51,candidato_sin_verificar
Servicio Nacional del Consumidor,Subsecretaría de Previsión Social,3785,1,1.35,efecto_base_lift_bajo
Subsecretaría de Economía y Empresas de Menor Tamaño,Subsecretaría de Vivienda y Urbanismo,3783,1,1.41,efecto_base_lift_bajo
Servicio de Salud Tarapacá,Subsecretaría de Evaluación Social,3769,3,3.15,artefacto_vus
Dirección General de Movilización Nacional,Servicio de Salud Araucanía Sur,3763,1,1.77,candidato_sin_verificar
Servicio de Registro Civil e Identificación,Servicio Nacional de la Mujer y la Equidad de Género,3754,1,1.3,efecto_base_lift_bajo
Servicio de Registro Civil e Identificación,Municipalidad de Quilpué,3753,1,1.23,efecto_base_lift_bajo
Subsecretaría de Justicia,Subsecretaría de Derechos Humanos,3751,1,2.55,candidato_sin_verificar
Dirección de Compras y Contratación Pública,Servicio de Salud Araucanía Sur,3738,2,2.07,candidato_sin_verificar
Subsecretaría de Educación,Subsecretaría de Justicia,3735,2,1.96,candidato_sin_verificar
Ministerio de Desarrollo Social y Familia,Subsecretaría General de la Presidencia de la República,3718,1,1.49,efecto_base_lift_bajo
Subsecretaría de Justicia,Consejo Nacional de Televisión,3716,1,1.9,candidato_sin_verificar
Corporación de Fomento de la Producción,Subsecretaría de Redes Asistenciales,3712,1,1.74,candidato_sin_verificar
Ministerio de Transportes y Telecomunicaciones,Subsecretaría de Redes Asistenciales,3702,1,1.44,efecto_base_lift_bajo
Gendarmería de Chile,Servicio Electoral,3690,1,1.32,efecto_base_lift_bajo
Ministerio de Transportes y Telecomunicaciones,Subsecretaría de Justicia,3686,1,1.76,candidato_sin_verificar
Fondo Nacional de Salud,Servicio de Salud Magallanes,3677,1,1.63,candidato_sin_verificar
Universidad de Chile,Comisión para la Integridad Pública y Transparencia,3674,1,4.77,candidato_sin_verificar
Municipalidad de Santiago,Ministerio Público,3672,1,3.13,candidato_sin_verificar
Comisión para el Mercado Financiero,Municipalidad de Valdivia,3672,2,1.78,candidato_sin_verificar
Subsecretaría del Interior,Comisión para la Integridad Pública y Transparencia,3670,1,10.65,candidato_sin_verificar
Fondo Nacional de Salud,Subsecretaría General de la Presidencia de la República,3669,2,2.06,candidato_sin_verificar
Instituto de Previsión Social,Municipalidad de Lo Barnechea,3666,1,1.41,efecto_base_lift_bajo
Servicio de Registro Civil e Identificación,Instituto Nacional de la Juventud,3658,2,1.35,efecto_base_lift_bajo
Superintendencia de Educación,Fondo Nacional de Salud,3657,1,2.15,candidato_sin_verificar
Ministerio de Desarrollo Social y Familia,Instituto Nacional de Estadísticas,3647,1,1.4,efecto_base_lift_bajo
Subsecretaría de Salud Pública,Fondo de Solidaridad e Inversión Social,3639,2,2.83,candidato_sin_verificar
Subsecretaría General de Gobierno,Subsecretaría de Transportes,3639,1,1.59,candidato_sin_verificar
Servicio de Impuestos Internos,Corporación Nacional Forestal y de Protección de Recursos Naturales Renovables,3633,2,1.62,candidato_sin_verificar
Municipalidad de Providencia,Ministerio Público,3632,1,3.21,candidato_sin_verificar
Subsecretaría del Trabajo,Subsecretaría de Justicia,3625,2,1.78,candidato_sin_verificar
Servicio Agrícola y Ganadero,Ejército de Chile,3621,1,1.69,candidato_sin_verificar
Servicio Nacional del Consumidor,Municipalidad de Quilicura,3616,2,2.7,candidato_sin_verificar
Poder Judicial,Instituto de Salud Pública de Chile,3611,3,1.79,candidato_sin_verificar
Instituto de Previsión Social,Centro de Referencia de Salud de Peñalolén Cordillera Oriente,3609,3,2.89,candidato_sin_verificar
Fondo Nacional de Salud,Consejo de Defensa del Estado,3600,2,1.87,candidato_sin_verificar
Dirección de Compras y Contratación Pública,Subsecretaría General de Gobierno,3596,1,7.26,candidato_sin_verificar
ACEPTA.COM S.A.,Servicio Nacional para la Prevención y Rehabilitación del Consumo de Drogas y Alcohol,3596,1,1.64,confirmado_acepta
Corporación de Fomento de la Producción,Comisión para la Integridad Pública y Transparencia,3593,1,9.69,candidato_sin_verificar
Poder Judicial,Gendarmería de Chile,3593,1,1.97,candidato_sin_verificar
Agencia de Calidad de la Educación,Contraloría General de la República,3591,2,10.87,candidato_sin_verificar
Servicio Nacional del Consumidor,Subsecretaría de Transportes,3580,1,2.69,candidato_sin_verificar
Dirección General del Territorio Marítimo y de Marina Mercante,Dirección General de Movilización Nacional,3578,1,4.27,candidato_sin_verificar
Superintendencia de Seguridad Social,Carabineros de Chile,3569,3,3.17,candidato_sin_verificar
Subsecretaría de Economía y Empresas de Menor Tamaño,Subsecretaría de Bienes Nacionales,3566,1,3.01,candidato_sin_verificar
Comisión Administradora del Sistema de Créditos para Estudios Superiores,Municipalidad de Peñalolén,3564,3,2.1,candidato_sin_verificar
Subsecretaría de Transportes,Subsecretaría de Justicia,3562,1,2.12,candidato_sin_verificar
Municipalidad de Puente Alto,Subsecretaría de Servicios Sociales,3559,1,8.44,candidato_sin_verificar
Poder Judicial,Consejo de Defensa del Estado,3557,2,2.9,candidato_sin_verificar
Servicio de Salud Metropolitano Sur Oriente,Subsecretaría de Evaluación Social,3557,1,1.97,artefacto_vus
Servicio Electoral,Subsecretaría de Prevención del Delito,3554,1,2.56,candidato_sin_verificar
Subsecretaría de Servicios Sociales,Ministerio Público,3548,1,1.52,candidato_sin_verificar
Servicio de Registro Civil e Identificación,Ministerio del Medio Ambiente,3543,1,1.24,efecto_base_lift_bajo
Gendarmería de Chile,AFP Uno,3539,1,2.53,candidato_sin_verificar
Gendarmería de Chile,Servicio Nacional del Consumidor,3518,1,1.57,candidato_sin_verificar
Universidad de La Frontera,Superintendencia de Insolvencia y Reemprendimiento,3500,1,1.81,candidato_sin_verificar
Redin,Ejército de Chile,3499,1,39.5,candidato_sin_verificar
ACEPTA.COM S.A.,Dirección de Previsión de Carabineros de Chile,3493,1,1.53,confirmado_acepta
Dirección de Compras y Contratación Pública,AFP Uno,3487,3,2.61,candidato_sin_verificar
Municipalidad de Los Angeles,Subsecretaría de Redes Asistenciales,3486,1,1.52,candidato_sin_verificar
Subsecretaría de Salud Pública,Servicio Agrícola y Ganadero,3483,3,21.18,candidato_sin_verificar
Servicio de Tesorerías,Subsecretaría de Vivienda y Urbanismo,3476,1,2.91,candidato_sin_verificar
Secretaría de Gobierno Digital,Municipalidad de Padre Hurtado,3473,1,1.28,efecto_base_lift_bajo
Redin,Carabineros de Chile,3472,3,1.73,candidato_sin_verificar
Ministerio de Desarrollo Social y Familia,Dirección del Trabajo,3465,1,2.37,candidato_sin_verificar
Dirección de Previsión de Carabineros de Chile,Subsecretaría de Transportes,3455,2,2.59,candidato_sin_verificar
Dirección de Compras y Contratación Pública,docdigital,3454,3,26.87,candidato_sin_verificar
Subsecretaría de Vivienda y Urbanismo,Municipalidad de Colina,3444,2,1.93,candidato_sin_verificar
Superintendencia de Seguridad Social,Poder Judicial,3431,3,2.85,candidato_sin_verificar
Sociedad Administradora de Fondos de Cesantía de Chile S.A.,Municipalidad de Padre Hurtado,3425,1,1.45,efecto_base_lift_bajo
Servicio de Salud Metropolitano Sur Oriente,Contraloría General de la República,3422,2,3.35,candidato_sin_verificar
Subsecretaría General de Gobierno,Subsecretaría de Justicia,3420,1,1.76,candidato_sin_verificar
Comisión Administradora del Sistema de Créditos para Estudios Superiores,Poder Judicial,3405,3,3.44,candidato_sin_verificar
Superintendencia de Salud,Subsecretaría de Desarrollo Regional y Administrativo,3395,1,2.6,candidato_sin_verificar
Servicio de Cooperación Técnica,Contraloría General de la República,3391,1,3.7,candidato_sin_verificar
Poder Judicial,Subsecretaría General de la Presidencia de la República,3375,3,1.85,candidato_sin_verificar
Poder Judicial,docdigital,3373,2,1.8,candidato_sin_verificar
Subsecretaría de Desarrollo Regional y Administrativo,Carabineros de Chile,3361,1,1.76,candidato_sin_verificar
Subsecretaría de Economía y Empresas de Menor Tamaño,Dirección de Contabilidad y Finanzas,3360,2,7.23,candidato_sin_verificar
Sociedad Administradora de Fondos de Cesantía de Chile S.A.,Municipalidad de Coronel,3351,1,1.49,efecto_base_lift_bajo
Ministerio de Desarrollo Social y Familia,Servicio de Salud Biobío,3351,1,1.43,efecto_base_lift_bajo
Subsecretaría de Salud Pública,E-Cert Chile,3350,1,2.14,candidato_sin_verificar
Contraloría General de la República,Subsecretaría de Hacienda,3344,3,11.44,candidato_sin_verificar
Servicio Electoral,Municipalidad de Quilicura,3342,2,1.77,candidato_sin_verificar
Subsecretaría de Redes Asistenciales,Servicio Nacional de Aduanas,3338,1,1.81,candidato_sin_verificar
Servicio Nacional de la Discapacidad,Subsecretaría de Redes Asistenciales,3332,1,3.18,candidato_sin_verificar
Municipalidad de Santiago,Subsecretaría de Justicia,3320,1,1.57,candidato_sin_verificar
Subsecretaría de Vivienda y Urbanismo,Junta Nacional de Jardines Infantiles,3319,2,2.18,candidato_sin_verificar
Municipalidad de Las Condes,Contraloría General de la República,3297,2,2.45,candidato_sin_verificar
Servicio Agrícola y Ganadero,Universidad de Tarapacá,3296,1,7.58,candidato_sin_verificar
Subsecretaría de Economía y Empresas de Menor Tamaño,AFP Modelo,3295,1,1.8,candidato_sin_verificar
Caja de Previsión de la Defensa Nacional,Subsecretaría de Educación,3294,1,1.52,candidato_sin_verificar
Ministerio de Desarrollo Social y Familia,Gobierno Regional de la Región de Los Lagos,3285,1,1.5,candidato_sin_verificar
Subsecretaría del Interior,Ministerio Público,3282,1,3.65,candidato_sin_verificar
Sociedad Administradora de Fondos de Cesantía de Chile S.A.,Consejo de Defensa del Estado,3277,2,1.52,candidato_sin_verificar
Secretaría de Gobierno Digital,Municipalidad de Coronel,3269,1,1.27,efecto_base_lift_bajo
Secretaría de Gobierno Digital,Subsecretaría de Relaciones Exteriores,3267,1,9.6,candidato_sin_verificar
Sociedad Administradora de Fondos de Cesantía de Chile S.A.,Subsecretaría General de la Presidencia de la República,3254,2,1.46,efecto_base_lift_bajo
Fondo de Solidaridad e Inversión Social,Servicio de Impuestos Internos,3253,2,2.15,candidato_sin_verificar
Subsecretaría de Salud Pública,Municipalidad de Quilicura,3248,3,1.91,candidato_sin_verificar
BPO Advisors SpA,AFP Uno,3243,1,1.72,candidato_sin_verificar
Subsecretaría de Redes Asistenciales,Universidad de Santiago de Chile,3234,1,1.95,candidato_sin_verificar
Subsecretaría de Evaluación Social,Consejo Nacional de Televisión,3227,1,1.84,candidato_sin_verificar
Comisión para el Mercado Financiero,docdigital,3224,1,1.84,candidato_sin_verificar
Servicio de Registro Civil e Identificación,Municipalidad de Temuco,3222,1,1.28,efecto_base_lift_bajo
Dirección de Compras y Contratación Pública,Universidad de Chile,3220,2,2.44,candidato_sin_verificar
Poder Judicial,AFP Cuprum,3220,1,1.68,candidato_sin_verificar
Poder Judicial,Hospital Regional de Talca,3220,1,1.49,efecto_base_lift_bajo
Servicio Agrícola y Ganadero,Certinet S.A.,3214,1,3.29,candidato_sin_verificar
Subsecretaría de Salud Pública,Servicio de Tesorerías,3214,1,2.32,candidato_sin_verificar
Instituto de Previsión Social,Instituto Nacional de Deportes de Chile,3212,3,1.7,candidato_sin_verificar
Servicio de Registro Civil e Identificación,Gobierno Regional de la Región de Coquimbo,3212,1,1.27,efecto_base_lift_bajo
Subsecretaría de Redes Asistenciales,Superintendencia del Medio Ambiente,3211,1,2.17,candidato_sin_verificar
ACEPTA.COM S.A.,Superintendencia del Medio Ambiente,3209,1,1.97,confirmado_acepta
Ministerio Público,Servicio Nacional del Patrimonio Cultural,3200,1,2.02,candidato_sin_verificar
Poder Judicial,Municipalidad de Coquimbo,3192,1,1.83,candidato_sin_verificar
Ministerio Público,Subsecretaría de Derechos Humanos,3187,1,22.26,candidato_sin_verificar
Poder Judicial,Servicio Nacional de Protección Especializada a la Niñez y Adolescencia,3183,2,3.18,candidato_sin_verificar
Servicio de Impuestos Internos,Unidad de Análisis Financiero,3183,2,2.92,candidato_sin_verificar
Redin,Dirección General de Movilización Nacional,3162,1,14.14,candidato_sin_verificar
Consejo de Defensa del Estado,Subsecretaría de Evaluación Social,3156,2,3.59,artefacto_vus
Subsecretaría de Justicia,Subsecretaría de Vivienda y Urbanismo,3155,1,2.17,candidato_sin_verificar
Fondo de Solidaridad e Inversión Social,Municipalidad de Los Angeles,3148,1,1.49,efecto_base_lift_bajo
Servicio de Impuestos Internos,Municipalidad de Quilpué,3146,1,1.62,candidato_sin_verificar
Ministerio de Desarrollo Social y Familia,Centro de Referencia de Salud de Peñalolén Cordillera Oriente,3143,1,1.51,candidato_sin_verificar
Municipalidad de La Florida,Ministerio Público,3137,1,1.91,candidato_sin_verificar
Subsecretaría de Redes Asistenciales,Servicio Agrícola y Ganadero,3134,1,1.59,candidato_sin_verificar
Instituto de Previsión Social,Hospital Regional de Talca,3128,2,2.54,candidato_sin_verificar
Servicio de Impuestos Internos,Servicio Nacional de la Mujer y la Equidad de Género,3126,1,1.69,candidato_sin_verificar
Gendarmería de Chile,BPO Advisors SpA,3123,1,1.58,candidato_sin_verificar
Secretaría de Gobierno Digital,Instituto de Salud Pública de Chile,3122,1,1.28,efecto_base_lift_bajo
Servicio de Cooperación Técnica,Subsecretaría de Hacienda,3118,2,4.53,candidato_sin_verificar
Servicio Nacional del Patrimonio Cultural,Servicio de Salud Araucanía Sur,3109,1,1.92,candidato_sin_verificar
Servicio Agrícola y Ganadero,Sanidad Naval de la Armada de Chile,3108,1,1.31,efecto_base_lift_bajo
Servicio de Cooperación Técnica,Servicio de Salud Araucanía Sur,3105,1,2.57,candidato_sin_verificar
Municipalidad de Los Angeles,Subsecretaría de Justicia,3105,1,1.66,candidato_sin_verificar
Dirección Nacional del Servicio Civil,docdigital,3104,3,45.17,candidato_sin_verificar
Comisión para el Mercado Financiero,Instituto de Salud Pública de Chile,3102,1,1.79,candidato_sin_verificar
Subsecretaría de Salud Pública,Servicio Nacional del Consumidor,3097,1,2.85,candidato_sin_verificar
ACEPTA.COM S.A.,Dirección General de Aeronáutica Civil,3092,1,2.14,confirmado_acepta
Poder Judicial,Senado,3092,1,1.63,candidato_sin_verificar
Instituto de Previsión Social,Ministerio del Interior,3088,1,1.2,efecto_base_lift_bajo
Ministerio de Desarrollo Social y Familia,Municipalidad de Padre Hurtado,3084,1,1.2,efecto_base_lift_bajo
Fondo Nacional de Salud,Subsecretaría de Justicia,3082,2,1.51,candidato_sin_verificar
Carabineros de Chile,Junta Nacional de Jardines Infantiles,3075,2,1.39,efecto_base_lift_bajo
Instituto Nacional de Estadísticas,Universidad de Chile,3073,2,3.44,candidato_sin_verificar
Subsecretaría de Telecomunicaciones,Instituto de Previsión Social,3073,1,1.2,efecto_base_lift_bajo
Municipalidad de Los Angeles,Carabineros de Chile,3072,1,3.73,candidato_sin_verificar
Subsecretaría de Redes Asistenciales,Servicio de Evaluación Ambiental,3069,1,1.79,candidato_sin_verificar
Subsecretaría de Servicios Sociales,Subsecretaría de Vivienda y Urbanismo,3063,1,6.56,candidato_sin_verificar
Instituto de Seguridad Laboral,E-Digital PKI SpA.,3061,1,4.54,candidato_sin_verificar
Dirección Nacional del Servicio Civil,Municipalidad de Peñalolén,3061,1,1.97,candidato_sin_verificar
Subsecretaría General de la Presidencia de la República,Ministerio Público,3060,1,3.6,candidato_sin_verificar
Corporación Nacional de Desarrollo Indígena,Consejo Nacional de Televisión,3060,1,1.78,candidato_sin_verificar
Universidad de La Frontera,Superintendencia de Electricidad y Combustibles,3055,1,1.57,candidato_sin_verificar
Agencia de Calidad de la Educación,Servicio de Impuestos Internos,3041,1,2.17,candidato_sin_verificar
Comisión para el Mercado Financiero,Subsecretaría General de la Presidencia de la República,3039,1,1.94,candidato_sin_verificar
ACEPTA.COM S.A.,Servicio de Salud Tarapacá,3035,2,1.58,confirmado_acepta
ACEPTA.COM S.A.,Servicio Nacional de Geología y Minería,3028,3,2.81,confirmado_acepta
Instituto de Previsión Social,Hospital Base Valdivia,3027,1,1.41,efecto_base_lift_bajo
Servicio de Impuestos Internos,Centro de Referencia de Salud de Peñalolén Cordillera Oriente,3020,2,1.54,candidato_sin_verificar
Servicio Nacional de Pesca y Acuicultura,Subsecretaría de Redes Asistenciales,3020,1,1.21,efecto_base_lift_bajo
Dirección de Compras y Contratación Pública,Ministerio del Medio Ambiente,3019,2,14.67,candidato_sin_verificar
Agencia de Calidad de la Educación,Servicio Electoral,3019,1,1.59,candidato_sin_verificar
Subsecretaría de Evaluación Social,Subsecretaría de Salud Pública,3017,1,1.28,efecto_base_lift_bajo
Servicio de Registro Civil e Identificación,Fuerza Aérea de Chile,3016,1,1.27,efecto_base_lift_bajo
BPO Advisors SpA,Municipalidad de Colina,3001,1,1.58,candidato_sin_verificar
Ministerio Público,Subsecretaría de Bienes Nacionales,2997,1,2.72,candidato_sin_verificar
Caja de Previsión de la Defensa Nacional,Superintendencia de Electricidad y Combustibles,2994,1,1.44,efecto_base_lift_bajo
Subsecretaría de Justicia,Servicio de Salud Araucanía Sur,2992,1,1.71,candidato_sin_verificar
Secretaría de Gobierno Digital,Municipalidad de La Reina,2988,1,1.36,efecto_base_lift_bajo
Subsecretaría General de Gobierno,Ministerio Público,2985,1,2.77,candidato_sin_verificar
ACEPTA.COM S.A.,Dirección General del Crédito Prendario,2978,2,2.09,confirmado_acepta
Subsecretaría de Redes Asistenciales,Policía de Investigaciones de Chile,2960,1,1.7,candidato_sin_verificar
Dirección General del Territorio Marítimo y de Marina Mercante,Superintendencia de Pensiones,2959,1,1.6,candidato_sin_verificar
Subsecretaría de Justicia,Junta Nacional de Jardines Infantiles,2957,1,5.85,candidato_sin_verificar
Ministerio del Medio Ambiente,Comisión para la Integridad Pública y Transparencia,2950,1,10.29,candidato_sin_verificar
Subsecretaría de Derechos Humanos,Fondo Nacional de Salud,2950,2,1.74,candidato_sin_verificar
Dirección de Compras y Contratación Pública,Subsecretaría de Bienes Nacionales,2943,3,4.52,candidato_sin_verificar
Subsecretaría de Educación,Subsecretaría de Transportes,2943,1,1.46,efecto_base_lift_bajo
Subsecretaría del Trabajo,Subsecretaría de Bienes Nacionales,2936,1,1.94,candidato_sin_verificar
Instituto de Previsión Social,Dirección General del Crédito Prendario,2928,1,1.32,efecto_base_lift_bajo
Sociedad Administradora de Fondos de Cesantía de Chile S.A.,Defensoría Penal Pública,2925,1,1.65,candidato_sin_verificar
Dirección General de Movilización Nacional,Caja de Previsión de la Defensa Nacional,2920,1,2.05,candidato_sin_verificar
Certinet S.A.,Carabineros de Chile,2920,2,1.67,candidato_sin_verificar
Caja de Previsión de la Defensa Nacional,Contraloría General de la República,2916,1,1.53,candidato_sin_verificar
Dirección General de Movilización Nacional,Subsecretaría de Desarrollo Regional y Administrativo,2907,1,1.68,candidato_sin_verificar
Servicio de Salud Maule,Carabineros de Chile,2904,1,1.87,candidato_sin_verificar
Subsecretaría de Evaluación Social,Subsecretaría de Hacienda,2901,1,5.79,candidato_sin_verificar
Servicio Nacional del Consumidor,Agencia Nacional de Ciberseguridad,2897,1,3.78,candidato_sin_verificar
Servicio de Impuestos Internos,Municipalidad de Colina,2897,1,1.46,efecto_base_lift_bajo
Subsecretaría de Derechos Humanos,Ministerio Público,2896,1,5.02,candidato_sin_verificar
Fondo de Solidaridad e Inversión Social,Ministerio Público,2888,1,1.83,candidato_sin_verificar
Poder Judicial,Tribunal de Defensa de la Libre Competencia,2887,1,3.64,candidato_sin_verificar
Dirección Nacional del Servicio Civil,Policía de Investigaciones de Chile,2887,1,2.45,candidato_sin_verificar
Servicio de Registro Civil e Identificación,Superintendencia de Casinos de Juego,2876,1,1.23,efecto_base_lift_bajo
Dirección General del Territorio Marítimo y de Marina Mercante,Subsecretaría de Evaluación Social,2865,1,1.34,artefacto_vus
ACEPTA.COM S.A.,Junta Nacional de Jardines Infantiles,2864,2,1.86,confirmado_acepta
BPO Advisors SpA,Subsecretaría de Bienes Nacionales,2859,1,1.72,candidato_sin_verificar
Fondo de Solidaridad e Inversión Social,Ministerio de Transportes y Telecomunicaciones,2856,1,1.21,efecto_base_lift_bajo
Servicio de Registro Civil e Identificación,Unidad de Análisis Financiero,2854,1,1.3,efecto_base_lift_bajo
Municipalidad de Providencia,Fondo Nacional de Salud,2849,2,4.44,candidato_sin_verificar
BPO Advisors SpA,Poder Judicial,2839,1,2.11,candidato_sin_verificar
Subsecretaría General de la Presidencia de la República,Subsecretaría de Telecomunicaciones,2837,1,4.65,candidato_sin_verificar
Dirección de Compras y Contratación Pública,Municipalidad de Santiago,2833,3,5.58,candidato_sin_verificar
Dirección de Compras y Contratación Pública,Subsecretaría de Justicia,2831,2,2.79,candidato_sin_verificar
Gendarmería de Chile,Superintendencia de Seguridad Social,2831,2,1.48,efecto_base_lift_bajo
ACEPTA.COM S.A.,Servicio de Salud Metropolitano Oriente,2827,1,1.5,confirmado_acepta
Servicio de Tesorerías,Municipalidad de Santiago,2821,1,2.73,candidato_sin_verificar
Subsecretaría de Economía y Empresas de Menor Tamaño,Municipalidad de Coquimbo,2818,1,4.64,candidato_sin_verificar
Poder Judicial,Municipalidad de San Clemente,2814,2,1.65,candidato_sin_verificar
ACEPTA.COM S.A.,Superintendencia de Educación Superior,2787,1,2.53,confirmado_acepta
Subsecretaría de Redes Asistenciales,Superintendencia de Educación Superior,2785,1,2.77,candidato_sin_verificar
Ministerio del Medio Ambiente,Subsecretaría de Redes Asistenciales,2781,1,1.68,candidato_sin_verificar
Servicio de Salud Metropolitano Sur Oriente,Superintendencia de Pensiones,2778,1,2.02,candidato_sin_verificar
Dirección de Compras y Contratación Pública,Poder Judicial,2773,2,8.29,candidato_sin_verificar
Poder Judicial,Superintendencia de Casinos de Juego,2767,2,2.47,candidato_sin_verificar
ACEPTA.COM S.A.,Dirección General de Aguas,2762,2,1.4,confirmado_acepta
Servicio de Salud Maule,Superintendencia de Electricidad y Combustibles,2755,1,2.02,candidato_sin_verificar
Servicio Nacional para la Prevención y Rehabilitación del Consumo de Drogas y Alcohol,Ministerio Público,2746,1,5.47,candidato_sin_verificar
Instituto de Previsión Social,Municipalidad de Coronel,2744,2,1.35,efecto_base_lift_bajo
Subsecretaría de Servicios Sociales,AFP Uno,2741,1,1.25,efecto_base_lift_bajo
Servicio Nacional del Consumidor,Junta Nacional de Jardines Infantiles,2735,1,1.48,efecto_base_lift_bajo
Superintendencia de Seguridad Social,Subsecretaría de Economía y Empresas de Menor Tamaño,2730,2,2.36,candidato_sin_verificar
Sociedad Administradora de Fondos de Cesantía de Chile S.A.,Corporación Nacional Forestal y de Protección de Recursos Naturales Renovables,2727,2,1.42,efecto_base_lift_bajo
Superintendencia de Seguridad Social,Municipalidad de Quilicura,2723,3,2.07,candidato_sin_verificar
Superintendencia de Seguridad Social,AFP Uno,2722,2,2.17,candidato_sin_verificar
Servicio Agrícola y Ganadero,Dirección del Trabajo,2718,1,1.44,efecto_base_lift_bajo
Poder Judicial,Municipalidad de Coronel,2714,2,1.42,efecto_base_lift_bajo
Servicio Agrícola y Ganadero,Universidad de Santiago de Chile,2707,1,1.97,candidato_sin_verificar
Servicio de Registro Civil e Identificación,Subsecretaría de Educación Parvularia,2706,1,1.38,efecto_base_lift_bajo
Servicio de Registro Civil e Identificación,Municipalidad de Coronel,2703,1,1.21,efecto_base_lift_bajo
Subsecretaría General de la Presidencia de la República,Subsecretaría de Hacienda,2694,3,130.78,candidato_sin_verificar
Secretaría de Gobierno Digital,Servicio Nacional de Protección Especializada a la Niñez y Adolescencia,2693,2,24.08,candidato_sin_verificar
Subsecretaría del Interior,Fondo Nacional de Salud,2693,3,4.37,candidato_sin_verificar
Instituto Nacional de Estadísticas,Subsecretaría General de Gobierno,2692,2,5.63,candidato_sin_verificar
E-Sign S.A.,Poder Judicial,2691,1,2.08,candidato_sin_verificar
Dirección de Compras y Contratación Pública,Subsecretaría General de la Presidencia de la República,2679,4,14.52,candidato_sin_verificar
Dirección de Compras y Contratación Pública,Municipalidad de La Florida,2673,3,1.62,candidato_sin_verificar
Servicio de Evaluación Ambiental,Ministerio Público,2671,2,2.6,candidato_sin_verificar
Subsecretaría de Vivienda y Urbanismo,Poder Judicial,2668,2,2.74,candidato_sin_verificar
Subsecretaría de Evaluación Social,Subsecretaría de Bienes Nacionales,2654,2,5.2,candidato_sin_verificar
Subsecretaría del Interior,Subsecretaría de Redes Asistenciales,2651,1,1.34,efecto_base_lift_bajo
Sociedad Administradora de Fondos de Cesantía de Chile S.A.,Servicio de Salud Biobío,2648,1,1.29,efecto_base_lift_bajo
Instituto Nacional de Estadísticas,Subsecretaría de Servicios Sociales,2639,2,2.54,candidato_sin_verificar
Servicio de Registro Civil e Identificación,Dirección de Vialidad,2636,1,1.32,efecto_base_lift_bajo
Dirección General de Movilización Nacional,Municipalidad de Peñalolén,2631,1,1.85,candidato_sin_verificar
Fondo Nacional de Salud,Municipalidad de Temuco,2617,2,2.68,candidato_sin_verificar
Servicio Nacional de Capacitación y Empleo,Instituto Nacional de Propiedad Industrial,2614,2,1.52,candidato_sin_verificar
Agencia de Calidad de la Educación,Ministerio de Educación,2612,1,17.04,candidato_sin_verificar
Poder Judicial,Unidad de Análisis Financiero,2612,2,2.59,candidato_sin_verificar
Secretaría de Gobierno Digital,Superintendencia de Insolvencia y Reemprendimiento,2609,2,1.66,candidato_sin_verificar
Subsecretaría de Justicia,Dirección de Previsión de Carabineros de Chile,2607,1,1.97,candidato_sin_verificar
Servicio de Impuestos Internos,AFP Cuprum,2599,1,2.67,candidato_sin_verificar
Fondo de Solidaridad e Inversión Social,Consejo Nacional de Televisión,2589,1,1.67,candidato_sin_verificar
Sociedad Administradora de Fondos de Cesantía de Chile S.A.,Servicio Nacional de la Mujer y la Equidad de Género,2585,1,1.65,candidato_sin_verificar
Servicio de Evaluación Ambiental,Fondo Nacional de Salud,2578,2,1.9,candidato_sin_verificar
BPO Advisors SpA,Municipalidad de Quilicura,2574,2,2.0,candidato_sin_verificar
Sanidad Naval de la Armada de Chile,Subsecretaría de Redes Asistenciales,2573,1,1.62,candidato_sin_verificar
Superintendencia de Pensiones,Subsecretaría de Previsión Social,2562,1,5.41,candidato_sin_verificar
Servicio de Registro Civil e Identificación,Municipalidad de Vitacura,2561,1,1.29,efecto_base_lift_bajo
Servicio Agrícola y Ganadero,Ministerio Público,2555,2,2.2,candidato_sin_verificar
Municipalidad de Las Condes,Superintendencia de Pensiones,2555,1,1.94,candidato_sin_verificar
Instituto de Previsión Social,Municipalidad de San Clemente,2540,1,1.73,candidato_sin_verificar
Servicio Nacional para la Prevención y Rehabilitación del Consumo de Drogas y Alcohol,Fondo Nacional de Salud,2534,2,23.92,candidato_sin_verificar
Subsecretaría de Transportes,Municipalidad de Quilicura,2534,2,2.91,candidato_sin_verificar
Servicio Nacional de Aduanas,Subsecretaría de Transportes,2520,1,2.56,candidato_sin_verificar
Contraloría General de la República,Presidencia de la República,2518,1,3.38,candidato_sin_verificar
Ministerio del Interior,Subsecretaría de Hacienda,2504,1,112.15,candidato_sin_verificar
Servicio de Salud Arica y Parinacota,Fondo Nacional de Salud,2500,2,2.16,candidato_sin_verificar
Subsecretaría de Vivienda y Urbanismo,Municipalidad de Valdivia,2499,4,11.85,candidato_sin_verificar
Servicio de Salud Metropolitano Sur Oriente,Carabineros de Chile,2495,2,2.23,candidato_sin_verificar
Municipalidad de Las Condes,Secretaría de Gobierno Digital,2494,3,2.65,candidato_sin_verificar
ACEPTA.COM S.A.,Servicio Nacional de la Discapacidad,2494,1,1.2,confirmado_acepta
Servicio Nacional del Consumidor,Dirección del Trabajo,2474,2,2.57,candidato_sin_verificar
Servicio Agrícola y Ganadero,Comisión para la Integridad Pública y Transparencia,2473,2,6.56,candidato_sin_verificar
Municipalidad de Santiago,Comisión para la Integridad Pública y Transparencia,2466,3,21.24,candidato_sin_verificar
Dirección del Trabajo,Municipalidad de Santiago,2466,1,1.55,candidato_sin_verificar
Subsecretaría de Redes Asistenciales,Dirección General de Aguas,2464,1,1.57,candidato_sin_verificar
Consejo Nacional de Televisión,Subsecretaría de Redes Asistenciales,2461,1,2.33,candidato_sin_verificar
Subsecretaría de Redes Asistenciales,Dirección General de Aeronáutica Civil,2461,1,1.87,candidato_sin_verificar
Dirección de Previsión de Carabineros de Chile,Ejército de Chile,2459,1,6.22,candidato_sin_verificar
Servicio Agrícola y Ganadero,Municipalidad de Lo Barnechea,2455,1,5.52,candidato_sin_verificar
Comisión Administradora del Sistema de Créditos para Estudios Superiores,Dirección de Educación Pública,2455,1,2.63,candidato_sin_verificar
Servicio de Impuestos Internos,Gendarmería de Chile,2452,1,2.63,candidato_sin_verificar
Gobierno Regional de la Región de Los Lagos,Subsecretaría de Evaluación Social,2449,1,1.65,artefacto_vus
Dirección Nacional del Servicio Civil,Servicio de Salud Coquimbo,2448,1,17.75,candidato_sin_verificar
ACEPTA.COM S.A.,Municipalidad de Temuco,2446,2,2.06,confirmado_acepta
Servicio de Salud Tarapacá,Contraloría General de la República,2445,2,12.93,candidato_sin_verificar
Subsecretaría de Economía y Empresas de Menor Tamaño,Municipalidad de Valdivia,2435,3,5.16,candidato_sin_verificar
Subsecretaría del Interior,Subsecretaría de Evaluación Social,2433,1,1.55,artefacto_vus
Servicio de Cooperación Técnica,Subsecretaría de Desarrollo Regional y Administrativo,2431,1,2.48,candidato_sin_verificar
Subsecretaría de Redes Asistenciales,Subsecretaría de Hacienda,2430,3,2.14,candidato_sin_verificar
Subsecretaría de Justicia,Servicio Nacional de Aduanas,2427,1,2.06,candidato_sin_verificar
Comisión Administradora del Sistema de Créditos para Estudios Superiores,Subsecretaría de Educación,2422,2,2.67,candidato_sin_verificar
Municipalidad de Maipú,Comisión para el Mercado Financiero,2416,1,1.52,candidato_sin_verificar
E-Sign S.A.,Subsecretaría de Bienes Nacionales,2416,1,1.52,candidato_sin_verificar
Servicio de Registro Civil e Identificación,Municipalidad de Mulchén,2410,1,1.29,efecto_base_lift_bajo
Fondo Nacional de Salud,Superintendencia del Medio Ambiente,2407,2,1.62,candidato_sin_verificar
Municipalidad de La Florida,AFP Uno,2407,2,1.58,candidato_sin_verificar
Subsecretaría General de la Presidencia de la República,Subsecretaría de Educación,2405,2,11.22,candidato_sin_verificar
Servicio Nacional del Consumidor,Subsecretaría de Prevención del Delito,2405,1,2.17,candidato_sin_verificar
Contraloría General de la República,Subsecretaría de Bienes Nacionales,2395,3,5.27,candidato_sin_verificar
Subsecretaría de Redes Asistenciales,Dirección General del Crédito Prendario,2390,2,1.62,candidato_sin_verificar
Municipalidad de Las Condes,Municipalidad de Providencia,2384,1,5.78,candidato_sin_verificar
Subsecretaría de Redes Asistenciales,AFP Uno,2384,2,2.44,candidato_sin_verificar
Municipalidad de Las Condes,Universidad de Chile,2383,1,3.26,candidato_sin_verificar
Servicio Electoral,Servicio Nacional del Consumidor,2378,1,1.8,candidato_sin_verificar
Corporación de Fomento de la Producción,Ministerio Público,2372,1,2.46,candidato_sin_verificar
Subsecretaría de Transportes,Poder Judicial,2359,1,2.53,candidato_sin_verificar
Poder Judicial,Servicio Nacional de la Mujer y la Equidad de Género,2338,1,2.85,candidato_sin_verificar
"Ministerio de las Culturas, las Artes y el Patrimonio",Comisión para la Integridad Pública y Transparencia,2331,1,6.5,candidato_sin_verificar
Fondo de Solidaridad e Inversión Social,Servicio de Salud Tarapacá,2331,1,3.6,candidato_sin_verificar
BPO Advisors SpA,Agencia Nacional de Ciberseguridad,2327,1,3.43,candidato_sin_verificar
Instituto Nacional de Estadísticas,Servicio Nacional de Capacitación y Empleo,2327,2,3.24,candidato_sin_verificar
Servicio Agrícola y Ganadero,Carabineros de Chile,2327,2,1.55,candidato_sin_verificar
Junta Nacional de Jardines Infantiles,Subsecretaría de Justicia,2326,1,6.5,candidato_sin_verificar
Subsecretaría de Obras Públicas,E-Cert Chile,2326,1,2.43,candidato_sin_verificar
Subsecretaría de Justicia,Policía de Investigaciones de Chile,2323,1,2.09,candidato_sin_verificar
Superintendencia de Salud,Municipalidad de Peñalolén,2320,1,2.15,candidato_sin_verificar
Subsecretaría de Evaluación Social,Subsecretaría de Desarrollo Regional y Administrativo,2319,2,1.92,candidato_sin_verificar
Poder Judicial,Tribunal Calificador de Elecciones de Chile‎,2313,2,3.57,candidato_sin_verificar
Superintendencia de Salud,AFP Modelo,2306,1,2.68,candidato_sin_verificar
Subsecretaría de Economía y Empresas de Menor Tamaño,Unidad de Análisis Financiero,2304,2,7.13,candidato_sin_verificar
Dirección Nacional del Servicio Civil,Subsecretaría de Bienes Nacionales,2299,1,2.86,candidato_sin_verificar
Comisión para el Mercado Financiero,Unidad de Análisis Financiero,2299,1,2.38,candidato_sin_verificar
Subsecretaría del Trabajo,Subsecretaría de Hacienda,2296,1,1.65,candidato_sin_verificar
Servicio de Salud Tarapacá,Fondo Nacional de Salud,2286,4,2.08,candidato_sin_verificar
Servicio de Evaluación Ambiental,Subsecretaría de Economía y Empresas de Menor Tamaño,2281,5,108.4,candidato_sin_verificar
Comisión para el Mercado Financiero,Superintendencia de Casinos de Juego,2281,1,2.22,candidato_sin_verificar
Carabineros de Chile,Municipalidad de Quilicura,2280,1,1.67,candidato_sin_verificar
Subsecretaría de Educación,Subsecretaría de Telecomunicaciones,2279,2,54.63,candidato_sin_verificar
Comisión para el Mercado Financiero,Fuerza Aérea de Chile,2276,1,2.18,candidato_sin_verificar
Subsecretaría de Salud Pública,Dirección Nacional del Servicio Civil,2266,1,10.94,candidato_sin_verificar
Subsecretaría de Economía y Empresas de Menor Tamaño,Agencia Nacional de Ciberseguridad,2265,1,4.69,candidato_sin_verificar
Contraloría General de la República,Subsecretaría de Educación,2264,1,7.62,candidato_sin_verificar
Contraloría General de la República,Dirección de Educación Pública,2258,1,7.81,candidato_sin_verificar
Subsecretaría de Educación,Subsecretaría de Salud Pública,2258,1,1.98,candidato_sin_verificar
Poder Judicial,Centro de Referencia de Salud de Peñalolén Cordillera Oriente,2249,2,1.45,efecto_base_lift_bajo
Subsecretaría de Transportes,Superintendencia de Electricidad y Combustibles,2248,1,9.32,candidato_sin_verificar
Superintendencia de Electricidad y Combustibles,AFP Uno,2244,1,1.41,efecto_base_lift_bajo
Dirección de Compras y Contratación Pública,Servicio Agrícola y Ganadero,2240,2,5.76,candidato_sin_verificar
Subsecretaría de Salud Pública,docdigital,2233,3,4.13,candidato_sin_verificar
Municipalidad de Valparaíso,Servicio de Cooperación Técnica,2230,1,4.04,candidato_sin_verificar
BPO Advisors SpA,Junta Nacional de Jardines Infantiles,2220,1,1.36,efecto_base_lift_bajo
Universidad de Santiago de Chile,Fondo Nacional de Salud,2215,2,1.85,candidato_sin_verificar
Subsecretaría de Economía y Empresas de Menor Tamaño,Municipalidad de Colina,2212,1,1.63,candidato_sin_verificar
Subsecretaría de Redes Asistenciales,Poder Judicial,2208,2,2.73,candidato_sin_verificar
Subsecretaría de Educación,Junta Nacional de Jardines Infantiles,2205,1,102.28,candidato_sin_verificar
Fondo de Solidaridad e Inversión Social,Junta Nacional de Jardines Infantiles,2201,1,5.47,candidato_sin_verificar
Dirección del Trabajo,Municipalidad de Antofagasta,2201,1,1.35,efecto_base_lift_bajo
Subsecretaría de Redes Asistenciales,Municipalidad de Puente Alto,2195,1,1.65,candidato_sin_verificar
Corporación Nacional de Desarrollo Indígena,Servicio Nacional de Aduanas,2189,1,1.75,candidato_sin_verificar
Municipalidad de Las Condes,Comisión para la Integridad Pública y Transparencia,2179,1,5.76,candidato_sin_verificar
Subsecretaría de Salud Pública,Servicio Electoral,2177,1,1.6,candidato_sin_verificar
Municipalidad de Santiago,Carabineros de Chile,2176,1,2.35,candidato_sin_verificar
Servicio de Impuestos Internos,Municipalidad de Vitacura,2176,1,1.72,candidato_sin_verificar
Subsecretaría de Telecomunicaciones,Servicio de Impuestos Internos,2166,1,2.23,candidato_sin_verificar
Subsecretaría de Salud Pública,Secretaría de Gobierno Digital,2162,2,26.13,candidato_sin_verificar
Secretaría de Gobierno Digital,Servicio de Salud Metropolitano Oriente,2162,1,1.35,efecto_base_lift_bajo
Contraloría General de la República,Caja de Previsión de la Defensa Nacional,2151,2,2.78,candidato_sin_verificar
Agencia de Calidad de la Educación,Superintendencia de Seguridad Social,2144,2,2.51,candidato_sin_verificar
Servicio de Impuestos Internos,Tribunal Calificador de Elecciones de Chile‎,2141,2,1.69,candidato_sin_verificar
Fondo de Solidaridad e Inversión Social,Servicio Nacional de Aduanas,2139,1,2.28,candidato_sin_verificar
Subsecretaría de Telecomunicaciones,Comisión para la Integridad Pública y Transparencia,2137,1,4.5,candidato_sin_verificar
Dirección de Compras y Contratación Pública,Fondo de Solidaridad e Inversión Social,2135,1,2.95,candidato_sin_verificar
Instituto Nacional de Propiedad Industrial,Subsecretaría de Economía y Empresas de Menor Tamaño,2131,2,71.9,candidato_sin_verificar
"Ministerio de las Culturas, las Artes y el Patrimonio",Carabineros de Chile,2124,1,1.54,candidato_sin_verificar
Subsecretaría de Vivienda y Urbanismo,Municipalidad de Peñalolén,2123,1,1.76,candidato_sin_verificar
Servicio de Evaluación Ambiental,Subsecretaría de Evaluación Social,2118,1,2.23,artefacto_vus
Ministerio Público,Corporación Nacional de Desarrollo Indígena,2116,1,1.41,efecto_base_lift_bajo
Subsecretaría de Transportes,Servicio Agrícola y Ganadero,2113,1,21.41,candidato_sin_verificar
Ministerio de Salud,Subsecretaría de Desarrollo Regional y Administrativo,2113,1,2.12,candidato_sin_verificar
Servicio Nacional de Capacitación y Empleo,Ministerio de Transportes y Telecomunicaciones,2103,2,2.41,candidato_sin_verificar
Consejo Nacional de Televisión,Subsecretaría de Transportes,2103,1,2.07,candidato_sin_verificar
Secretaría de Gobierno Digital,Superintendencia de Casinos de Juego,2099,1,1.44,efecto_base_lift_bajo
Instituto de Seguridad Laboral,Subsecretaría de Hacienda,2098,3,5.14,candidato_sin_verificar
Consejo de Defensa del Estado,Fondo Nacional de Salud,2096,2,1.76,candidato_sin_verificar
Subsecretaría de Salud Pública,BPO Advisors SpA,2090,1,2.17,candidato_sin_verificar
Servicio Nacional de la Discapacidad,Subsecretaría de Justicia,2085,1,2.44,candidato_sin_verificar
Subsecretaría de Redes Asistenciales,Subsecretaría de Economía y Empresas de Menor Tamaño,2084,1,1.5,efecto_base_lift_bajo
Subsecretaría del Trabajo,Poder Judicial,2078,1,1.7,candidato_sin_verificar
Dirección de Previsión de Carabineros de Chile,Servicio Nacional de Pesca y Acuicultura,2072,1,3.02,candidato_sin_verificar
Servicio Agrícola y Ganadero,Servicio de Salud Tarapacá,2070,1,1.96,candidato_sin_verificar
Contraloría General de la República,Consejo Nacional de Televisión,2066,1,2.46,candidato_sin_verificar
Comisión Administradora del Sistema de Créditos para Estudios Superiores,Certificadora del Sur,2066,2,1.41,efecto_base_lift_bajo
Servicio de Registro Civil e Identificación,Municipalidad de Zapallar,2065,1,1.24,efecto_base_lift_bajo
Ministerio de Desarrollo Social y Familia,Gobierno Regional de la Región de Coquimbo,2059,1,1.31,efecto_base_lift_bajo
"Ministerio de las Culturas, las Artes y el Patrimonio",Subsecretaría de Salud Pública,2053,1,1.82,candidato_sin_verificar
Municipalidad de Las Condes,Instituto de Seguridad Laboral,2051,1,1.79,candidato_sin_verificar
Subsecretaría de Desarrollo Regional y Administrativo,Subsecretaría de Economía y Empresas de Menor Tamaño,2033,1,2.37,candidato_sin_verificar
Subsecretaría de Evaluación Social,Subsecretaría de Economía y Empresas de Menor Tamaño,2030,1,1.69,candidato_sin_verificar
Servicio de Impuestos Internos,Subsecretaría de Educación Parvularia,2023,1,1.61,candidato_sin_verificar
Superintendencia del Medio Ambiente,Comisión para la Integridad Pública y Transparencia,2020,1,14.18,candidato_sin_verificar
Servicio de Registro Civil e Identificación,Ministerio de Relaciones Exteriores,2019,1,1.3,efecto_base_lift_bajo
Servicio de Impuestos Internos,Secretaría de Gobierno Digital,2012,3,1.79,candidato_sin_verificar
Subsecretaría de Vivienda y Urbanismo,Presidencia de la República,2006,1,3.67,candidato_sin_verificar
Instituto de Desarrollo Agropecuario,Ministerio Público,2006,1,1.94,candidato_sin_verificar
Contraloría General de la República,Junta Nacional de Jardines Infantiles,2001,2,6.31,candidato_sin_verificar
Ministerio del Medio Ambiente,Subsecretaría de Salud Pública,1999,1,2.22,candidato_sin_verificar
Servicio Electoral,Dirección Nacional del Servicio Civil,1997,1,20.4,candidato_sin_verificar
Instituto de Previsión Social,Municipalidad de Valdivia,1993,1,1.41,efecto_base_lift_bajo
Corporación Nacional de Desarrollo Indígena,Servicio Nacional del Consumidor,1991,1,2.1,candidato_sin_verificar
Servicio de Registro Civil e Identificación,Subsecretaría del Deporte,1991,1,1.31,efecto_base_lift_bajo
Dirección del Trabajo,Municipalidad de Valdivia,1990,2,1.39,efecto_base_lift_bajo
Dirección Nacional del Servicio Civil,Caja de Previsión de la Defensa Nacional,1988,1,1.28,efecto_base_lift_bajo
Municipalidad de Temuco,Servicio de Salud Araucanía Sur,1986,2,34.68,candidato_sin_verificar
Servicio Electoral,Subsecretaría de Economía y Empresas de Menor Tamaño,1985,2,10.54,candidato_sin_verificar
Dirección Nacional del Servicio Civil,Certificadora del Sur,1984,1,1.5,efecto_base_lift_bajo
Subsecretaría de Economía y Empresas de Menor Tamaño,Municipalidad de Quilicura,1979,1,2.26,candidato_sin_verificar
Caja de Previsión de la Defensa Nacional,Subsecretaría de Telecomunicaciones,1979,1,1.45,efecto_base_lift_bajo
Subsecretaría de Telecomunicaciones,Subsecretaría de Vivienda y Urbanismo,1977,2,2.67,candidato_sin_verificar
Subsecretaría de Hacienda,Subsecretaría de Evaluación Social,1955,1,9.16,artefacto_vus
Ministerio Público,Municipalidad de Quilicura,1954,1,2.4,candidato_sin_verificar
Poder Judicial,Servicio de Salud Coquimbo,1954,3,2.02,candidato_sin_verificar
Servicio de Registro Civil e Identificación,Defensa Civil de Chile,1953,1,1.35,efecto_base_lift_bajo
Poder Judicial,Ministerio del Medio Ambiente,1952,2,1.42,efecto_base_lift_bajo
Subsecretaría de Justicia,Servicio Nacional del Consumidor,1950,1,1.81,candidato_sin_verificar
Corporación Nacional de Desarrollo Indígena,Subsecretaría de Economía y Empresas de Menor Tamaño,1948,1,2.49,candidato_sin_verificar
ACEPTA.COM S.A.,Subsecretaría de Previsión Social,1945,1,1.95,confirmado_acepta
Comisión Administradora del Sistema de Créditos para Estudios Superiores,Municipalidad de Colina,1943,2,1.87,candidato_sin_verificar
"Ministerio de las Culturas, las Artes y el Patrimonio",Ministerio Público,1939,1,2.07,candidato_sin_verificar
Comisión para el Mercado Financiero,Centro de Referencia de Salud de Peñalolén Cordillera Oriente,1936,1,1.31,efecto_base_lift_bajo
Ministerio de Transportes y Telecomunicaciones,Ministerio Público,1935,1,1.66,candidato_sin_verificar
Superintendencia de Salud,Subsecretaría de Hacienda,1926,2,2.18,candidato_sin_verificar
Sociedad Administradora de Fondos de Cesantía de Chile S.A.,Superintendencia de Casinos de Juego,1925,1,1.52,candidato_sin_verificar
Subsecretaría de Desarrollo Regional y Administrativo,Servicio de Salud Araucanía Sur,1920,1,1.71,candidato_sin_verificar
Servicio de Registro Civil e Identificación,Tribunal Calificador de Elecciones de Chile‎,1917,1,1.32,efecto_base_lift_bajo
Subsecretaría de Obras Públicas,Servicio de Impuestos Internos,1916,1,3.12,candidato_sin_verificar
Subsecretaría de Economía y Empresas de Menor Tamaño,Instituto de Seguridad Laboral,1915,1,5.95,candidato_sin_verificar
Instituto de Seguridad Laboral,Subsecretaría de Desarrollo Regional y Administrativo,1912,1,2.95,candidato_sin_verificar
Ministerio del Medio Ambiente,Ministerio Público,1905,1,2.55,candidato_sin_verificar
Dirección de Previsión de Carabineros de Chile,Subsecretaría de Justicia,1904,1,2.03,candidato_sin_verificar
Universidad de Chile,Subsecretaría de Desarrollo Regional y Administrativo,1902,1,4.59,candidato_sin_verificar
Servicio de Cooperación Técnica,Subsecretaría de Bienes Nacionales,1902,1,4.54,candidato_sin_verificar
Comisión para el Mercado Financiero,Ministerio del Medio Ambiente,1901,1,1.5,candidato_sin_verificar
Dirección del Trabajo,Subsecretaría General de la Presidencia de la República,1900,1,1.74,candidato_sin_verificar
Servicio Nacional de Capacitación y Empleo,Subsecretaría de Vivienda y Urbanismo,1898,2,4.95,candidato_sin_verificar
Dirección General del Territorio Marítimo y de Marina Mercante,Ministerio Público,1897,1,1.37,efecto_base_lift_bajo
Municipalidad de Ñuñoa,Universidad de Chile,1894,1,5.24,candidato_sin_verificar
Instituto de Previsión Social,Dirección de Contabilidad y Finanzas,1893,2,1.63,candidato_sin_verificar
Servicio Electoral,Tribunal Calificador de Elecciones de Chile‎,1891,2,6.6,candidato_sin_verificar
Subsecretaría del Interior,Poder Judicial,1888,1,29.46,candidato_sin_verificar
Secretaría de Gobierno Digital,Fuerza Aérea de Chile,1885,1,1.28,efecto_base_lift_bajo
Subsecretaría de Transportes,Municipalidad de Providencia,1883,1,11.76,candidato_sin_verificar
Dirección Nacional del Servicio Civil,Municipalidad de Colina,1882,1,2.05,candidato_sin_verificar
Servicio Agrícola y Ganadero,Poder Judicial,1877,1,2.94,candidato_sin_verificar
Subsecretaría de Vivienda y Urbanismo,Certificadora del Sur,1876,1,1.82,candidato_sin_verificar
Servicio Nacional del Patrimonio Cultural,Subsecretaría de Justicia,1869,1,2.28,candidato_sin_verificar
Instituto de Desarrollo Agropecuario,AFP Uno,1869,1,1.93,candidato_sin_verificar
ACEPTA.COM S.A.,Municipalidad de Puente Alto,1865,1,1.27,confirmado_acepta
Servicio de Impuestos Internos,Agencia Nacional de Ciberseguridad,1862,1,2.63,candidato_sin_verificar
Fondo de Solidaridad e Inversión Social,Ministerio del Interior,1859,1,4.18,candidato_sin_verificar
Municipalidad de Los Angeles,Ministerio Público,1859,1,1.79,candidato_sin_verificar
Defensoría Penal Pública,Consejo Nacional de Televisión,1854,1,1.94,candidato_sin_verificar
Servicio Nacional de Capacitación y Empleo,Defensoría Penal Pública,1853,1,1.73,candidato_sin_verificar
Fondo de Solidaridad e Inversión Social,Municipalidad de Puente Alto,1846,1,2.72,candidato_sin_verificar
Servicio Agrícola y Ganadero,Dirección General de Movilización Nacional,1841,1,4.36,candidato_sin_verificar
Instituto de Desarrollo Agropecuario,Subsecretaría de Economía y Empresas de Menor Tamaño,1839,2,5.86,candidato_sin_verificar
Dirección del Trabajo,Municipalidad de Coronel,1839,1,1.45,efecto_base_lift_bajo
Comisión para el Mercado Financiero,Municipalidad de Vitacura,1835,1,2.1,candidato_sin_verificar
Poder Judicial,Municipalidad de Vitacura,1833,2,1.94,candidato_sin_verificar
Subsecretaría de Educación,Comisión para la Integridad Pública y Transparencia,1832,2,1.97,candidato_sin_verificar
Subsecretaría de Redes Asistenciales,Centro de Referencia de Salud de Peñalolén Cordillera Oriente,1830,2,10.85,candidato_sin_verificar
Ministerio de Desarrollo Social y Familia,Servicio Nacional para la Prevención y Rehabilitación del Consumo de Drogas y Alcohol,1830,1,1.42,efecto_base_lift_bajo
Municipalidad de Valparaíso,Subsecretaría de Redes Asistenciales,1829,2,1.56,candidato_sin_verificar
Poder Judicial,Municipalidad de Santiago,1825,2,1.91,candidato_sin_verificar
Subsecretaría de Salud Pública,Instituto de Salud Pública de Chile,1824,2,4.41,candidato_sin_verificar
Central de Abastecimiento del Sistema Nacional de Servicios de Salud,Subsecretaría de Redes Asistenciales,1824,2,3.26,candidato_sin_verificar
Contraloría General de la República,Subsecretaría del Interior,1821,1,13.44,candidato_sin_verificar
Instituto de Previsión Social,Consejo de Defensa del Estado,1819,2,3.0,candidato_sin_verificar
Poder Judicial,Servicio de Salud Maule,1819,2,1.93,candidato_sin_verificar
Servicio de Cooperación Técnica,Servicio de Impuestos Internos,1813,1,4.84,candidato_sin_verificar
Subsecretaría de Telecomunicaciones,Subsecretaría de Economía y Empresas de Menor Tamaño,1808,1,2.73,candidato_sin_verificar
Subsecretaría de Economía y Empresas de Menor Tamaño,AFP Uno,1795,1,1.34,efecto_base_lift_bajo
Contraloría General de la República,Servicio Agrícola y Ganadero,1791,1,3.31,candidato_sin_verificar
Servicio de Salud Maule,Municipalidad de San Clemente,1787,1,32.36,candidato_sin_verificar
Dirección Nacional del Servicio Civil,Servicio Nacional de Protección Especializada a la Niñez y Adolescencia,1786,1,12.08,candidato_sin_verificar
Subsecretaría General de la Presidencia de la República,Fondo de Solidaridad e Inversión Social,1781,1,2.29,candidato_sin_verificar
Poder Judicial,Fuerza Aérea de Chile,1772,2,1.55,candidato_sin_verificar
Ministerio Público,Junta Nacional de Jardines Infantiles,1765,1,1.63,candidato_sin_verificar
Subsecretaría de Economía y Empresas de Menor Tamaño,Municipalidad de Vitacura,1764,1,9.02,candidato_sin_verificar
BPO Advisors SpA,Subsecretaría de Prevención del Delito,1758,1,1.79,candidato_sin_verificar
Dirección Nacional del Servicio Civil,Municipalidad de Valdivia,1751,3,3.71,candidato_sin_verificar
Municipalidad de Las Condes,Dirección General de Movilización Nacional,1748,1,2.92,candidato_sin_verificar
Subsecretaría del Trabajo,Municipalidad de Quilicura,1748,1,1.56,candidato_sin_verificar
Corporación Nacional de Desarrollo Indígena,Subsecretaría de Bienes Nacionales,1741,1,3.26,candidato_sin_verificar
Superintendencia del Medio Ambiente,Subsecretaría de Redes Asistenciales,1740,1,2.12,candidato_sin_verificar
Fondo de Solidaridad e Inversión Social,Dirección General del Crédito Prendario,1736,2,3.16,candidato_sin_verificar
Universidad de Santiago de Chile,Subsecretaría de Redes Asistenciales,1734,1,1.89,candidato_sin_verificar
Instituto Nacional de Estadísticas,Servicio de Salud Maule,1728,2,1.96,candidato_sin_verificar
Dirección de Previsión de Carabineros de Chile,Servicio Nacional de Aduanas,1726,2,3.94,candidato_sin_verificar
Instituto de Previsión Social,Municipalidad de Temuco,1726,2,1.62,candidato_sin_verificar
Servicio Agrícola y Ganadero,Subsecretaría de Evaluación Social,1724,1,1.41,artefacto_vus
Subsecretaría de Bienes Nacionales,Servicio de Impuestos Internos,1722,2,2.96,candidato_sin_verificar
Ministerio Público,Fondo Nacional de Salud,1716,1,2.16,candidato_sin_verificar
Subsecretaría de Redes Asistenciales,Thomas-Signe Chile S.A,1712,1,1.35,efecto_base_lift_bajo
Universidad de La Frontera,Consejo Nacional de Televisión,1708,1,2.16,candidato_sin_verificar
Ministerio de Salud,Servicio de Salud Araucanía Sur,1708,1,1.39,efecto_base_lift_bajo
E-Sign S.A.,Municipalidad de Quilicura,1706,1,1.45,efecto_base_lift_bajo
Dirección Nacional del Servicio Civil,Senado,1704,1,3.79,candidato_sin_verificar
Subsecretaría de Economía y Empresas de Menor Tamaño,Municipalidad de Santiago,1700,2,6.32,candidato_sin_verificar
Servicio Agrícola y Ganadero,Municipalidad de Temuco,1700,2,1.53,candidato_sin_verificar
Dirección General de Movilización Nacional,Servicio de Impuestos Internos,1695,1,2.51,candidato_sin_verificar
Dirección de Previsión de Carabineros de Chile,Superintendencia de Electricidad y Combustibles,1695,1,1.48,efecto_base_lift_bajo
Dirección General de Movilización Nacional,Subsecretaría de Prevención del Delito,1691,1,3.9,candidato_sin_verificar
Superintendencia de Salud,Subsecretaría de Justicia,1690,1,2.08,candidato_sin_verificar
Ministerio del Medio Ambiente,Subsecretaría de Justicia,1690,1,1.26,efecto_base_lift_bajo
Subsecretaría de Evaluación Social,Subsecretaría de Derechos Humanos,1688,1,1.28,efecto_base_lift_bajo
Sociedad Administradora de Fondos de Cesantía de Chile S.A.,Servicio de Salud Maule,1685,1,1.46,efecto_base_lift_bajo
Municipalidad de Las Condes,Superintendencia de Insolvencia y Reemprendimiento,1679,1,2.45,candidato_sin_verificar
Subsecretaría de Telecomunicaciones,Subsecretaría del Trabajo,1679,1,1.99,candidato_sin_verificar
Subsecretaría de Redes Asistenciales,Subsecretaría para las Fuerzas Armadas,1674,1,1.81,candidato_sin_verificar
Redin,Servicio Nacional del Patrimonio Cultural,1673,1,1.92,candidato_sin_verificar
Servicio de Impuestos Internos,Dirección del Trabajo,1671,1,2.13,candidato_sin_verificar
Contraloría General de la República,Subsecretaría General de Gobierno,1668,1,18.92,candidato_sin_verificar
Servicio Nacional de Aduanas,Subsecretaría de Justicia,1667,1,2.0,candidato_sin_verificar
Dirección General de Movilización Nacional,Municipalidad de Colina,1664,1,1.98,candidato_sin_verificar
Secretaría de Gobierno Digital,Municipalidad de Vitacura,1664,1,1.35,efecto_base_lift_bajo
Poder Judicial,Instituto Nacional de Derechos Humanos,1661,2,3.39,candidato_sin_verificar
Comisión para el Mercado Financiero,Subsecretaría de Educación,1661,1,1.74,candidato_sin_verificar
Subsecretaría del Trabajo,Subsecretaría de Transportes,1655,1,1.54,candidato_sin_verificar
Subsecretaría de Hacienda,Fondo de Solidaridad e Inversión Social,1654,1,23.32,candidato_sin_verificar
Subsecretaría de Servicios Sociales,Carabineros de Chile,1653,1,1.89,candidato_sin_verificar
Dirección General de Aeronáutica Civil,Fondo Nacional de Salud,1652,2,1.71,candidato_sin_verificar
Subsecretaría de Evaluación Social,Junta Nacional de Jardines Infantiles,1646,2,2.11,candidato_sin_verificar
Servicio de Evaluación Ambiental,Subsecretaría de Salud Pública,1644,1,2.22,candidato_sin_verificar
Subsecretaría de Evaluación Social,Municipalidad de Recoleta,1643,1,5.82,candidato_sin_verificar
Agencia de Calidad de la Educación,Subsecretaría de Salud Pública,1640,2,4.35,candidato_sin_verificar
BPO Advisors SpA,Municipalidad de Antofagasta,1633,1,2.22,candidato_sin_verificar
Hospital Regional de Arica y Parinacota Dr. Juan Noé Crevani,Subsecretaría de Evaluación Social,1631,1,3.96,artefacto_vus
Dirección de Compras y Contratación Pública,Caja de Previsión de la Defensa Nacional,1630,1,1.43,efecto_base_lift_bajo
Municipalidad de Ñuñoa,Subsecretaría de Vivienda y Urbanismo,1630,1,1.28,efecto_base_lift_bajo
Subsecretaría de Desarrollo Regional y Administrativo,AFP Modelo,1624,1,2.7,candidato_sin_verificar
Servicio Nacional de Capacitación y Empleo,Centro de Referencia de Salud de Peñalolén Cordillera Oriente,1624,1,1.48,efecto_base_lift_bajo
Superintendencia de Salud,Certificadora del Sur,1620,1,1.77,candidato_sin_verificar
Subsecretaría de Obras Públicas,Subsecretaría de Salud Pública,1616,1,2.08,candidato_sin_verificar
Instituto de Previsión Social,Servicio de Salud Maule,1615,1,2.0,candidato_sin_verificar
Comisión Administradora del Sistema de Créditos para Estudios Superiores,Subsecretaría de Bienes Nacionales,1614,2,1.94,candidato_sin_verificar
Sociedad Administradora de Fondos de Cesantía de Chile S.A.,Fuerza Aérea de Chile,1612,1,1.25,efecto_base_lift_bajo
Corporación Nacional de Desarrollo Indígena,Subsecretaría de Desarrollo Regional y Administrativo,1611,1,1.29,efecto_base_lift_bajo
Subsecretaría de Redes Asistenciales,Municipalidad de Padre Hurtado,1605,2,7.04,candidato_sin_verificar
Servicio Nacional del Consumidor,Municipalidad de Padre Hurtado,1604,1,2.36,candidato_sin_verificar
Fondo de Solidaridad e Inversión Social,Subsecretaría de Derechos Humanos,1599,1,1.37,efecto_base_lift_bajo
Servicio Nacional del Consumidor,Subsecretaría General de la Presidencia de la República,1597,1,2.86,candidato_sin_verificar
Subsecretaría de Justicia,Municipalidad de Puente Alto,1594,1,1.87,candidato_sin_verificar
Servicio Nacional del Patrimonio Cultural,Poder Judicial,1593,1,3.5,candidato_sin_verificar
Dirección del Trabajo,Dirección de Vialidad,1591,1,2.59,candidato_sin_verificar
Dirección de Compras y Contratación Pública,Comisión Administradora del Sistema de Créditos para Estudios Superiores,1587,1,2.03,candidato_sin_verificar
Servicio de Registro Civil e Identificación,Centro de Formación Técnica de la Región de Tarapacá,1585,1,1.37,efecto_base_lift_bajo
Subsecretaría de Justicia,Superintendencia de Insolvencia y Reemprendimiento,1583,1,2.69,candidato_sin_verificar
Servicio de Impuestos Internos,Servicio de Salud Tarapacá,1583,1,1.65,candidato_sin_verificar
Gendarmería de Chile,Dirección General de Movilización Nacional,1580,1,9.2,candidato_sin_verificar
Instituto de Previsión Social,Municipalidad de San Pedro de la Paz,1577,1,1.24,efecto_base_lift_bajo
Servicio de Cooperación Técnica,Servicio Nacional de la Mujer y la Equidad de Género,1573,1,15.59,candidato_sin_verificar
Universidad de La Frontera,Comisión para la Integridad Pública y Transparencia,1568,1,1.46,efecto_base_lift_bajo
Servicio Nacional del Consumidor,docdigital,1567,1,2.51,candidato_sin_verificar
Subsecretaría General de la Presidencia de la República,Junta Nacional de Jardines Infantiles,1566,1,21.29,candidato_sin_verificar
Superintendencia de Salud,Poder Judicial,1563,1,3.46,candidato_sin_verificar
Superintendencia de Electricidad y Combustibles,Subsecretaría de Economía y Empresas de Menor Tamaño,1560,1,4.73,candidato_sin_verificar
Subsecretaría de Transportes,Subsecretaría General de la Presidencia de la República,1559,2,34.96,candidato_sin_verificar
Servicio de Salud Tarapacá,Secretaría de Gobierno Digital,1558,1,13.3,candidato_sin_verificar
Dirección de Compras y Contratación Pública,Servicio Nacional de Aduanas,1556,3,3.5,candidato_sin_verificar
Subsecretaría de Salud Pública,Subsecretaría de Educación,1555,1,4.02,candidato_sin_verificar
Servicio de Impuestos Internos,docdigital,1553,1,2.7,candidato_sin_verificar
Subsecretaría de Salud Pública,Subsecretaría de Transportes,1549,2,4.37,candidato_sin_verificar
Subsecretaría de Salud Pública,Poder Judicial,1548,2,3.2,candidato_sin_verificar
Servicio Nacional del Consumidor,Instituto de Salud Pública de Chile,1545,1,2.51,candidato_sin_verificar
Servicio Agrícola y Ganadero,Instituto Nacional de Deportes de Chile,1542,2,3.15,candidato_sin_verificar
Servicio Nacional de Capacitación y Empleo,Municipalidad de Valdivia,1541,1,1.4,efecto_base_lift_bajo
Dirección Nacional del Servicio Civil,Subsecretaría General de la Presidencia de la República,1539,2,16.19,candidato_sin_verificar
Contraloría General de la República,Comisión Administradora del Sistema de Créditos para Estudios Superiores,1539,2,1.98,candidato_sin_verificar
Servicio Agrícola y Ganadero,Dirección General del Crédito Prendario,1537,1,2.47,candidato_sin_verificar
Universidad de La Frontera,Dirección Nacional del Servicio Civil,1536,1,1.93,candidato_sin_verificar
Comisión Administradora del Sistema de Créditos para Estudios Superiores,Subsecretaría de Hacienda,1536,2,1.58,candidato_sin_verificar
Servicio Electoral,docdigital,1535,1,1.97,candidato_sin_verificar
BPO Advisors SpA,Municipalidad de Valdivia,1534,2,2.52,candidato_sin_verificar
Servicio de Salud Arica y Parinacota,Superintendencia de Electricidad y Combustibles,1534,1,2.51,candidato_sin_verificar
Servicio Agrícola y Ganadero,Fondo Nacional de Salud,1532,1,1.54,candidato_sin_verificar
Subsecretaría de Bienes Nacionales,Servicio Nacional del Consumidor,1531,1,2.85,candidato_sin_verificar
Junta Nacional de Jardines Infantiles,Fondo Nacional de Salud,1529,2,2.72,candidato_sin_verificar
Instituto de Desarrollo Agropecuario,Dirección del Trabajo,1527,1,3.96,candidato_sin_verificar
Consejo Nacional de Televisión,Subsecretaría de Justicia,1527,1,1.77,candidato_sin_verificar
Servicio Nacional de Capacitación y Empleo,Superintendencia de Pensiones,1518,1,2.2,candidato_sin_verificar
Fondo Nacional de Salud,Municipalidad de Coronel,1518,1,1.27,efecto_base_lift_bajo
Dirección General de Movilización Nacional,Subsecretaría de Bienes Nacionales,1517,1,2.06,candidato_sin_verificar
Servicio de Evaluación Ambiental,Subsecretaría de Desarrollo Regional y Administrativo,1515,2,7.28,candidato_sin_verificar
Gendarmería de Chile,Subsecretaría de Educación,1515,1,3.47,candidato_sin_verificar
e-Process,Subsecretaría General de Gobierno,1508,1,45.34,candidato_sin_verificar
Servicio de Tesorerías,Consejo de Defensa del Estado,1504,1,2.04,candidato_sin_verificar
Servicio de Impuestos Internos,Municipalidad de Zapallar,1503,1,1.41,efecto_base_lift_bajo
Ministerio Público,Defensoría Penal Pública,1501,1,1.79,candidato_sin_verificar
Ministerio Público,Servicio Nacional de Aduanas,1500,2,7.74,candidato_sin_verificar
Servicio de Registro Civil e Identificación,Ejército de Chile,1496,1,1.33,efecto_base_lift_bajo
Poder Judicial,Municipalidad de Villarrica,1492,2,1.66,candidato_sin_verificar
Dirección de Compras y Contratación Pública,Junta Nacional de Jardines Infantiles,1491,2,4.09,candidato_sin_verificar
Instituto de Previsión Social,Servicio de Salud Magallanes,1490,1,1.52,candidato_sin_verificar
Sociedad Administradora de Fondos de Cesantía de Chile S.A.,Municipalidad de Vitacura,1488,1,1.39,efecto_base_lift_bajo
Subsecretaría de Vivienda y Urbanismo,Caja de Previsión de la Defensa Nacional,1486,1,1.23,efecto_base_lift_bajo
Subsecretaría General de la Presidencia de la República,Fondo Nacional de Salud,1486,1,1.22,efecto_base_lift_bajo
Instituto Nacional de Propiedad Industrial,Poder Judicial,1482,1,9.28,candidato_sin_verificar
ACEPTA.COM S.A.,Municipalidad de Quilicura,1482,1,1.92,confirmado_acepta
Subsecretaría General de Gobierno,Poder Judicial,1481,2,2.03,candidato_sin_verificar
Municipalidad de Las Condes,Subsecretaría de Telecomunicaciones,1478,1,3.28,candidato_sin_verificar
Ministerio de Desarrollo Social y Familia,Municipalidad de Angol,1474,1,1.46,efecto_base_lift_bajo
Servicio Electoral,Subsecretaría General de la Presidencia de la República,1473,1,2.11,candidato_sin_verificar
Dirección del Trabajo,Instituto de Salud Pública de Chile,1465,1,1.22,efecto_base_lift_bajo
Dirección Nacional del Servicio Civil,Municipalidad de Santiago,1464,2,3.17,candidato_sin_verificar
Ministerio del Medio Ambiente,Dirección del Trabajo,1452,1,5.2,candidato_sin_verificar
Dirección de Compras y Contratación Pública,Ministerio de Transportes y Telecomunicaciones,1451,2,1.54,candidato_sin_verificar
Ministerio Público,Municipalidad de Santiago,1440,1,4.95,candidato_sin_verificar
Subsecretaría de Desarrollo Regional y Administrativo,Subsecretaría de Justicia,1440,1,2.54,candidato_sin_verificar
Subsecretaría de Derechos Humanos,Comisión para la Integridad Pública y Transparencia,1438,1,6.5,candidato_sin_verificar
Servicio Agrícola y Ganadero,Superintendencia de Insolvencia y Reemprendimiento,1436,1,1.88,candidato_sin_verificar
Servicio de Salud Metropolitano Sur Oriente,Ministerio Público,1436,1,1.39,efecto_base_lift_bajo
E-Cert Chile,Municipalidad de Vitacura,1429,1,3.2,candidato_sin_verificar
Superintendencia de Seguridad Social,Subsecretaría de Transportes,1428,2,2.43,candidato_sin_verificar
ACEPTA.COM S.A.,Servicio de Salud Libertador General Bernardo O'Higgins,1425,1,1.58,confirmado_acepta
Subsecretaría de Previsión Social,Subsecretaría de Evaluación Social,1421,2,4.11,artefacto_vus
Dirección de Previsión de Carabineros de Chile,Subsecretaría de Telecomunicaciones,1419,1,1.88,candidato_sin_verificar
Superintendencia de Servicios Sanitarios,Subsecretaría de Redes Asistenciales,1417,1,2.33,candidato_sin_verificar
Municipalidad de Valparaíso,Fondo de Solidaridad e Inversión Social,1413,1,7.71,candidato_sin_verificar
Ministerio del Interior,Contraloría General de la República,1411,1,33.33,candidato_sin_verificar
Servicio de Impuestos Internos,Municipalidad de Lo Barnechea,1409,1,1.43,efecto_base_lift_bajo
Servicio Nacional de Pesca y Acuicultura,Ministerio Público,1409,1,1.25,efecto_base_lift_bajo
Comisión Administradora del Sistema de Créditos para Estudios Superiores,Senado,1408,1,2.98,candidato_sin_verificar
Ministerio de Educación,Subsecretaría de Previsión Social,1406,1,4.97,candidato_sin_verificar
Servicio Agrícola y Ganadero,Superintendencia de Educación Superior,1399,1,1.68,candidato_sin_verificar
Defensoría Penal Pública,Fondo de Solidaridad e Inversión Social,1397,1,1.43,efecto_base_lift_bajo
Dirección Nacional del Servicio Civil,Hospital Regional de Talca,1395,1,2.74,candidato_sin_verificar
Servicio Nacional del Consumidor,Municipalidad de Antofagasta,1394,1,1.68,candidato_sin_verificar
Subsecretaría de Evaluación Social,AFP Modelo,1391,1,1.65,candidato_sin_verificar
Subsecretaría de Telecomunicaciones,Dirección Nacional del Servicio Civil,1390,1,3.09,candidato_sin_verificar
Superintendencia de Salud,Municipalidad de Colina,1390,1,2.19,candidato_sin_verificar
Subsecretaría General de la Presidencia de la República,Consejo Nacional de Televisión,1389,1,3.67,candidato_sin_verificar
Ministerio de Bienes Nacionales,Servicio de Impuestos Internos,1388,1,2.29,candidato_sin_verificar
Dirección de Compras y Contratación Pública,Instituto de Desarrollo Agropecuario,1387,1,2.92,candidato_sin_verificar
Instituto de Previsión Social,Servicio de Salud Biobío,1386,1,1.58,candidato_sin_verificar
Contraloría General de la República,Servicio de Salud Araucanía Sur,1384,1,1.83,candidato_sin_verificar
Policía de Investigaciones de Chile,Subsecretaría de Redes Asistenciales,1382,1,2.01,candidato_sin_verificar
E-Cert Chile,Fuerza Aérea de Chile,1380,1,2.58,candidato_sin_verificar
Gendarmería de Chile,Servicio Nacional del Patrimonio Cultural,1380,1,2.06,candidato_sin_verificar
Municipalidad de Los Angeles,AFP Uno,1379,1,1.42,efecto_base_lift_bajo
Fondo de Solidaridad e Inversión Social,Servicio de Salud Libertador General Bernardo O'Higgins,1378,1,3.3,candidato_sin_verificar
Subsecretaría General de la Presidencia de la República,Subsecretaría de Transportes,1376,2,43.92,candidato_sin_verificar
Servicio Nacional de Capacitación y Empleo,Superintendencia de Electricidad y Combustibles,1374,1,1.23,efecto_base_lift_bajo
Servicio de Impuestos Internos,Servicio de Salud Coquimbo,1373,2,1.38,efecto_base_lift_bajo
Ministerio de Desarrollo Social y Familia,Corporación Nacional Forestal y de Protección de Recursos Naturales Renovables,1373,1,1.26,efecto_base_lift_bajo
Sociedad Administradora de Fondos de Cesantía de Chile S.A.,Defensa Civil de Chile,1370,1,1.74,candidato_sin_verificar
Contraloría General de la República,Servicio Nacional de Aduanas,1369,1,2.24,candidato_sin_verificar
Servicio de Registro Civil e Identificación,Instituto Nacional de Derechos Humanos,1369,1,1.28,efecto_base_lift_bajo
Subsecretaría de Justicia,Servicio de Salud Metropolitano Oriente,1369,1,1.25,efecto_base_lift_bajo
Subsecretaría de Economía y Empresas de Menor Tamaño,AFP Cuprum,1364,1,2.05,candidato_sin_verificar
Subsecretaría de Justicia,Superintendencia del Medio Ambiente,1363,1,1.44,efecto_base_lift_bajo
Subsecretaría de Evaluación Social,AFP Uno,1359,2,2.02,candidato_sin_verificar
Dirección General de Movilización Nacional,Subsecretaría de Justicia,1359,1,1.27,efecto_base_lift_bajo
Dirección General de Aeronáutica Civil,Carabineros de Chile,1357,1,2.77,candidato_sin_verificar
Servicio de Salud Arica y Parinacota,Ministerio Público,1357,1,1.54,candidato_sin_verificar
Dirección del Trabajo,Municipalidad de Vitacura,1354,1,2.23,candidato_sin_verificar
Comisión Administradora del Sistema de Créditos para Estudios Superiores,Servicio de Impuestos Internos,1354,1,1.79,candidato_sin_verificar
Subsecretaría de Evaluación Social,Municipalidad de Colina,1353,1,2.17,candidato_sin_verificar
Instituto de Seguridad Laboral,Subsecretaría de Vivienda y Urbanismo,1353,1,2.16,candidato_sin_verificar
Contraloría General de la República,Carabineros de Chile,1352,1,1.62,candidato_sin_verificar
Ministerio de Desarrollo Social y Familia,Defensa Civil de Chile,1349,1,1.5,efecto_base_lift_bajo
Ministerio del Medio Ambiente,Dirección General de Movilización Nacional,1347,1,2.98,candidato_sin_verificar
Poder Judicial,Servicio Local de Educación Pública de Chinchorro,1346,2,1.76,candidato_sin_verificar
Subsecretaría de Educación,Ministerio de Educación,1342,1,20.01,candidato_sin_verificar
Subsecretaría de Economía y Empresas de Menor Tamaño,Municipalidad de Viña del Mar,1339,1,4.62,candidato_sin_verificar
Subsecretaría de Desarrollo Regional y Administrativo,Certificadora del Sur,1339,1,2.09,candidato_sin_verificar
Servicio de Cooperación Técnica,AFP Modelo,1335,1,2.06,candidato_sin_verificar
Fondo Nacional de Salud,Defensa Civil de Chile,1332,1,1.71,candidato_sin_verificar
Ministerio de Desarrollo Social y Familia,Centro de Formación Técnica de la Región de Tarapacá,1331,1,1.85,candidato_sin_verificar
Dirección de Compras y Contratación Pública,Municipalidad de Valdivia,1330,2,7.6,candidato_sin_verificar
Servicio de Impuestos Internos,Dirección General del Crédito Prendario,1327,1,1.88,candidato_sin_verificar
Servicio Agrícola y Ganadero,Unidad Administradora de los Tribunales Tributarios y Aduaneros,1325,1,4.91,candidato_sin_verificar
"Ministerio de las Culturas, las Artes y el Patrimonio",Subsecretaría de Hacienda,1324,1,13.91,candidato_sin_verificar
Subsecretaría de Evaluación Social,Servicio Nacional del Consumidor,1321,1,1.37,efecto_base_lift_bajo
Fondo de Solidaridad e Inversión Social,Comisión para la Integridad Pública y Transparencia,1320,1,2.18,candidato_sin_verificar
Servicio de Impuestos Internos,Instituto Nacional de la Juventud,1319,1,1.28,efecto_base_lift_bajo
Secretaría de Gobierno Digital,Servicio Local de Educación Pública de Chinchorro,1319,1,1.23,efecto_base_lift_bajo
Subsecretaría de Obras Públicas,Contraloría General de la República,1318,1,24.56,candidato_sin_verificar
Subsecretaría de Desarrollo Regional y Administrativo,Servicio Agrícola y Ganadero,1317,1,9.71,candidato_sin_verificar
Subsecretaría de Transportes,Contraloría General de la República,1312,1,5.37,candidato_sin_verificar
Subsecretaría General de la Presidencia de la República,Municipalidad de La Florida,1310,1,1.62,candidato_sin_verificar
BPO Advisors SpA,docdigital,1306,1,2.37,candidato_sin_verificar
Comisión para el Mercado Financiero,Servicio de Salud Maule,1304,1,1.4,efecto_base_lift_bajo
Corporación Nacional de Desarrollo Indígena,Junta Nacional de Jardines Infantiles,1303,1,2.48,candidato_sin_verificar
Servicio Agrícola y Ganadero,Municipalidad de Puerto Montt,1302,1,2.54,candidato_sin_verificar
Ministerio del Medio Ambiente,Fondo Nacional de Salud,1296,1,1.21,efecto_base_lift_bajo
Ministerio Público,Servicio Nacional de Pesca y Acuicultura,1291,1,4.62,candidato_sin_verificar
Dirección del Trabajo,Superintendencia de Insolvencia y Reemprendimiento,1289,1,2.4,candidato_sin_verificar
Servicio de Impuestos Internos,Ministerio de Relaciones Exteriores,1288,1,1.3,efecto_base_lift_bajo
Superintendencia del Medio Ambiente,Ministerio Público,1286,1,3.46,candidato_sin_verificar
Subsecretaría de Vivienda y Urbanismo,Municipalidad de Padre Hurtado,1286,2,2.35,candidato_sin_verificar
Servicio de Registro Civil e Identificación,Municipalidad de San Antonio,1284,1,1.2,efecto_base_lift_bajo
Servicio de Salud Arica y Parinacota,Subsecretaría de Salud Pública,1281,1,1.21,efecto_base_lift_bajo
Subsecretaría General de Gobierno,Subsecretaría de Desarrollo Regional y Administrativo,1280,1,5.75,candidato_sin_verificar
Subsecretaría de Salud Pública,Subsecretaría de Hacienda,1280,2,2.03,candidato_sin_verificar
Dirección de Previsión de Carabineros de Chile,Superintendencia de Educación,1280,1,1.77,candidato_sin_verificar
Servicio de Registro Civil e Identificación,Municipalidad de Peñaflor,1279,1,1.31,efecto_base_lift_bajo
Servicio de Salud Maule,Subsecretaría de Educación,1277,2,2.12,candidato_sin_verificar
Dirección de Previsión de Carabineros de Chile,Sanidad Naval de la Armada de Chile,1272,1,2.9,candidato_sin_verificar
Dirección General del Territorio Marítimo y de Marina Mercante,Comisión para la Integridad Pública y Transparencia,1271,1,2.39,candidato_sin_verificar
Sociedad Administradora de Fondos de Cesantía de Chile S.A.,Servicio de Salud Tarapacá,1270,1,1.55,candidato_sin_verificar
Subsecretaría de Salud Pública,Municipalidad de Colina,1268,2,1.64,candidato_sin_verificar
Certinet S.A.,Subsecretaría de Transportes,1267,1,2.01,candidato_sin_verificar
Dirección del Trabajo,Ministerio del Medio Ambiente,1260,1,1.43,efecto_base_lift_bajo
Subsecretaría de Redes Asistenciales,Hospital Regional de Talca,1258,1,2.09,candidato_sin_verificar
Defensoría Penal Pública,Fondo Nacional de Salud,1258,2,1.38,efecto_base_lift_bajo
Fondo Nacional de Salud,Corporación Nacional Forestal y de Protección de Recursos Naturales Renovables,1258,1,1.34,efecto_base_lift_bajo
Defensoría Penal Pública,Servicio de Salud Araucanía Sur,1257,1,1.47,efecto_base_lift_bajo
Subsecretaría de Economía y Empresas de Menor Tamaño,Municipalidad de Antofagasta,1255,1,2.39,candidato_sin_verificar
Subsecretaría de Salud Pública,Certificadora del Sur,1253,1,2.23,candidato_sin_verificar
Servicio de Tesorerías,Fuerza Aérea de Chile,1250,1,2.64,candidato_sin_verificar
Subsecretaría de Justicia,Poder Judicial,1248,1,2.54,candidato_sin_verificar
Instituto de Previsión Social,Servicio de Salud Coquimbo,1246,2,1.89,candidato_sin_verificar
Servicio de Tesorerías,Servicio Nacional de Geología y Minería,1245,2,4.47,candidato_sin_verificar
Municipalidad de Las Condes,Consejo Nacional de Televisión,1244,2,3.28,candidato_sin_verificar
Servicio de Salud Arica y Parinacota,AFP Uno,1244,1,1.51,candidato_sin_verificar
Servicio de Registro Civil e Identificación,Servicio Local de Educación Pública de Colchagua,1244,1,1.38,efecto_base_lift_bajo
Universidad de Tarapacá,Subsecretaría de Evaluación Social,1239,2,3.87,artefacto_vus
Subsecretaría de Transportes,Superintendencia de Pensiones,1239,2,1.67,candidato_sin_verificar
Dirección de Educación Pública,Comisión para la Integridad Pública y Transparencia,1237,1,12.24,candidato_sin_verificar
Subsecretaría de Redes Asistenciales,Instituto Nacional de Deportes de Chile,1235,1,2.0,candidato_sin_verificar
Servicio de Tesorerías,Secretaría de Gobierno Digital,1231,2,2.71,candidato_sin_verificar
Municipalidad de Las Condes,Servicio de Salud Metropolitano Oriente,1230,1,7.85,candidato_sin_verificar
Servicio Nacional de Capacitación y Empleo,Superintendencia de Educación,1227,1,1.73,candidato_sin_verificar
Ministerio de Salud,Subsecretaría de Bienes Nacionales,1225,1,2.88,candidato_sin_verificar
Contraloría General de la República,Superintendencia de Salud,1222,1,2.36,candidato_sin_verificar
Servicio Nacional de Aduanas,Subsecretaría de Redes Asistenciales,1222,1,1.32,efecto_base_lift_bajo
Universidad de La Frontera,Servicio de Salud Araucanía Sur,1216,1,1.71,candidato_sin_verificar
Municipalidad de Ñuñoa,Instituto de Seguridad Laboral,1214,1,2.15,candidato_sin_verificar
Subsecretaría de Redes Asistenciales,Superintendencia de Seguridad Social,1214,1,1.66,candidato_sin_verificar
Subsecretaría de Vivienda y Urbanismo,Municipalidad de Quilicura,1214,1,1.62,candidato_sin_verificar
ACEPTA.COM S.A.,Instituto Nacional de Deportes de Chile,1213,1,1.79,confirmado_acepta
Servicio Nacional del Consumidor,Agencia Nacional de Investigación y Desarrollo,1211,1,3.26,candidato_sin_verificar
Secretaría de Gobierno Digital,Tribunal Calificador de Elecciones de Chile‎,1211,1,1.34,efecto_base_lift_bajo
Subsecretaría General de la Presidencia de la República,Servicio Nacional de Protección Especializada a la Niñez y Adolescencia,1209,1,87.79,candidato_sin_verificar
Sociedad Administradora de Fondos de Cesantía de Chile S.A.,Unidad de Análisis Financiero,1206,1,1.34,efecto_base_lift_bajo
Superintendencia de Salud,Subsecretaría de Bienes Nacionales,1205,1,2.16,candidato_sin_verificar
Subsecretaría del Trabajo,Municipalidad de Valdivia,1201,2,2.08,candidato_sin_verificar
Instituto Nacional de la Juventud,Comisión para el Mercado Financiero,1201,1,1.24,efecto_base_lift_bajo
Universidad de Santiago de Chile,AFP Uno,1200,1,3.08,candidato_sin_verificar
Dirección General de Movilización Nacional,Subsecretaría de Salud Pública,1198,1,3.66,candidato_sin_verificar
Ministerio de Educación,Fondo Nacional de Salud,1198,1,2.5,candidato_sin_verificar
Superintendencia de Seguridad Social,docdigital,1193,2,3.27,candidato_sin_verificar
Servicio de Impuestos Internos,Ejército de Chile,1192,1,1.66,candidato_sin_verificar
Subsecretaría de Economía y Empresas de Menor Tamaño,Presidencia de la República,1191,1,1.87,candidato_sin_verificar
Subsecretaría de Telecomunicaciones,Superintendencia de Salud,1190,1,3.82,candidato_sin_verificar
Secretaría de Gobierno Digital,Caja de Previsión de la Defensa Nacional,1190,1,3.79,candidato_sin_verificar
Comisión para el Mercado Financiero,Tribunal Calificador de Elecciones de Chile‎,1189,1,1.86,candidato_sin_verificar
Ministerio de Desarrollo Social y Familia,Municipalidad de Villa Alegre,1189,1,1.69,candidato_sin_verificar
Fondo de Solidaridad e Inversión Social,Policía de Investigaciones de Chile,1189,1,1.34,efecto_base_lift_bajo
Servicio de Salud Libertador General Bernardo O'Higgins,Subsecretaría de Evaluación Social,1185,1,3.28,artefacto_vus
Municipalidad de Puente Alto,Superintendencia de Educación,1182,1,5.51,candidato_sin_verificar
Servicio Agrícola y Ganadero,Subsecretaría de las Culturas y las Artes,1182,1,2.07,candidato_sin_verificar
Contraloría General de la República,Subsecretaría de Vivienda y Urbanismo,1179,1,2.04,candidato_sin_verificar
Dirección Nacional del Servicio Civil,Agencia Nacional de Ciberseguridad,1177,1,3.59,candidato_sin_verificar
Dirección Nacional del Servicio Civil,Defensoría Penal Pública,1175,1,12.85,candidato_sin_verificar
Municipalidad de Ñuñoa,Subsecretaría de Redes Asistenciales,1175,1,1.29,efecto_base_lift_bajo
Ministerio de Desarrollo Social y Familia,Servicio de Salud Coquimbo,1174,1,1.7,candidato_sin_verificar
Poder Judicial,Municipalidad de Zapallar,1174,2,1.45,efecto_base_lift_bajo
Subsecretaría de Transportes,Subsecretaría de Salud Pública,1173,2,3.81,candidato_sin_verificar
Comisión para el Mercado Financiero,Municipalidad de Zapallar,1173,1,1.59,candidato_sin_verificar
Fondo Nacional de Salud,Municipalidad de Angol,1173,1,1.35,efecto_base_lift_bajo
Ministerio de Desarrollo Social y Familia,Subsecretaría del Deporte,1172,1,1.25,efecto_base_lift_bajo
Municipalidad de Ñuñoa,Secretaría de Gobierno Digital,1170,2,2.88,candidato_sin_verificar
Instituto de Previsión Social,Servicio Nacional del Consumidor,1167,1,1.39,efecto_base_lift_bajo
Servicio de Registro Civil e Identificación,Universidad de Antofagasta,1167,1,1.34,efecto_base_lift_bajo
Subsecretaría de Previsión Social,Subsecretaría de Redes Asistenciales,1165,1,2.31,candidato_sin_verificar
Subsecretaría de Obras Públicas,Dirección Nacional del Servicio Civil,1164,1,48.52,candidato_sin_verificar
Consejo Nacional de Televisión,Ministerio Público,1162,1,2.43,candidato_sin_verificar
Municipalidad de Puente Alto,Subsecretaría de Justicia,1160,1,1.93,candidato_sin_verificar
Municipalidad de Maipú,Subsecretaría de Salud Pública,1159,1,1.75,candidato_sin_verificar
Dirección de Previsión de Carabineros de Chile,Comisión para la Integridad Pública y Transparencia,1158,2,1.82,candidato_sin_verificar
Certinet S.A.,Subsecretaría de Evaluación Social,1157,1,2.23,artefacto_vus
Dirección General del Territorio Marítimo y de Marina Mercante,Subsecretaría de Economía y Empresas de Menor Tamaño,1152,2,3.22,candidato_sin_verificar
Dirección de Compras y Contratación Pública,Dirección del Trabajo,1149,1,9.02,candidato_sin_verificar
E-Sign S.A.,docdigital,1149,1,2.17,candidato_sin_verificar
Subsecretaría de Economía y Empresas de Menor Tamaño,Subsecretaría General de la Presidencia de la República,1146,1,3.26,candidato_sin_verificar
Corporación de Fomento de la Producción,AFP Uno,1146,1,1.27,efecto_base_lift_bajo
Contraloría General de la República,Servicio de Cooperación Técnica,1145,1,2.95,candidato_sin_verificar
Servicio Nacional de Capacitación y Empleo,Superintendencia de Insolvencia y Reemprendimiento,1145,1,1.99,candidato_sin_verificar
Municipalidad de La Florida,Carabineros de Chile,1142,1,1.86,candidato_sin_verificar
Servicio de Registro Civil e Identificación,Municipalidad de Pedro Aguirre Cerda,1142,1,1.26,efecto_base_lift_bajo
Subsecretaría de Bienes Nacionales,BPO Advisors SpA,1141,1,2.4,candidato_sin_verificar
Subsecretaría de Transportes,Subsecretaría de Vivienda y Urbanismo,1140,1,14.13,candidato_sin_verificar
Servicio de Impuestos Internos,Centro de Formación Técnica de la Región de Tarapacá,1139,1,1.54,candidato_sin_verificar
Comisión Administradora del Sistema de Créditos para Estudios Superiores,Junta Nacional de Jardines Infantiles,1139,1,1.37,efecto_base_lift_bajo
Dirección General de Aguas,Subsecretaría de Redes Asistenciales,1139,1,1.31,efecto_base_lift_bajo
Fondo de Solidaridad e Inversión Social,Servicio Nacional de Pesca y Acuicultura,1135,1,3.44,candidato_sin_verificar
Subsecretaría de Salud Pública,Superintendencia de Casinos de Juego,1133,2,4.95,candidato_sin_verificar
ACEPTA.COM S.A.,Municipalidad de Lo Barnechea,1127,1,1.91,confirmado_acepta
Contraloría General de la República,Certificadora del Sur,1126,1,2.61,candidato_sin_verificar
Secretaría de Gobierno Digital,Municipalidad de Recoleta,1126,1,2.45,candidato_sin_verificar
Gendarmería de Chile,Subsecretaría de Vivienda y Urbanismo,1125,1,3.77,candidato_sin_verificar
Servicio de Salud Libertador General Bernardo O'Higgins,Fondo Nacional de Salud,1124,2,1.77,candidato_sin_verificar
Subsecretaría de Previsión Social,Ministerio Público,1123,1,2.59,candidato_sin_verificar
Subsecretaría de Justicia,Hospital Base Valdivia,1122,1,2.4,candidato_sin_verificar
Instituto Nacional de Propiedad Industrial,Subsecretaría de Desarrollo Regional y Administrativo,1118,1,2.42,candidato_sin_verificar
Servicio de Salud Maule,Subsecretaría de Vivienda y Urbanismo,1117,1,2.85,candidato_sin_verificar
Subsecretaría de Salud Pública,AFP Modelo,1113,1,2.11,candidato_sin_verificar
Servicio de Impuestos Internos,Subsecretaría General de Gobierno,1113,1,1.56,candidato_sin_verificar
Superintendencia de Insolvencia y Reemprendimiento,Dirección de Contabilidad y Finanzas,1109,1,19.74,candidato_sin_verificar
Servicio Nacional de Aduanas,Ministerio Público,1109,1,2.39,candidato_sin_verificar
Servicio Nacional de Capacitación y Empleo,AFP Modelo,1107,1,5.05,candidato_sin_verificar
Comisión Administradora del Sistema de Créditos para Estudios Superiores,Municipalidad de Viña del Mar,1107,1,2.19,candidato_sin_verificar
Subsecretaría de Evaluación Social,Dirección de Educación Pública,1107,1,1.84,candidato_sin_verificar
Municipalidad de Ñuñoa,Municipalidad de Santiago,1106,1,5.24,candidato_sin_verificar
Corporación de Fomento de la Producción,Subsecretaría de Hacienda,1105,2,7.86,candidato_sin_verificar
Corporación de Asistencia Judicial de la Región del Biobío,Subsecretaría de Evaluación Social,1105,1,3.95,artefacto_vus
Servicio Agrícola y Ganadero,Dirección General del Territorio Marítimo y de Marina Mercante,1105,1,2.27,candidato_sin_verificar
Subsecretaría de Evaluación Social,Municipalidad de Padre Hurtado,1102,1,5.58,candidato_sin_verificar
Dirección General de Movilización Nacional,Dirección de Previsión de Carabineros de Chile,1100,1,61.7,candidato_sin_verificar
Dirección del Trabajo,Superintendencia de Casinos de Juego,1097,1,1.53,candidato_sin_verificar
Servicio de Cooperación Técnica,Subsecretaría de Justicia,1096,1,1.79,candidato_sin_verificar
Servicio de Registro Civil e Identificación,Municipalidad de Panguipulli,1096,1,1.21,efecto_base_lift_bajo
Superintendencia de Salud,Subsecretaría de Educación,1095,1,1.73,candidato_sin_verificar
Municipalidad de Maipú,Servicio Electoral,1089,1,1.54,candidato_sin_verificar
Servicio Nacional de Capacitación y Empleo,Servicio de Salud Tarapacá,1087,1,2.19,candidato_sin_verificar
Ministerio de Desarrollo Social y Familia,Tribunal Calificador de Elecciones de Chile‎,1087,1,1.2,efecto_base_lift_bajo
Fondo Nacional de Salud,Servicio de Salud Coquimbo,1086,1,1.83,candidato_sin_verificar
Municipalidad de Maipú,E-Cert Chile,1086,1,1.33,efecto_base_lift_bajo
Subsecretaría de Transportes,Secretaría de Gobierno Digital,1085,1,29.69,candidato_sin_verificar
Municipalidad de Puente Alto,Superintendencia de Pensiones,1084,1,1.66,candidato_sin_verificar
Servicio de Salud Arica y Parinacota,Ministerio de Educación,1082,1,1.51,candidato_sin_verificar
BPO Advisors SpA,Subsecretaría General de la Presidencia de la República,1079,1,2.19,candidato_sin_verificar
ACEPTA.COM S.A.,Corporación de Asistencia Judicial de la Región del Biobío,1078,1,1.54,confirmado_acepta
Superintendencia de Electricidad y Combustibles,Subsecretaría de Bienes Nacionales,1076,2,3.94,candidato_sin_verificar
Contraloría General de la República,Servicio Nacional de Protección Especializada a la Niñez y Adolescencia,1075,1,22.37,candidato_sin_verificar
Municipalidad de Temuco,Subsecretaría de Redes Asistenciales,1075,2,2.56,candidato_sin_verificar
Municipalidad de Providencia,Subsecretaría de Desarrollo Regional y Administrativo,1072,1,4.59,candidato_sin_verificar
Subsecretaría de Redes Asistenciales,Comisión para la Integridad Pública y Transparencia,1072,2,2.69,candidato_sin_verificar
Municipalidad de Valparaíso,Subsecretaría de Servicios Sociales,1071,1,3.94,candidato_sin_verificar
Subsecretaría de Evaluación Social,Poder Judicial,1070,1,3.21,candidato_sin_verificar
Servicio de Impuestos Internos,Instituto Nacional de Derechos Humanos,1066,1,1.55,candidato_sin_verificar
Subsecretaría de Redes Asistenciales,Municipalidad de Quilicura,1065,1,1.52,candidato_sin_verificar
Dirección Nacional del Servicio Civil,Dirección General de Aeronáutica Civil,1064,1,3.43,candidato_sin_verificar
Comisión para el Mercado Financiero,Ministerio de Relaciones Exteriores,1063,1,1.56,candidato_sin_verificar
Dirección General de Movilización Nacional,docdigital,1062,1,4.35,candidato_sin_verificar
Dirección General del Territorio Marítimo y de Marina Mercante,Servicio Nacional de Aduanas,1062,1,3.73,candidato_sin_verificar
Servicio de Salud Metropolitano Sur Oriente,Subsecretaría de Desarrollo Regional y Administrativo,1062,2,2.74,candidato_sin_verificar
Municipalidad de La Florida,Comisión para la Integridad Pública y Transparencia,1062,1,1.68,candidato_sin_verificar
ACEPTA.COM S.A.,Subsecretaría de las Culturas y las Artes,1062,1,1.4,confirmado_acepta
Ministerio de Desarrollo Social y Familia,Hospital Regional de Arica y Parinacota Dr. Juan Noé Crevani,1061,1,1.76,candidato_sin_verificar
Municipalidad de Angol,Subsecretaría de Evaluación Social,1060,1,1.54,artefacto_vus
Servicio Nacional de Capacitación y Empleo,Sociedad Administradora de Fondos de Cesantía de Chile S.A.,1058,1,6.83,candidato_sin_verificar
Subsecretaría de Telecomunicaciones,Subsecretaría de Desarrollo Regional y Administrativo,1056,1,4.13,candidato_sin_verificar
Comisión para el Mercado Financiero,Dirección de Contabilidad y Finanzas,1056,1,2.22,candidato_sin_verificar
Subsecretaría de Redes Asistenciales,Municipalidad de Lo Barnechea,1055,1,1.97,candidato_sin_verificar
Servicio de Impuestos Internos,Municipalidad de Coronel,1054,1,1.76,candidato_sin_verificar
Municipalidad de Las Condes,Corporación de Fomento de la Producción,1053,1,2.99,candidato_sin_verificar
Servicio Nacional de Capacitación y Empleo,Subsecretaría de Telecomunicaciones,1052,1,1.43,efecto_base_lift_bajo
Superintendencia de Salud,Subsecretaría de Previsión Social,1052,1,1.27,efecto_base_lift_bajo
Superintendencia de Educación Superior,Subsecretaría de Evaluación Social,1047,1,2.37,artefacto_vus
Subsecretaría de Vivienda y Urbanismo,Dirección del Trabajo,1047,1,2.29,candidato_sin_verificar
Carabineros de Chile,Municipalidad de Quilpué,1046,1,2.22,candidato_sin_verificar
Subsecretaría de Justicia,Servicio de Impuestos Internos,1043,1,1.92,candidato_sin_verificar
Servicio Nacional del Adulto Mayor,Subsecretaría de Redes Asistenciales,1042,1,2.49,candidato_sin_verificar
Ministerio de Salud,Municipalidad de Valdivia,1041,2,9.78,candidato_sin_verificar
Subsecretaría de Evaluación Social,Presidencia de la República,1041,1,3.54,candidato_sin_verificar
Servicio Nacional del Consumidor,Superintendencia de Casinos de Juego,1041,1,2.85,candidato_sin_verificar
Servicio Nacional de Capacitación y Empleo,Instituto Nacional de la Juventud,1041,1,1.96,candidato_sin_verificar
Servicio de Registro Civil e Identificación,Servicio Nacional de Menores,1038,1,1.3,efecto_base_lift_bajo
Subsecretaría General de Gobierno,E-Digital PKI SpA.,1037,1,4.48,candidato_sin_verificar
Sociedad Administradora de Fondos de Cesantía de Chile S.A.,Dirección de Contabilidad y Finanzas,1037,1,1.77,candidato_sin_verificar
Comisión Administradora del Sistema de Créditos para Estudios Superiores,Subsecretaría General de la Presidencia de la República,1033,2,2.81,candidato_sin_verificar
Universidad de Chile,Subsecretaría de Hacienda,1032,2,3.07,candidato_sin_verificar
Subsecretaría de Salud Pública,Caja de Previsión de la Defensa Nacional,1032,1,1.57,candidato_sin_verificar
Subsecretaría de Redes Asistenciales,Subsecretaría de Bienes Nacionales,1031,1,2.31,candidato_sin_verificar
Comisión Administradora del Sistema de Créditos para Estudios Superiores,Ministerio de Educación,1030,1,1.48,efecto_base_lift_bajo
Contraloría General de la República,Tribunal Constitucional de Chile,1026,1,10.74,candidato_sin_verificar
Instituto de Previsión Social,Servicio de Salud Tarapacá,1025,1,1.78,candidato_sin_verificar
Poder Judicial,Dirección de Contabilidad y Finanzas,1023,2,2.07,candidato_sin_verificar
Subsecretaría de Desarrollo Regional y Administrativo,Superintendencia de Pensiones,1023,1,1.82,candidato_sin_verificar
Servicio Nacional del Consumidor,Municipalidad de Coronel,1023,1,1.58,candidato_sin_verificar
Contraloría General de la República,Subsecretaría de Transportes,1022,1,5.52,candidato_sin_verificar
Servicio de Registro Civil e Identificación,Municipalidad de Navidad,1020,1,1.26,efecto_base_lift_bajo
Superintendencia de Insolvencia y Reemprendimiento,Subsecretaría de Bienes Nacionales,1019,1,6.17,candidato_sin_verificar
Corporación de Asistencia Judicial de la Región del Biobío,Subsecretaría de Redes Asistenciales,1016,1,2.88,candidato_sin_verificar
Servicio Nacional de Capacitación y Empleo,Centro de Formación Técnica de la Región de Tarapacá,1016,1,2.66,candidato_sin_verificar
Dirección de Previsión de Carabineros de Chile,Subsecretaría General de la Presidencia de la República,1015,1,1.96,candidato_sin_verificar
Servicio de Evaluación Ambiental,AFP Uno,1015,1,1.77,candidato_sin_verificar
Servicio de Salud Maule,Fondo de Solidaridad e Inversión Social,1014,1,1.79,candidato_sin_verificar
Subsecretaría General de Gobierno,Sociedad Administradora de Fondos de Cesantía de Chile S.A.,1013,1,1.23,efecto_base_lift_bajo
Subsecretaría de Educación,Subsecretaría de Vivienda y Urbanismo,1012,1,2.58,candidato_sin_verificar
Servicio de Cooperación Técnica,Certificadora del Sur,1012,1,1.47,efecto_base_lift_bajo
Servicio de Salud Metropolitano Oriente,Subsecretaría de Justicia,1011,1,1.31,efecto_base_lift_bajo
Poder Judicial,Servicio de Salud Viña del Mar - Quillota,1010,2,1.89,candidato_sin_verificar
Servicio Nacional para la Prevención y Rehabilitación del Consumo de Drogas y Alcohol,AFP Uno,1008,1,2.14,candidato_sin_verificar
Ministerio de Educación,Servicio de Salud Araucanía Sur,1007,1,1.83,candidato_sin_verificar
Municipalidad de Las Condes,Comisión Administradora del Sistema de Créditos para Estudios Superiores,1007,1,1.62,candidato_sin_verificar
Instituto Nacional de Estadísticas,Gendarmería de Chile,1003,2,1.5,efecto_base_lift_bajo
Sociedad Administradora de Fondos de Cesantía de Chile S.A.,Tribunal Calificador de Elecciones de Chile‎,1003,1,1.27,efecto_base_lift_bajo
Subsecretaría de Educación,Poder Judicial,1002,1,1.31,efecto_base_lift_bajo
"Ministerio de las Culturas, las Artes y el Patrimonio",Subsecretaría de Economía y Empresas de Menor Tamaño,1000,1,5.52,candidato_sin_verificar
Superintendencia de Salud,Subsecretaría de Transportes,1000,1,2.53,candidato_sin_verificar
Sociedad Administradora de Fondos de Cesantía de Chile S.A.,Centro de Formación Técnica de la Región de Tarapacá,999,1,1.59,candidato_sin_verificar
Subsecretaría del Trabajo,Subsecretaría General de la Presidencia de la República,996,1,2.22,candidato_sin_verificar
Servicio Nacional de la Discapacidad,Ministerio Público,996,1,2.1,candidato_sin_verificar
Fondo Nacional de Salud,Tribunal Calificador de Elecciones de Chile‎,996,1,1.28,efecto_base_lift_bajo
Fondo Nacional de Salud,Subsecretaría del Interior,995,1,1.54,candidato_sin_verificar
Redin,Subsecretaría de Redes Asistenciales,994,1,1.22,efecto_base_lift_bajo
Comisión Administradora del Sistema de Créditos para Estudios Superiores,Presidencia de la República,992,1,2.18,candidato_sin_verificar
Municipalidad de Maipú,Servicio de Impuestos Internos,992,1,1.9,candidato_sin_verificar
ACEPTA.COM S.A.,Municipalidad de Puerto Montt,990,1,1.46,confirmado_acepta
Servicio Nacional del Consumidor,Fuerza Aérea de Chile,988,1,2.66,candidato_sin_verificar
Dirección Nacional del Servicio Civil,Instituto de Salud Pública de Chile,987,1,3.75,candidato_sin_verificar
Contraloría General de la República,Agencia Nacional de Ciberseguridad,985,1,9.25,candidato_sin_verificar
Caja de Previsión de la Defensa Nacional,Servicio Nacional de Aduanas,985,1,1.6,candidato_sin_verificar
Dirección General de Aguas,Ministerio Público,982,1,2.49,candidato_sin_verificar
Comisión para el Mercado Financiero,Dirección del Trabajo,982,1,1.96,candidato_sin_verificar
Instituto de Seguridad Laboral,Poder Judicial,981,2,2.55,candidato_sin_verificar
Servicio de Impuestos Internos,Municipalidad de Pedro Aguirre Cerda,978,1,1.69,candidato_sin_verificar
Secretaría de Gobierno Digital,Centro de Formación Técnica de la Región de Tarapacá,978,1,1.35,efecto_base_lift_bajo
Ministerio Público,Caja de Previsión de la Defensa Nacional,978,1,1.32,efecto_base_lift_bajo
ACEPTA.COM S.A.,Hospital Base Valdivia,978,1,1.22,confirmado_acepta
Servicio de Evaluación Ambiental,Ministerio del Medio Ambiente,977,2,47.88,candidato_sin_verificar
Universidad de Chile,Municipalidad de Peñalolén,977,1,2.86,candidato_sin_verificar
Subsecretaría de Telecomunicaciones,Comisión Administradora del Sistema de Créditos para Estudios Superiores,977,1,2.07,candidato_sin_verificar
Secretaría de Gobierno Digital,Instituto Nacional de Derechos Humanos,976,1,1.46,efecto_base_lift_bajo
Subsecretaría de Vivienda y Urbanismo,Municipalidad de Coronel,975,2,1.82,candidato_sin_verificar
Fondo Nacional de Salud,Servicio Nacional de Pesca y Acuicultura,975,1,1.21,efecto_base_lift_bajo
Poder Judicial,Corporación Nacional Forestal y de Protección de Recursos Naturales Renovables,973,1,1.95,candidato_sin_verificar
Servicio Nacional del Patrimonio Cultural,Municipalidad de Quilicura,968,1,2.33,candidato_sin_verificar
Universidad de Chile,E-Digital PKI SpA.,968,1,2.25,candidato_sin_verificar
Superintendencia de Educación Superior,Ministerio Público,964,1,3.83,candidato_sin_verificar
Servicio de Impuestos Internos,Municipalidad de Peñaflor,962,1,1.54,candidato_sin_verificar
Servicio de Salud Metropolitano Sur,Subsecretaría de Redes Asistenciales,961,1,6.12,candidato_sin_verificar
Subsecretaría de Economía y Empresas de Menor Tamaño,Municipalidad de Lo Barnechea,961,1,1.43,efecto_base_lift_bajo
Instituto Nacional de Estadísticas,Municipalidad de La Florida,961,2,1.3,efecto_base_lift_bajo
ACEPTA.COM S.A.,Subsecretaría de Hacienda,959,1,1.8,confirmado_acepta
Sanidad Naval de la Armada de Chile,Ministerio Público,958,1,1.33,efecto_base_lift_bajo
Instituto Nacional de Propiedad Industrial,Subsecretaría de Bienes Nacionales,956,1,4.85,candidato_sin_verificar
Hospital Base Valdivia,Subsecretaría de Evaluación Social,956,1,2.97,artefacto_vus
Servicio de Salud Tarapacá,Carabineros de Chile,956,2,1.43,efecto_base_lift_bajo
Dirección de Compras y Contratación Pública,Municipalidad de Colina,955,1,1.42,efecto_base_lift_bajo
Comisión para el Mercado Financiero,Fondo de Solidaridad e Inversión Social,954,1,1.7,candidato_sin_verificar
Subsecretaría de Prevención del Delito,Subsecretaría de Desarrollo Regional y Administrativo,953,1,2.08,candidato_sin_verificar
Subsecretaría General de la Presidencia de la República,Subsecretaría de Economía y Empresas de Menor Tamaño,951,2,43.04,candidato_sin_verificar
BPO Advisors SpA,Municipalidad de Padre Hurtado,950,1,1.58,candidato_sin_verificar
Secretaría de Gobierno Digital,Dirección de Contabilidad y Finanzas,950,1,1.41,efecto_base_lift_bajo
Municipalidad de Puerto Montt,Subsecretaría de Transportes,949,1,2.88,candidato_sin_verificar
Fondo de Solidaridad e Inversión Social,Hospital Base Valdivia,948,1,2.55,candidato_sin_verificar
Subsecretaría de Obras Públicas,Ministerio Público,948,1,2.43,candidato_sin_verificar
Ministerio de Educación,Subsecretaría de Desarrollo Regional y Administrativo,947,1,2.12,candidato_sin_verificar
Subsecretaría de Salud Pública,Subsecretaría General de la Presidencia de la República,947,1,1.45,efecto_base_lift_bajo
Contraloría General de la República,Subsecretaría para las Fuerzas Armadas,946,1,3.71,candidato_sin_verificar
Subsecretaría de Redes Asistenciales,Junta Nacional de Jardines Infantiles,943,1,2.15,candidato_sin_verificar
Subsecretaría de Telecomunicaciones,Subsecretaría de Salud Pública,941,2,2.83,candidato_sin_verificar
Servicio de Salud Arica y Parinacota,Subsecretaría de Educación,940,1,1.47,efecto_base_lift_bajo
Servicio de Salud Metropolitano Oriente,Municipalidad de Peñalolén,934,1,12.75,candidato_sin_verificar
Dirección General de Aeronáutica Civil,Subsecretaría de Redes Asistenciales,934,1,1.28,efecto_base_lift_bajo
Servicio Agrícola y Ganadero,Dirección de Contabilidad y Finanzas,933,1,3.49,candidato_sin_verificar
Subsecretaría del Trabajo,Municipalidad de Padre Hurtado,932,1,1.7,candidato_sin_verificar
BPO Advisors SpA,Superintendencia de Casinos de Juego,931,1,2.88,candidato_sin_verificar
Instituto de Seguridad Laboral,Certificadora del Sur,931,1,2.04,candidato_sin_verificar
Instituto de Seguridad Laboral,Municipalidad de Peñalolén,929,1,1.74,candidato_sin_verificar
e-Process,Servicio de Impuestos Internos,928,1,1.53,candidato_sin_verificar
Subsecretaría de Prevención del Delito,Subsecretaría de Vivienda y Urbanismo,925,1,1.26,efecto_base_lift_bajo
Dirección Nacional del Servicio Civil,AFP Cuprum,924,1,2.05,candidato_sin_verificar
Dirección Nacional del Servicio Civil,Municipalidad de Quilicura,924,1,1.55,candidato_sin_verificar
Dirección de Compras y Contratación Pública,Municipalidad de Vitacura,923,1,9.48,candidato_sin_verificar
Poder Judicial,Parque Metropolitano de Santiago,923,2,2.0,candidato_sin_verificar
Subsecretaría de Desarrollo Regional y Administrativo,Municipalidad de Colina,922,1,2.07,candidato_sin_verificar
Subsecretaría General de la Presidencia de la República,Dirección Nacional del Servicio Civil,921,1,88.35,candidato_sin_verificar
Servicio Agrícola y Ganadero,Municipalidad de la Reina,921,1,4.05,candidato_sin_verificar
Municipalidad de Las Condes,Corporación de Asistencia Judicial de la Región Metropolitana,921,1,1.31,efecto_base_lift_bajo
Fondo de Solidaridad e Inversión Social,Superintendencia de Seguridad Social,918,1,2.47,candidato_sin_verificar
Subsecretaría de Educación,Municipalidad de Quilicura,918,1,1.32,efecto_base_lift_bajo
Dirección Nacional del Servicio Civil,Universidad de Chile,916,1,8.22,candidato_sin_verificar
Servicio de Cooperación Técnica,Municipalidad de Colina,916,1,1.92,candidato_sin_verificar
Instituto de Previsión Social,Superintendencia del Medio Ambiente,916,1,1.25,efecto_base_lift_bajo
Caja de Previsión de la Defensa Nacional,Subsecretaría de Transportes,915,1,1.57,candidato_sin_verificar
Servicio Nacional de la Discapacidad,Carabineros de Chile,912,1,2.43,candidato_sin_verificar
Subsecretaría de Economía y Empresas de Menor Tamaño,Municipalidad de Villarrica,911,1,4.84,candidato_sin_verificar
Dirección del Trabajo,Agencia Nacional de Investigación y Desarrollo,911,1,1.25,efecto_base_lift_bajo
Subsecretaría de Economía y Empresas de Menor Tamaño,Superintendencia de Insolvencia y Reemprendimiento,908,1,5.25,candidato_sin_verificar
Ministerio Público,Corporación de Asistencia Judicial de la Región Metropolitana,908,1,1.9,candidato_sin_verificar
BPO Advisors SpA,Municipalidad de Coronel,908,1,1.58,candidato_sin_verificar
Agencia de Calidad de la Educación,Ministerio de Salud,906,1,2.65,candidato_sin_verificar
Subsecretaría del Trabajo,Municipalidad de Coronel,906,1,1.74,candidato_sin_verificar
Ministerio de Salud,Municipalidad de Quilicura,905,1,2.88,candidato_sin_verificar
Municipalidad de Villa Alegre,Subsecretaría de Evaluación Social,905,1,1.89,artefacto_vus
Comisión Administradora del Sistema de Créditos para Estudios Superiores,Hospital Regional de Talca,904,1,1.69,candidato_sin_verificar
Comisión para el Mercado Financiero,Instituto Nacional de Derechos Humanos,902,1,1.91,candidato_sin_verificar
Municipalidad de Coronel,Fondo Nacional de Salud,901,1,1.4,efecto_base_lift_bajo
Dirección de Compras y Contratación Pública,Dirección General del Crédito Prendario,900,2,8.77,candidato_sin_verificar
Subsecretaría General de la Presidencia de la República,Subsecretaría de Justicia,900,1,5.25,candidato_sin_verificar
Subsecretaría de Economía y Empresas de Menor Tamaño,Superintendencia de Casinos de Juego,899,1,3.9,candidato_sin_verificar
Servicio Nacional del Patrimonio Cultural,Fondo Nacional de Salud,899,2,3.42,candidato_sin_verificar
Subsecretaría de Redes Asistenciales,Presidencia de la República,898,1,3.74,candidato_sin_verificar
Instituto Nacional de la Juventud,Servicio Nacional del Consumidor,897,1,2.59,candidato_sin_verificar
Poder Judicial,Municipalidad de Osorno,897,2,1.72,candidato_sin_verificar
Subsecretaría General de la Presidencia de la República,Servicio Nacional de Aduanas,893,1,3.91,candidato_sin_verificar
"Ministerio de las Culturas, las Artes y el Patrimonio",Subsecretaría de Desarrollo Regional y Administrativo,891,1,4.61,candidato_sin_verificar
Instituto de Previsión Social,Centro de Formación Técnica de la Región de Tarapacá,891,1,2.02,candidato_sin_verificar
Subsecretaría de Transportes,Subsecretaría de Prevención del Delito,891,1,1.31,efecto_base_lift_bajo
Subsecretaría de Salud Pública,Municipalidad de San Clemente,891,1,1.27,efecto_base_lift_bajo
Servicio Nacional del Consumidor,Servicio Nacional de Protección Especializada a la Niñez y Adolescencia,890,1,2.58,candidato_sin_verificar
Servicio de Impuestos Internos,Municipalidad de Panguipulli,889,1,1.54,candidato_sin_verificar
Servicio de Registro Civil e Identificación,Municipalidad de Lo Barnechea,887,1,1.29,efecto_base_lift_bajo
Dirección de Previsión de Carabineros de Chile,Ministerio de Transportes y Telecomunicaciones,885,1,1.25,efecto_base_lift_bajo
Subsecretaría de las Culturas y las Artes,Comisión para la Integridad Pública y Transparencia,884,1,13.32,candidato_sin_verificar
Subsecretaría de Transportes,Municipalidad de Santiago,882,1,155.81,candidato_sin_verificar
Universidad de Chile,Poder Judicial,880,1,6.15,candidato_sin_verificar
Servicio de Impuestos Internos,Sociedad Administradora de Fondos de Cesantía de Chile S.A.,880,1,1.49,efecto_base_lift_bajo
Subsecretaría de Vivienda y Urbanismo,Subsecretaría de Educación,880,1,1.24,efecto_base_lift_bajo
Sociedad Administradora de Fondos de Cesantía de Chile S.A.,Servicio Electoral,877,1,1.38,efecto_base_lift_bajo
Comisión para el Mercado Financiero,Subsecretaría General de Gobierno,876,1,1.78,candidato_sin_verificar
Defensoría Penal Pública,Subsecretaría de Desarrollo Regional y Administrativo,876,1,1.26,efecto_base_lift_bajo
Secretaría de Gobierno Digital,E-Digital PKI SpA.,872,2,2.97,candidato_sin_verificar
Dirección General del Crédito Prendario,Subsecretaría de Redes Asistenciales,870,1,2.1,candidato_sin_verificar
Sociedad Administradora de Fondos de Cesantía de Chile S.A.,Municipalidad de Peñaflor,870,1,1.64,candidato_sin_verificar
BPO Advisors SpA,Fuerza Aérea de Chile,868,1,2.64,candidato_sin_verificar
Fondo Nacional de Salud,Municipalidad de Quilicura,867,1,1.78,candidato_sin_verificar
Instituto Nacional de Estadísticas,Consejo Nacional de Televisión,866,2,4.07,candidato_sin_verificar
Sociedad Administradora de Fondos de Cesantía de Chile S.A.,Instituto Nacional de Derechos Humanos,866,1,1.49,efecto_base_lift_bajo
Superintendencia de Insolvencia y Reemprendimiento,Subsecretaría de Evaluación Social,864,1,2.14,artefacto_vus
Subsecretaría de Economía y Empresas de Menor Tamaño,Instituto de Salud Pública de Chile,863,1,3.9,candidato_sin_verificar
Subsecretaría de Evaluación Social,Municipalidad de Quilicura,863,1,2.14,candidato_sin_verificar
Comisión para el Mercado Financiero,Municipalidad de Peñaflor,863,1,2.01,candidato_sin_verificar
Instituto de Previsión Social,Servicio de Salud Viña del Mar - Quillota,863,1,1.86,candidato_sin_verificar
Contraloría General de la República,Subsecretaría de Justicia,862,1,2.26,candidato_sin_verificar
Contraloría General de la República,Instituto de Seguridad Laboral,861,1,3.35,candidato_sin_verificar
Instituto de Desarrollo Agropecuario,Servicio de Salud Araucanía Sur,861,1,3.28,candidato_sin_verificar
Defensoría Penal Pública,Subsecretaría de Bienes Nacionales,858,1,2.89,candidato_sin_verificar
ACEPTA.COM S.A.,Dirección de Contabilidad y Finanzas,858,1,2.42,confirmado_acepta
Servicio Nacional de Pesca y Acuicultura,Comisión para la Integridad Pública y Transparencia,858,1,1.99,candidato_sin_verificar
Municipalidad de Santiago,Poder Judicial,857,1,10.25,candidato_sin_verificar
Universidad de Chile,Subsecretaría de Justicia,854,1,3.31,candidato_sin_verificar
Subsecretaría de Desarrollo Regional y Administrativo,AFP Uno,854,1,1.94,candidato_sin_verificar
Instituto Nacional de Propiedad Industrial,Sociedad Administradora de Fondos de Cesantía de Chile S.A.,854,1,1.46,efecto_base_lift_bajo
Subsecretaría de Educación,Subsecretaría de Bienes Nacionales,853,1,2.54,candidato_sin_verificar
Dirección Nacional del Servicio Civil,Gendarmería de Chile,851,1,1.97,candidato_sin_verificar
Subsecretaría de Redes Asistenciales,Municipalidad de Puerto Montt,851,1,1.38,efecto_base_lift_bajo
Subsecretaría de Salud Pública,Servicio de Salud Maule,848,1,2.18,candidato_sin_verificar
Servicio de Cooperación Técnica,AFP Uno,848,1,1.79,candidato_sin_verificar
Servicio de Tesorerías,Centro de Referencia de Salud de Peñalolén Cordillera Oriente,848,1,1.27,efecto_base_lift_bajo
Servicio de Salud Maule,Consejo Nacional de Televisión,847,1,1.52,candidato_sin_verificar
Servicio Agrícola y Ganadero,Subsecretaría de Relaciones Exteriores,846,1,2.81,candidato_sin_verificar
Subsecretaría de Salud Pública,Superintendencia de Pensiones,846,2,2.57,candidato_sin_verificar
Sociedad Administradora de Fondos de Cesantía de Chile S.A.,Servicio de Salud Coquimbo,845,1,1.4,efecto_base_lift_bajo
Subsecretaría de Obras Públicas,Comisión para la Integridad Pública y Transparencia,843,1,26.1,candidato_sin_verificar
Superintendencia de Insolvencia y Reemprendimiento,Subsecretaría de Desarrollo Regional y Administrativo,843,1,2.17,candidato_sin_verificar
Poder Judicial,Servicio Nacional de Pesca y Acuicultura,843,2,2.09,candidato_sin_verificar
Subsecretaría de Justicia,Subsecretaría de Economía y Empresas de Menor Tamaño,840,1,1.59,candidato_sin_verificar
Superintendencia de Seguridad Social,Instituto de Salud Pública de Chile,836,1,3.05,candidato_sin_verificar
Ministerio de Desarrollo Social y Familia,Servicio Local de Educación Pública de Colchagua,835,1,1.49,efecto_base_lift_bajo
Dirección General del Territorio Marítimo y de Marina Mercante,Caja de Previsión de la Defensa Nacional,834,1,3.54,candidato_sin_verificar
Comisión Administradora del Sistema de Créditos para Estudios Superiores,Municipalidad de Quilicura,834,1,1.33,efecto_base_lift_bajo
Instituto Nacional de la Juventud,Subsecretaría de Desarrollo Regional y Administrativo,832,2,4.53,candidato_sin_verificar
Superintendencia de Electricidad y Combustibles,Municipalidad de Colina,831,2,3.06,candidato_sin_verificar
Subsecretaría de Desarrollo Regional y Administrativo,Poder Judicial,831,1,2.64,candidato_sin_verificar
Sociedad Administradora de Fondos de Cesantía de Chile S.A.,Subsecretaría General de Gobierno,831,1,1.37,efecto_base_lift_bajo
Superintendencia del Medio Ambiente,Fondo Nacional de Salud,830,1,1.56,candidato_sin_verificar
Superintendencia de Educación Superior,Fondo Nacional de Salud,826,1,2.29,candidato_sin_verificar
Servicio de Salud Metropolitano Oriente,Ministerio Público,826,1,1.92,candidato_sin_verificar
Comisión para el Mercado Financiero,Parque Metropolitano de Santiago,825,1,1.78,candidato_sin_verificar
Superintendencia de Salud,Agencia Nacional de Ciberseguridad,824,1,3.63,candidato_sin_verificar
Servicio de Tesorerías,Tribunal Calificador de Elecciones de Chile‎,824,1,2.83,candidato_sin_verificar
Servicio de Salud Tarapacá,Ministerio Público,824,2,2.28,candidato_sin_verificar
Poder Judicial,Servicio de Salud Tarapacá,824,1,1.93,candidato_sin_verificar
Certinet S.A.,Subsecretaría de Justicia,824,1,1.54,candidato_sin_verificar
Municipalidad de Santiago,E-Digital PKI SpA.,823,1,3.27,candidato_sin_verificar
Municipalidad de Los Angeles,Comisión para la Integridad Pública y Transparencia,822,1,2.06,candidato_sin_verificar
Fondo de Solidaridad e Inversión Social,Certinet S.A.,822,1,1.37,efecto_base_lift_bajo
Universidad de Tarapacá,Subsecretaría de Redes Asistenciales,821,1,2.82,candidato_sin_verificar
Subsecretaría de Redes Asistenciales,Tribunal Constitucional de Chile,820,1,2.36,candidato_sin_verificar
Subsecretaría de Redes Asistenciales,Instituto Nacional de Estadísticas,818,1,2.46,candidato_sin_verificar
Dirección de Compras y Contratación Pública,Fuerza Aérea de Chile,817,1,7.0,candidato_sin_verificar
Instituto Nacional de Deportes de Chile,Fondo Nacional de Salud,816,2,1.61,candidato_sin_verificar
Comisión para el Mercado Financiero,Municipalidad de Osorno,816,1,1.56,candidato_sin_verificar
Secretaría de Gobierno Digital,Parque Metropolitano de Santiago,816,1,1.24,efecto_base_lift_bajo
Servicio Nacional del Patrimonio Cultural,Junta Nacional de Jardines Infantiles,814,1,1.48,efecto_base_lift_bajo
Subsecretaría de Telecomunicaciones,E-Digital PKI SpA.,813,1,3.06,candidato_sin_verificar
Subsecretaría de Redes Asistenciales,Servicio de Salud Biobío,813,1,2.72,candidato_sin_verificar
Subsecretaría de Obras Públicas,Superintendencia de Seguridad Social,813,1,2.53,candidato_sin_verificar
Municipalidad de La Florida,E-Digital PKI SpA.,812,1,2.3,candidato_sin_verificar
Ministerio del Medio Ambiente,E-Digital PKI SpA.,807,1,5.03,candidato_sin_verificar
Subsecretaría de Economía y Empresas de Menor Tamaño,Ministerio del Medio Ambiente,807,1,2.85,candidato_sin_verificar
Comisión Administradora del Sistema de Créditos para Estudios Superiores,Municipalidad de Recoleta,807,1,1.84,candidato_sin_verificar
Superintendencia de Salud,Municipalidad de Quilicura,806,1,1.96,candidato_sin_verificar
Instituto Nacional de Deportes de Chile,Subsecretaría de Redes Asistenciales,804,1,2.35,candidato_sin_verificar
Subsecretaría de Salud Pública,Dirección del Trabajo,803,2,2.97,candidato_sin_verificar
Sociedad Administradora de Fondos de Cesantía de Chile S.A.,Parque Metropolitano de Santiago,803,1,1.41,efecto_base_lift_bajo
Servicio de Tesorerías,Subsecretaría de Telecomunicaciones,801,1,3.84,candidato_sin_verificar
Instituto Nacional de la Juventud,Servicio de Salud Araucanía Sur,800,1,5.34,candidato_sin_verificar
Subsecretaría de Vivienda y Urbanismo,Dirección de Educación Pública,800,2,2.44,candidato_sin_verificar
Secretaría de Gobierno Digital,Municipalidad de Peñaflor,798,1,1.31,efecto_base_lift_bajo
Servicio de Salud Maule,Dirección de Educación Pública,797,1,20.88,candidato_sin_verificar
Sanidad Naval de la Armada de Chile,Contraloría General de la República,797,1,1.74,candidato_sin_verificar
Tribunal Constitucional de Chile,Poder Judicial,795,1,127.94,candidato_sin_verificar
Gendarmería de Chile,Comisión para la Integridad Pública y Transparencia,795,1,1.39,efecto_base_lift_bajo
Subsecretaría General de Gobierno,Instituto de Previsión Social,795,1,1.38,efecto_base_lift_bajo
Servicio Nacional del Patrimonio Cultural,Subsecretaría de Bienes Nacionales,794,1,5.63,candidato_sin_verificar
Servicio de Impuestos Internos,Municipalidad de Navidad,794,1,1.53,candidato_sin_verificar
Ministerio de Salud,Municipalidad de Colina,793,1,1.63,candidato_sin_verificar
Ministerio de Desarrollo Social y Familia,Servicio Nacional de Menores,790,1,1.6,candidato_sin_verificar
Subsecretaría de Redes Asistenciales,Ministerio de Salud,789,1,6.53,candidato_sin_verificar
Servicio de Salud Maule,Subsecretaría de Redes Asistenciales,789,1,4.3,candidato_sin_verificar
Subsecretaría de Salud Pública,Subsecretaría de Previsión Social,786,1,1.56,candidato_sin_verificar
Hospital Base Valdivia,Fondo Nacional de Salud,786,2,1.38,efecto_base_lift_bajo
ACEPTA.COM S.A.,Subsecretaría de Relaciones Exteriores,785,1,1.97,confirmado_acepta
Dirección de Compras y Contratación Pública,Municipalidad de Quilicura,785,1,1.8,candidato_sin_verificar
Servicio de Impuestos Internos,Municipalidad de Vallenar,785,1,1.64,candidato_sin_verificar
Contraloría General de la República,Universidad de Chile,784,1,4.78,candidato_sin_verificar
Subsecretaría de Educación,Agencia de Calidad de la Educación,782,1,58.09,candidato_sin_verificar
Defensoría Penal Pública,Subsecretaría de Justicia,782,1,1.81,candidato_sin_verificar
Municipalidad de Valparaíso,Subsecretaría de Evaluación Social,782,1,1.6,artefacto_vus
Fondo de Solidaridad e Inversión Social,Subsecretaría de Hacienda,780,1,4.86,candidato_sin_verificar
Ministerio Público,docdigital,780,1,2.13,candidato_sin_verificar
Dirección General del Territorio Marítimo y de Marina Mercante,Carabineros de Chile,778,1,1.5,candidato_sin_verificar
Subsecretaría de Prevención del Delito,Municipalidad de Santiago,776,1,6.39,candidato_sin_verificar
Corporación de Fomento de la Producción,Subsecretaría de Desarrollo Regional y Administrativo,775,1,3.88,candidato_sin_verificar
Subsecretaría de Servicios Sociales,Subsecretaría de Bienes Nacionales,775,1,3.77,candidato_sin_verificar
Dirección General de Movilización Nacional,Subsecretaría General de la Presidencia de la República,775,1,3.55,candidato_sin_verificar
Subsecretaría General de la Presidencia de la República,Agencia Nacional de Ciberseguridad,774,1,25.36,candidato_sin_verificar
Sociedad Administradora de Fondos de Cesantía de Chile S.A.,Secretaría de Gobierno Digital,773,1,1.46,efecto_base_lift_bajo
Fondo Nacional de Salud,Poder Judicial,773,1,1.45,efecto_base_lift_bajo
Municipalidad de Las Condes,Superintendencia de Electricidad y Combustibles,772,1,1.24,efecto_base_lift_bajo
Certinet S.A.,Fondo Nacional de Salud,771,1,1.82,candidato_sin_verificar
Subsecretaría de Justicia,Dirección General del Crédito Prendario,771,1,1.6,candidato_sin_verificar
Instituto de Seguridad Laboral,Subsecretaría de Bienes Nacionales,770,1,2.78,candidato_sin_verificar
Agencia de Calidad de la Educación,Carabineros de Chile,770,1,1.81,candidato_sin_verificar
Redin,Servicio Electoral,767,1,2.41,candidato_sin_verificar
Servicio de Salud Metropolitano Sur Oriente,Consejo Nacional de Televisión,767,1,2.3,candidato_sin_verificar
Dirección del Trabajo,Servicio de Salud Tarapacá,767,1,1.66,candidato_sin_verificar
Municipalidad de Ñuñoa,Ministerio de Transportes y Telecomunicaciones,766,1,3.66,candidato_sin_verificar
Subsecretaría de Economía y Empresas de Menor Tamaño,Superintendencia de Electricidad y Combustibles,763,1,6.75,candidato_sin_verificar
ACEPTA.COM S.A.,Servicio Nacional de Turismo,763,1,1.47,confirmado_acepta
Dirección General de Aeronáutica Civil,Ministerio Público,761,1,2.3,candidato_sin_verificar
Gendarmería de Chile,Fondo de Solidaridad e Inversión Social,761,1,1.76,candidato_sin_verificar
Universidad de Los Lagos,Subsecretaría de Vivienda y Urbanismo,761,1,1.6,candidato_sin_verificar
Servicio de Salud Metropolitano Oriente,Servicio de Impuestos Internos,761,1,1.31,efecto_base_lift_bajo
Subsecretaría de Evaluación Social,Municipalidad de Lo Barnechea,760,1,2.46,candidato_sin_verificar
Ministerio de Transportes y Telecomunicaciones,Comisión para la Integridad Pública y Transparencia,759,1,1.7,candidato_sin_verificar
Municipalidad de Santiago,Municipalidad de Peñalolén,756,1,3.79,candidato_sin_verificar
Universidad de Santiago de Chile,Ministerio Público,756,1,1.82,candidato_sin_verificar
Subsecretaría General de Gobierno,Servicio de Salud Araucanía Sur,755,1,2.75,candidato_sin_verificar
Gobierno Regional de la Región de Coquimbo,Contraloría General de la República,754,1,77.83,candidato_sin_verificar
Subsecretaría para las Fuerzas Armadas,Comisión para la Integridad Pública y Transparencia,754,1,27.07,candidato_sin_verificar
Servicio Nacional del Consumidor,Dirección de Educación Pública,754,1,1.81,candidato_sin_verificar
Servicio Agrícola y Ganadero,E-Digital PKI SpA.,752,1,5.03,candidato_sin_verificar
Ministerio de Salud,Poder Judicial,751,1,2.18,candidato_sin_verificar
ACEPTA.COM S.A.,Municipalidad de San Pedro de la Paz,750,1,1.58,confirmado_acepta
Servicio de Impuestos Internos,Agencia Nacional de Investigación y Desarrollo,749,1,2.18,candidato_sin_verificar
Subsecretaría del Interior,Subsecretaría de Bienes Nacionales,748,1,9.46,candidato_sin_verificar
BPO Advisors SpA,Servicio Nacional de Protección Especializada a la Niñez y Adolescencia,748,1,2.45,candidato_sin_verificar
Instituto Nacional de Estadísticas,Servicio Agrícola y Ganadero,748,1,2.03,candidato_sin_verificar
Contraloría General de la República,AFP Modelo,748,1,1.85,candidato_sin_verificar
Municipalidad de Angol,Fondo Nacional de Salud,748,1,1.59,candidato_sin_verificar
Subsecretaría de Justicia,Instituto Nacional de Deportes de Chile,746,1,1.89,candidato_sin_verificar
Servicio Nacional de Aduanas,Comisión para la Integridad Pública y Transparencia,744,1,4.18,candidato_sin_verificar
Comisión Administradora del Sistema de Créditos para Estudios Superiores,Servicio de Salud Biobío,744,1,2.79,candidato_sin_verificar
Municipalidad de Temuco,Subsecretaría de Transportes,744,1,1.22,efecto_base_lift_bajo
Dirección Nacional del Servicio Civil,Ministerio del Medio Ambiente,742,1,3.86,candidato_sin_verificar
Dirección del Trabajo,Municipalidad de Zapallar,741,1,1.45,efecto_base_lift_bajo
Servicio de Registro Civil e Identificación,Segundo Tribunal Electoral Región Metropolitana,741,1,1.28,efecto_base_lift_bajo
Servicio de Salud Maule,Junta Nacional de Jardines Infantiles,739,2,2.61,candidato_sin_verificar
Fondo Nacional de Salud,Servicio Local de Educación Pública de Colchagua,739,1,1.54,candidato_sin_verificar
Certinet S.A.,Ministerio Público,738,1,2.49,candidato_sin_verificar
Servicio Agrícola y Ganadero,Municipalidad de Torres del Paine,736,1,6.91,candidato_sin_verificar
Dirección Nacional del Servicio Civil,Agencia Nacional de Investigación y Desarrollo,736,1,4.63,candidato_sin_verificar
Subsecretaría de Economía y Empresas de Menor Tamaño,docdigital,735,1,1.87,candidato_sin_verificar
Instituto de Desarrollo Agropecuario,Comisión para la Integridad Pública y Transparencia,735,1,1.85,candidato_sin_verificar
Servicio Agrícola y Ganadero,Subsecretaría de Hacienda,735,1,1.83,candidato_sin_verificar
Comisión para el Mercado Financiero,Sociedad Administradora de Fondos de Cesantía de Chile S.A.,735,1,1.8,candidato_sin_verificar
Corporación Nacional Forestal y de Protección de Recursos Naturales Renovables,Fondo Nacional de Salud,735,1,1.45,efecto_base_lift_bajo
Servicio de Cooperación Técnica,Poder Judicial,733,1,2.16,candidato_sin_verificar
Comisión Administradora del Sistema de Créditos para Estudios Superiores,Tribunal Constitucional de Chile,729,1,2.36,candidato_sin_verificar
Servicio de Tesorerías,Corporación de Fomento de la Producción,728,1,4.47,candidato_sin_verificar
Consejo Nacional de Televisión,AFP Uno,728,1,1.62,candidato_sin_verificar
Subsecretaría de Desarrollo Regional y Administrativo,Subsecretaría de Bienes Nacionales,727,1,1.87,candidato_sin_verificar
Agencia de Calidad de la Educación,Subsecretaría General de la Presidencia de la República,724,1,12.0,candidato_sin_verificar
Subsecretaría de Derechos Humanos,Subsecretaría de Desarrollo Regional y Administrativo,724,1,6.07,candidato_sin_verificar
Dirección Nacional del Servicio Civil,Municipalidad de Recoleta,723,1,1.74,candidato_sin_verificar
Dirección General de Movilización Nacional,Municipalidad de Quilicura,723,1,1.33,efecto_base_lift_bajo
Subsecretaría de las Culturas y las Artes,Subsecretaría de Hacienda,722,1,41.0,candidato_sin_verificar
Dirección de Previsión de Carabineros de Chile,Consejo Nacional de Televisión,722,1,1.54,candidato_sin_verificar
Unidad Administradora de los Tribunales Tributarios y Aduaneros,Comisión para la Integridad Pública y Transparencia,718,1,22.9,candidato_sin_verificar
Servicio de Salud Aysén,Subsecretaría de Redes Asistenciales,718,1,8.5,candidato_sin_verificar
Subsecretaría de Economía y Empresas de Menor Tamaño,Servicio Nacional de Aduanas,718,1,6.54,candidato_sin_verificar
Subsecretaría de Redes Asistenciales,Servicio de Salud Magallanes,718,1,2.15,candidato_sin_verificar
Dirección de Previsión de Carabineros de Chile,Policía de Investigaciones de Chile,713,1,2.68,candidato_sin_verificar
ACEPTA.COM S.A.,Municipalidad de Padre Hurtado,713,1,1.98,confirmado_acepta
Subsecretaría de Salud Pública,Servicio Nacional del Patrimonio Cultural,711,1,2.19,candidato_sin_verificar
Subsecretaría para las Fuerzas Armadas,Subsecretaría de Redes Asistenciales,710,1,1.38,efecto_base_lift_bajo
Gendarmería de Chile,Servicio de Salud Araucanía Sur,706,1,1.86,candidato_sin_verificar
Municipalidad de Las Condes,"Ministerio de las Culturas, las Artes y el Patrimonio",705,1,2.07,candidato_sin_verificar
Servicio Nacional de Capacitación y Empleo,Ministerio de Educación,705,1,1.68,candidato_sin_verificar
Servicio de Salud Arica y Parinacota,Contraloría General de la República,705,1,1.26,efecto_base_lift_bajo
Central de Abastecimiento del Sistema Nacional de Servicios de Salud,Dirección Nacional del Servicio Civil,704,1,11.92,candidato_sin_verificar
Certinet S.A.,Superintendencia de Pensiones,704,1,1.78,candidato_sin_verificar
Servicio Agrícola y Ganadero,Municipalidad de Quilicura,703,1,1.21,efecto_base_lift_bajo
Superintendencia de Educación,Subsecretaría de Desarrollo Regional y Administrativo,702,1,2.86,candidato_sin_verificar
Fondo Nacional de Salud,Servicio Nacional de Geología y Minería,701,2,1.33,efecto_base_lift_bajo
Instituto de Desarrollo Agropecuario,Subsecretaría de Bienes Nacionales,700,1,7.69,candidato_sin_verificar
Servicio de Tesorerías,Universidad de Chile,700,1,2.07,candidato_sin_verificar
Instituto de Seguridad Laboral,AFP Uno,698,1,2.23,candidato_sin_verificar
Contraloría General de la República,Tribunal Calificador de Elecciones de Chile‎,697,1,22.0,candidato_sin_verificar
Dirección Nacional del Servicio Civil,Unidad de Análisis Financiero,697,1,6.28,candidato_sin_verificar
Dirección de Previsión de Carabineros de Chile,Secretaría de Gobierno Digital,696,1,1.23,efecto_base_lift_bajo
Dirección de Previsión de Carabineros de Chile,Caja de Previsión de la Defensa Nacional,695,1,2.47,candidato_sin_verificar
Subsecretaría de Redes Asistenciales,Universidad del Biobío,695,1,2.27,candidato_sin_verificar
Subsecretaría de Salud Pública,Central de Abastecimiento del Sistema Nacional de Servicios de Salud,694,1,46.66,candidato_sin_verificar
Servicio Agrícola y Ganadero,Servicio de Salud Magallanes,693,1,2.51,candidato_sin_verificar
Dirección del Trabajo,Ministerio de Relaciones Exteriores,693,1,1.46,efecto_base_lift_bajo
Ministerio Público,Dirección General de Aeronáutica Civil,692,1,8.43,candidato_sin_verificar
Superintendencia de Seguridad Social,Municipalidad de Colina,691,1,1.79,candidato_sin_verificar
Agencia de Calidad de la Educación,Secretaría de Gobierno Digital,690,1,5.28,candidato_sin_verificar
Poder Judicial,Servicio Nacional de Menores,690,1,3.05,candidato_sin_verificar
Servicio Nacional de Capacitación y Empleo,Servicio de Salud Coquimbo,689,1,1.89,candidato_sin_verificar
Municipalidad de Temuco,Comisión para la Integridad Pública y Transparencia,688,1,6.26,candidato_sin_verificar
Servicio Nacional del Consumidor,Municipalidad de Villarrica,687,1,2.3,candidato_sin_verificar
Servicio Nacional del Consumidor,Subsecretaría de Telecomunicaciones,687,1,1.99,candidato_sin_verificar
Instituto Nacional de Estadísticas,Municipalidad de Santiago,685,2,1.3,efecto_base_lift_bajo
Servicio Agrícola y Ganadero,Central de Abastecimiento del Sistema Nacional de Servicios de Salud,683,1,3.74,candidato_sin_verificar
Sociedad Administradora de Fondos de Cesantía de Chile S.A.,Servicio Nacional de Menores,682,1,1.58,candidato_sin_verificar
Superintendencia de Salud,Dirección del Trabajo,681,1,2.71,candidato_sin_verificar
Municipalidad de Recoleta,Contraloría General de la República,678,2,13.87,candidato_sin_verificar
Ministerio de Desarrollo Social y Familia,Servicio de Salud Osorno,678,1,1.76,candidato_sin_verificar
Subsecretaría de Justicia,Subsecretaría de Transportes,678,1,1.58,candidato_sin_verificar
Ministerio de Salud,AFP Uno,677,1,1.41,efecto_base_lift_bajo
Sociedad Administradora de Fondos de Cesantía de Chile S.A.,Municipios,676,1,1.46,efecto_base_lift_bajo
ACEPTA.COM S.A.,Unidad Administradora de los Tribunales Tributarios y Aduaneros,675,1,1.89,confirmado_acepta
Ministerio Público,Superintendencia de Educación,674,1,2.28,candidato_sin_verificar
Servicio Nacional de Turismo,Subsecretaría de Evaluación Social,672,1,3.23,artefacto_vus
Subsecretaría de Economía y Empresas de Menor Tamaño,Subsecretaría de Salud Pública,672,1,2.75,candidato_sin_verificar
Sociedad Administradora de Fondos de Cesantía de Chile S.A.,Subsecretaría de Salud Pública,672,1,1.42,efecto_base_lift_bajo
Secretaría de Gobierno Digital,Servicio Nacional de Pesca y Acuicultura,671,1,1.27,efecto_base_lift_bajo
Subsecretaría de Economía y Empresas de Menor Tamaño,Subsecretaría de Telecomunicaciones,670,2,6.29,candidato_sin_verificar
BPO Advisors SpA,Municipalidad de San Clemente,668,1,1.26,efecto_base_lift_bajo
Instituto de Previsión Social,Instituto Nacional de Derechos Humanos,667,1,1.63,candidato_sin_verificar
Ministerio de Salud,Subsecretaría de Economía y Empresas de Menor Tamaño,666,1,19.52,candidato_sin_verificar
Servicio de Impuestos Internos,Servicio Nacional de Turismo,665,1,1.62,candidato_sin_verificar
Municipalidad de Santiago,Certificadora del Sur,664,1,3.91,candidato_sin_verificar
Servicio de Salud Libertador General Bernardo O'Higgins,Superintendencia de Electricidad y Combustibles,663,1,4.63,candidato_sin_verificar
Dirección del Trabajo,Instituto Nacional de Derechos Humanos,663,1,2.01,candidato_sin_verificar
ACEPTA.COM S.A.,Tribunal Constitucional de Chile,662,1,1.74,confirmado_acepta
Ministerio Público,Superintendencia de Electricidad y Combustibles,662,1,1.42,efecto_base_lift_bajo
Dirección de Previsión de Carabineros de Chile,Subsecretaría del Interior,662,1,1.21,efecto_base_lift_bajo
Servicio de Salud Tarapacá,Dirección Nacional del Servicio Civil,661,1,13.48,candidato_sin_verificar
Tribunal Constitucional de Chile,Ministerio Público,661,1,7.59,candidato_sin_verificar
Servicio de Registro Civil e Identificación,Tribunal Electoral Región de Valparaíso,661,1,1.28,efecto_base_lift_bajo
Dirección de Compras y Contratación Pública,Municipalidad de Los Angeles,660,1,2.84,candidato_sin_verificar
Servicio Nacional del Consumidor,Municipalidad de Valdivia,660,1,2.44,candidato_sin_verificar
Poder Judicial,Ministerio de Relaciones Exteriores,660,1,1.5,efecto_base_lift_bajo
Ministerio de Educación,Servicio Local de Educación Pública de Chinchorro,657,1,24.09,candidato_sin_verificar
Municipalidad de La Florida,Subsecretaría de Desarrollo Regional y Administrativo,657,1,1.94,candidato_sin_verificar
Subsecretaría de Justicia,Hospital Regional de Talca,655,1,1.71,candidato_sin_verificar
Dirección General del Crédito Prendario,Subsecretaría de Transportes,655,1,1.65,candidato_sin_verificar
Ministerio de Desarrollo Social y Familia,Servicio Nacional de Geología y Minería,655,1,1.53,candidato_sin_verificar
Comisión para el Mercado Financiero,Servicio Nacional de Pesca y Acuicultura,654,1,1.74,candidato_sin_verificar
Servicio Nacional para la Prevención y Rehabilitación del Consumo de Drogas y Alcohol,Comisión para la Integridad Pública y Transparencia,653,1,3.39,candidato_sin_verificar
Subsecretaría de Vivienda y Urbanismo,Municipalidad de Lo Barnechea,653,1,1.84,candidato_sin_verificar
Ministerio Público,Subsecretaría de Telecomunicaciones,652,1,2.12,candidato_sin_verificar
Subsecretaría General de Gobierno,Subsecretaría de Bienes Nacionales,651,1,6.86,candidato_sin_verificar
Subsecretaría de Redes Asistenciales,Subsecretaría de Relaciones Exteriores,650,1,1.79,candidato_sin_verificar
Instituto de Previsión Social,Unidad de Análisis Financiero,650,1,1.28,efecto_base_lift_bajo
Servicio Nacional de Geología y Minería,Fondo Nacional de Salud,649,1,2.72,candidato_sin_verificar
Instituto de Previsión Social,Municipalidad de Osorno,649,1,1.44,efecto_base_lift_bajo
Servicio de Registro Civil e Identificación,Fiscalía Nacional Económica,649,1,1.28,efecto_base_lift_bajo
Municipalidad de Puente Alto,Carabineros de Chile,648,1,2.45,candidato_sin_verificar
Subsecretaría General de Gobierno,Subsecretaría de Vivienda y Urbanismo,645,1,3.0,candidato_sin_verificar
Agencia de Calidad de la Educación,Subsecretaría de Vivienda y Urbanismo,645,1,1.28,efecto_base_lift_bajo
Subsecretaría de Vivienda y Urbanismo,Agencia Nacional de Ciberseguridad,644,1,2.53,candidato_sin_verificar
Ministerio de Educación,Subsecretaría de Telecomunicaciones,642,1,18.36,candidato_sin_verificar
Servicio Agrícola y Ganadero,Superintendencia de Servicios Sanitarios,642,1,3.84,candidato_sin_verificar
Dirección Nacional del Servicio Civil,Fondo de Solidaridad e Inversión Social,641,1,7.51,candidato_sin_verificar
Subsecretaría de Economía y Empresas de Menor Tamaño,Subsecretaría de Redes Asistenciales,641,1,1.23,efecto_base_lift_bajo
E-Sign S.A.,Superintendencia de Casinos de Juego,639,1,2.06,candidato_sin_verificar
Comisión Administradora del Sistema de Créditos para Estudios Superiores,Instituto de Salud Pública de Chile,638,1,2.31,candidato_sin_verificar
Subsecretaría de Bienes Nacionales,Contraloría General de la República,637,1,11.37,candidato_sin_verificar
Corporación de Asistencia Judicial de la Región del Biobío,Ministerio Público,636,1,3.98,candidato_sin_verificar
Municipalidad de Puerto Montt,Comisión para la Integridad Pública y Transparencia,635,1,10.67,candidato_sin_verificar
Subsecretaría General de la Presidencia de la República,Subsecretaría de Salud Pública,635,1,1.88,candidato_sin_verificar
Servicio de Registro Civil e Identificación,Academia Politécnica Naval,635,1,1.24,efecto_base_lift_bajo
Servicio Nacional del Consumidor,Instituto Nacional de Derechos Humanos,634,1,3.77,candidato_sin_verificar
Certinet S.A.,Comisión para la Integridad Pública y Transparencia,633,1,5.57,candidato_sin_verificar
Subsecretaría de Transportes,Subsecretaría de Economía y Empresas de Menor Tamaño,632,2,111.16,candidato_sin_verificar
Servicio de Cooperación Técnica,Dirección del Trabajo,631,1,3.34,candidato_sin_verificar
Comisión Administradora del Sistema de Créditos para Estudios Superiores,Municipalidad de Lo Barnechea,631,1,1.32,efecto_base_lift_bajo
Comisión para el Mercado Financiero,Municipalidad de Navidad,630,1,1.76,candidato_sin_verificar
Municipalidad de Maipú,Contraloría General de la República,629,2,7.73,candidato_sin_verificar
Servicio de Evaluación Ambiental,Consejo Nacional de Televisión,628,1,3.61,candidato_sin_verificar
Municipalidad de Providencia,Servicio Agrícola y Ganadero,628,1,3.04,candidato_sin_verificar
Municipalidad de Ñuñoa,Subsecretaría de Telecomunicaciones,628,1,2.82,candidato_sin_verificar
Contraloría General de la República,"Ministerio de las Culturas, las Artes y el Patrimonio",626,1,8.19,candidato_sin_verificar
Agencia de Calidad de la Educación,Subsecretaría General de Gobierno,626,1,8.18,candidato_sin_verificar
Gobierno Regional de la Región de Los Lagos,Servicio Agrícola y Ganadero,625,1,2.02,candidato_sin_verificar
Servicio Agrícola y Ganadero,Unidad de Análisis Financiero,624,1,4.35,candidato_sin_verificar
Subsecretaría de Servicios Sociales,Municipalidad de Colina,624,1,2.65,candidato_sin_verificar
Municipalidad de Ñuñoa,Comisión Administradora del Sistema de Créditos para Estudios Superiores,623,1,2.03,candidato_sin_verificar
Subsecretaría de Economía y Empresas de Menor Tamaño,Municipalidad de Padre Hurtado,623,1,1.45,efecto_base_lift_bajo
Comisión Administradora del Sistema de Créditos para Estudios Superiores,Agencia Nacional de Ciberseguridad,622,1,1.81,candidato_sin_verificar
Subsecretaría de Redes Asistenciales,Municipalidad de San Pedro de la Paz,622,1,1.44,efecto_base_lift_bajo
Subsecretaría de Redes Asistenciales,Defensoría Penal Pública,621,2,2.31,candidato_sin_verificar
Contraloría General de la República,Corporación de Fomento de la Producción,620,1,7.85,candidato_sin_verificar
Servicio Nacional de Geología y Minería,Subsecretaría de Redes Asistenciales,620,1,1.68,candidato_sin_verificar
Corporación de Asistencia Judicial de la Región Metropolitana,Servicio de Salud Araucanía Sur,620,1,1.26,efecto_base_lift_bajo
Municipalidad de Ñuñoa,Servicio de Salud Metropolitano Oriente,619,1,8.0,candidato_sin_verificar
Certinet S.A.,Secretaría de Gobierno Digital,619,1,7.34,candidato_sin_verificar
Servicio Agrícola y Ganadero,Servicio Nacional de Geología y Minería,619,2,3.09,candidato_sin_verificar
Comisión para el Mercado Financiero,Consejo de Defensa del Estado,619,1,2.08,candidato_sin_verificar
Servicio de Impuestos Internos,Dirección General de Aeronáutica Civil,618,1,1.62,candidato_sin_verificar
Municipalidad de Maipú,Ministerio Público,617,1,1.86,candidato_sin_verificar
Subsecretaría de Justicia,Subsecretaría de las Culturas y las Artes,617,1,1.4,efecto_base_lift_bajo
Subsecretaría General de la Presidencia de la República,Universidad de Santiago de Chile,616,1,3.01,candidato_sin_verificar
Subsecretaría de Economía y Empresas de Menor Tamaño,Municipalidad de Coronel,616,1,1.51,candidato_sin_verificar
Subsecretaría de Redes Asistenciales,Subsecretaría General de la Presidencia de la República,615,1,1.94,candidato_sin_verificar
Subsecretaría de Redes Asistenciales,Unidad Administradora de los Tribunales Tributarios y Aduaneros,615,1,1.89,candidato_sin_verificar
Servicio de Registro Civil e Identificación,Municipalidad de Pelarco,615,1,1.28,efecto_base_lift_bajo
Dirección de Compras y Contratación Pública,Municipalidad de Temuco,614,1,4.67,candidato_sin_verificar
ACEPTA.COM S.A.,Instituto Nacional de Estadísticas,614,1,1.68,confirmado_acepta
Subsecretaría de Desarrollo Regional y Administrativo,Junta Nacional de Jardines Infantiles,614,1,1.61,candidato_sin_verificar
Servicio Nacional del Consumidor,Municipalidad de Zapallar,613,1,2.34,candidato_sin_verificar
Ministerio de Desarrollo Social y Familia,Instituto Nacional de la Juventud,613,1,1.53,candidato_sin_verificar
Corporación de Asistencia Judicial de la Región Metropolitana,Subsecretaría de Bienes Nacionales,612,1,3.61,candidato_sin_verificar
Gendarmería de Chile,Subsecretaría de Economía y Empresas de Menor Tamaño,612,2,1.3,efecto_base_lift_bajo
Dirección General de Aeronáutica Civil,AFP Uno,611,1,1.97,candidato_sin_verificar
Central de Abastecimiento del Sistema Nacional de Servicios de Salud,Subsecretaría de Salud Pública,609,1,31.94,candidato_sin_verificar
Secretaría de Gobierno Digital,Municipalidad de Navidad,609,1,1.2,efecto_base_lift_bajo
Dirección de Previsión de Carabineros de Chile,Presidencia de la República,608,1,1.47,efecto_base_lift_bajo
ACEPTA.COM S.A.,Servicio de Salud Magallanes,607,1,1.66,confirmado_acepta
Instituto de Previsión Social,Corporación Nacional Forestal y de Protección de Recursos Naturales Renovables,607,1,1.48,efecto_base_lift_bajo
Servicio de Registro Civil e Identificación,Subsecretaría de Minería,607,1,1.29,efecto_base_lift_bajo
Poder Judicial,Subsecretaría General de Gobierno,606,1,1.91,candidato_sin_verificar
Servicio Agrícola y Ganadero,Ministerio de Salud,605,1,6.04,candidato_sin_verificar
Subsecretaría de Desarrollo Regional y Administrativo,Subsecretaría de Servicios Sociales,605,1,1.67,candidato_sin_verificar
Municipalidad de Maipú,Instituto de Seguridad Laboral,604,1,7.25,candidato_sin_verificar
Municipalidad de Las Condes,Subsecretaría de Justicia,604,1,4.76,candidato_sin_verificar
Servicio Local de Educación Pública de Colchagua,Subsecretaría de Evaluación Social,604,1,1.59,artefacto_vus
Servicio Electoral,Subsecretaría de Salud Pública,603,1,1.46,efecto_base_lift_bajo
Sanidad Naval de la Armada de Chile,Superintendencia de Electricidad y Combustibles,603,1,1.2,efecto_base_lift_bajo
Instituto de Seguridad Laboral,Subsecretaría de Salud Pública,602,1,4.9,candidato_sin_verificar
Municipalidad de Temuco,Ministerio Público,602,1,2.1,candidato_sin_verificar
Servicio Nacional de Capacitación y Empleo,Instituto Nacional de Derechos Humanos,602,1,1.71,candidato_sin_verificar
Comisión Administradora del Sistema de Créditos para Estudios Superiores,Municipalidad de Santiago,600,1,1.65,candidato_sin_verificar
Servicio de Registro Civil e Identificación,Primer Tribunal Electoral,599,1,1.31,efecto_base_lift_bajo
Dirección General de Aeronáutica Civil,Subsecretaría de Salud Pública,598,1,1.5,candidato_sin_verificar
Instituto Nacional de Estadísticas,Municipalidad de Los Angeles,597,1,2.56,candidato_sin_verificar
Subsecretaría de Educación,Instituto de Seguridad Laboral,597,1,1.82,candidato_sin_verificar
Servicio de Salud Metropolitano Oriente,Comisión para el Mercado Financiero,597,1,1.49,efecto_base_lift_bajo
Dirección de Compras y Contratación Pública,Superintendencia del Medio Ambiente,595,1,3.49,candidato_sin_verificar
Servicio de Impuestos Internos,Municipalidad de Maullín,595,1,1.68,candidato_sin_verificar
ACEPTA.COM S.A.,Municipalidad de la Reina,591,1,1.96,confirmado_acepta
Subsecretaría de Derechos Humanos,Subsecretaría de Prevención del Delito,590,1,19.69,candidato_sin_verificar
BPO Advisors SpA,Agencia Nacional de Investigación y Desarrollo,590,1,1.79,candidato_sin_verificar
Subsecretaría de Transportes,Instituto Nacional de Estadísticas,588,1,49.73,candidato_sin_verificar
Contraloría General de la República,AFP Uno,588,1,2.65,candidato_sin_verificar
Subsecretaría de Redes Asistenciales,Municipalidad de la Reina,586,1,2.13,candidato_sin_verificar
Servicio de Impuestos Internos,Segundo Tribunal Electoral Región Metropolitana,585,1,1.59,candidato_sin_verificar
Fondo de Solidaridad e Inversión Social,Instituto Nacional de Deportes de Chile,584,1,1.86,candidato_sin_verificar
Servicio de Tesorerías,Servicio Agrícola y Ganadero,583,1,4.96,candidato_sin_verificar
Subsecretaría de Economía y Empresas de Menor Tamaño,Fuerza Aérea de Chile,582,1,2.48,candidato_sin_verificar
Municipalidad de Las Condes,Subsecretaría General de Gobierno,581,1,1.48,efecto_base_lift_bajo
Municipalidad de Valparaíso,Superintendencia de Pensiones,581,1,1.38,efecto_base_lift_bajo
Subsecretaría de Servicios Sociales,Caja de Previsión de la Defensa Nacional,579,1,1.45,efecto_base_lift_bajo
Contraloría General de la República,Subsecretaría de Previsión Social,578,1,1.99,candidato_sin_verificar
Instituto de Previsión Social,Defensa Civil de Chile,578,1,1.71,candidato_sin_verificar
Superintendencia de Educación Superior,Comisión para la Integridad Pública y Transparencia,577,1,5.97,candidato_sin_verificar
Poder Judicial,Secretaría de Gobierno Digital,576,1,2.07,candidato_sin_verificar
Ministerio de Salud,Municipalidad de Antofagasta,575,1,3.06,candidato_sin_verificar
Ministerio Público,Instituto Nacional de Derechos Humanos,574,1,5.81,candidato_sin_verificar
Cámara de Diputados de Chile,Fondo Nacional de Salud,574,1,1.58,candidato_sin_verificar
Corporación de Asistencia Judicial de la Región Metropolitana,Subsecretaría de Desarrollo Regional y Administrativo,574,1,1.44,efecto_base_lift_bajo
Superintendencia de Salud,Subsecretaría General de la Presidencia de la República,571,1,3.45,candidato_sin_verificar
Comisión Nacional de Riego,Servicio de Impuestos Internos,571,1,2.3,candidato_sin_verificar
Instituto Nacional de Deportes de Chile,Comisión para la Integridad Pública y Transparencia,570,1,9.6,candidato_sin_verificar
Superintendencia de Salud,Subsecretaría de Salud Pública,570,1,4.96,candidato_sin_verificar
Comisión Administradora del Sistema de Créditos para Estudios Superiores,Municipalidad de Coronel,569,1,1.95,candidato_sin_verificar
Dirección Nacional del Servicio Civil,Fuerza Aérea de Chile,568,1,3.57,candidato_sin_verificar
Poder Judicial,Municipalidad de Pedro Aguirre Cerda,568,1,2.21,candidato_sin_verificar
Subsecretaría de Derechos Humanos,Certificadora del Sur,567,1,6.77,candidato_sin_verificar
Dirección Nacional del Servicio Civil,Superintendencia de Insolvencia y Reemprendimiento,567,1,4.83,candidato_sin_verificar
Instituto de Desarrollo Agropecuario,E-Digital PKI SpA.,566,1,2.55,candidato_sin_verificar
Presidencia de la República,Contraloría General de la República,565,1,32.97,candidato_sin_verificar
Ejército de Chile,Subsecretaría de Salud Pública,565,1,1.26,efecto_base_lift_bajo
Instituto Nacional de la Juventud,Poder Judicial,564,1,1.27,efecto_base_lift_bajo
Superintendencia de Electricidad y Combustibles,AFP Modelo,563,1,2.43,candidato_sin_verificar
Poder Judicial,Municipalidad de Peñaflor,561,1,2.02,candidato_sin_verificar
Instituto de Desarrollo Agropecuario,Consejo Nacional de Televisión,561,1,1.92,candidato_sin_verificar
ACEPTA.COM S.A.,Servicio de Salud Antofagasta,561,1,1.31,confirmado_acepta
Servicio de Salud Arica y Parinacota,Fondo de Solidaridad e Inversión Social,559,1,2.2,candidato_sin_verificar
Servicio Agrícola y Ganadero,Municipalidad de Curicó,559,1,1.93,candidato_sin_verificar
Fondo Nacional de Salud,Servicio de Salud Tarapacá,557,1,1.91,candidato_sin_verificar
Policía de Investigaciones de Chile,Comisión para la Integridad Pública y Transparencia,556,1,3.32,candidato_sin_verificar
Dirección General del Territorio Marítimo y de Marina Mercante,AFP Uno,553,1,4.01,candidato_sin_verificar
Superintendencia de Salud,Municipalidad de Lo Barnechea,552,1,1.75,candidato_sin_verificar
Subsecretaría del Trabajo,Ministerio del Medio Ambiente,552,1,1.53,candidato_sin_verificar
ACEPTA.COM S.A.,Municipalidad de Curicó,552,1,1.44,confirmado_acepta
Instituto de Previsión Social,Municipalidad de Angol,549,1,1.45,efecto_base_lift_bajo
Subsecretaría de Redes Asistenciales,Municipalidad de San Clemente,547,1,3.83,candidato_sin_verificar
Consejo Nacional de Televisión,Comisión para la Integridad Pública y Transparencia,547,1,2.98,candidato_sin_verificar
Caja de Previsión de la Defensa Nacional,Superintendencia de Servicios Sanitarios,547,1,1.8,candidato_sin_verificar
Subsecretaría de Vivienda y Urbanismo,docdigital,546,1,2.64,candidato_sin_verificar
Universidad de Los Lagos,Dirección Nacional del Servicio Civil,546,1,1.45,efecto_base_lift_bajo
Corporación Nacional de Desarrollo Indígena,Poder Judicial,546,1,1.26,efecto_base_lift_bajo
Instituto de Desarrollo Agropecuario,AFP Modelo,544,1,3.86,candidato_sin_verificar
ACEPTA.COM S.A.,Unidad de Análisis Financiero,544,1,2.86,confirmado_acepta
Universidad de Chile,Certificadora del Sur,544,1,1.87,candidato_sin_verificar
Municipalidad de Puente Alto,Subsecretaría de Desarrollo Regional y Administrativo,543,1,1.62,candidato_sin_verificar
Subsecretaría de Transportes,Municipalidad de Valdivia,542,1,111.88,candidato_sin_verificar
Dirección Nacional del Servicio Civil,Ministerio de Educación,542,1,1.44,efecto_base_lift_bajo
Servicio Agrícola y Ganadero,Instituto Nacional de Estadísticas,540,1,1.96,candidato_sin_verificar
Servicio de Salud Metropolitano Oriente,Instituto de Previsión Social,539,1,1.56,candidato_sin_verificar
Servicio de Impuestos Internos,Academia Politécnica Naval,538,1,1.64,candidato_sin_verificar
Subsecretaría General de Gobierno,Dirección Nacional del Servicio Civil,537,1,5.3,candidato_sin_verificar
Consejo Nacional de Televisión,Subsecretaría de Desarrollo Regional y Administrativo,536,1,5.42,candidato_sin_verificar
Dirección de Compras y Contratación Pública,Superintendencia de Casinos de Juego,536,1,4.67,candidato_sin_verificar
Presidencia de la República,Servicio de Impuestos Internos,536,1,2.62,candidato_sin_verificar
Dirección Nacional del Servicio Civil,Municipalidad de Padre Hurtado,536,1,1.84,candidato_sin_verificar
Subsecretaría de Redes Asistenciales,Dirección de Contabilidad y Finanzas,536,1,1.66,candidato_sin_verificar
Servicio de Salud Arica y Parinacota,Carabineros de Chile,535,1,1.63,candidato_sin_verificar
Servicio de Registro Civil e Identificación,Ministerio de Hacienda,535,1,1.3,efecto_base_lift_bajo
Hospital Regional de Arica y Parinacota Dr. Juan Noé Crevani,Ministerio Público,532,1,2.26,candidato_sin_verificar
Comisión Administradora del Sistema de Créditos para Estudios Superiores,Municipalidad de Padre Hurtado,532,1,1.74,candidato_sin_verificar
Servicio Nacional para la Prevención y Rehabilitación del Consumo de Drogas y Alcohol,Subsecretaría de Desarrollo Regional y Administrativo,531,1,5.12,candidato_sin_verificar
Universidad de Chile,Senado,529,1,5.36,candidato_sin_verificar
Subsecretaría de Redes Asistenciales,Consejo de Defensa del Estado,528,1,1.81,candidato_sin_verificar
Dirección de Compras y Contratación Pública,Subsecretaría de las Culturas y las Artes,527,1,13.65,candidato_sin_verificar
Municipalidad de Santiago,Subsecretaría de Desarrollo Regional y Administrativo,526,1,2.17,candidato_sin_verificar
Superintendencia de Educación Superior,AFP Uno,525,1,2.23,candidato_sin_verificar
Subsecretaría de Telecomunicaciones,Subsecretaría de Redes Asistenciales,524,1,2.1,candidato_sin_verificar
Servicio de Impuestos Internos,Tribunal Electoral Región de Valparaíso,524,1,1.59,candidato_sin_verificar
Subsecretaría de Evaluación Social,Servicio de Salud Coquimbo,524,1,1.54,candidato_sin_verificar
Servicio de Impuestos Internos,Fiscalía Nacional Económica,523,1,1.61,candidato_sin_verificar
Secretaría de Gobierno Digital,Dirección General de Aeronáutica Civil,523,1,1.4,efecto_base_lift_bajo
Unidad Administradora de los Tribunales Tributarios y Aduaneros,Poder Judicial,522,1,89.51,candidato_sin_verificar
Municipalidad de Ñuñoa,Corporación de Fomento de la Producción,522,1,3.0,candidato_sin_verificar
Servicio de Tesorerías,Municipalidad de La Florida,521,1,1.88,candidato_sin_verificar
Secretaría de Gobierno Digital,Contraloría General de la República,519,1,43.54,candidato_sin_verificar
Servicio de Impuestos Internos,Municipalidad de Pelarco,519,1,1.69,candidato_sin_verificar
Agencia de Calidad de la Educación,Superintendencia de Pensiones,518,1,2.02,candidato_sin_verificar
Dirección del Trabajo,Subsecretaría de Salud Pública,518,1,1.93,candidato_sin_verificar
Servicio de Cooperación Técnica,Municipalidad de Quilicura,518,1,1.67,candidato_sin_verificar
Secretaría de Gobierno Digital,Servicio Nacional de Turismo,518,1,1.29,efecto_base_lift_bajo
Superintendencia de Electricidad y Combustibles,Certificadora del Sur,517,1,2.09,candidato_sin_verificar
Ministerio de Transportes y Telecomunicaciones,E-Digital PKI SpA.,517,1,2.07,candidato_sin_verificar
Instituto de Seguridad Laboral,Subsecretaría de Previsión Social,517,1,1.26,efecto_base_lift_bajo
Superintendencia de Servicios Sanitarios,Comisión para la Integridad Pública y Transparencia,516,1,26.57,candidato_sin_verificar
Subsecretaría de Economía y Empresas de Menor Tamaño,Servicio Nacional de Pesca y Acuicultura,516,1,6.14,candidato_sin_verificar
Servicio de Salud Maule,Subsecretaría de Desarrollo Regional y Administrativo,516,1,1.27,efecto_base_lift_bajo
Dirección del Trabajo,Secretaría de Gobierno Digital,515,1,23.94,candidato_sin_verificar
Comisión Administradora del Sistema de Créditos para Estudios Superiores,docdigital,513,1,1.83,candidato_sin_verificar
ACEPTA.COM S.A.,Universidad del Biobío,511,1,1.52,confirmado_acepta
Municipalidad de La Florida,Certificadora del Sur,508,1,2.13,candidato_sin_verificar
Comisión para el Mercado Financiero,Dirección General de Aeronáutica Civil,508,1,1.93,candidato_sin_verificar
Subsecretaría de Transportes,docdigital,508,1,1.33,efecto_base_lift_bajo
Superintendencia de Electricidad y Combustibles,Subsecretaría de Previsión Social,507,1,2.06,candidato_sin_verificar
Servicio Agrícola y Ganadero,Universidad del Biobío,507,1,2.0,candidato_sin_verificar
Instituto de Seguridad Laboral,Municipalidad de Colina,506,1,1.6,candidato_sin_verificar
Subsecretaría de Vivienda y Urbanismo,AFP Cuprum,506,1,1.44,efecto_base_lift_bajo
ACEPTA.COM S.A.,Subsecretaría para las Fuerzas Armadas,505,1,1.59,confirmado_acepta
Dirección de Compras y Contratación Pública,Instituto de Salud Pública de Chile,504,1,2.61,candidato_sin_verificar
Subsecretaría de Evaluación Social,Subsecretaría de Transportes,504,1,1.3,efecto_base_lift_bajo
Municipalidad de Las Condes,Superintendencia del Medio Ambiente,502,1,3.71,candidato_sin_verificar
Gendarmería de Chile,Certificadora del Sur,501,1,2.31,candidato_sin_verificar
Instituto de Desarrollo Agropecuario,Subsecretaría de Hacienda,499,1,4.75,candidato_sin_verificar
Servicio Nacional del Consumidor,Servicio de Salud Maule,499,1,1.5,candidato_sin_verificar
Servicio de Registro Civil e Identificación,Tribunal Electoral Región de O’Higgins,499,1,1.24,efecto_base_lift_bajo
Servicio Agrícola y Ganadero,Municipalidad de Padre Hurtado,497,1,1.83,candidato_sin_verificar
Subsecretaría de Economía y Empresas de Menor Tamaño,Agencia Nacional de Investigación y Desarrollo,496,1,2.12,candidato_sin_verificar
Municipalidad de Los Angeles,Consejo Nacional de Televisión,496,1,1.68,candidato_sin_verificar
Subsecretaría de Telecomunicaciones,Certificadora del Sur,494,1,2.75,candidato_sin_verificar
Dirección de Compras y Contratación Pública,Municipalidad de Antofagasta,493,1,1.89,candidato_sin_verificar
Ministerio Público,Municipalidad de La Florida,492,1,1.21,efecto_base_lift_bajo
Fondo Nacional de Salud,Servicio Agrícola y Ganadero,488,1,1.38,efecto_base_lift_bajo
Subsecretaría de Prevención del Delito,Servicio Nacional de Pesca y Acuicultura,487,1,4.17,candidato_sin_verificar
ACEPTA.COM S.A.,Consejo de Defensa del Estado,487,1,1.52,confirmado_acepta
Instituto de Seguridad Laboral,Presidencia de la República,486,1,3.26,candidato_sin_verificar
Fondo de Solidaridad e Inversión Social,Servicio de Salud Magallanes,486,1,2.87,candidato_sin_verificar
Dirección del Trabajo,Parque Metropolitano de Santiago,486,1,1.51,candidato_sin_verificar
Municipalidad de Los Angeles,Subsecretaría de Economía y Empresas de Menor Tamaño,484,1,2.4,candidato_sin_verificar
Subsecretaría del Trabajo,Centro de Formación Técnica de la Región de Tarapacá,483,1,3.3,candidato_sin_verificar
Comisión para el Mercado Financiero,Fiscalía Nacional Económica,483,1,2.15,candidato_sin_verificar
Ministerio Público,Policía de Investigaciones de Chile,482,1,4.45,candidato_sin_verificar
Subsecretaría de Economía y Empresas de Menor Tamaño,Universidad de Chile,481,1,2.34,candidato_sin_verificar
ACEPTA.COM S.A.,Central de Abastecimiento del Sistema Nacional de Servicios de Salud,481,1,1.98,confirmado_acepta
Dirección General de Movilización Nacional,Municipalidad de Coronel,481,1,1.9,candidato_sin_verificar
Servicio de Registro Civil e Identificación,Tribunal Electoral Región de Biobío,480,1,1.33,efecto_base_lift_bajo
Subsecretaría de Desarrollo Regional y Administrativo,Subsecretaría de Transportes,479,1,66.75,candidato_sin_verificar
Tribunal de Defensa de la Libre Competencia,Comisión para la Integridad Pública y Transparencia,479,1,22.55,candidato_sin_verificar
Dirección de Compras y Contratación Pública,Agencia Nacional de Investigación y Desarrollo,479,1,4.11,candidato_sin_verificar
Instituto de Desarrollo Agropecuario,Caja de Previsión de la Defensa Nacional,479,1,2.72,candidato_sin_verificar
Gobierno Regional de la Región Aysén del General Carlos Ibáñez del Campo,Instituto de Previsión Social,479,1,1.48,efecto_base_lift_bajo
Instituto Nacional de Deportes de Chile,Ministerio Público,478,1,3.09,candidato_sin_verificar
Universidad de Santiago de Chile,Comisión para la Integridad Pública y Transparencia,478,1,3.0,candidato_sin_verificar
Dirección Nacional del Servicio Civil,Municipalidad de Antofagasta,478,1,1.34,efecto_base_lift_bajo
Servicio de Salud Maule,Subsecretaría de Economía y Empresas de Menor Tamaño,478,1,1.26,efecto_base_lift_bajo
Ministerio de Desarrollo Social y Familia,Servicio Nacional de la Mujer y la Equidad de Género,477,1,3.24,candidato_sin_verificar
Corporación de Asistencia Judicial de la Región del Biobío,Fondo Nacional de Salud,475,1,2.08,candidato_sin_verificar
Subsecretaría de Vivienda y Urbanismo,Subsecretaría General de la Presidencia de la República,475,1,1.58,candidato_sin_verificar
Hospital Regional de Arica y Parinacota Dr. Juan Noé Crevani,Fondo Nacional de Salud,475,1,1.41,efecto_base_lift_bajo
Superintendencia del Medio Ambiente,Subsecretaría de Desarrollo Regional y Administrativo,470,1,6.13,candidato_sin_verificar
Servicio de Impuestos Internos,Servicio Nacional de Geología y Minería,470,1,1.62,candidato_sin_verificar
Servicio de Salud Antofagasta,Subsecretaría de Evaluación Social,468,1,2.74,artefacto_vus
Subsecretaría de Vivienda y Urbanismo,Servicio de Salud Maule,468,1,2.61,candidato_sin_verificar
Subsecretaría General de Gobierno,Servicio de Impuestos Internos,467,1,2.13,candidato_sin_verificar
Subsecretaría de Transportes,Subsecretaría de Evaluación Social,467,1,1.34,artefacto_vus
Servicio Nacional de Capacitación y Empleo,Municipalidad de Peñaflor,466,1,1.45,efecto_base_lift_bajo
Universidad de Chile,Agencia Nacional de Investigación y Desarrollo,463,1,13.25,candidato_sin_verificar
Dirección de Compras y Contratación Pública,Superintendencia de Electricidad y Combustibles,463,1,8.23,candidato_sin_verificar
Ministerio de Educación,AFP Modelo,463,1,1.57,candidato_sin_verificar
Municipalidad de Maipú,Subsecretaría de Vivienda y Urbanismo,463,1,1.51,candidato_sin_verificar
Subsecretaría de Salud Pública,Subsecretaría de Vivienda y Urbanismo,463,1,1.28,efecto_base_lift_bajo
Ministerio Secretaría General de Gobierno,Subsecretaría de Redes Asistenciales,462,1,1.91,candidato_sin_verificar
Municipalidad de Santiago,Subsecretaría de Prevención del Delito,461,1,7.58,candidato_sin_verificar
Municipalidad de Valparaíso,Subsecretaría de Salud Pública,461,1,1.22,efecto_base_lift_bajo
Subsecretaría del Interior,Subsecretaría de Desarrollo Regional y Administrativo,459,1,2.47,candidato_sin_verificar
ACEPTA.COM S.A.,Superintendencia de Servicios Sanitarios,459,1,2.07,confirmado_acepta
Dirección General del Territorio Marítimo y de Marina Mercante,Subsecretaría de Transportes,459,1,1.7,candidato_sin_verificar
Subsecretaría de Vivienda y Urbanismo,Subsecretaría de Prevención del Delito,458,1,1.24,efecto_base_lift_bajo
Superintendencia de Insolvencia y Reemprendimiento,Municipalidad de Colina,456,1,2.42,candidato_sin_verificar
Municipalidad de La Florida,Subsecretaría de Vivienda y Urbanismo,456,1,1.39,efecto_base_lift_bajo
Subsecretaría de Economía y Empresas de Menor Tamaño,Servicio Nacional de Turismo,454,1,7.13,candidato_sin_verificar
Municipalidad de la Reina,Comisión para la Integridad Pública y Transparencia,453,1,17.12,candidato_sin_verificar
Servicio Nacional de Aduanas,Subsecretaría de Vivienda y Urbanismo,452,1,4.88,candidato_sin_verificar
Ministerio del Medio Ambiente,Subsecretaría de Desarrollo Regional y Administrativo,452,1,2.93,candidato_sin_verificar
Subsecretaría de Servicios Sociales,Subsecretaría de Hacienda,452,1,2.39,candidato_sin_verificar
Subsecretaría General de la Presidencia de la República,Subsecretaría de Bienes Nacionales,450,1,6.01,candidato_sin_verificar
Dirección del Trabajo,Municipalidad de Osorno,450,1,1.24,efecto_base_lift_bajo
Subsecretaría de Desarrollo Regional y Administrativo,Subsecretaría de Educación,447,1,1.47,efecto_base_lift_bajo
Servicio Nacional del Consumidor,Fondo de Solidaridad e Inversión Social,446,1,2.24,candidato_sin_verificar
Dirección de Compras y Contratación Pública,Ejército de Chile,444,1,8.04,candidato_sin_verificar
Carabineros de Chile,Subsecretaría General de la Presidencia de la República,443,1,2.82,candidato_sin_verificar
Ministerio Público,Subsecretaría de Transportes,442,1,1.47,efecto_base_lift_bajo
Subsecretaría de Telecomunicaciones,Instituto de Seguridad Laboral,441,1,2.85,candidato_sin_verificar
Dirección General de Aeronáutica Civil,Comisión para la Integridad Pública y Transparencia,438,1,3.45,candidato_sin_verificar
Municipalidad de Valparaíso,Superintendencia de Educación,438,1,3.17,candidato_sin_verificar
Subsecretaría General de Gobierno,Subsecretaría de Economía y Empresas de Menor Tamaño,438,1,2.93,candidato_sin_verificar
Dirección Nacional del Servicio Civil,Superintendencia de Casinos de Juego,438,1,2.8,candidato_sin_verificar
Dirección General del Crédito Prendario,Ministerio Público,437,1,2.32,candidato_sin_verificar
Ministerio de Desarrollo Social y Familia,Servicio de Salud Viña del Mar - Quillota,437,1,1.37,efecto_base_lift_bajo
Subsecretaría de Redes Asistenciales,Municipalidad de Curicó,437,1,1.25,efecto_base_lift_bajo
Subsecretaría de Obras Públicas,Universidad de Chile,436,1,6.98,candidato_sin_verificar
Servicio Electoral,Segundo Tribunal Electoral Región Metropolitana,436,1,3.85,candidato_sin_verificar
Subsecretaría del Trabajo,Servicio de Salud Maule,435,1,1.63,candidato_sin_verificar
Subsecretaría de Redes Asistenciales,Municipalidad de Valparaíso,435,1,1.62,candidato_sin_verificar
Universidad de Chile,Agencia Nacional de Ciberseguridad,434,1,6.03,candidato_sin_verificar
Junta Nacional de Jardines Infantiles,Ministerio Público,434,1,2.19,candidato_sin_verificar
Subsecretaría de Vivienda y Urbanismo,Municipalidad de Antofagasta,434,1,1.57,candidato_sin_verificar
Corporación de Fomento de la Producción,Subsecretaría de Bienes Nacionales,433,1,5.09,candidato_sin_verificar
Municipalidad de Providencia,Subsecretaría de Previsión Social,432,1,2.92,candidato_sin_verificar
Subsecretaría de Salud Pública,Servicio Nacional de Protección Especializada a la Niñez y Adolescencia,431,1,6.88,candidato_sin_verificar
Superintendencia de Educación,Subsecretaría de Bienes Nacionales,431,1,4.12,candidato_sin_verificar
Subsecretaría de Desarrollo Regional y Administrativo,Agencia Nacional de Ciberseguridad,431,1,2.72,candidato_sin_verificar
Instituto de Previsión Social,Defensoría Penal Pública,431,1,1.36,efecto_base_lift_bajo
Subsecretaría de Evaluación Social,Subsecretaría General de Gobierno,431,1,1.26,efecto_base_lift_bajo
Fondo de Solidaridad e Inversión Social,Consejo de Defensa del Estado,430,1,2.89,candidato_sin_verificar
Universidad de La Frontera,Instituto Nacional de Deportes de Chile,429,1,2.69,candidato_sin_verificar
Comisión para el Mercado Financiero,Superintendencia del Medio Ambiente,429,1,1.87,candidato_sin_verificar
ACEPTA.COM S.A.,Tribunal de Defensa de la Libre Competencia,429,1,1.77,confirmado_acepta
Dirección General de Aguas,Subsecretaría de Bienes Nacionales,426,1,12.25,candidato_sin_verificar
ACEPTA.COM S.A.,Servicio de Salud Biobío,426,1,1.3,confirmado_acepta
Servicio de Evaluación Ambiental,Subsecretaría de Bienes Nacionales,425,1,7.87,candidato_sin_verificar
Subsecretaría de Economía y Empresas de Menor Tamaño,Municipalidad de Zapallar,425,1,2.57,candidato_sin_verificar
Ministerio Secretaría General de Gobierno,Servicio de Impuestos Internos,425,1,1.88,candidato_sin_verificar
Dirección Nacional del Servicio Civil,Municipalidad de Coronel,425,1,1.53,candidato_sin_verificar
Subsecretaría del Trabajo,Superintendencia de Casinos de Juego,424,1,1.44,efecto_base_lift_bajo
Corporación de Fomento de la Producción,Servicio de Salud Araucanía Sur,423,1,1.72,candidato_sin_verificar
Subsecretaría General de la Presidencia de la República,Superintendencia de Seguridad Social,422,1,3.02,candidato_sin_verificar
ACEPTA.COM S.A.,Superintendencia de Casinos de Juego,420,1,2.07,confirmado_acepta
Poder Judicial,Municipios,420,1,1.74,candidato_sin_verificar
Subsecretaría de Evaluación Social,Municipalidad de San Clemente,419,1,2.4,candidato_sin_verificar
Dirección Nacional del Servicio Civil,Subsecretaría de Telecomunicaciones,418,1,171.94,candidato_sin_verificar
Contraloría General de la República,Unidad de Análisis Financiero,418,1,8.76,candidato_sin_verificar
Subsecretaría para las Fuerzas Armadas,AFP Uno,418,1,1.92,candidato_sin_verificar
Instituto de Previsión Social,Tribunal Calificador de Elecciones de Chile‎,417,1,1.23,efecto_base_lift_bajo
ACEPTA.COM S.A.,Municipalidad de Vitacura,416,1,2.42,confirmado_acepta
Municipalidad de Ñuñoa,Servicio Agrícola y Ganadero,415,1,3.3,candidato_sin_verificar
Corporación de Fomento de la Producción,AFP Modelo,415,1,3.15,candidato_sin_verificar
Subsecretaría de Salud Pública,Instituto Nacional de Derechos Humanos,415,1,2.11,candidato_sin_verificar
Municipalidad de Los Angeles,E-Digital PKI SpA.,415,1,1.86,candidato_sin_verificar
Servicio de Cooperación Técnica,Subsecretaría General de la Presidencia de la República,414,1,3.33,candidato_sin_verificar
Ministerio de Salud,docdigital,414,1,2.94,candidato_sin_verificar
Fondo Nacional de Salud,Centro de Referencia de Salud de Peñalolén Cordillera Oriente,414,1,2.26,candidato_sin_verificar
Subsecretaría General de Gobierno,Subsecretaría del Trabajo,414,1,2.17,candidato_sin_verificar
Servicio de Salud Arica y Parinacota,Comisión para la Integridad Pública y Transparencia,413,1,1.22,efecto_base_lift_bajo
Contraloría General de la República,Subsecretaría de Derechos Humanos,412,1,8.73,candidato_sin_verificar
Servicio Nacional de Geología y Minería,Ministerio Público,410,1,2.46,candidato_sin_verificar
Municipalidad de Puente Alto,Ministerio de Transportes y Telecomunicaciones,409,1,1.95,candidato_sin_verificar
Ministerio de Salud,Subsecretaría General de la Presidencia de la República,408,1,3.23,candidato_sin_verificar
Ministerio Público,Municipalidad de Los Angeles,408,1,1.58,candidato_sin_verificar
Consejo de Defensa del Estado,Subsecretaría de Justicia,407,1,3.08,candidato_sin_verificar
Servicio de Tesorerías,Ministerio de Transportes y Telecomunicaciones,407,1,2.08,candidato_sin_verificar
Subsecretaría de Economía y Empresas de Menor Tamaño,Municipios,406,1,4.83,candidato_sin_verificar
Corporación de Fomento de la Producción,Certificadora del Sur,406,1,2.9,candidato_sin_verificar
Superintendencia de Salud,docdigital,406,1,2.2,candidato_sin_verificar
Subsecretaría General de la Presidencia de la República,Carabineros de Chile,406,1,1.43,efecto_base_lift_bajo
e-Process,Contraloría General de la República,405,1,5.91,candidato_sin_verificar
Municipalidad de Puerto Montt,Carabineros de Chile,405,1,1.77,candidato_sin_verificar
Subsecretaría de Economía y Empresas de Menor Tamaño,Municipalidad de La Florida,404,1,2.4,candidato_sin_verificar
Superintendencia de Salud,Municipalidad de Padre Hurtado,404,1,2.0,candidato_sin_verificar
Ministerio Público,Subsecretaría de Vivienda y Urbanismo,404,1,1.4,efecto_base_lift_bajo
Servicio Electoral,Municipalidad de Osorno,402,1,1.73,candidato_sin_verificar
Instituto de Previsión Social,Superintendencia de Electricidad y Combustibles,401,1,1.51,candidato_sin_verificar
Subsecretaría para las Fuerzas Armadas,Ministerio Público,399,1,1.72,candidato_sin_verificar
Ministerio Público,Ministerio de Transportes y Telecomunicaciones,399,1,1.38,efecto_base_lift_bajo
Comisión para el Mercado Financiero,Municipalidad de Vallenar,399,1,1.21,efecto_base_lift_bajo
Poder Judicial,Instituto Nacional de la Juventud,398,1,1.23,efecto_base_lift_bajo
ACEPTA.COM S.A.,Servicio de Salud Metropolitano Sur,397,1,1.28,confirmado_acepta
Poder Judicial,Primer Tribunal Ambiental,396,1,4.1,candidato_sin_verificar
Dirección General de Movilización Nacional,Agencia Nacional de Investigación y Desarrollo,396,1,2.72,candidato_sin_verificar
Gendarmería de Chile,Municipalidad de Colina,396,1,2.64,candidato_sin_verificar
Servicio Nacional del Consumidor,Municipalidad de Osorno,396,1,2.13,candidato_sin_verificar
Subsecretaría del Trabajo,Servicio Nacional de Protección Especializada a la Niñez y Adolescencia,396,1,1.42,efecto_base_lift_bajo
ACEPTA.COM S.A.,Gobierno Regional de la Región de Los Lagos,396,1,1.29,confirmado_acepta
Unidad Administradora de los Tribunales Tributarios y Aduaneros,Ministerio Público,395,1,4.83,candidato_sin_verificar
Municipalidad de Lo Barnechea,Ministerio Público,395,1,2.93,candidato_sin_verificar
Subsecretaría del Trabajo,Servicio Electoral,395,1,2.67,candidato_sin_verificar
Subsecretaría de Obras Públicas,Carabineros de Chile,395,1,2.11,candidato_sin_verificar
Dirección General de Movilización Nacional,Subsecretaría de Vivienda y Urbanismo,395,1,1.63,candidato_sin_verificar
Universidad del Biobío,Subsecretaría de Redes Asistenciales,394,1,2.32,candidato_sin_verificar
Municipalidad de Curicó,Subsecretaría de Redes Asistenciales,394,1,2.03,candidato_sin_verificar
Subsecretaría General de Gobierno,Agencia Nacional de Investigación y Desarrollo,393,1,20.94,candidato_sin_verificar
Fondo Nacional de Salud,Superintendencia de Educación Superior,393,1,2.17,candidato_sin_verificar
Subsecretaría de Vivienda y Urbanismo,Municipalidad de Puente Alto,393,1,1.88,candidato_sin_verificar
Servicio Nacional de Capacitación y Empleo,Subsecretaría de Salud Pública,393,1,1.37,efecto_base_lift_bajo
Subsecretaría del Trabajo,Agencia Nacional de Investigación y Desarrollo,392,1,1.31,efecto_base_lift_bajo
Instituto de Previsión Social,Municipios,392,1,1.21,efecto_base_lift_bajo
Municipalidad de Recoleta,Superintendencia de Seguridad Social,391,1,2.54,candidato_sin_verificar
Poder Judicial,Municipalidad de Coyhaique,391,1,1.86,candidato_sin_verificar
Servicio de Salud Arica y Parinacota,Subsecretaría de Desarrollo Regional y Administrativo,390,1,2.15,candidato_sin_verificar
Comisión para el Mercado Financiero,Municipalidad de Pelarco,390,1,1.84,candidato_sin_verificar
Servicio de Impuestos Internos,Tribunal Electoral Región de O’Higgins,390,1,1.52,candidato_sin_verificar
Dirección del Trabajo,Servicio Nacional de Pesca y Acuicultura,390,1,1.49,efecto_base_lift_bajo
Universidad de La Frontera,Municipalidad de Temuco,390,1,1.32,efecto_base_lift_bajo
Subsecretaría de Vivienda y Urbanismo,Municipalidad de Llanquihue,389,1,13.99,candidato_sin_verificar
Municipalidad de Torres del Paine,Carabineros de Chile,389,1,8.16,candidato_sin_verificar
Municipalidad de Lo Barnechea,Comisión para la Integridad Pública y Transparencia,389,1,7.53,candidato_sin_verificar
Servicio Nacional de la Mujer y la Equidad de Género,Subsecretaría de Redes Asistenciales,389,1,3.06,candidato_sin_verificar
Servicio de Salud Metropolitano Sur Oriente,Fondo de Solidaridad e Inversión Social,389,1,1.3,efecto_base_lift_bajo
Municipalidad de Santiago,Municipalidad de Quilicura,387,1,5.08,candidato_sin_verificar
Subsecretaría del Trabajo,Instituto Nacional de Derechos Humanos,387,1,2.86,candidato_sin_verificar
BPO Advisors SpA,Dirección del Trabajo,386,1,2.45,candidato_sin_verificar
Comisión para el Mercado Financiero,Municipalidad de Llanquihue,385,1,1.63,candidato_sin_verificar
Agencia de Calidad de la Educación,Superintendencia de Electricidad y Combustibles,384,1,2.88,candidato_sin_verificar
Servicio Nacional de Geología y Minería,Subsecretaría de Salud Pública,384,1,1.91,candidato_sin_verificar
Instituto de Seguridad Laboral,Municipalidad de Quilicura,384,1,1.88,candidato_sin_verificar
Subsecretaría de Redes Asistenciales,Servicio Nacional de la Mujer y la Equidad de Género,384,1,1.68,candidato_sin_verificar
Subsecretaría de Justicia,Ministerio Público,382,1,5.87,candidato_sin_verificar
Subsecretaría de Salud Pública,Agencia Nacional de Ciberseguridad,381,1,2.74,candidato_sin_verificar
Universidad de Chile,Municipalidad de Colina,381,1,1.89,candidato_sin_verificar
Subsecretaría de Economía y Empresas de Menor Tamaño,Superintendencia de Pensiones,381,1,1.65,candidato_sin_verificar
Servicio de Salud Tarapacá,AFP Uno,380,1,2.36,candidato_sin_verificar
Servicio Nacional de Capacitación y Empleo,Dirección General de Aeronáutica Civil,380,1,1.93,candidato_sin_verificar
Subsecretaría de Evaluación Social,Dirección del Trabajo,380,1,1.54,candidato_sin_verificar
Ministerio de Salud,Subsecretaría de Salud Pública,378,1,12.21,candidato_sin_verificar
Dirección General de Movilización Nacional,Tribunal Calificador de Elecciones de Chile‎,378,1,4.24,candidato_sin_verificar
Gendarmería de Chile,Subsecretaría de Bienes Nacionales,378,1,2.87,candidato_sin_verificar
Ministerio de Bienes Nacionales,Subsecretaría de Redes Asistenciales,378,1,2.43,candidato_sin_verificar
Subsecretaría de Hacienda,Comisión para la Integridad Pública y Transparencia,376,1,8.05,candidato_sin_verificar
Subsecretaría de Redes Asistenciales,Unidad de Análisis Financiero,375,1,2.16,candidato_sin_verificar
Comisión Administradora del Sistema de Créditos para Estudios Superiores,Ministerio del Medio Ambiente,375,1,1.85,candidato_sin_verificar
Subsecretaría de Economía y Empresas de Menor Tamaño,Servicio Nacional de Protección Especializada a la Niñez y Adolescencia,374,1,1.72,candidato_sin_verificar
Servicio Nacional de Pesca y Acuicultura,Fondo de Solidaridad e Inversión Social,373,1,7.91,candidato_sin_verificar
Servicio de Salud Libertador General Bernardo O'Higgins,Carabineros de Chile,373,1,2.29,candidato_sin_verificar
Subsecretaría de Redes Asistenciales,E-Digital PKI SpA.,373,1,2.04,candidato_sin_verificar
Fondo Nacional de Salud,Defensoría Penal Pública,371,1,2.07,candidato_sin_verificar
Superintendencia de Seguridad Social,Municipalidad de San Clemente,371,1,1.38,efecto_base_lift_bajo
ACEPTA.COM S.A.,Centro de Referencia de Salud de Peñalolén Cordillera Oriente,371,1,1.27,confirmado_acepta
Dirección General de Aguas,Dirección de Contabilidad y Finanzas,370,1,31.31,candidato_sin_verificar
Dirección General de Movilización Nacional,Municipalidad de Valdivia,367,1,1.79,candidato_sin_verificar
Servicio de Impuestos Internos,Tribunal Electoral Región de Biobío,367,1,1.59,candidato_sin_verificar
Subsecretaría de Redes Asistenciales,Municipalidad de Quilpué,367,1,1.52,candidato_sin_verificar
Subsecretaría de Bienes Nacionales,Instituto de Seguridad Laboral,366,1,4.63,candidato_sin_verificar
Ministerio del Medio Ambiente,Certificadora del Sur,365,1,3.37,candidato_sin_verificar
Subsecretaría de Vivienda y Urbanismo,Municipalidad de Viña del Mar,363,1,1.46,efecto_base_lift_bajo
Superintendencia de Electricidad y Combustibles,Caja de Previsión de la Defensa Nacional,362,1,1.25,efecto_base_lift_bajo
Thomas-Signe Chile S.A,Superintendencia de Educación,361,1,2.58,candidato_sin_verificar
Subsecretaría de Vivienda y Urbanismo,Servicio de Salud Coquimbo,361,1,2.08,candidato_sin_verificar
Superintendencia de Servicios Sanitarios,Carabineros de Chile,361,1,1.57,candidato_sin_verificar
Municipalidad de Lo Barnechea,Subsecretaría de Redes Asistenciales,361,1,1.21,efecto_base_lift_bajo
Subsecretaría General de la Presidencia de la República,Dirección de Compras y Contratación Pública,360,1,28.28,candidato_sin_verificar
Universidad de Talca,Subsecretaría de Redes Asistenciales,357,1,2.74,candidato_sin_verificar
Dirección Nacional del Servicio Civil,Centro de Referencia de Salud de Peñalolén Cordillera Oriente,357,1,1.59,candidato_sin_verificar
Subsecretaría General de la Presidencia de la República,Municipalidad de San Joaquín,356,1,152.69,candidato_sin_verificar
ACEPTA.COM S.A.,Dirección de Vialidad,355,1,2.04,confirmado_acepta
Ministerio de Salud,Superintendencia del Medio Ambiente,354,1,19.14,candidato_sin_verificar
Instituto Nacional de Estadísticas,Ministerio de Transportes y Telecomunicaciones,353,1,1.36,efecto_base_lift_bajo
Subsecretaría de Bienes Nacionales,Carabineros de Chile,352,1,2.33,candidato_sin_verificar
Municipalidad de Puerto Montt,Ministerio Público,352,1,2.27,candidato_sin_verificar
Dirección de Compras y Contratación Pública,Servicio Nacional de Turismo,350,1,11.04,candidato_sin_verificar
Subsecretaría de Desarrollo Regional y Administrativo,Municipalidad de Padre Hurtado,350,1,2.48,candidato_sin_verificar
Dirección General de Movilización Nacional,Municipalidad de San Clemente,350,1,1.49,efecto_base_lift_bajo
Municipalidad de Santiago,AFP Modelo,349,1,2.19,candidato_sin_verificar
Contraloría General de la República,Municipalidad de Colina,348,1,1.56,candidato_sin_verificar
Poder Judicial,Municipalidad de Vallenar,347,1,1.63,candidato_sin_verificar
ACEPTA.COM S.A.,Universidad de Talca,347,1,1.34,confirmado_acepta
Municipalidad de Santiago,Subsecretaría de Vivienda y Urbanismo,346,1,1.48,efecto_base_lift_bajo
Secretaría de Gobierno Digital,Municipalidad de San Joaquín,345,1,68.33,candidato_sin_verificar
Subsecretaría de Justicia,Municipalidad de Padre Hurtado,345,1,1.65,candidato_sin_verificar
Gobierno Regional de la Región Aysén del General Carlos Ibáñez del Campo,Poder Judicial,345,1,1.43,efecto_base_lift_bajo
Municipalidad de San Pedro de la Paz,Comisión para la Integridad Pública y Transparencia,344,1,8.28,candidato_sin_verificar
Superintendencia de Salud,Ministerio del Medio Ambiente,344,1,2.58,candidato_sin_verificar
Municipalidad de Valparaíso,Corporación de Asistencia Judicial de la Región Metropolitana,344,1,1.54,candidato_sin_verificar
Central de Abastecimiento del Sistema Nacional de Servicios de Salud,Comisión para la Integridad Pública y Transparencia,343,1,16.15,candidato_sin_verificar
Servicio de Salud Tarapacá,Universidad de Chile,342,1,2.68,candidato_sin_verificar
Ministerio de Transportes y Telecomunicaciones,Subsecretaría de Transportes,341,1,17.19,candidato_sin_verificar
Ministerio Público,Servicio Agrícola y Ganadero,341,1,2.78,candidato_sin_verificar
Subsecretaría General de la Presidencia de la República,Tribunal Calificador de Elecciones de Chile‎,340,1,23.87,candidato_sin_verificar
Universidad de Tarapacá,Ministerio Público,340,1,2.58,candidato_sin_verificar
Instituto de Previsión Social,Municipalidad de Coyhaique,340,1,1.21,efecto_base_lift_bajo
Servicio de Evaluación Ambiental,Subsecretaría de Hacienda,339,1,7.74,candidato_sin_verificar
Dirección del Trabajo,Dirección General de Aeronáutica Civil,339,1,1.85,candidato_sin_verificar
Municipalidad de Las Condes,Policía de Investigaciones de Chile,338,1,2.12,candidato_sin_verificar
Institución,Subsecretaría de Redes Asistenciales,338,1,1.48,efecto_base_lift_bajo
Subsecretaría de Vivienda y Urbanismo,Municipalidad de San Clemente,335,1,1.68,candidato_sin_verificar
Comisión para el Mercado Financiero,Secretaría de Gobierno Digital,334,1,2.1,candidato_sin_verificar
Dirección Nacional del Servicio Civil,Subsecretaría General de Gobierno,333,1,4.45,candidato_sin_verificar
Instituto Nacional de la Juventud,Carabineros de Chile,331,1,3.4,candidato_sin_verificar
Servicio de Tesorerías,Servicio de Evaluación Ambiental,330,1,4.55,candidato_sin_verificar
ACEPTA.COM S.A.,Subsecretaría de Educación Parvularia,330,1,1.93,confirmado_acepta
Servicio de Salud Maule,Subsecretaría de Hacienda,329,1,1.65,candidato_sin_verificar
Universidad de Chile,Subsecretaría de Salud Pública,327,1,8.96,candidato_sin_verificar
Servicio de Tesorerías,Superintendencia del Medio Ambiente,326,1,5.21,candidato_sin_verificar
Subsecretaría de Redes Asistenciales,Municipalidad de Temuco,326,1,1.63,candidato_sin_verificar
Dirección de Compras y Contratación Pública,Dirección General de Aeronáutica Civil,325,1,4.41,candidato_sin_verificar
Servicio de Tesorerías,Gendarmería de Chile,325,1,1.29,efecto_base_lift_bajo
Servicio Agrícola y Ganadero,Subsecretaría de Bienes Nacionales,324,1,5.28,candidato_sin_verificar
Corporación de Fomento de la Producción,Municipalidad de Peñalolén,323,1,1.96,candidato_sin_verificar
Servicio Electoral,Secretaría de Gobierno Digital,321,1,1.79,candidato_sin_verificar
Servicio Agrícola y Ganadero,Servicio de Salud Biobío,321,1,1.3,efecto_base_lift_bajo
BPO Advisors SpA,Servicio Nacional de Pesca y Acuicultura,320,1,2.71,candidato_sin_verificar
Superintendencia de Salud,Agencia Nacional de Investigación y Desarrollo,319,1,2.9,candidato_sin_verificar
Instituto Nacional de Deportes de Chile,Subsecretaría de Hacienda,316,1,20.07,candidato_sin_verificar
Dirección General de Movilización Nacional,Superintendencia de Casinos de Juego,316,1,2.21,candidato_sin_verificar
Servicio Nacional de Turismo,Subsecretaría de Redes Asistenciales,316,1,1.2,efecto_base_lift_bajo
Municipalidad de Santiago,Subsecretaría de Bienes Nacionales,315,1,3.05,candidato_sin_verificar
Ministerio de Desarrollo Social y Familia,Ministerio de Hacienda,315,1,1.23,efecto_base_lift_bajo
Dirección General del Crédito Prendario,Comisión para la Integridad Pública y Transparencia,314,1,4.34,candidato_sin_verificar
Servicio de Salud Metropolitano Oriente,Servicio Nacional del Consumidor,313,1,2.2,candidato_sin_verificar
Ministerio del Medio Ambiente,Subsecretaría de Economía y Empresas de Menor Tamaño,312,1,59.05,candidato_sin_verificar
Ministerio de Educación,Dirección de Educación Pública,312,1,7.41,candidato_sin_verificar
Superintendencia del Medio Ambiente,Subsecretaría de Economía y Empresas de Menor Tamaño,311,1,118.49,candidato_sin_verificar
Gendarmería de Chile,Municipalidad de Peñalolén,311,1,1.22,efecto_base_lift_bajo
Servicio de Salud Maule,Subsecretaría de Previsión Social,311,1,1.21,efecto_base_lift_bajo
Instituto de Seguridad Laboral,Agencia Nacional de Ciberseguridad,310,1,2.75,candidato_sin_verificar
Servicio Nacional de Geología y Minería,Servicio Agrícola y Ganadero,309,1,2.88,candidato_sin_verificar
Subsecretaría de Salud Pública,Instituto de Seguridad Laboral,309,1,1.93,candidato_sin_verificar
Ministerio del Medio Ambiente,Agencia Nacional de Ciberseguridad,308,1,11.49,candidato_sin_verificar
Dirección General de Aeronáutica Civil,Caja de Previsión de la Defensa Nacional,308,1,5.47,candidato_sin_verificar
Servicio Nacional del Patrimonio Cultural,AFP Uno,308,1,1.93,candidato_sin_verificar
Hospital Base Valdivia,Ministerio Público,308,1,1.68,candidato_sin_verificar
Subsecretaría de Transportes,Municipalidad de Vitacura,308,1,1.62,candidato_sin_verificar
Municipalidad de Los Angeles,Subsecretaría de Desarrollo Regional y Administrativo,308,1,1.43,efecto_base_lift_bajo
Municipalidad de Santiago,Municipalidad de Colina,306,1,2.6,candidato_sin_verificar
Carabineros de Chile,docdigital,306,1,1.74,candidato_sin_verificar
Instituto de Seguridad Laboral,Subsecretaría General de la Presidencia de la República,305,1,3.72,candidato_sin_verificar
Superintendencia de Seguridad Social,Subsecretaría General de la Presidencia de la República,304,1,3.03,candidato_sin_verificar
BPO Advisors SpA,Municipalidad de Osorno,303,1,1.85,candidato_sin_verificar
Universidad de Chile,Subsecretaría de Bienes Nacionales,303,1,1.71,candidato_sin_verificar
Subsecretaría de Educación,Subsecretaría General de la Presidencia de la República,302,1,3.03,candidato_sin_verificar
Tribunal Constitucional de Chile,Subsecretaría de Redes Asistenciales,302,1,1.57,candidato_sin_verificar
Ministerio Público,Secretaría de Gobierno Digital,302,1,1.31,efecto_base_lift_bajo
Subsecretaría General de la Presidencia de la República,Unidad de Análisis Financiero,301,1,14.03,candidato_sin_verificar
Dirección General de Aguas,Comisión para la Integridad Pública y Transparencia,300,1,12.46,candidato_sin_verificar
Municipalidad de San Pedro de la Paz,Subsecretaría de Redes Asistenciales,299,1,1.25,efecto_base_lift_bajo
Tribunal de Defensa de la Libre Competencia,Ministerio Público,298,1,5.38,candidato_sin_verificar
Poder Judicial,Tribunal Electoral Región de Biobío,298,1,2.9,candidato_sin_verificar
ACEPTA.COM S.A.,Municipalidad de Pucón,297,1,1.7,confirmado_acepta
Contraloría General de la República,Servicio Nacional de Pesca y Acuicultura,297,1,1.66,candidato_sin_verificar
Servicio Nacional del Patrimonio Cultural,Subsecretaría de Previsión Social,297,1,1.42,efecto_base_lift_bajo
Ministerio del Medio Ambiente,Subsecretaría de Hacienda,296,1,3.89,candidato_sin_verificar
Subsecretaría de Redes Asistenciales,Servicio Nacional de Geología y Minería,296,1,2.03,candidato_sin_verificar
Servicio de Salud Metropolitano Oriente,Comisión para la Integridad Pública y Transparencia,296,1,1.8,candidato_sin_verificar
Municipalidad de Puente Alto,Subsecretaría de Vivienda y Urbanismo,295,1,2.87,candidato_sin_verificar
Subsecretaría de Redes Asistenciales,Defensa Civil de Chile,295,1,2.56,candidato_sin_verificar
Servicio de Salud Maule,AFP Uno,295,1,1.51,candidato_sin_verificar
Subsecretaría del Trabajo,Dirección de Contabilidad y Finanzas,294,1,2.16,candidato_sin_verificar
Servicio Agrícola y Ganadero,Consejo de Defensa del Estado,292,1,1.21,efecto_base_lift_bajo
Subsecretaría General de la Presidencia de la República,Consejo de Defensa del Estado,291,1,8.05,candidato_sin_verificar
Subsecretaría de Desarrollo Regional y Administrativo,Subsecretaría General de la Presidencia de la República,291,1,2.52,candidato_sin_verificar
Subsecretaría de Redes Asistenciales,Subsecretaría de Educación Parvularia,291,1,1.87,candidato_sin_verificar
Superintendencia de Salud,Superintendencia de Casinos de Juego,290,1,2.68,candidato_sin_verificar
Unidad Administradora de los Tribunales Tributarios y Aduaneros,Subsecretaría de Salud Pública,289,1,2.93,candidato_sin_verificar
Municipalidad de La Florida,Subsecretaría de Previsión Social,288,1,1.34,efecto_base_lift_bajo
Municipalidad de Santiago,Subsecretaría de Hacienda,286,1,3.02,candidato_sin_verificar
Servicio Nacional de Aduanas,E-Digital PKI SpA.,286,1,2.88,candidato_sin_verificar
Superintendencia de Salud,Servicio Nacional de Protección Especializada a la Niñez y Adolescencia,286,1,2.79,candidato_sin_verificar
Subsecretaría de Economía y Empresas de Menor Tamaño,Servicio Electoral,286,1,2.46,candidato_sin_verificar
Subsecretaría de Desarrollo Regional y Administrativo,docdigital,286,1,2.22,candidato_sin_verificar
Ministerio de Desarrollo Social y Familia,Tribunal Electoral Región de Biobío,286,1,1.28,efecto_base_lift_bajo
Superintendencia del Medio Ambiente,E-Digital PKI SpA.,285,1,3.58,candidato_sin_verificar
Servicio Agrícola y Ganadero,Certificadora del Sur,284,1,2.81,candidato_sin_verificar
ACEPTA.COM S.A.,Municipalidad de Coronel,284,1,1.46,confirmado_acepta
Servicio Nacional de Aduanas,Servicio de Salud Araucanía Sur,283,1,2.4,candidato_sin_verificar
Subsecretaría de Vivienda y Urbanismo,Fuerza Aérea de Chile,282,1,2.29,candidato_sin_verificar
Tribunal de Defensa de la Libre Competencia,Poder Judicial,281,1,71.13,candidato_sin_verificar
Instituto de Seguridad Laboral,Municipalidad de Antofagasta,281,1,2.3,candidato_sin_verificar
Dirección de Previsión de Carabineros de Chile,Municipalidad de Temuco,280,1,1.6,candidato_sin_verificar
Secretaría de Gobierno Digital,Agencia Nacional de Investigación y Desarrollo,280,1,1.59,candidato_sin_verificar
Instituto de Seguridad Laboral,Dirección del Trabajo,279,1,10.66,candidato_sin_verificar
Corporación de Fomento de la Producción,Agencia Nacional de Ciberseguridad,278,1,8.02,candidato_sin_verificar
Servicio de Salud Metropolitano Oriente,Subsecretaría de Desarrollo Regional y Administrativo,278,1,3.13,candidato_sin_verificar
Subsecretaría General de la Presidencia de la República,AFP Modelo,278,1,2.4,candidato_sin_verificar
Subsecretaría de Bienes Nacionales,Superintendencia de Pensiones,277,1,3.04,candidato_sin_verificar
BPO Advisors SpA,Subsecretaría de Salud Pública,277,1,2.29,candidato_sin_verificar
Agencia de Calidad de la Educación,Instituto de Seguridad Laboral,277,1,1.24,efecto_base_lift_bajo
Servicio de Salud Maule,Subsecretaría de Bienes Nacionales,276,1,1.6,candidato_sin_verificar
Instituto de Seguridad Laboral,AFP Cuprum,275,1,1.77,candidato_sin_verificar
Servicio de Registro Civil e Identificación,Ministerio de Desarrollo Social y Familia,275,1,1.36,efecto_base_lift_bajo
Subsecretaría de Economía y Empresas de Menor Tamaño,Secretaría de Gobierno Digital,273,1,2.87,candidato_sin_verificar
Universidad de Los Lagos,Subsecretaría de Desarrollo Regional y Administrativo,272,1,1.49,efecto_base_lift_bajo
Subsecretaría de Salud Pública,Municipalidad de Osorno,270,1,1.24,efecto_base_lift_bajo
Instituto Nacional de Estadísticas,Comisión para la Integridad Pública y Transparencia,269,1,8.39,candidato_sin_verificar
Servicio Nacional del Consumidor,Superintendencia del Medio Ambiente,269,1,3.29,candidato_sin_verificar
Servicio de Salud Libertador General Bernardo O'Higgins,AFP Uno,269,1,1.39,efecto_base_lift_bajo
Subsecretaría de Economía y Empresas de Menor Tamaño,Municipalidad de Osorno,268,1,2.29,candidato_sin_verificar
Municipalidad de Santiago,Caja de Previsión de la Defensa Nacional,268,1,1.34,efecto_base_lift_bajo
Ministerio de Salud,Subsecretaría de Transportes,266,1,13.88,candidato_sin_verificar
Subsecretaría de Bienes Nacionales,Universidad de Chile,266,1,5.26,candidato_sin_verificar
Instituto de Seguridad Laboral,docdigital,266,1,2.9,candidato_sin_verificar
Subsecretaría de Redes Asistenciales,Municipalidad de Coronel,266,1,1.51,candidato_sin_verificar
Municipalidad de Los Angeles,Subsecretaría de Educación,265,1,2.55,candidato_sin_verificar
Dirección de Previsión de Carabineros de Chile,Dirección General del Crédito Prendario,265,1,2.3,candidato_sin_verificar
Superintendencia de Insolvencia y Reemprendimiento,Poder Judicial,264,1,16.03,candidato_sin_verificar
Subsecretaría de Telecomunicaciones,Superintendencia de Electricidad y Combustibles,264,1,3.15,candidato_sin_verificar
Municipalidad de Curicó,Subsecretaría de Evaluación Social,264,1,1.72,artefacto_vus
Subsecretaría de Prevención del Delito,Dirección General de Aeronáutica Civil,262,1,7.65,candidato_sin_verificar
Instituto Nacional de la Juventud,Dirección de Compras y Contratación Pública,262,1,2.41,candidato_sin_verificar
Subsecretaría de Bienes Nacionales,Superintendencia de Electricidad y Combustibles,260,1,5.49,candidato_sin_verificar
Municipalidad de Temuco,E-Digital PKI SpA.,260,1,4.23,candidato_sin_verificar
Servicio de Salud Arica y Parinacota,Subsecretaría de Economía y Empresas de Menor Tamaño,260,1,1.53,candidato_sin_verificar
Defensoría Penal Pública,Ministerio Público,259,1,9.56,candidato_sin_verificar
Servicio de Salud Metropolitano Oriente,Subsecretaría de Transportes,259,1,2.97,candidato_sin_verificar
Municipalidad de Padre Hurtado,Subsecretaría de Redes Asistenciales,259,1,1.42,efecto_base_lift_bajo
Ministerio de Salud,Municipalidad de Coronel,258,1,1.76,candidato_sin_verificar
Corporación de Fomento de la Producción,Agencia Nacional de Investigación y Desarrollo,257,1,15.28,candidato_sin_verificar
Servicio Nacional de Aduanas,Caja de Previsión de la Defensa Nacional,257,1,3.25,candidato_sin_verificar
Municipalidad de La Florida,Subsecretaría de Hacienda,257,1,1.93,candidato_sin_verificar
Servicio de Salud Metropolitano Oriente,Subsecretaría de Previsión Social,256,1,4.55,candidato_sin_verificar
Subsecretaría de Justicia,Tribunal de Defensa de la Libre Competencia,255,1,1.81,candidato_sin_verificar
Poder Judicial,Ministerio de Hacienda,254,1,2.17,candidato_sin_verificar
Corporación de Asistencia Judicial de la Región del Biobío,AFP Uno,253,1,1.69,candidato_sin_verificar
Municipalidad de Curicó,Comisión para la Integridad Pública y Transparencia,248,1,7.37,candidato_sin_verificar
Superintendencia de Pensiones,docdigital,244,1,2.31,candidato_sin_verificar
ACEPTA.COM S.A.,Defensa Civil de Chile,244,1,1.93,confirmado_acepta
Contraloría General de la República,Consejo de Defensa del Estado,243,1,3.02,candidato_sin_verificar
Ministerio de Bienes Nacionales,Instituto de Seguridad Laboral,243,1,2.52,candidato_sin_verificar
Servicio de Tesorerías,Policía de Investigaciones de Chile,242,1,3.29,candidato_sin_verificar
Servicio de Tesorerías,Municipalidad de Maullín,239,1,2.16,candidato_sin_verificar
Municipalidad de San Pedro de la Paz,Subsecretaría de Evaluación Social,239,1,1.26,artefacto_vus
Instituto Nacional de Estadísticas,Servicio de Salud Metropolitano Oriente,237,1,2.44,candidato_sin_verificar
Subsecretaría de Bienes Nacionales,Superintendencia de Insolvencia y Reemprendimiento,236,1,4.99,candidato_sin_verificar
Servicio Nacional de Turismo,Comisión para la Integridad Pública y Transparencia,234,1,5.13,candidato_sin_verificar
Municipalidad de la Reina,Ministerio Público,234,1,3.39,candidato_sin_verificar
Ministerio de Desarrollo Social y Familia,Subsecretaría del Interior,234,1,1.35,efecto_base_lift_bajo
Subsecretaría del Deporte,Comisión para la Integridad Pública y Transparencia,233,1,20.17,candidato_sin_verificar
Servicio Nacional de Turismo,Ministerio Público,233,1,1.96,candidato_sin_verificar
Instituto Nacional de la Juventud,Subsecretaría de Vivienda y Urbanismo,232,1,2.02,candidato_sin_verificar
Subsecretaría de Salud Pública,Municipalidad de Lo Barnechea,232,1,1.2,efecto_base_lift_bajo
Municipalidad de Ñuñoa,Superintendencia del Medio Ambiente,230,1,3.44,candidato_sin_verificar
Subsecretaría de Vivienda y Urbanismo,Unidad de Análisis Financiero,230,1,2.67,candidato_sin_verificar
Unidad Administradora de los Tribunales Tributarios y Aduaneros,Subsecretaría de Redes Asistenciales,226,1,1.25,efecto_base_lift_bajo
Dirección General de Aeronáutica Civil,Subsecretaría de Economía y Empresas de Menor Tamaño,225,1,3.51,candidato_sin_verificar
Subsecretaría de Redes Asistenciales,Municipalidad de Punta Arenas,222,1,1.41,efecto_base_lift_bajo
Superintendencia de Educación Superior,Subsecretaría de Desarrollo Regional y Administrativo,220,1,4.23,candidato_sin_verificar
Superintendencia de Electricidad y Combustibles,Municipalidad de Quilicura,220,1,1.98,candidato_sin_verificar
Corporación de Asistencia Judicial de la Región Metropolitana,Junta Nacional de Jardines Infantiles,220,1,1.32,efecto_base_lift_bajo
Instituto de Seguridad Laboral,Municipalidad de Lo Barnechea,216,1,1.38,efecto_base_lift_bajo
Subsecretaría del Interior,Municipalidad de Vitacura,215,1,16.48,candidato_sin_verificar
Municipalidad de San Pedro de la Paz,Ministerio Público,215,1,1.99,candidato_sin_verificar
Servicio de Salud Biobío,Ministerio Público,212,1,2.82,candidato_sin_verificar
Subsecretaría de Vivienda y Urbanismo,Servicio Nacional de Protección Especializada a la Niñez y Adolescencia,210,1,1.83,candidato_sin_verificar
Servicio Nacional de Capacitación y Empleo,Policía de Investigaciones de Chile,208,1,2.5,candidato_sin_verificar
Subsecretaría de Vivienda y Urbanismo,Agencia Nacional de Investigación y Desarrollo,202,1,1.64,candidato_sin_verificar
Subsecretaría de Educación,docdigital,201,1,1.81,candidato_sin_verificar
Subsecretaría del Interior,Municipalidad de Colina,191,1,2.11,candidato_sin_verificar
