inst_origen,inst_destino,soporte_total,n_pares_servicio,frac_prom_ponderada
INSTITUTO NACIONAL DE ESTADISTICAS,CARABINEROS DE CHILE,40041,10,0.9375140481006968
FONDO NACIONAL DE SALUD,SUBSECRETARIA DE EVALUACION SOCIAL,398608,9,0.9149289527555895
MINISTERIO DE DESARROLLO SOCIAL,FONDO NACIONAL DE SALUD,287628,8,0.976379212037771
MINISTERIO DE DESARROLLO SOCIAL,SUBSECRETARIA DE EVALUACION SOCIAL,669946,7,0.9389741859791685
SERVICIO DE IMPUESTOS INTERNOS,FONDO NACIONAL DE SALUD,113694,7,0.9188787447006879
DIRECCION DE COMPRAS Y CONTRATACION PUBLICA,CARABINEROS DE CHILE,24906,7,0.9628603549345539
INSTITUTO NACIONAL DE ESTADISTICAS,SUBSECRETARIA DE EDUCACION,17807,7,0.8603919806817544
DIRECCION DE COMPRAS Y CONTRATACION PUBLICA,SUBSECRETARIA DE EVALUACION SOCIAL,17307,7,0.9808747905471774
INSTITUTO NACIONAL DE ESTADISTICAS,SUBSECRETARIA DE EVALUACION SOCIAL,16052,7,0.9914029404435585
DIRECCION DE COMPRAS Y CONTRATACION PUBLICA,FONDO NACIONAL DE SALUD,11880,7,0.9999158249158249
FONDO NACIONAL DE SALUD,CARABINEROS DE CHILE,723120,6,0.8721028321717004
INSTITUTO DE PREVISION SOCIAL,SUBSECRETARIA DE EVALUACION SOCIAL,433589,6,0.8995039080788488
SECRETARIA DE GOBIERNO DIGITAL,FONDO NACIONAL DE SALUD,187879,6,0.8606869314824968
INSTITUTO NACIONAL DE ESTADISTICAS,SERVICIO ELECTORAL,38165,6,0.9295951788287699
FONDO NACIONAL DE SALUD,SUBSECRETARIA DE ECONOMIA Y EMPRESAS DE MENOR TAMANO,37168,6,0.8940755488592338
SUBSECRETARIA DE EDUCACION,FONDO NACIONAL DE SALUD,20130,6,0.8980129160457029
INSTITUTO NACIONAL DE ESTADISTICAS,FONDO NACIONAL DE SALUD,15471,6,0.9991597181824058
DIRECCION DE COMPRAS Y CONTRATACION PUBLICA,SUBSECRETARIA DE ECONOMIA Y EMPRESAS DE MENOR TAMANO,11905,6,0.9073498530029399
MINISTERIO DE DESARROLLO SOCIAL,FONDO DE SOLIDARIDAD E INVERSION SOCIAL,152728,5,0.893575506783301
FONDO NACIONAL DE SALUD,AFP UNO,135257,5,0.925379093133812
SERVICIO DE TESORERIAS,FONDO NACIONAL DE SALUD,124719,5,0.9073356906325419
MINISTERIO DE DESARROLLO SOCIAL,AFP UNO,123611,5,0.9551738922911392
SRCEI,SUBSECRETARIA DE EDUCACION,112275,5,0.9128568247606322
MINISTERIO DE DESARROLLO SOCIAL,SUBSECRETARIA DE EDUCACION,98946,5,0.8852404341762173
INSTITUTO DE PREVISION SOCIAL,FONDO NACIONAL DE SALUD,94383,5,0.9796361632921183
ACEPTA.COM S.A.,SUBSECRETARIA DE REDES ASISTENCIALES,75822,5,0.9351375590198095
ACEPTA.COM S.A.,SUBSECRETARIA DE EDUCACION,48844,5,0.8943370731307837
SERVICIO AGRICOLA Y GANADERO,SUBSECRETARIA DE EDUCACION,26262,5,0.8639859873581601
INSTITUTO NACIONAL DE ESTADISTICAS,SUBSECRETARIA DE VIVIENDA Y URBANISMO,20076,5,0.8833931061964535
SUBSECRETARIA DE EDUCACION,SUBSECRETARIA DE EVALUACION SOCIAL,17445,5,0.9593006592146747
SERVICIO NACIONAL DE CAPACITACION Y EMPLEO,CARABINEROS DE CHILE,11891,5,0.8614918846186191
SUBSECRETARIA GENERAL DE LA PRESIDENCIA DE LA REPUBLICA,SUBSECRETARIA DE EVALUACION SOCIAL,10218,5,0.9119201409277745
SUBSECRETARIA DE EDUCACION,CARABINEROS DE CHILE,8679,5,0.9595575527134462
"SOCIEDAD ADMINISTRADORA DE FONDOS DE CESANTIA DE CHILE II S.A., AFC CHILE",FONDO NACIONAL DE SALUD,411636,4,0.9162026644899861
MINISTERIO DE DESARROLLO SOCIAL,SUBSECRETARIA DE REDES ASISTENCIALES,344880,4,0.9340698213871491
ACEPTA.COM S.A.,SUPERINTENDENCIA DE SEGURIDAD SOCIAL,200238,4,0.8552922022792876
MINISTERIO DE DESARROLLO SOCIAL,CARABINEROS DE CHILE,180133,4,0.9462952374079152
ACEPTA.COM S.A.,SUBSECRETARIA DE VIVIENDA Y URBANISMO,143161,4,0.8790243152813965
ACEPTA.COM S.A.,SUBSECRETARIA DE TRANSPORTES,132967,4,0.875976746109937
SECRETARIA DE GOBIERNO DIGITAL,MINISTERIO PUBLICO,125545,4,0.8914970727627544
FONDO NACIONAL DE SALUD,MINISTERIO PUBLICO,100141,4,0.9806772450844308
MINISTERIO DE DESARROLLO SOCIAL,SUBSECRETARIA DE JUSTICIA,92755,4,0.965737696081074
SERVICIO DE IMPUESTOS INTERNOS,MINISTERIO PUBLICO,78132,4,0.9476398914657247
SERVICIO AGRICOLA Y GANADERO,FONDO NACIONAL DE SALUD,44408,4,0.9450774635200865
FONDO DE SOLIDARIDAD E INVERSION SOCIAL,CARABINEROS DE CHILE,43384,4,0.942305919232897
INSTITUTO DE PREVISION SOCIAL,AFP UNO,43240,4,0.9573311748381128
FONDO NACIONAL DE SALUD,SERVICIO SALUD ARAUCANIA SUR,37622,4,0.9070490670352453
DIRECCION DE COMPRAS Y CONTRATACION PUBLICA,COMISION PARA LA INTEGRIDAD PUBLICA Y TRANSPARENCIA,34084,4,0.9261236944020654
SUBSECRETARIA DE EDUCACION,SERVICIO DE IMPUESTOS INTERNOS,26208,4,0.9226953601953602
ACEPTA.COM S.A.,SECRETARIA DE GOBIERNO DIGITAL,24358,4,0.8784382954265539
DIRECCION DE COMPRAS Y CONTRATACION PUBLICA,MINISTERIO PUBLICO,21771,4,0.9082265398925176
SERVICIO AGRICOLA Y GANADERO,SUBSECRETARIA DE TRANSPORTES,18487,4,0.90798939795532
FONDO NACIONAL DE SALUD,SUBSECRETARIA DE HACIENDA,18406,4,0.9952732804520266
SERVICIO NACIONAL DE CAPACITACION Y EMPLEO,FONDO NACIONAL DE SALUD,16883,4,0.8946277320381448
INSTITUTO DE PREVISION SOCIAL,SUBSECRETARIA DE ECONOMIA Y EMPRESAS DE MENOR TAMANO,16740,4,0.9047192353643967
FONDO NACIONAL DE SALUD,SUBSECRETARIA DE JUSTICIA,15430,4,0.8974076474400519
FONDO NACIONAL DE SALUD,DIRECCION DEL TRABAJO,14937,4,0.9071433353417687
SUBSECRETARIA DE TELECOMUNICACIONES,SERVICIO DE IMPUESTOS INTERNOS,13594,4,0.9223186700014713
INSTITUTO NACIONAL DE ESTADISTICAS,MINISTERIO PUBLICO,13205,4,0.9140477092010602
INSTITUTO NACIONAL DE ESTADISTICAS,SUBSECRETARIA DE TRANSPORTES,12272,4,0.8763037809647979
INSTITUTO NACIONAL DE ESTADISTICAS,SUBSECRETARIA DE REDES ASISTENCIALES,11718,4,0.9174773852193207
MINISTERIO DE DESARROLLO SOCIAL,MUNICIPALIDAD DE QUILICURA,10456,4,0.9032134659525631
CONTRALORIA GENERAL DE LA REPUBLICA,SECRETARIA DE GOBIERNO DIGITAL,7405,4,0.8864280891289669
CONTRALORIA GENERAL DE LA REPUBLICA,SUBSECRETARIA DE SALUD PUBLICA,7179,4,0.8914890653294331
INSTITUTO NACIONAL DE ESTADISTICAS,SERVICIO NACIONAL DEL PATRIMONIO CULTURAL,6922,4,0.8727246460560532
SUBSECRETARIA DE EDUCACION,MINISTERIO PUBLICO,6871,4,0.8992868578081793
DIRECCION DE COMPRAS Y CONTRATACION PUBLICA,DIRECCION DE CONTABILIDAD Y FINANZAS,6695,4,0.9023151605675878
FONDO NACIONAL DE SALUD,SUBSECRETARIA DE SALUD PUBLICA,6129,4,0.9146679719366944
INSTITUTO NACIONAL DE ESTADISTICAS,CONTRALORIA GENERAL DE LA REPUBLICA,5782,4,0.9622967831200276
INSTITUTO NACIONAL DE ESTADISTICAS,SUBSECRETARIA DE DESARROLLO REGIONAL Y ADMINISTRATIVO,5761,4,0.8885610137128971
INSTITUTO NACIONAL DE ESTADISTICAS,MINISTERIO DE EDUCACION,5701,4,0.9859673741448869
INSTITUTO NACIONAL DE ESTADISTICAS,FONDO DE SOLIDARIDAD E INVERSION SOCIAL,5464,4,0.9846266471449486
DIRECCION GENERAL DE MOVILIZACION NACIONAL,CARABINEROS DE CHILE,5144,4,0.9442068429237948
INSTITUTO NACIONAL DE ESTADISTICAS,SUBSECRETARIA DE SALUD PUBLICA,4795,4,0.8836287799791449
SERVICIO DE IMPUESTOS INTERNOS,SUBSECRETARIA DE REDES ASISTENCIALES,388412,3,0.8678490880817277
"SOCIEDAD ADMINISTRADORA DE FONDOS DE CESANTIA DE CHILE II S.A., AFC CHILE",SUBSECRETARIA DE EVALUACION SOCIAL,256252,3,0.91244165899193
"SOCIEDAD ADMINISTRADORA DE FONDOS DE CESANTIA DE CHILE II S.A., AFC CHILE",SUBSECRETARIA DE TRANSPORTES,241621,3,0.9523758282599608
FONDO NACIONAL DE SALUD,SUBSECRETARIA DE REDES ASISTENCIALES,241005,3,0.9205037239891288
"SOCIEDAD ADMINISTRADORA DE FONDOS DE CESANTIA DE CHILE II S.A., AFC CHILE",SUBSECRETARIA DE JUSTICIA,217881,3,0.9213561531294606
ACEPTA.COM S.A.,SERVICIO ELECTORAL,181485,3,0.894542248670689
ACEPTA.COM S.A.,SERVICIO DE IMPUESTOS INTERNOS,154411,3,0.8596473049199863
FONDO DE SOLIDARIDAD E INVERSION SOCIAL,SUBSECRETARIA DE EVALUACION SOCIAL,153305,3,0.9787482469586771
MINISTERIO DE DESARROLLO SOCIAL,MINISTERIO PUBLICO,123472,3,0.9885237138784501
SERVICIO DE IMPUESTOS INTERNOS,SUBSECRETARIA DE EVALUACION SOCIAL,97451,3,0.9440641963653529
SERVICIO AGRICOLA Y GANADERO,MINISTERIO PUBLICO,94168,3,0.8971943760088352
SERVICIO DE IMPUESTOS INTERNOS,SUBSECRETARIA DE TRANSPORTES,76492,3,0.8763923024630027
SERVICIO DE TESORERIAS,SUBSECRETARIA DE EVALUACION SOCIAL,69270,3,0.8824743756315866
SUBSECRETARIA DE JUSTICIA,SUBSECRETARIA DE EVALUACION SOCIAL,63964,3,0.941623413169908
INSTITUTO DE PREVISION SOCIAL,CARABINEROS DE CHILE,61598,3,0.9423520244163771
COMISION ADMINISTRADORA DEL SISTEMA DE CREDITOS PARA ESTUDIOS SUPERIORES,FONDO NACIONAL DE SALUD,60091,3,0.8831605398478973
INSTITUTO DE PREVISION SOCIAL,FONDO DE SOLIDARIDAD E INVERSION SOCIAL,59699,3,0.8765305951523477
SERVICIO DE TESORERIAS,MINISTERIO PUBLICO,55530,3,0.9492526562218621
INSTITUTO DE PREVISION SOCIAL,MINISTERIO PUBLICO,49084,3,0.9906079374134137
MINISTERIO DE DESARROLLO SOCIAL,SERVICIO SALUD ARAUCANIA SUR,46124,3,0.9209955771398838
SERVICIO DE IMPUESTOS INTERNOS,SUBSECRETARIA DE DESARROLLO REGIONAL Y ADMINISTRATIVO,41213,3,0.9171377963264019
MINISTERIO DE DESARROLLO SOCIAL,SUBSECRETARIA DE ECONOMIA Y EMPRESAS DE MENOR TAMANO,39032,3,0.9189895470383276
INSTITUTO NACIONAL DE ESTADISTICAS,SERVICIO DE IMPUESTOS INTERNOS,36286,3,0.94758308989693
FONDO NACIONAL DE SALUD,COMISION PARA LA INTEGRIDAD PUBLICA Y TRANSPARENCIA,33746,3,0.9834943400699344
FONDO DE SOLIDARIDAD E INVERSION SOCIAL,FONDO NACIONAL DE SALUD,31662,3,0.9979470658833933
MINISTERIO DE DESARROLLO SOCIAL,SUBSECRETARIA DE DESARROLLO REGIONAL Y ADMINISTRATIVO,27637,3,0.970474364077143
MINISTERIO DE DESARROLLO SOCIAL,JUNTA NACIONAL DE JARDINES INFANTILES,26955,3,0.8971248376924503
ACEPTA.COM S.A.,SUBSECRETARIA DE SALUD PUBLICA,26504,3,0.8836402052520375
FONDO NACIONAL DE SALUD,SUBSECRETARIA DE DESARROLLO REGIONAL Y ADMINISTRATIVO,25438,3,0.9636370783866656
ACEPTA.COM S.A.,SUPERINTENDENCIA DE INSOLVENCIA Y REEMPRENDIMIENTO,25233,3,0.8811477034042722
SUBSECRETARIA DE JUSTICIA,FONDO NACIONAL DE SALUD,23389,3,0.9990593868912737
SERVICIO AGRICOLA Y GANADERO,SUBSECRETARIA DE EVALUACION SOCIAL,22070,3,0.9816946080652469
SUBSECRETARIA DE REDES ASISTENCIALES,SUBSECRETARIA DE EVALUACION SOCIAL,21285,3,0.8751703077284473
INSTITUTO DE PREVISION SOCIAL,SUBSECRETARIA DE PREVISION SOCIAL,20790,3,0.9366041366041366
INSTITUTO DE PREVISION SOCIAL,CAJA DE PREVISION DE LA DEFENSA NACIONAL,20774,3,0.9606719938384519
SERVICIO DE IMPUESTOS INTERNOS,SUBSECRETARIA DE BIENES NACIONALES,18415,3,0.8981265272875373
SERVICIO DE IMPUESTOS INTERNOS,SUBSECRETARIA DE PREVISION SOCIAL,17533,3,0.9812353847031312
MINISTERIO DE DESARROLLO SOCIAL,SUBSECRETARIA DE BIENES NACIONALES,16957,3,0.9786518841776257
FONDO NACIONAL DE SALUD,DIRECCION DE EDUCACION PUBLICA,16777,3,0.8887166954759492
SECRETARIA DE GOBIERNO DIGITAL,CAJA DE PREVISION DE LA DEFENSA NACIONAL,16137,3,0.9680237962446551
SERVICIO NACIONAL DE CAPACITACION Y EMPLEO,SUBSECRETARIA DE EVALUACION SOCIAL,15414,3,0.8853639548462436
FONDO NACIONAL DE SALUD,SUBSECRETARIA DE EDUCACION,12392,3,0.9715138799225307
FONDO NACIONAL DE SALUD,JUNTA NACIONAL DE JARDINES INFANTILES,11856,3,0.9194500674763832
ACEPTA.COM S.A.,SERVICIO AGRICOLA Y GANADERO,10730,3,0.8667287977632805
SUBSECRETARIA DE ECONOMIA Y EMPRESAS DE MENOR TAMANO,SUBSECRETARIA DE EVALUACION SOCIAL,9921,3,0.8935591170244935
MINISTERIO DE DESARROLLO SOCIAL,SUBSECRETARIA DE SALUD PUBLICA,9414,3,0.9002549394518802
SERVICIO AGRICOLA Y GANADERO,SUBSECRETARIA DE ECONOMIA Y EMPRESAS DE MENOR TAMANO,8699,3,0.96309920680538
FONDO NACIONAL DE SALUD,MUNICIPALIDAD DE QUILICURA,8160,3,0.8964460784313726
INSTITUTO DE PREVISION SOCIAL,SUBSECRETARIA DE JUSTICIA,7672,3,0.8953336809176226
DIRECCION DE COMPRAS Y CONTRATACION PUBLICA,SUBSECRETARIA DE REDES ASISTENCIALES,7640,3,0.9473821989528796
SUBSECRETARIA DE EDUCACION,SUBSECRETARIA DE SALUD PUBLICA,7443,3,0.8857987370683864
SUBSECRETARIA DE EDUCACION,SUBSECRETARIA DE JUSTICIA,6691,3,0.924226573008519
SUBSECRETARIA DE EDUCACION,SUPERINTENDENCIA DE SEGURIDAD SOCIAL,6092,3,0.927445830597505
SUBSECRETARIA DE EDUCACION,SUBSECRETARIA DE TRANSPORTES,5694,3,0.9299262381454162
SECRETARIA DE GOBIERNO DIGITAL,AGENCIA NACIONAL DE CIBERSEGURIDAD,5667,3,0.8605964355037939
SUBSECRETARIA DE REDES ASISTENCIALES,SUBSECRETARIA DE PREVISION SOCIAL,5627,3,0.9733428114448196
SUBSECRETARIA GENERAL DE LA PRESIDENCIA DE LA REPUBLICA,FONDO NACIONAL DE SALUD,5465,3,0.986459286367795
SERVICIO CIVIL,SUBSECRETARIA DE HACIENDA,5356,3,0.914488424197162
CONTRALORIA GENERAL DE LA REPUBLICA,SUPERINTENDENCIA DE SEGURIDAD SOCIAL,5308,3,0.8995855312735493
MINISTERIO DE DESARROLLO SOCIAL,MUNICIPALIDAD DE VALDIVIA,4892,3,0.8910466067048242
FONDO DE SOLIDARIDAD E INVERSION SOCIAL,SUBSECRETARIA DE HACIENDA,4866,3,0.9699958898479244
SUBSECRETARIA DE VIVIENDA Y URBANISMO,SUBSECRETARIA DE HACIENDA,4734,3,0.9393747359526827
SUBSECRETARIA DE EDUCACION,SUBSECRETARIA DE REDES ASISTENCIALES,4707,3,0.940089228808158
FONDO NACIONAL DE SALUD,FONDO DE SOLIDARIDAD E INVERSION SOCIAL,4317,3,0.8860319666435025
MUNICIPALIDAD DE NUNOA,CARABINEROS DE CHILE,4296,3,0.9238826815642459
DIRECCION DE COMPRAS Y CONTRATACION PUBLICA,DIRECCION GENERAL DE MOVILIZACION NACIONAL,4143,3,0.9461742698527636
SERVICIO AGRICOLA Y GANADERO,SUBSECRETARIA DE SALUD PUBLICA,3700,3,0.917027027027027
SUBSECRETARIA GENERAL DE LA PRESIDENCIA DE LA REPUBLICA,SUBSECRETARIA DE HACIENDA,3305,3,0.9830559757942511
SUBSECRETARIA DE SALUD PUBLICA,SUBSECRETARIA DE PREVISION SOCIAL,3207,3,0.967570938571874
SUBSECRETARIA DE ECONOMIA Y EMPRESAS DE MENOR TAMANO,CARABINEROS DE CHILE,3000,3,0.9976666666666667
ACEPTA.COM S.A.,INSTITUTO DE SALUD PUBLICA DE CHILE,2864,3,0.9168994413407822
SUBSECRETARIA DE TELECOMUNICACIONES,SUPERINTENDENCIA DE SEGURIDAD SOCIAL,2859,3,0.9174536551241693
SUBSECRETARIA DE ECONOMIA Y EMPRESAS DE MENOR TAMANO,SUBSECRETARIA DE JUSTICIA,2048,3,0.93505859375
ACEPTA.COM S.A.,CARABINEROS DE CHILE,198479,2,0.8842950639614267
PODER JUDICIAL,FONDO NACIONAL DE SALUD,188573,2,0.8622072088793199
ACEPTA.COM S.A.,SERVICIO NACIONAL DEL CONSUMIDOR,178560,2,0.8666554659498208
"SOCIEDAD ADMINISTRADORA DE FONDOS DE CESANTIA DE CHILE II S.A., AFC CHILE",CARABINEROS DE CHILE,158894,2,0.8865218321648395
SUBSECRETARIA DEL TRABAJO,FONDO NACIONAL DE SALUD,154954,2,0.8672573796094325
SERVICIO DE IMPUESTOS INTERNOS,CARABINEROS DE CHILE,116767,2,0.8626409858949875
INSTITUTO DE PREVISION SOCIAL,SUBSECRETARIA DE REDES ASISTENCIALES,111960,2,0.9171132547338335
"SOCIEDAD ADMINISTRADORA DE FONDOS DE CESANTIA DE CHILE II S.A., AFC CHILE",MINISTERIO PUBLICO,104020,2,0.9211786194962509
SERVICIO DE TESORERIAS,SUBSECRETARIA DE REDES ASISTENCIALES,88236,2,0.8769323178747903
PODER JUDICIAL,MINISTERIO PUBLICO,81159,2,0.8608164220850429
MINISTERIO DE DESARROLLO SOCIAL,CONTRALORIA GENERAL DE LA REPUBLICA,72407,2,0.8773737345836728
SERVICIO CIVIL,FONDO NACIONAL DE SALUD,69797,2,0.8685187042423027
DIRECCION DEL TRABAJO,MINISTERIO PUBLICO,65707,2,0.8741230005935441
ACEPTA.COM S.A.,SERVICIO NACIONAL DEL PATRIMONIO CULTURAL,59183,2,0.8681547065880405
MINISTERIO DE DESARROLLO SOCIAL,SUBSECRETARIA DE TRANSPORTES,45449,2,0.9696582983123941
SECRETARIA DE GOBIERNO DIGITAL,COMISION PARA LA INTEGRIDAD PUBLICA Y TRANSPARENCIA,43787,2,0.8797359947016238
SERVICIO AGRICOLA Y GANADERO,SUBSECRETARIA DE REDES ASISTENCIALES,43740,2,0.956607224508459
SERVICIO AGRICOLA Y GANADERO,CARABINEROS DE CHILE,42757,2,0.8922515611478822
ACEPTA.COM S.A.,SUBSECRETARIA DE DESARROLLO REGIONAL Y ADMINISTRATIVO,42132,2,0.8870929459793031
COMISION ADMINISTRADORA DEL SISTEMA DE CREDITOS PARA ESTUDIOS SUPERIORES,SUBSECRETARIA DE TRANSPORTES,39730,2,0.9125346086081049
MINISTERIO DE DESARROLLO SOCIAL,CONSEJO NACIONAL DE TELEVISION,36660,2,0.8852973267866885
MINISTERIO DE DESARROLLO SOCIAL,COMISION PARA LA INTEGRIDAD PUBLICA Y TRANSPARENCIA,34347,2,0.9954872332372551
SUBSECRETARIA GENERAL DE LA PRESIDENCIA DE LA REPUBLICA,COMISION PARA LA INTEGRIDAD PUBLICA Y TRANSPARENCIA,33271,2,0.9991884824622044
SERVICIO DE TESORERIAS,COMISION PARA LA INTEGRIDAD PUBLICA Y TRANSPARENCIA,31843,2,0.9643249693810256
SERVICIO DE IMPUESTOS INTERNOS,ILUSTRE MUNICIPALIDAD DE PENALOLEN,30615,2,0.892797648211661
SERVICIO DE COOPERACION TECNICA,FONDO NACIONAL DE SALUD,29774,2,0.8600792637871969
ACEPTA.COM S.A.,CONTRALORIA GENERAL DE LA REPUBLICA,29599,2,0.9257745194094396
SUBSECRETARIA DE ECONOMIA Y EMPRESAS DE MENOR TAMANO,MINISTERIO PUBLICO,28954,2,0.8602265662775437
SERVICIO CIVIL,MINISTERIO PUBLICO,27189,2,0.8813490749935635
UNIVERSIDAD DE LA FRONTERA,SUBSECRETARIA DE EDUCACION,26742,2,0.9290255029541545
INSTITUTO NACIONAL DE ESTADISTICAS,SERVICIO DE TESORERIAS,24873,2,0.8868250713625216
MINISTERIO DE DESARROLLO SOCIAL,SERVICIO NACIONAL DE ADUANAS,24458,2,0.8673644615258811
SERVICIO AGRICOLA Y GANADERO,MINISTERIO DE EDUCACION,22579,2,0.8644758403826565
ACEPTA.COM S.A.,MINISTERIO DE EDUCACION,21979,2,0.8825697256472087
ACEPTA.COM S.A.,SUBSECRETARIA DE EVALUACION SOCIAL,21798,2,0.9682539682539683
FONDO NACIONAL DE SALUD,SERVICIO NACIONAL DEL CONSUMIDOR,21557,2,0.8510460639235515
COMISION ADMINISTRADORA DEL SISTEMA DE CREDITOS PARA ESTUDIOS SUPERIORES,MINISTERIO PUBLICO,21543,2,0.887573689829643
SUBSECRETARIA DE ECONOMIA Y EMPRESAS DE MENOR TAMANO,COMISION PARA LA INTEGRIDAD PUBLICA Y TRANSPARENCIA,21411,2,0.8824436037550791
FONDO DE SOLIDARIDAD E INVERSION SOCIAL,SUBSECRETARIA DE REDES ASISTENCIALES,21040,2,0.9307984790874526
SECRETARIA DE GOBIERNO DIGITAL,SUBSECRETARIA DE DESARROLLO REGIONAL Y ADMINISTRATIVO,20711,2,0.8676548693930761
MINISTERIO DE DESARROLLO SOCIAL,SERVICIO NACIONAL DEL CONSUMIDOR,20655,2,0.8826918421689663
FONDO NACIONAL DE SALUD,AFP MODELO,20137,2,0.9464170432537121
SUBSECRETARIA DE SALUD PUBLICA,FONDO NACIONAL DE SALUD,18652,2,0.8856422903710058
SECRETARIA DE GOBIERNO DIGITAL,CERTIFICADORA DEL SUR,18476,2,0.8610088763801689
MINISTERIO DE DESARROLLO SOCIAL,ILUSTRE MUNICIPALIDAD DE PENALOLEN,17108,2,0.9496726677577741
SERVICIO CIVIL,SUBSECRETARIA DE EVALUACION SOCIAL,17094,2,0.8851643851643851
MINISTERIO DE DESARROLLO SOCIAL,SUBSECRETARIA DE PREVISION SOCIAL,16673,2,1.0
MINISTERIO DE DESARROLLO SOCIAL,CAJA DE PREVISION DE LA DEFENSA NACIONAL,16335,2,0.9998775635139272
FONDO NACIONAL DE SALUD,ILUSTRE MUNICIPALIDAD DE PENALOLEN,15777,2,0.9425112505546048
"SOCIEDAD ADMINISTRADORA DE FONDOS DE CESANTIA DE CHILE II S.A., AFC CHILE",SUBSECRETARIA DE HACIENDA,15453,2,0.9578722578140167
INSTITUTO DE PREVISION SOCIAL,COMISION PARA LA INTEGRIDAD PUBLICA Y TRANSPARENCIA,15083,2,0.9970828084598554
SERVICIO DE IMPUESTOS INTERNOS,AFP UNO,14427,2,0.8866015110556595
SUPERINTENDENCIA DE SEGURIDAD SOCIAL,FONDO NACIONAL DE SALUD,14165,2,0.8624779385810095
INSTITUTO DE PREVISION SOCIAL,SERVICIO SALUD ARAUCANIA SUR,14030,2,0.902352102637206
SERVICIO DE IMPUESTOS INTERNOS,SERVICIO SALUD ARAUCANIA SUR,12968,2,0.8578038247995065
MINISTERIO DE DESARROLLO SOCIAL,MUNICIPALIDAD DE COLINA,12492,2,0.9900736471341659
SECRETARIA DE GOBIERNO DIGITAL,MUNICIPALIDAD DE COLINA,12395,2,0.9056070996369504
ACEPTA.COM S.A.,MUNICIPALIDAD DE SANTIAGO,12219,2,0.8604632130288894
FONDO NACIONAL DE SALUD,MUNICIPALIDAD DE COLINA,11693,2,0.9751988369109724
SERVICIO DE IMPUESTOS INTERNOS,JUNTA NACIONAL DE JARDINES INFANTILES,11603,2,0.8617598896837025
SECRETARIA DE GOBIERNO DIGITAL,SUBSECRETARIA DE BIENES NACIONALES,11573,2,0.8753996370863216
ACEPTA.COM S.A.,FONDO DE SOLIDARIDAD E INVERSION SOCIAL,11386,2,0.9792727911470227
PODER JUDICIAL,SUBSECRETARIA DE HACIENDA,11207,2,0.9332560007138395
INSTITUTO NACIONAL DE ESTADISTICAS,ESIGN S.A.,10933,2,0.8771608890514955
FONDO NACIONAL DE SALUD,SUBSECRETARIA DE BIENES NACIONALES,10745,2,0.9730107026523966
FONDO NACIONAL DE SALUD,CAJA DE PREVISION DE LA DEFENSA NACIONAL,10714,2,0.9989733059548255
SERVICIO AGRICOLA Y GANADERO,AFP UNO,10567,2,0.9949843853506198
CONTRALORIA GENERAL DE LA REPUBLICA,SERVICIO DE IMPUESTOS INTERNOS,10285,2,0.8874088478366553
ACEPTA.COM S.A.,DIRECCION NACIONAL DEL SERVICIO CIVIL,10056,2,0.9130867143993636
FONDO NACIONAL DE SALUD,CERTIFICADORA DEL SUR,9939,2,0.9693128081295905
SUBSECRETARIA DE EDUCACION,INSTITUTO DE PREVISION SOCIAL,9921,2,0.871787118234049
INSTITUTO NACIONAL DE ESTADISTICAS,SERVICIO DE COOPERACION TECNICA,9719,2,0.8798230270603972
INSTITUTO NACIONAL DE ESTADISTICAS,BPO ADVISORS SPA,9193,2,0.8758838246491896
SUBSECRETARIA DE JUSTICIA,AFP UNO,9039,2,0.9693550171479146
ACEPTA.COM S.A.,SERVICIO NACIONAL DE ADUANAS,8908,2,0.9408396946564885
MINISTERIO DE DESARROLLO SOCIAL,MUNICIPALIDAD DE RECOLETA,8667,2,0.8768893504095996
SERVICIO AGRICOLA Y GANADERO,SERVICIO NACIONAL DE ADUANAS,8462,2,0.8912786575277711
SUBSECRETARIA DE EDUCACION,MINISTERIO DE DESARROLLO SOCIAL,8419,2,0.9018885853426774
FONDO NACIONAL DE SALUD,SUBSECRETARIA DE PREVISION SOCIAL,8126,2,0.9987693822298794
SERVICIO NACIONAL DE CAPACITACION Y EMPLEO,SUBSECRETARIA DE REDES ASISTENCIALES,8007,2,0.8683651804670913
MINISTERIO DE DESARROLLO SOCIAL,PODER JUDICIAL,7943,2,0.9156489991187209
CORPORACION ADMINISTRATIVA DEL PODER JUDICIAL,SUBSECRETARIA DE HACIENDA,7941,2,0.9224279058053142
"SOCIEDAD ADMINISTRADORA DE FONDOS DE CESANTIA DE CHILE II S.A., AFC CHILE",MUNICIPALIDAD DE QUILICURA,7819,2,0.8660954086200281
ACEPTA.COM S.A.,SERVICIO NACIONAL DE PESCA Y ACUICULTURA,7640,2,0.8586387434554974
SUBSECRETARIA DE EDUCACION,DIRECCION DEL TRABAJO,7562,2,0.8967204443268977
INSTITUTO DE PREVISION SOCIAL,SUBSECRETARIA DE DESARROLLO REGIONAL Y ADMINISTRATIVO,7275,2,0.9499656357388315
SERVICIO DE EVALUACION AMBIENTAL,COMISION PARA LA INTEGRIDAD PUBLICA Y TRANSPARENCIA,7200,2,0.8605555555555555
FONDO NACIONAL DE SALUD,PODER JUDICIAL,7105,2,0.8719211822660099
SUBSECRETARIA DE REDES ASISTENCIALES,SUBSECRETARIA DE DESARROLLO REGIONAL Y ADMINISTRATIVO,6928,2,0.9708429561200925
GENDARMERIA DE CHILE,SUBSECRETARIA DE TRANSPORTES,6893,2,0.8804584360945887
GENDARMERIA DE CHILE,CARABINEROS DE CHILE,6831,2,0.8874249743814961
CONTRALORIA GENERAL DE LA REPUBLICA,SERVICIO ELECTORAL,6829,2,0.8786059452335627
SUBSECRETARIA DE ECONOMIA Y EMPRESAS DE MENOR TAMANO,SUBSECRETARIA DE HACIENDA,6737,2,0.9240017812082529
"SOCIEDAD ADMINISTRADORA DE FONDOS DE CESANTIA DE CHILE II S.A., AFC CHILE",DIRECCION DEL TRABAJO,6715,2,0.8768428890543559
INSTITUTO NACIONAL DE ESTADISTICAS,CORPORACION NACIONAL DE DESARROLLO INDIGENA,6684,2,0.8994614003590664
COMISION ADMINISTRADORA DEL SISTEMA DE CREDITOS PARA ESTUDIOS SUPERIORES,COMISION PARA LA INTEGRIDAD PUBLICA Y TRANSPARENCIA,6677,2,0.8872248015575858
SUBSECRETARIA DE EDUCACION,SUBSECRETARIA DE VIVIENDA Y URBANISMO,6547,2,0.9240873682602719
ACEPTA.COM S.A.,POLICIA DE INVESTIGACIONES DE CHILE,6382,2,0.8874960827326857
SUBSECRETARIA GENERAL DE LA PRESIDENCIA DE LA REPUBLICA,SUBSECRETARIA DE REDES ASISTENCIALES,6282,2,0.9113339700732249
INSTITUTO DE PREVISION SOCIAL,SUBSECRETARIA DE BIENES NACIONALES,6240,2,0.987820512820513
SUBSECRETARIA DE EDUCACION,SERVICIO ELECTORAL,6150,2,0.9442276422764228
FONDO DE SOLIDARIDAD E INVERSION SOCIAL,AFP UNO,6131,2,0.9846680802479205
COMISION ADMINISTRADORA DEL SISTEMA DE CREDITOS PARA ESTUDIOS SUPERIORES,SUBSECRETARIA DE EVALUACION SOCIAL,6122,2,0.868343678536426
FONDO DE SOLIDARIDAD E INVERSION SOCIAL,SUBSECRETARIA DE TRANSPORTES,5579,2,0.8700483957698513
INSTITUTO DE PREVISION SOCIAL,MUNICIPALIDAD DE COLINA,5281,2,0.9952660480969513
SECRETARIA DE GOBIERNO DIGITAL,DOCDIGITAL,5268,2,0.8900911161731208
CONTRALORIA,FONDO NACIONAL DE SALUD,5262,2,0.8806537438236413
FONDO NACIONAL DE SALUD,MUNICIPALIDAD DE LO BARNECHEA,5183,2,0.9401890796835811
DIRECCION DE COMPRAS Y CONTRATACION PUBLICA,E-DIGITAL PKI SPA.,5179,2,0.9990345626568836
ACEPTA.COM S.A.,FONDO NACIONAL DE SALUD,5113,2,0.998630940739292
SERVICIO AGRICOLA Y GANADERO,FONDO DE SOLIDARIDAD E INVERSION SOCIAL,4996,2,0.9547638110488391
DIRECCION DE COMPRAS Y CONTRATACION PUBLICA,CONTRALORIA GENERAL DE LA REPUBLICA,4941,2,0.8888888888888888
SERVICIO CIVIL,SUBSECRETARIA DE EDUCACION,4918,2,0.8745424969499797
FONDO DE SOLIDARIDAD E INVERSION SOCIAL,SUBSECRETARIA DE ECONOMIA Y EMPRESAS DE MENOR TAMANO,4790,2,0.9455114822546973
DIRECCION GENERAL DE MOVILIZACION NACIONAL,SERVICIO DE IMPUESTOS INTERNOS,4766,2,0.8873268988669744
MINISTERIO DE DESARROLLO SOCIAL,SUBSECRETARIA DE HACIENDA,4731,2,0.9997886281969985
FONDO DE SOLIDARIDAD E INVERSION SOCIAL,CONTRALORIA GENERAL DE LA REPUBLICA,4663,2,0.897490885695904
FONDO NACIONAL DE SALUD,MUNICIPALIDAD DE PADRE HURTADO,4563,2,0.9097085250931405
MINISTERIO DE DESARROLLO SOCIAL,MUNICIPALIDAD DE ANTOFAGASTA,4547,2,0.9505168242797449
INSTITUTO NACIONAL DE ESTADISTICAS,SUBSECRETARIA DE JUSTICIA,4540,2,1.0
ACEPTA.COM S.A.,SUBSECRETARIA DE ECONOMIA Y EMPRESAS DE MENOR TAMANO,4527,2,0.9520653854649879
INSTITUTO DE PREVISION SOCIAL,JUNTA NACIONAL DE JARDINES INFANTILES,4490,2,0.9256124721603564
MINISTERIO DE DESARROLLO SOCIAL,MUNICIPALIDAD DE SAN CLEMENTE,4461,2,0.9757901815736382
SUBSECRETARIA DE TRANSPORTES,COMISION PARA LA INTEGRIDAD PUBLICA Y TRANSPARENCIA,4438,2,0.901982875168995
DIRECCION NACIONAL DEL SERVICIO CIVIL,MINISTERIO PUBLICO,4203,2,0.8512966928384488
SUBSECRETARIA DEL TRABAJO,SUBSECRETARIA DE HACIENDA,4032,2,0.9370039682539683
MINISTERIO DE DESARROLLO SOCIAL,MUNICIPALIDAD DE CORONEL,3895,2,0.9961489088575096
INSTITUTO DE PREVISION SOCIAL,MUNICIPALIDAD DE QUILICURA,3885,2,0.8908622908622909
SUBSECRETARIA DE EDUCACION,FONDO DE SOLIDARIDAD E INVERSION SOCIAL,3819,2,0.9332285938727416
SERVICIO DE IMPUESTOS INTERNOS,FUERZA AEREA DE CHILE,3724,2,0.8993018259935553
CONTRALORIA GENERAL DE LA REPUBLICA,DOCDIGITAL,3715,2,0.8732166890982503
FONDO NACIONAL DE SALUD,INSTITUTO DE SALUD PUBLICA DE CHILE,3657,2,0.9127700300793
CONTRALORIA GENERAL DE LA REPUBLICA,SUBSECRETARIA DE EVALUACION SOCIAL,3634,2,0.9823885525591635
COMISION ADMINISTRADORA DE SISTEMA DE CREDITOS PARA ESTUDIOS SUPERIORES,MINISTERIO PUBLICO,3633,2,0.8687035507844756
SUBSECRETARIA DE EVALUACION SOCIAL,SUBSECRETARIA DE HACIENDA,3594,2,0.9666110183639399
SUBSECRETARIA DE JUSTICIA,SUBSECRETARIA DE ECONOMIA Y EMPRESAS DE MENOR TAMANO,3575,2,0.9191608391608391
INSTITUTO NACIONAL DE ESTADISTICAS,SUPERINTENDENCIA DE PENSSIONES,3556,2,0.890326209223847
INSTITUTO NACIONAL DE ESTADISTICAS,SUPERINTENDENCIA DE SEGURIDAD SOCIAL,3542,2,0.8783173348390739
FONDO DE SOLIDARIDAD E INVERSION SOCIAL,COMISION PARA LA INTEGRIDAD PUBLICA Y TRANSPARENCIA,3479,2,0.9514228226501869
DIRECCION NACIONAL DEL SERVICIO CIVIL,FONDO NACIONAL DE SALUD,3451,2,0.8736598087510866
SUBSECRETARIA DE TELECOMUNICACIONES,SERVICIO ELECTORAL,3426,2,0.9460011675423234
SUBSECRETARIA DE VIVIENDA Y URBANISMO,CAJA DE PREVISION DE LA DEFENSA NACIONAL,3396,2,0.9808598351001178
SERVICIO NACIONAL DE CAPACITACION Y EMPLEO,MINISTERIO PUBLICO,3384,2,0.9252364066193854
ACEPTA.COM S.A.,MUNICIPALIDAD DE PUENTE ALTO,3300,2,0.9254545454545454
ACEPTA.COM S.A.,SUBSECRETARIA DE PREVISION SOCIAL,3253,2,0.9379034737165693
MINISTERIO DE DESARROLLO SOCIAL,SUBSECRETARIA GENERAL DE LA PRESIDENCIA DE LA REPUBLICA,3224,2,0.9376550868486352
FONDO NACIONAL DE SALUD,MUNICIPALIDAD DE VALDIVIA,3215,2,0.8780715396578538
SERVICIO DE COOPERACION TECNICA,SUBSECRETARIA DE HACIENDA,3118,2,0.9445157152020526
INSTITUTO NACIONAL DE ESTADISTICAS,UNIVERSIDAD DE CHILE,3073,2,0.9306866254474455
SUBSECRETARIA GENERAL DE LA PRESIDENCIA DE LA REPUBLICA,DOCDIGITAL,3036,2,1.0
MINISTERIO DE DESARROLLO SOCIAL,SERVICIO DE SALUD MAULE,3002,2,0.9463690872751499
SUBSECRETARIA DE SALUD PUBLICA,MINISTERIO PUBLICO,2997,2,0.8748748748748749
MINISTERIO DE DESARROLLO SOCIAL,MINISTERIO DEL MEDIO AMBIENTE,2984,2,0.8592493297587132
"SOCIEDAD ADMINISTRADORA DE FONDOS DE CESANTIA DE CHILE II S.A., AFC CHILE",MUNICIPALIDAD DE VALDIVIA,2964,2,0.8974358974358975
CONTRALORIA GENERAL DE LA REPUBLICA,MINISTERIO PUBLICO,2941,2,0.9367562053723223
SUBSECRETARIA DE TELECOMUNICACIONES,CARABINEROS DE CHILE,2903,2,0.9211160868067518
ACEPTA.COM S.A.,JUNTA NACIONAL DE JARDINES INFANTILES,2864,2,0.9182960893854749
INSTITUTO NACIONAL DE ESTADISTICAS,COMISION ADMINISTRADORA DEL SISTEMA DE CREDITOS PARA ESTUDIOS SUPERIORES,2844,2,0.8590014064697609
CONTRALORIA GENERAL DE LA REPUBLICA,CARABINEROS DE CHILE,2810,2,0.9113879003558719
INSTITUTO NACIONAL DE ESTADISTICAS,SUBSECRETARIA GENERAL DE GOBIERNO,2692,2,0.9153046062407132
SERVICIO DE EVALUACION AMBIENTAL,MINISTERIO PUBLICO,2671,2,0.8584799700486709
INSTITUTO NACIONAL DE ESTADISTICAS,SUBSECRETARIA DE SERVICIOS SOCIALES,2639,2,0.9298976885183782
SUBSECRETARIA DE TELECOMUNICACIONES,SUBSECRETARIA DE SALUD PUBLICA,2595,2,0.8820809248554913
SERVICIO AGRICOLA Y GANADERO,SUBSECRETARIA DE PREVISION SOCIAL,2474,2,0.9248181083265966
SUBSECRETARIA DE VIVIENDA Y URBANISMO,SUBSECRETARIA DE PREVISION SOCIAL,2458,2,0.983726606997559
INSTITUTO NACIONAL DE ESTADISTICAS,"MINISTERIO DE LAS CULTURAS, LAS ARTES Y EL PATRIMONIO",2448,2,0.8700980392156863
INSTITUTO NACIONAL DE ESTADISTICAS,AFP UNO,2343,2,1.0
FONDO NACIONAL DE SALUD,SUBSECRETARIA DE TRANSPORTES,2338,2,0.9482463644140291
SERVICIO DE IMPUESTOS INTERNOS,MUNICIPALIDAD DE QUILICURA,2321,2,0.8970271434726411
COMISION ADMINISTRADORA DEL SISTEMA DE CREDITOS PARA ESTUDIOS SUPERIORES,SUBSECRETARIA DE HACIENDA,2283,2,0.9434954007884363
SUBSECRETARIA DE EDUCACION,SUBSECRETARIA DE TELECOMUNICACIONES,2279,2,0.9192628345765687
SECRETARIA DE GOBIERNO DIGITAL,SERVICIO DE IMPUESTOS INTERNOS,2276,2,0.8945518453427065
CARABINEROS DE CHILE,SUBSECRETARIA DE PREVISION SOCIAL,2266,2,0.9691085613415711
CONTRALORIA GENERAL DE LA REPUBLICA,SUBSECRETARIA DE VIVIENDA Y URBANISMO,2128,2,0.8975563909774437
ACEPTA.COM S.A.,SUBSECRETARIA DE BIENES NACIONALES,2089,2,0.9736716132120632
MUNICIPALIDAD DE NUNOA,FONDO NACIONAL DE SALUD,2042,2,1.0
SUBSECRETARIA DE TELECOMUNICACIONES,SUBSECRETARIA DE VIVIENDA Y URBANISMO,1977,2,0.9468892261001516
MINISTERIO DE DESARROLLO SOCIAL,DIRECCION DEL TRABAJO,1937,2,0.9173980382034074
INSTITUTO NACIONAL DE ESTADISTICAS,DIRECCION DEL TRABAJO,1934,2,0.9932781799379524
SUBSECRETARIA DE VIVIENDA Y URBANISMO,SUBSECRETARIA DE EDUCACION,1934,2,0.8614270941054809
SUPERINTENDENCIA DE SALUD,SUBSECRETARIA DE HACIENDA,1926,2,0.9314641744548287
SUBSECRETARIA DE DESARROLLO REGIONAL Y ADMINISTRATIVO,FONDO NACIONAL DE SALUD,1898,2,0.8993677555321391
"SOCIEDAD ADMINISTRADORA DE FONDOS DE CESANTIA DE CHILE II S.A., AFC CHILE",SUBSECRETARIA DE SALUD PUBLICA,1863,2,0.9683306494900696
INSTITUTO DE PREVISION SOCIAL,SUBSECRETARIA DE SALUD PUBLICA,1809,2,0.87893864013267
SUBSECRETARIA GENERAL DE LA PRESIDENCIA DE LA REPUBLICA,AGENCIA NACIONAL DE CIBERSEGURIDAD,1798,2,0.9338153503893215
INSTITUTO NACIONAL DE ESTADISTICAS,CORPORACION DE FOMENTO DE LA PRODUCCION,1767,2,0.8913412563667232
INSTITUTO SEGURIDAD LABORAL,SUBSECRETARIA DE HACIENDA,1760,2,0.9147727272727273
SUBSECRETARIA DE TELECOMUNICACIONES,FONDO NACIONAL DE SALUD,1742,2,0.9328358208955224
INSTITUTO NACIONAL DE ESTADISTICAS,SERVICIO NACIONAL DE PREVENCION Y REHABILITACION DEL CONSUMO DE DROGAS Y ALCOHOL,1717,2,0.8875946418171229
INSTITUTO NACIONAL DE ESTADISTICAS,SUPERINTENDENCIA DE ELECTRICIDAD Y COMBUSTIBLES,1704,2,0.9325117370892019
SUBSECRETARIA DE EVALUACION SOCIAL,CAJA DE PREVISION DE LA DEFENSA NACIONAL,1698,2,0.9599528857479388
SECRETARIA DE GOBIERNO DIGITAL,MUNICIPALIDAD DE QUILICURA,1693,2,0.90253987005316
INSTITUTO NACIONAL DE ESTADISTICAS,INSTITUTO NACIONAL DE PROPIEDAD INDUSTRIAL,1678,2,0.8945172824791419
INSTITUTO NACIONAL DE ESTADISTICAS,CONTRALORIA,1668,2,0.9718225419664268
SERVICIO DE IMPUESTOS INTERNOS,SUBSECRETARIA DE SALUD PUBLICA,1655,2,0.9347432024169184
SECRETARIA DE GOBIERNO DIGITAL,SUBSECRETARIA DE HACIENDA,1652,2,0.9279661016949152
INSTITUTO NACIONAL DE ESTADISTICAS,CORPORACION DE ASISTENCIA JUDICIAL DE LA REGION METROPOLITANA,1619,2,0.8968499073502162
SANIDAD NAVAL DE LA ARMADA DE CHILE,FONDO NACIONAL DE SALUD,1564,2,0.8797953964194374
INSTITUTO NACIONAL DE ESTADISTICAS,SUPERINTENDENCIA DE INSOLVENCIA Y REEMPRENDIMIENTO,1538,2,0.8998699609882965
COMISION ADMINISTRADORA DE SISTEMA DE CREDITOS PARA ESTUDIOS SUPERIORES,SUBSECRETARIA DE DESARROLLO REGIONAL Y ADMINISTRATIVO,1532,2,0.9033942558746736
SUBSECRETARIA DE ECONOMIA Y EMPRESAS DE MENOR TAMANO,FONDO NACIONAL DE SALUD,1496,2,1.0
DIRECCION DE COMPRAS Y CONTRATACION PUBLICA,SUBSECRETARIA DE HACIENDA,1489,2,1.0
INSTITUTO NACIONAL DE ESTADISTICAS,SUPERINTENDENCIA DE EDUCACION,1481,2,0.9338284942606347
DIRECCION DE COMPRAS Y CONTRATACION PUBLICA,CONSEJO NACIONAL DE TELEVISION,1473,2,0.8778004073319755
INSTITUTO NACIONAL DE ESTADISTICAS,SUBSECRETARIA DE TELECOMUNICACIONES,1449,2,0.9772256728778468
SERVICIO AGRICOLA Y GANADERO,INSTITUTO DE SALUD PUBLICA DE CHILE,1423,2,0.9423752635277582
CERTINET S.A.,FONDO NACIONAL DE SALUD,1411,2,0.9156626506024096
SUBSECRETARIA DE EDUCACION,SUBSECRETARIA DE DESARROLLO REGIONAL Y ADMINISTRATIVO,1410,2,0.9163120567375886
SERVICIO DE TESORERIAS,CARABINEROS DE CHILE,1389,2,0.9877609791216703
INSTITUTO NACIONAL DE ESTADISTICAS,COMISION ADMINISTRADORA DE SISTEMA DE CREDITOS PARA ESTUDIOS SUPERIORES,1327,2,0.8892238131122834
INSTITUTO NACIONAL DE ESTADISTICAS,CONSEJO NACIONAL DE TELEVISION,1323,2,0.9221466364323507
DIRECCION DE COMPRAS Y CONTRATACION PUBLICA,CERTIFICADORA DEL SUR,1264,2,1.0
SUBSECRETARIA DE TELECOMUNICACIONES,SUBSECRETARIA DE REDES ASISTENCIALES,1249,2,0.966373098478783
INSTITUTO NACIONAL DE ESTADISTICAS,SUBSECRETARIA DE DERECHOS HUMANOS,1242,2,0.9500805152979066
INSTITUTO DE PREVISION SOCIAL,AGENCIA NACIONAL DE INVESTIGACION Y DESARROLLO,1191,2,0.9588581024349286
INSTITUTO NACIONAL DE ESTADISTICAS,ILUSTRE MUNICIPALIDAD DE LOS ANGELES,1191,2,0.853904282115869
SECRETARIA DE GOBIERNO DIGITAL,SUBSECRETARIA GENERAL DE LA PRESIDENCIA,1184,2,0.8859797297297297
SUPERINTENDENCIA DE SEGURIDAD SOCIAL,SUBSECRETARIA DE PREVISION SOCIAL,1181,2,0.9771380186282811
COMISION ADMINISTRADORA DE SISTEMA DE CREDITOS PARA ESTUDIOS SUPERIORES,COMISION PARA LA INTEGRIDAD PUBLICA Y TRANSPARENCIA,1175,2,0.8706382978723404
SRCEI,SUBSECRETARIA DE REDES ASISTENCIALES,352568,1,0.8810215334346849
"SOCIEDAD ADMINISTRADORA DE FONDOS DE CESANTIA DE CHILE II S.A., AFC CHILE",SUBSECRETARIA DE REDES ASISTENCIALES,202589,1,0.8684281969899649
SRCEI,UNIVERSIDAD DE LA FRONTERA,199012,1,0.9002371716278416
SRCEI,CARABINEROS DE CHILE,146948,1,0.9059259057625829
MINISTERIO DE DESARROLLO SOCIAL,SUBSECRETARIA DE SERVICIOS SOCIALES,143344,1,0.8569804107601294
SRCEI,MINISTERIO DE EDUCACION,136543,1,0.8633324300769721
COMISION PARA EL MERCADO FINANCIERO,FONDO NACIONAL DE SALUD,130093,1,0.8533971850906659
SERVICIO AGRICOLA Y GANADERO,INSTITUTO DE PREVISION SOCIAL,126177,1,0.853293389444986
COMISION PARA EL MERCADO FINANCIERO,MINISTERIO PUBLICO,105494,1,0.8881358181507953
ACEPTA.COM S.A.,MINISTERIO PUBLICO,90568,1,0.8967957777581486
CORPORACION ADMINISTRATIVA DEL PODER JUDICIAL,FONDO NACIONAL DE SALUD,81694,1,0.8524493842877078
FONDO NACIONAL DE SALUD,CONTRALORIA GENERAL DE LA REPUBLICA,68047,1,0.8539244933648802
COMISION ADMINISTRADORA DEL SISTEMA DE CREDITOS PARA ESTUDIOS SUPERIORES,SUBSECRETARIA DE REDES ASISTENCIALES,57355,1,0.8796966262749543
SUBSECRETARIA DE ECONOMIA Y EMPRESAS DE MENOR TAMANO,SUBSECRETARIA DE TRANSPORTES,54709,1,0.8928147105595058
SUBSECRETARIA DE EVALUACION SOCIAL,SUBSECRETARIA DE JUSTICIA,51309,1,0.8646631195306866
SRCEI,INSTITUTO NACIONAL DE ESTADISTICAS,43245,1,0.8709908659960689
SRCEI,SERVICIO SALUD ARAUCANIA SUR,37367,1,0.8634891749404555
SERVICIO CIVIL,SUBSECRETARIA DE TRANSPORTES,36129,1,0.9000249107365275
ACEPTA.COM S.A.,SERVICIO DE COOPERACION TECNICA,35812,1,0.8632022785658439
SRCEI,SUBSECRETARIA DE DESARROLLO REGIONAL Y ADMINISTRATIVO,34163,1,0.9158153557942804
"SOCIEDAD ADMINISTRADORA DE FONDOS DE CESANTIA DE CHILE II S.A., AFC CHILE",COMISION PARA LA INTEGRIDAD PUBLICA Y TRANSPARENCIA,33678,1,0.9093770413920068
INSTITUTO DE PREVISION SOCIAL,SUBSECRETARIA DE EDUCACION,33469,1,0.85449221667812
PODER JUDICIAL,COMISION PARA LA INTEGRIDAD PUBLICA Y TRANSPARENCIA,31739,1,0.8923721604335361
COMISION ADMINISTRADORA DEL SISTEMA DE CREDITOS PARA ESTUDIOS SUPERIORES,SUBSECRETARIA DE JUSTICIA,31023,1,0.8701930825516552
ACEPTA.COM S.A.,CORPORACION NACIONAL DE DESARROLLO INDIGENA,30726,1,0.8954305799648506
FONDO DE SOLIDARIDAD E INVERSION SOCIAL,SUBSECRETARIA DE SERVICIOS SOCIALES,30667,1,0.8685883849088597
SUBSECRETARIA DEL TRABAJO,MINISTERIO PUBLICO,29119,1,0.8515058896253306
SRCEI,ILUSTRE MUNICIPALIDAD DE PENALOLEN,29060,1,0.9070887818306952
PODER JUDICIAL,SUBSECRETARIA DE EVALUACION SOCIAL,26725,1,0.8797754911131899
SUBSECRETARIA DE VIVIENDA Y URBANISMO,SUBSECRETARIA DE TRANSPORTES,26368,1,0.8595266990291263
SUBSECRETARIA DE JUSTICIA,SUBSECRETARIA DE REDES ASISTENCIALES,26176,1,0.9312729217603912
"SOCIEDAD ADMINISTRADORA DE FONDOS DE CESANTIA DE CHILE II S.A., AFC CHILE",SUBSECRETARIA DE VIVIENDA Y URBANISMO,25945,1,0.945423010213914
ACEPTA.COM S.A.,SUPERINTENDENCIA DE PENSSIONES,25847,1,0.913258792122877
ACEPTA.COM S.A.,INSTITUTO SEGURIDAD LABORAL,25388,1,0.8749803056562155
INSTITUTO DE PREVISION SOCIAL,SUBSECRETARIA DE VIVIENDA Y URBANISMO,25226,1,0.8976849282486323
DIRECCION DEL TRABAJO,COMISION PARA LA INTEGRIDAD PUBLICA Y TRANSPARENCIA,25170,1,0.8779499404052443
"SOCIEDAD ADMINISTRADORA DE FONDOS DE CESANTIA DE CHILE II S.A., AFC CHILE",E-DIGITAL PKI SPA.,24772,1,0.9244711771354756
SUBSECRETARIA DE EVALUACION SOCIAL,FONDO NACIONAL DE SALUD,24487,1,0.8557193612937477
"SOCIEDAD ADMINISTRADORA DE FONDOS DE CESANTIA DE CHILE II S.A., AFC CHILE",SUBSECRETARIA DE ECONOMIA Y EMPRESAS DE MENOR TAMANO,23263,1,0.8657524824829128
ACEPTA.COM S.A.,DEFENSORIA PENAL PUBLICA,23099,1,0.8589549331139876
CORPORACION ADMINISTRATIVA DEL PODER JUDICIAL,COMISION PARA LA INTEGRIDAD PUBLICA Y TRANSPARENCIA,22969,1,0.8616396012016195
SRCEI,SUBSECRETARIA DE JUSTICIA,22895,1,0.8872242847783359
ACEPTA.COM S.A.,INSTITUTO NACIONAL DE PROPIEDAD INDUSTRIAL,22558,1,0.8564145757602625
SRCEI,SUBSECRETARIA DE ECONOMIA Y EMPRESAS DE MENOR TAMANO,22489,1,0.856818889234737
INSTITUTO DE PREVISION SOCIAL,CONTRALORIA GENERAL DE LA REPUBLICA,22452,1,0.857830037413148
SERVICIO NACIONAL DEL CONSUMIDOR,COMISION PARA LA INTEGRIDAD PUBLICA Y TRANSPARENCIA,22411,1,0.8559189683637499
FONDO NACIONAL DE SALUD,SERVICIO NACIONAL DE ADUANAS,21159,1,0.8510326574979914
CORPORACION NACIONAL DE DESARROLLO INDIGENA,SUBSECRETARIA DE REDES ASISTENCIALES,20869,1,0.8510709665053429
CONTRALORIA,COMISION PARA LA INTEGRIDAD PUBLICA Y TRANSPARENCIA,20341,1,0.9522639004965339
COMISION PARA EL MERCADO FINANCIERO,SUBSECRETARIA DE DESARROLLO REGIONAL Y ADMINISTRATIVO,19664,1,0.8645240032546786
"SOCIEDAD ADMINISTRADORA DE FONDOS DE CESANTIA DE CHILE II S.A., AFC CHILE",AFP MODELO,19574,1,0.8680392357208542
"SOCIEDAD ADMINISTRADORA DE FONDOS DE CESANTIA DE CHILE II S.A., AFC CHILE",SUBSECRETARIA DE DESARROLLO REGIONAL Y ADMINISTRATIVO,19451,1,0.8990797388309084
SUBSECRETARIA DE REDES ASISTENCIALES,CONTRALORIA GENERAL DE LA REPUBLICA,18895,1,0.8805504101614183
SRCEI,DIRECCION DE EDUCACION PUBLICA,18292,1,0.9218237480865953
SERVICIO AGRICOLA Y GANADERO,SUPERINTENDENCIA DE PENSSIONES,17575,1,0.9052062588904696
SECRETARIA DE GOBIERNO DIGITAL,ILUSTRE MUNICIPALIDAD DE PENALOLEN,17473,1,0.8754077719910719
SERVICIO AGRICOLA Y GANADERO,CORPORACION NACIONAL DE DESARROLLO INDIGENA,17296,1,0.862222479185939
"SOCIEDAD ADMINISTRADORA DE FONDOS DE CESANTIA DE CHILE II S.A., AFC CHILE",ILUSTRE MUNICIPALIDAD DE PENALOLEN,16670,1,0.907738452309538
ACEPTA.COM S.A.,COMISION ADMINISTRADORA DEL SISTEMA DE CREDITOS PARA ESTUDIOS SUPERIORES,16618,1,0.8810927909495727
SRCEI,JUNTA NACIONAL DE JARDINES INFANTILES,16487,1,0.9422575362406744
SERVICIO CIVIL,COMISION PARA LA INTEGRIDAD PUBLICA Y TRANSPARENCIA,16436,1,0.888780725237284
COMISION PARA EL MERCADO FINANCIERO,ILUSTRE MUNICIPALIDAD DE PENALOLEN,16366,1,0.884699987779543
PODER JUDICIAL,E-DIGITAL PKI SPA.,16323,1,0.8573178949947926
CONTRALORIA,SERVICIO ELECTORAL,15942,1,0.9705808556015556
SECRETARIA DE GOBIERNO DIGITAL,SUBSECRETARIA DE REDES ASISTENCIALES,15551,1,0.8656678027136518
MINISTERIO DE DESARROLLO SOCIAL,SUBSECRETARIA DE VIVIENDA Y URBANISMO,15043,1,0.998271621352124
ACEPTA.COM S.A.,SUPERINTENDENCIA DE ELECTRICIDAD Y COMBUSTIBLES,14846,1,0.918968072208002
SERVICIO NACIONAL DEL CONSUMIDOR,SUBSECRETARIA DE DESARROLLO REGIONAL Y ADMINISTRATIVO,14829,1,0.8517769235956572
ACEPTA.COM S.A.,CORPORACION DE ASISTENCIA JUDICIAL DE LA REGION METROPOLITANA,14771,1,0.9176765283325437
ACEPTA.COM S.A.,UNIVERSIDAD DE CHILE,14660,1,0.8737380627557981
SECRETARIA DE GOBIERNO DIGITAL,SUBSECRETARIA DE EVALUACION SOCIAL,14626,1,0.8779570627649391
SRCEI,SUBSECRETARIA DE BIENES NACIONALES,14597,1,0.9280674111118724
SERVICIO NACIONAL DE CAPACITACION Y EMPLEO,SUBSECRETARIA DE DESARROLLO REGIONAL Y ADMINISTRATIVO,14445,1,0.875250951886466
"SOCIEDAD ADMINISTRADORA DE FONDOS DE CESANTIA DE CHILE II S.A., AFC CHILE",CERTIFICADORA DEL SUR,14362,1,0.9006405793065033
SUBSECRETARIA DE JUSTICIA,MINISTERIO PUBLICO,14202,1,0.9921137867905929
ACEPTA.COM S.A.,UNIVERSIDAD DE LA FRONTERA,14177,1,0.9166255202087888
ACEPTA.COM S.A.,MUNICIPALIDAD DE LA FLORIDA,13933,1,0.8564558960740688
CONTRALORIA,SUBSECRETARIA DE REDES ASISTENCIALES,13444,1,0.881359714370723
SERVICIO AGRICOLA Y GANADERO,CONTRALORIA GENERAL DE LA REPUBLICA,13318,1,0.937828502778195
ACEPTA.COM S.A.,SUBSECRETARIA DE SERVICIOS SOCIALES,13233,1,0.9170256177737476
SERVICIO AGRICOLA Y GANADERO,COMISION PARA LA INTEGRIDAD PUBLICA Y TRANSPARENCIA,12914,1,1.0
SUBSECRETARIA DE EVALUACION SOCIAL,SUBSECRETARIA DE TRANSPORTES,12871,1,0.9176443166809106
SRCEI,PODER JUDICIAL,12672,1,0.8697127525252525
SUBSECRETARIA DE EDUCACION,"SOCIEDAD ADMINISTRADORA DE FONDOS DE CESANTIA DE CHILE II S.A., AFC CHILE",12667,1,0.8653982789926581
DIRECCION DEL TRABAJO,SUBSECRETARIA DE DESARROLLO REGIONAL Y ADMINISTRATIVO,12525,1,0.8602794411177644
SUBSECRETARIA DE EDUCACION,SECRETARIA DE GOBIERNO DIGITAL,12446,1,0.8975574481761208
"SOCIEDAD ADMINISTRADORA DE FONDOS DE CESANTIA DE CHILE II S.A., AFC CHILE",AFP UNO,12421,1,0.8643426455196844
INSTITUTO SEGURIDAD LABORAL,SUBSECRETARIA DE TRANSPORTES,12077,1,0.8588225552703486
SUBSECRETARIA DE EDUCACION,COMISION PARA EL MERCADO FINANCIERO,11705,1,0.9014096539940196
SECRETARIA DE GOBIERNO DIGITAL,JUNTA NACIONAL DE JARDINES INFANTILES,11304,1,0.8628803963198868
"SOCIEDAD ADMINISTRADORA DE FONDOS DE CESANTIA DE CHILE II S.A., AFC CHILE",MUNICIPALIDAD DE COLINA,11282,1,0.9396383619925543
PODER JUDICIAL,CERTIFICADORA DEL SUR,11204,1,0.8562120671188861
SRCEI,MUNICIPALIDAD DE QUILICURA,11193,1,0.8717948717948718
INSTITUTO DE PREVISION SOCIAL,CONSEJO NACIONAL DE TELEVISION,11145,1,0.858950201884253
ACEPTA.COM S.A.,SUBSECRETARIA DE TELECOMUNICACIONES,11034,1,0.9639296719231466
UNIVERSIDAD DE LA FRONTERA,UNIVERSIDAD DE CHILE,10845,1,0.8804979253112033
SUBSECRETARIA DE EDUCACION,SERVICIO NACIONAL DE CAPACITACION Y EMPLEO,10553,1,0.8891310527811996
PODER JUDICIAL,SUBSECRETARIA DE DESARROLLO REGIONAL Y ADMINISTRATIVO,10518,1,0.8559612093553908
DIRECCION DEL TRABAJO,ILUSTRE MUNICIPALIDAD DE PENALOLEN,10509,1,0.8820058997050148
SERVICIO AGRICOLA Y GANADERO,DIRECCION GENERAL DE MOVILIZACION NACIONAL,10323,1,0.999418773612322
ACEPTA.COM S.A.,MUNICIPALIDAD DE PROVIDENCIA,10161,1,0.8766853656136208
"SOCIEDAD ADMINISTRADORA DE FONDOS DE CESANTIA DE CHILE II S.A., AFC CHILE",CAJA DE PREVISION DE LA DEFENSA NACIONAL,10121,1,0.9848829167078352
SERVICIO DE TESORERIAS,SUBSECRETARIA DE DESARROLLO REGIONAL Y ADMINISTRATIVO,9985,1,0.9407110665999
ACEPTA.COM S.A.,SUPERINTENDENCIA DE EDUCACION,9933,1,0.927917044196114
CONTRALORIA,MINISTERIO PUBLICO,9889,1,0.9270907068459903
INSTITUTO NACIONAL DE ESTADISTICAS,SERVICIO NACIONAL DEL CONSUMIDOR,9643,1,0.8573058176915898
"SOCIEDAD ADMINISTRADORA DE FONDOS DE CESANTIA DE CHILE II S.A., AFC CHILE",SUBSECRETARIA DE BIENES NACIONALES,9624,1,0.9087697423108896
COMISION PARA EL MERCADO FINANCIERO,SUBSECRETARIA DE BIENES NACIONALES,9586,1,0.8707490089714166
SERVICIO DE COOPERACION TECNICA,MINISTERIO PUBLICO,9497,1,0.8824892071180372
MUNICIPALIDAD DE LA FLORIDA,SUBSECRETARIA DE TRANSPORTES,9472,1,0.8980152027027027
ACEPTA.COM S.A.,CORPORACION DE FOMENTO DE LA PRODUCCION,9443,1,0.8737689293656677
SECRETARIA DE GOBIERNO DIGITAL,SUBSECRETARIA DE EDUCACION,9436,1,0.9116150911403135
PODER JUDICIAL,ILUSTRE MUNICIPALIDAD DE PENALOLEN,9382,1,0.8572798976764017
INSTITUTO DE PREVISION SOCIAL,SUBSECRETARIA DE HACIENDA,9360,1,0.9066239316239316
SUPERINTENDENCIA DE SEGURIDAD SOCIAL,MINISTERIO PUBLICO,9340,1,0.8593147751605996
SUBSECRETARIA DE EVALUACION SOCIAL,MINISTERIO PUBLICO,9265,1,0.8923907177549919
ACEPTA.COM S.A.,MTT,9236,1,0.8755954958856648
DIRECCION GENERAL DE MOVILIZACION NACIONAL,COMISION PARA LA INTEGRIDAD PUBLICA Y TRANSPARENCIA,9232,1,0.8657928942807626
SECRETARIA DE GOBIERNO DIGITAL,SUBSECRETARIA DE PREVISION SOCIAL,9218,1,0.9655022781514428
ACEPTA.COM S.A.,DIRECCION DE COMPRAS Y CONTRATACION PUBLICA,9186,1,0.8623993032876116
SERVICIO NACIONAL DE CAPACITACION Y EMPLEO,ILUSTRE MUNICIPALIDAD DE PENALOLEN,9082,1,0.8654481391763928
SERVICIO DE TESORERIAS,CERTIFICADORA DEL SUR,8971,1,0.9262066659235314
SUBSECRETARIA DE EVALUACION SOCIAL,SUBSECRETARIA DE VIVIENDA Y URBANISMO,8883,1,0.8923787008893392
SANIDAD NAVAL DE LA ARMADA DE CHILE,DIRECCION GENERAL DE MOVILIZACION NACIONAL,8775,1,0.900968660968661
SERVICIO DE TESORERIAS,SUBSECRETARIA DE JUSTICIA,8746,1,0.8521609878801738
SUBSECRETARIA DE EDUCACION,CORPORACION ADMINISTRATIVA DEL PODER JUDICIAL,8742,1,0.8609013955616563
SERVICIO AGRICOLA Y GANADERO,SUBSECRETARIA DE TELECOMUNICACIONES,8597,1,0.9142724206118412
ACEPTA.COM S.A.,SUBSECRETARIA DEL INTERIOR,8447,1,0.8678820883153783
SERVICIO DE TESORERIAS,ILUSTRE MUNICIPALIDAD DE PENALOLEN,8320,1,0.9344951923076924
"SOCIEDAD ADMINISTRADORA DE FONDOS DE CESANTIA DE CHILE II S.A., AFC CHILE",SUBSECRETARIA DE EDUCACION,8312,1,0.934191530317613
SUBSECRETARIA DE REDES ASISTENCIALES,SUBSECRETARIA DE EDUCACION,8280,1,0.8682367149758454
COMISION PARA EL MERCADO FINANCIERO,SUBSECRETARIA DE PREVISION SOCIAL,8213,1,0.9819797881407524
DIRECCION DEL TRABAJO,MUNICIPALIDAD DE COLINA,8103,1,0.8759718622732321
SUBSECRETARIA DEL TRABAJO,COMISION PARA LA INTEGRIDAD PUBLICA Y TRANSPARENCIA,7911,1,0.8552648211351283
SUBSECRETARIA DE REDES ASISTENCIALES,CONSEJO NACIONAL DE TELEVISION,7863,1,0.8653185806943915
EJERCITO DE CHILE,SECRETARIA DE GOBIERNO DIGITAL,7811,1,0.8728715913455384
PODER JUDICIAL,CAJA DE PREVISION DE LA DEFENSA NACIONAL,7791,1,0.9777948915415222
SECRETARIA DE GOBIERNO DIGITAL,SUBSECRETARIA DE JUSTICIA,7724,1,0.8783013982392542
SERVICIO CIVIL,SUBSECRETARIA DE DESARROLLO REGIONAL Y ADMINISTRATIVO,7668,1,0.8647626499739176
FONDO DE SOLIDARIDAD E INVERSION SOCIAL,SUPERINTENDENCIA DE EDUCACION,7622,1,0.8517449488323274
SERVICIO DE TESORERIAS,CAJA DE PREVISION DE LA DEFENSA NACIONAL,7615,1,0.9994747209455024
COMISION PARA EL MERCADO FINANCIERO,SUBSECRETARIA DE PREVENCION DEL DELITO,7543,1,0.8553625878297759
SERVICIO DE IMPUESTOS INTERNOS,SUBSECRETARIA DE PREVENCION DEL DELITO,7496,1,0.8887406616862327
REDIN,CAJA DE PREVISION DE LA DEFENSA NACIONAL,7484,1,0.9635221806520576
PODER JUDICIAL,SUBSECRETARIA DE BIENES NACIONALES,7477,1,0.8774909723150996
SERVICIO AGRICOLA Y GANADERO,DIRECCION NACIONAL DEL SERVICIO CIVIL,7377,1,0.8710858072387149
FONDO DE SOLIDARIDAD E INVERSION SOCIAL,SUBSECRETARIA DE EDUCACION,7364,1,0.913090711569799
DIRECCION DE PREVISION DE CARABINEROS DE CHILE,CERTIFICADORA DEL SUR,7333,1,0.9357698077185328
SERVICIO AGRICOLA Y GANADERO,SECRETARIA DE GOBIERNO DIGITAL,7310,1,0.8679890560875513
SUPERINTENDENCIA DE SALUD,COMISION PARA LA INTEGRIDAD PUBLICA Y TRANSPARENCIA,7277,1,0.851587192524392
FONDO DE SOLIDARIDAD E INVERSION SOCIAL,MINISTERIO PUBLICO,7236,1,0.995854063018242
ACEPTA.COM S.A.,SUBSECRETARIA GENERAL DE GOBIERNO,7198,1,0.8892747985551542
SUBSECRETARIA DEL TRABAJO,SUBSECRETARIA DE DESARROLLO REGIONAL Y ADMINISTRATIVO,7194,1,0.8597442313038643
"SOCIEDAD ADMINISTRADORA DE FONDOS DE CESANTIA DE CHILE II S.A., AFC CHILE",SUBSECRETARIA DE PREVISION SOCIAL,7026,1,0.9769427839453458
PODER JUDICIAL,SUBSECRETARIA DE EDUCACION,6935,1,0.904397981254506
UNIVERSIDAD DE LA FRONTERA,MINISTERIO PUBLICO,6899,1,0.9334686186403828
UNIVERSIDAD DE LA FRONTERA,SUBSECRETARIA DE REDES ASISTENCIALES,6845,1,0.8654492330168005
GENDARMERIA DE CHILE,DIRECCION DE PREVISION DE CARABINEROS DE CHILE,6754,1,0.8819958543085579
SERVICIO AGRICOLA Y GANADERO,PRESIDENCIA DE LA REPUBLICA,6657,1,0.8879375093886135
SERVICIO DE IMPUESTOS INTERNOS,CAJA DE PREVISION DE LA DEFENSA NACIONAL,6614,1,0.9623525854248564
SERVICIO NACIONAL DE CAPACITACION Y EMPLEO,SUBSECRETARIA DE BIENES NACIONALES,6581,1,0.8769184014587449
"SOCIEDAD ADMINISTRADORA DE FONDOS DE CESANTIA DE CHILE II S.A., AFC CHILE",PODER JUDICIAL,6562,1,0.9347759829320328
DIRECCION DE PREVISION DE CARABINEROS DE CHILE,SUBSECRETARIA DE PREVENCION DEL DELITO,6554,1,0.8581019224900824
CORPORACION ADMINISTRATIVA DEL PODER JUDICIAL,SUBSECRETARIA DE PREVENCION DEL DELITO,6544,1,0.8662897310513448
FONDO DE SOLIDARIDAD E INVERSION SOCIAL,SUPERINTENDENCIA DE ELECTRICIDAD Y COMBUSTIBLES,6483,1,0.8587073885546814
SERVICIO AGRICOLA Y GANADERO,CORPORACION DE ASISTENCIA JUDICIAL DE LA REGION METROPOLITANA,6367,1,0.8749803675200252
SUBSECRETARIA DE ECONOMIA Y EMPRESAS DE MENOR TAMANO,CERTIFICADORA DEL SUR,6298,1,0.8521752937440458
CONTRALORIA GENERAL DE LA REPUBLICA,"SOCIEDAD ADMINISTRADORA DE FONDOS DE CESANTIA DE CHILE II S.A., AFC CHILE",6296,1,0.8500635324015248
SERVICIO NACIONAL DE CAPACITACION Y EMPLEO,SUBSECRETARIA DE JUSTICIA,6246,1,0.9217098943323728
SANIDAD NAVAL DE LA ARMADA DE CHILE,CAJA DE PREVISION DE LA DEFENSA NACIONAL,6221,1,0.9855328725285324
CORPORACION ADMINISTRATIVA DEL PODER JUDICIAL,SUBSECRETARIA DE EDUCACION,6220,1,0.8959807073954984
MINISTERIO DE DESARROLLO SOCIAL,SUPERINTENDENCIA DE ELECTRICIDAD Y COMBUSTIBLES,6101,1,0.8773971480085232
SECRETARIA DE GOBIERNO DIGITAL,SUBSECRETARIA DE PREVENCION DEL DELITO,6063,1,0.8603001814283358
CORPORACION ADMINISTRATIVA DEL PODER JUDICIAL,SUBSECRETARIA DE BIENES NACIONALES,6062,1,0.8568129330254042
PODER JUDICIAL,MUNICIPALIDAD DE COLINA,6020,1,0.9008305647840532
MINISTERIO PUBLICO,CARABINEROS DE CHILE,5998,1,0.8614538179393131
ACEPTA.COM S.A.,PRESIDENCIA DE LA REPUBLICA,5997,1,0.9749874937468734
SUBSECRETARIA DE VIVIENDA Y URBANISMO,SUBSECRETARIA DE EVALUACION SOCIAL,5985,1,0.8661654135338346
ACEPTA.COM S.A.,ADMINISTRADORA DE FONDOS DE CESANTIA,5977,1,0.8937594110757905
COMISION ADMINISTRADORA DEL SISTEMA DE CREDITOS PARA ESTUDIOS SUPERIORES,SUBSECRETARIA DE DESARROLLO REGIONAL Y ADMINISTRATIVO,5944,1,0.9015814266487214
ACEPTA.COM S.A.,CONSEJO NACIONAL DE TELEVISION,5820,1,0.9443298969072164
SECRETARIA DE GOBIERNO DIGITAL,SUBSECRETARIA DE TRANSPORTES,5799,1,0.8679082600448353
INSTITUTO DE PREVISION SOCIAL,ILUSTRE MUNICIPALIDAD DE PENALOLEN,5797,1,0.9653268932206314
SUBSECRETARIA DE JUSTICIA,CARABINEROS DE CHILE,5770,1,0.9440207972270364
DIRECCION DEL TRABAJO,SUBSECRETARIA DE BIENES NACIONALES,5767,1,0.8508756719264783
ACEPTA.COM S.A.,"MINISTERIO DE LAS CULTURAS, LAS ARTES Y EL PATRIMONIO",5708,1,0.8833216538192011
SERVICIO DE TESORERIAS,SUBSECRETARIA DE BIENES NACIONALES,5631,1,0.9172438288048304
SERVICIO DE TESORERIAS,SUBSECRETARIA DE PREVISION SOCIAL,5628,1,0.999822316986496
SUBSECRETARIA DE TELECOMUNICACIONES,SECRETARIA DE GOBIERNO DIGITAL,5587,1,0.8840164667979238
SERVICIO AGRICOLA Y GANADERO,SUPERINTENDENCIA DE EDUCACION,5586,1,0.8845327604726101
CORPORACION ADMINISTRATIVA DEL PODER JUDICIAL,CAJA DE PREVISION DE LA DEFENSA NACIONAL,5581,1,0.9641641282924209
"SOCIEDAD ADMINISTRADORA DE FONDOS DE CESANTIA DE CHILE II S.A., AFC CHILE",AFP CUPRUM,5573,1,0.9093845325677371
CONTRALORIA GENERAL DE LA REPUBLICA,E-CERT CHILE,5557,1,0.8835702717293503
SERVICIO DE SALUD MAULE,SUBSECRETARIA DE TRANSPORTES,5530,1,0.8895117540687161
INSTITUTO DE PREVISION SOCIAL,SERVICIO NACIONAL DEL CONSUMIDOR,5521,1,0.8619815250860351
SERVICIO DE COOPERACION TECNICA,COMISION PARA LA INTEGRIDAD PUBLICA Y TRANSPARENCIA,5485,1,0.8880583409298086
SERVICIO DE TESORERIAS,SUBSECRETARIA DE HACIENDA,5471,1,0.9756900018278194
MINISTERIO DE DESARROLLO SOCIAL,MUNICIPALIDAD DE VINA DEL MAR,5447,1,0.8553332109418028
SERVICIO NACIONAL DE CAPACITACION Y EMPLEO,SUBSECRETARIA DE TRANSPORTES,5403,1,0.9487321858226913
DIRECCION CHILECOMPRA,MINISTERIO PUBLICO,5371,1,0.8681809718860547
SUBSECRETARIA DE EDUCACION,SUBSECRETARIA DE ENERGIA,5349,1,1.0
PODER JUDICIAL,TRIBUNAL CONSTITUCIONAL DE CHILE,5304,1,0.8963046757164405
MUNICIPALIDAD DE SANTIAGO,SUBSECRETARIA DE TRANSPORTES,5249,1,0.8670222899599924
SERVICIO DE TESORERIAS,PODER JUDICIAL,5239,1,0.8520710059171598
INSTITUTO DE DESARROLLO AGROPECUARIO,SUBSECRETARIA DE JUSTICIA,5225,1,0.8723444976076555
DIRECCION DEL TRABAJO,CAJA DE PREVISION DE LA DEFENSA NACIONAL,5144,1,0.9729782270606532
SERVICIO AGRICOLA Y GANADERO,CONSEJO NACIONAL DE TELEVISION,5066,1,0.9172917489143309
SERVICIO AGRICOLA Y GANADERO,SUBSECRETARIA DE JUSTICIA,5033,1,0.9582753824756608
SUBSECRETARIA GENERAL DE LA PRESIDENCIA DE LA REPUBLICA,MINISTERIO PUBLICO,5021,1,0.9816769567815177
ACEPTA.COM S.A.,DIRECCION DEL TRABAJO,4964,1,0.8904109589041096
SUBSECRETARIA DE JUSTICIA,FONDO DE SOLIDARIDAD E INVERSION SOCIAL,4910,1,0.8594704684317719
SUBSECRETARIA DE EDUCACION,SERVICIO DE TESORERIAS,4904,1,0.9325040783034256
SERVICIO CIVIL,E-DIGITAL PKI SPA.,4874,1,0.8828477636438243
DIRECCION DE PREVISION DE CARABINEROS DE CHILE,SUBSECRETARIA DE REDES ASISTENCIALES,4826,1,0.8810609200165769
SERVICIO DE TESORERIAS,SUBSECRETARIA DE EDUCACION,4788,1,0.9715956558061819
SUBSECRETARIA DE EDUCACION,E-CERT CHILE,4788,1,0.9496658312447788
MINISTERIO DE EDUCACION,SUBSECRETARIA DE EDUCACION,4784,1,0.9345735785953178
ESIGN S.A.,MUNICIPALIDAD DE MAIPU,4774,1,0.8910766652702137
SUBSECRETARIA GENERAL DE GOBIERNO,SUBSECRETARIA DE HACIENDA,4762,1,0.8674926501469971
MINISTERIO DE DESARROLLO SOCIAL,SUBSECRETARIA DE PREVENCION DEL DELITO,4699,1,0.9823366673760374
"SOCIEDAD ADMINISTRADORA DE FONDOS DE CESANTIA DE CHILE II S.A., AFC CHILE",MUNICIPALIDAD DE LO BARNECHEA,4686,1,0.8651301749893299
GENDARMERIA DE CHILE,SUBSECRETARIA DE DERECHOS HUMANOS,4636,1,0.8559102674719585
SUBSECRETARIA DE ECONOMIA Y EMPRESAS DE MENOR TAMANO,ILUSTRE MUNICIPALIDAD DE PENALOLEN,4623,1,0.8691325978801644
CORPORACION ADMINISTRATIVA DEL PODER JUDICIAL,MUNICIPALIDAD DE COLINA,4587,1,0.868541530412034
FONDO DE SOLIDARIDAD E INVERSION SOCIAL,SUBSECRETARIA DE SALUD PUBLICA,4542,1,0.8837516512549538
FONDO DE SOLIDARIDAD E INVERSION SOCIAL,MINISTERIO DE EDUCACION,4506,1,0.8936972924988904
SERVICIO ELECTORAL,SUBSECRETARIA DE PREVISION SOCIAL,4473,1,0.984126984126984
SERVICIO CIVIL,SUBSECRETARIA DE VIVIENDA Y URBANISMO,4442,1,0.8694281855020262
SERVICIO AGRICOLA Y GANADERO,SUBSECRETARIA DE DESARROLLO REGIONAL Y ADMINISTRATIVO,4406,1,0.9745801180208806
SERVICIO DE TESORERIAS,AFP UNO,4378,1,0.8748286888990406
ACEPTA.COM S.A.,UNIVERSIDAD DE SANTIAGO DE CHILE,4371,1,0.9505833905284832
SERVICIO NACIONAL DEL CONSUMIDOR,CAJA DE PREVISION DE LA DEFENSA NACIONAL,4355,1,0.9729047072330654
MUNICIPALIDAD DE LAS CONDES,SUBSECRETARIA DE REDES ASISTENCIALES,4334,1,0.8952468850946008
CONTRALORIA GENERAL DE LA REPUBLICA,SERVICIO NACIONAL DEL CONSUMIDOR,4270,1,0.8880562060889929
MINISTERIO DE DESARROLLO SOCIAL,SUBSECRETARIA DE TELECOMUNICACIONES,4250,1,0.8703529411764706
SERVICIO ELECTORAL,SERVICIO SALUD ARAUCANIA SUR,4227,1,0.8601845280340668
ACEPTA.COM S.A.,INSTITUTO NACIONAL DE LA JUVENTUD,4225,1,0.8771597633136095
SERVICIO NACIONAL DEL CONSUMIDOR,SUBSECRETARIA DE EDUCACION,4218,1,0.8878615457562826
MINISTERIO DE EDUCACION,MINISTERIO PUBLICO,4192,1,0.8740458015267175
COMISION ADMINISTRADORA DEL SISTEMA DE CREDITOS PARA ESTUDIOS SUPERIORES,E-DIGITAL PKI SPA.,4124,1,0.8942774005819593
PODER JUDICIAL,SUBSECRETARIA DE PREVISION SOCIAL,4118,1,0.9766877124817872
SERVICIO DE TESORERIAS,MUNICIPALIDAD DE COLINA,4111,1,0.9620530284602288
SUBSECRETARIA DE REDES ASISTENCIALES,SERVICIO NACIONAL DEL CONSUMIDOR,4111,1,0.888105083921187
ACEPTA.COM S.A.,SUBSECRETARIA DE DERECHOS HUMANOS,4103,1,0.9373629051913234
SUBSECRETARIA DE REDES ASISTENCIALES,SERVICIO SALUD ARAUCANIA SUR,4079,1,0.8891885265996567
SUBSECRETARIA DE EDUCACION,SERVICIO NACIONAL DEL CONSUMIDOR,4018,1,0.9410154305624688
COMISION ADMINISTRADORA DEL SISTEMA DE CREDITOS PARA ESTUDIOS SUPERIORES,SUBSECRETARIA DE VIVIENDA Y URBANISMO,3977,1,0.890369625345738
MINISTERIO DE DESARROLLO SOCIAL,AFP MODELO,3951,1,0.8962288028347254
ACEPTA.COM S.A.,EJERCITO DE CHILE,3930,1,0.9587786259541984
SERVICIO NACIONAL DEL CONSUMIDOR,MUNICIPALIDAD DE COLINA,3920,1,0.9089285714285714
"SOCIEDAD ADMINISTRADORA DE FONDOS DE CESANTIA DE CHILE II S.A., AFC CHILE",AGENCIA NACIONAL DE CIBERSEGURIDAD,3914,1,0.9092999489013796
EJERCITO DE CHILE,CAJA DE PREVISION DE LA DEFENSA NACIONAL,3900,1,0.9753846153846154
CONTRALORIA GENERAL DE LA REPUBLICA,BPO ADVISORS SPA,3875,1,0.8818064516129033
SERVICIO AGRICOLA Y GANADERO,SUBSECRETARIA DE DERECHOS HUMANOS,3857,1,0.8781436349494426
SUBSECRETARIA DE REDES ASISTENCIALES,SERVICIO NACIONAL DE ADUANAS,3847,1,0.8614504808942033
SUBSECRETARIA DE EDUCACION,SUBSECRETARIA DEL TRABAJO,3815,1,0.9035386631716908
SUPERINTENDENCIA DE SEGURIDAD SOCIAL,COMISION PARA LA INTEGRIDAD PUBLICA Y TRANSPARENCIA,3794,1,0.8637322087506589
FONDO DE SOLIDARIDAD E INVERSION SOCIAL,SUBSECRETARIA DE TELECOMUNICACIONES,3786,1,0.8795562599049128
SERVICIO NACIONAL DEL CONSUMIDOR,SUBSECRETARIA DE PREVISION SOCIAL,3785,1,0.9738441215323644
SUBSECRETARIA DE JUSTICIA,CONSEJO NACIONAL DE TELEVISION,3716,1,0.870021528525296
UNIVERSIDAD DE LA FRONTERA,FONDO NACIONAL DE SALUD,3697,1,0.8720584257506087
SERVICIO DE IMPUESTOS INTERNOS,SUBSECRETARIA DE EDUCACION,3669,1,0.8746252384846007
MINISTERIO DE DESARROLLO SOCIAL,MINISTERIO DE EDUCACION,3658,1,0.8717878622197922
SUBSECRETARIA GENERAL DE GOBIERNO,SUBSECRETARIA DE TRANSPORTES,3639,1,0.8821104699093157
DIRECCION DE PREVISION DE CARABINEROS DE CHILE,MINISTERIO PUBLICO,3636,1,0.891914191419142
MUNICIPALIDAD DE PUENTE ALTO,SUBSECRETARIA DE REDES ASISTENCIALES,3632,1,0.8829845814977973
"SOCIEDAD ADMINISTRADORA DE FONDOS DE CESANTIA DE CHILE II S.A., AFC CHILE",SUBSECRETARIA DE PREVENCION DEL DELITO,3622,1,0.8854224185532855
SERVICIO AGRICOLA Y GANADERO,EJERCITO DE CHILE,3621,1,0.8950566141949737
ACEPTA.COM S.A.,SERVICIO NACIONAL DE PREVENCION Y REHABILITACION DEL CONSUMO DE DROGAS Y ALCOHOL,3596,1,0.910734149054505
ACEPTA.COM S.A.,SERVICIO SALUD ARAUCANIA SUR,3595,1,0.9591098748261474
SUBSECRETARIA DE EDUCACION,BPO ADVISORS SPA,3592,1,0.9457126948775056
BPO ADVISORS SPA,CAJA DE PREVISION DE LA DEFENSA NACIONAL,3555,1,0.9566807313642756
SUBSECRETARIA DE TELECOMUNICACIONES,SERVICIO DE TESORERIAS,3548,1,0.8897970687711386
SECRETARIA DE GOBIERNO DIGITAL,CARABINEROS DE CHILE,3523,1,0.8501277320465512
FONDO NACIONAL DE SALUD,MUNICIPALIDAD DE CORONEL,3519,1,0.9835180448991192
SERVICIO NACIONAL DE CAPACITACION Y EMPLEO,JUNTA NACIONAL DE JARDINES INFANTILES,3517,1,0.8709127096957634
INSTITUTO DE DESARROLLO AGROPECUARIO,FONDO NACIONAL DE SALUD,3507,1,0.8788138009694896
CONTRALORIA GENERAL DE LA REPUBLICA,ESIGN S.A.,3496,1,0.8835812356979404
ACEPTA.COM S.A.,DIRECCION DE PREVISION DE CARABINEROS DE CHILE,3493,1,0.8894932722588034
FONDO NACIONAL DE SALUD,MUNICIPALIDAD DE ANTOFAGASTA,3492,1,0.9412943871706758
CONTRALORIA GENERAL DE LA REPUBLICA,INSTITUTO DE PREVISION SOCIAL,3472,1,0.8942972350230415
MINISTERIO DE DESARROLLO SOCIAL,E-DIGITAL PKI SPA.,3451,1,0.9791364821790786
FONDO NACIONAL DE SALUD,E-DIGITAL PKI SPA.,3446,1,0.9930354033662218
SUBSECRETARIA DE JUSTICIA,COMISION PARA LA INTEGRIDAD PUBLICA Y TRANSPARENCIA,3428,1,1.0
"SOCIEDAD ADMINISTRADORA DE FONDOS DE CESANTIA DE CHILE II S.A., AFC CHILE",MUNICIPALIDAD DE PADRE HURTADO,3425,1,0.8581021897810219
SUBSECRETARIA DE TELECOMUNICACIONES,SERVICIO NACIONAL DE CAPACITACION Y EMPLEO,3410,1,0.8821114369501466
"SOCIEDAD ADMINISTRADORA DE FONDOS DE CESANTIA DE CHILE II S.A., AFC CHILE",MUNICIPALIDAD DE CORONEL,3351,1,0.9265890778871978
SUBSECRETARIA DE TELECOMUNICACIONES,E-CERT CHILE,3343,1,0.9255160035895902
SERVICIO DE TESORERIAS,AGENCIA NACIONAL DE CIBERSEGURIDAD,3310,1,0.9570996978851963
SERVICIO AGRICOLA Y GANADERO,SUBSECRETARIA DE SERVICIOS SOCIALES,3274,1,0.8992058643860721
SECRETARIA DE GOBIERNO DIGITAL,MUNICIPALIDAD DE CORONEL,3269,1,0.8709085347200979
ACEPTA.COM S.A.,SUBSECRETARIA DE JUSTICIA,3257,1,0.9705250230273258
CORPORACION ADMINISTRATIVA DEL PODER JUDICIAL,MINISTERIO PUBLICO,3249,1,0.9187442289935364
COMISION PARA EL MERCADO FINANCIERO,DOCDIGITAL,3224,1,0.9212158808933002
FONDO DE SOLIDARIDAD E INVERSION SOCIAL,SERVICIO SALUD ARAUCANIA SUR,3224,1,0.9274193548387096
PODER JUDICIAL,AFP CUPRUM,3220,1,0.8565217391304348
ACEPTA.COM S.A.,SUPERINTENDENCIA DEL MEDIO AMBIENTE,3209,1,0.854783421626675
MUNICIPALIDAD DE LAS CONDES,MINISTERIO PUBLICO,3197,1,0.9239912417891774
MINISTERIO DE DESARROLLO SOCIAL,CRS CORDILLERA ORIENTE,3143,1,0.8857779191854915
SUBSECRETARIA DE TELECOMUNICACIONES,INSTITUTO DE PREVISION SOCIAL,3073,1,0.864627399934917
SRCEI,FUERZA AEREA DE CHILE,3016,1,0.8869363395225465
BPO ADVISORS SPA,MUNICIPALIDAD DE COLINA,3001,1,0.8960346551149617
SUBSECRETARIA DE JUSTICIA,SERVICIO SALUD ARAUCANIA SUR,2992,1,0.8937165775401069
ACEPTA.COM S.A.,SERVICIO DE EVALUACION AMBIENTAL,2969,1,0.8656113169417312
SUBSECRETARIA DE EDUCACION,ESIGN S.A.,2942,1,0.9510537049626104
DIRECCION GENERAL DE MOVILIZACION NACIONAL,CAJA DE PREVISION DE LA DEFENSA NACIONAL,2920,1,0.9595890410958904
SERVICIO NACIONAL DEL CONSUMIDOR,AGENCIA NACIONAL DE CIBERSEGURIDAD,2897,1,0.8570935450466
SERVICIO AGRICOLA Y GANADERO,SERVICIO NACIONAL DEL CONSUMIDOR,2885,1,0.9483535528596188
SERVICIO DE IMPUESTOS INTERNOS,SUBSECRETARIA DE HACIENDA,2873,1,0.9557953358858337
SERVICIO AGRICOLA Y GANADERO,SERVICIO NACIONAL DE PREVENCION Y REHABILITACION DEL CONSUMO DE DROGAS Y ALCOHOL,2869,1,0.8724294179156501
MINISTERIO DE DESARROLLO SOCIAL,DOCDIGITAL,2867,1,0.9993024066968955
DIRECCION DEL TRABAJO,SUBSECRETARIA DE PREVISION SOCIAL,2866,1,0.9602233077459874
DIRECCION DE PREVISION DE CARABINEROS DE CHILE,SUBSECRETARIA DE TRANSPORTES,2865,1,0.8513089005235602
FONDO NACIONAL DE SALUD,DOCDIGITAL,2854,1,0.9905395935529082
SUBSECRETARIA DE TELECOMUNICACIONES,CORPORACION ADMINISTRATIVA DEL PODER JUDICIAL,2850,1,0.8617543859649123
CONTRALORIA,SUBSECRETARIA DE EVALUACION SOCIAL,2841,1,0.909538894755368
ACEPTA.COM S.A.,SERVICIO DE SALUD METROPOLITANO ORIENTE,2827,1,0.8875132649451716
ACEPTA.COM S.A.,SUPERINTENDENCIA DE EDUCACION SUPERIOR,2787,1,0.8945102260495156
COMISION ADMINISTRADORA DEL SISTEMA DE CREDITOS PARA ESTUDIOS SUPERIORES,ILUSTRE MUNICIPALIDAD DE PENALOLEN,2770,1,0.8729241877256317
SERVICIO AGRICOLA Y GANADERO,UNIVERSIDAD DE SANTIAGO DE CHILE,2707,1,0.912079793128925
PODER JUDICIAL,AGENCIA NACIONAL DE CIBERSEGURIDAD,2705,1,0.8728280961182995
DIRECCION DE PREVISION DE CARABINEROS DE CHILE,CARABINEROS DE CHILE,2688,1,0.8697916666666666
INSTITUTO DE PREVISION SOCIAL,SUBSECRETARIA DE PREVENCION DEL DELITO,2628,1,0.9992389649923896
FONDO DE SOLIDARIDAD E INVERSION SOCIAL,CONSEJO NACIONAL DE TELEVISION,2589,1,0.8930088837388953
CONTRALORIA,DOCDIGITAL,2581,1,0.9461449050755522
SANIDAD NAVAL DE LA ARMADA DE CHILE,SUBSECRETARIA DE REDES ASISTENCIALES,2573,1,0.8577535950252624
BPO ADVISORS SPA,SUBSECRETARIA DE PREVISION SOCIAL,2532,1,0.9715639810426541
INSTITUTO NACIONAL DE ESTADISTICAS,SERVICIO AGRICOLA Y GANADERO,2506,1,0.9996009577015164
FONDO NACIONAL DE SALUD,MUNICIPALIDAD DE SAN CLEMENTE,2503,1,0.9608469836196564
FONDO NACIONAL DE SALUD,SUBSECRETARIA GENERAL DE LA PRESIDENCIA DE LA REPUBLICA,2482,1,0.9222401289282837
CORPORACION ADMINISTRATIVA DEL PODER JUDICIAL,SUBSECRETARIA DE PREVISION SOCIAL,2478,1,0.9628732849071832
SERVICIO DE IMPUESTOS INTERNOS,MUNICIPALIDAD DE SAN CLEMENTE,2469,1,0.8950992304576751
INSTITUTO DE PREVISION SOCIAL,MUNICIPALIDAD DE RECOLETA,2468,1,0.880064829821718
MINISTERIO DE DESARROLLO SOCIAL,PRESIDENCIA DE LA REPUBLICA,2459,1,0.9272061813745424
SERVICIO CIVIL,SERVICIO DE SALUD COQUIMBO,2448,1,0.9562908496732028
MINISTERIO DE DESARROLLO SOCIAL,INSTITUTO DE SALUD PUBLICA DE CHILE,2444,1,0.955810147299509
SERVICIO DE COOPERACION TECNICA,SUBSECRETARIA DE DESARROLLO REGIONAL Y ADMINISTRATIVO,2431,1,0.8527354997943233
GENDARMERIA DE CHILE,CONTRALORIA,2425,1,0.9055670103092783
SUBSECRETARIA DE EDUCACION,SERVICIO CIVIL,2377,1,0.8931426167437947
ACEPTA.COM S.A.,DIRECCION GENERAL DE AGUAS,2376,1,0.8560606060606061
ACEPTA.COM S.A.,SUPERINTENDENCIA DE SERVICIOS SANITARIOS,2346,1,0.8793691389599319
SUBSECRETARIA DE REDES ASISTENCIALES,SUBSECRETARIA DE JUSTICIA,2346,1,0.9185848252344416
SUBSECRETARIA DE REDES ASISTENCIALES,MINISTERIO PUBLICO,2338,1,0.8875106928999145
SUBSECRETARIA DE SALUD PUBLICA,SERVICIO AGRICOLA Y GANADERO,2307,1,0.8612917208495882
SECRETARIA DE GOBIERNO DIGITAL,MUNICIPALIDAD DE SAN CLEMENTE,2306,1,0.8594969644405898
SERVICIO CIVIL,SUBSECRETARIA DE BIENES NACIONALES,2299,1,0.8677685950413223
DIRECCION NACIONAL DEL SERVICIO CIVIL,CARABINEROS DE CHILE,2292,1,0.8534031413612565
COMISION PARA EL MERCADO FINANCIERO,FUERZA AEREA DE CHILE,2276,1,0.8602811950790861
SUBSECRETARIA DE ECONOMIA Y EMPRESAS DE MENOR TAMANO,AGENCIA NACIONAL DE CIBERSEGURIDAD,2265,1,0.882560706401766
CONTRALORIA,SUBSECRETARIA DE EDUCACION,2264,1,0.8692579505300353
INSTITUTO SEGURIDAD LABORAL,SUBSECRETARIA DE EVALUACION SOCIAL,2259,1,0.8574590526781762
SUBSECRETARIA GENERAL DE LA PRESIDENCIA DE LA REPUBLICA,CARABINEROS DE CHILE,2227,1,0.8814548720251459
SUBSECRETARIA DE ECONOMIA Y EMPRESAS DE MENOR TAMANO,MUNICIPALIDAD DE COLINA,2212,1,0.885623869801085
CONTRALORIA GENERAL DE LA REPUBLICA,DIRECCION NACIONAL DEL SERVICIO CIVIL,2197,1,0.9494765589440146
SUBSECRETARIA DE EDUCACION,SUBSECRETARIA DE ECONOMIA Y EMPRESAS DE MENOR TAMANO,2191,1,0.9100867183934276
MUNICIPALIDAD DE LAS CONDES,COMISION PARA LA INTEGRIDAD PUBLICA Y TRANSPARENCIA,2179,1,0.8949059201468563
SUBSECRETARIA DE TELECOMUNICACIONES,BPO ADVISORS SPA,2162,1,0.9209065679925994
"SOCIEDAD ADMINISTRADORA DE FONDOS DE CESANTIA DE CHILE II S.A., AFC CHILE",DOCDIGITAL,2160,1,0.9347222222222222
SUBSECRETARIA DE EDUCACION,SUBSECRETARIA DE SERVICIOS SOCIALES,2160,1,0.9657407407407408
UNIVERSIDAD DE LA FRONTERA,SUBSECRETARIA DE TELECOMUNICACIONES,2151,1,0.9600185960018596
DIRECCION DE COMPRAS Y CONTRATACION PUBLICA,FONDO DE SOLIDARIDAD E INVERSION SOCIAL,2135,1,0.8590163934426229
SUBSECRETARIA DE REDES ASISTENCIALES,SUBSECRETARIA DE PREVENCION DEL DELITO,2122,1,0.9962299717247879
SUBSECRETARIA DEL TRABAJO,CAJA DE PREVISION DE LA DEFENSA NACIONAL,2115,1,0.9716312056737588
ACEPTA.COM S.A.,AFP UNO,2112,1,0.9990530303030303
"SOCIEDAD ADMINISTRADORA DE FONDOS DE CESANTIA DE CHILE II S.A., AFC CHILE",MUNICIPALIDAD DE SAN CLEMENTE,2112,1,0.9303977272727272
SUBSECRETARIA DE EDUCACION,SERVICIO DE COOPERACION TECNICA,2111,1,0.936049265750829
DIRECCION GENERAL DE MOVILIZACION NACIONAL,INSTITUTO DE PREVISION SOCIAL,2104,1,0.8845057034220533
CONTRALORIA GENERAL DE LA REPUBLICA,DIRECCION GENERAL DE MOVILIZACION NACIONAL,2096,1,0.862118320610687
SERVICIO NACIONAL DE CAPACITACION Y EMPLEO,SUBSECRETARIA DE PREVISION SOCIAL,2094,1,0.9727793696275072
SUBSECRETARIA DE REDES ASISTENCIALES,SUBSECRETARIA DE ECONOMIA Y EMPRESAS DE MENOR TAMANO,2084,1,0.9011516314779272
SRCEI,MUNICIPALIDAD DE ZAPALLAR,2065,1,0.853268765133172
SERVICIO DE TESORERIAS,MUNICIPALIDAD DE LO BARNECHEA,2035,1,0.8756756756756757
FONDO NACIONAL DE SALUD,SERVICIO DE SALUD MAULE,2010,1,0.9293532338308458
INSTITUTO DE DESARROLLO AGROPECUARIO,MINISTERIO PUBLICO,2006,1,0.8718843469591226
ACEPTA.COM S.A.,MUNICIPALIDAD DE TEMUCO,1993,1,0.8871048670346212
SERVICIO CIVIL,CAJA DE PREVISION DE LA DEFENSA NACIONAL,1988,1,0.9813883299798792
SERVICIO DE SALUD MAULE,SUBSECRETARIA DE EVALUACION SOCIAL,1955,1,0.8639386189258312
MINISTERIO DE DESARROLLO SOCIAL,SERVICIO DE SALUD NUBLE,1947,1,0.8685156651258347
SERVICIO AGRICOLA Y GANADERO,ADMINISTRADORA DE FONDOS DE CESANTIA,1942,1,0.8527291452111225
"MINISTERIO DE LAS CULTURAS, LAS ARTES Y EL PATRIMONIO",MINISTERIO PUBLICO,1939,1,0.8586900464156781
PODER JUDICIAL,DOCDIGITAL,1938,1,0.8968008255933952
SUBSECRETARIA DE ECONOMIA Y EMPRESAS DE MENOR TAMANO,CAJA DE PREVISION DE LA DEFENSA NACIONAL,1937,1,0.9726381001548788
CONTRALORIA GENERAL DE LA REPUBLICA,COMISION PARA LA INTEGRIDAD PUBLICA Y TRANSPARENCIA,1935,1,1.0
SERVICIO DE COOPERACION TECNICA,SUBSECRETARIA DE BIENES NACIONALES,1902,1,0.8638275499474237
DIRECCION GENERAL DEL TERRITORIO MARITIMO Y MARINA MERCANTE,MINISTERIO PUBLICO,1897,1,0.8929889298892989
SERVICIO CIVIL,MUNICIPALIDAD DE COLINA,1882,1,0.8777895855472901
SERVICIO AGRICOLA Y GANADERO,PODER JUDICIAL,1877,1,0.945125199786894
SERVICIO DE TESORERIAS,DOCDIGITAL,1875,1,0.984
FONDO DE SOLIDARIDAD E INVERSION SOCIAL,SERVICIO DE SALUD NUBLE,1872,1,0.8659188034188035
AGENCIA DE CALIDAD DE LA EDUCACION,MINISTERIO PUBLICO,1862,1,0.9656283566058004
INSTITUTO DE PREVISION SOCIAL,MUNICIPALIDAD DE ANTOFAGASTA,1857,1,0.984921917070544
MUNICIPALIDAD DE NUNOA,SUBSECRETARIA DE REDES ASISTENCIALES,1853,1,0.9692390717754992
SERVICIO DE TESORERIAS,SUBSECRETARIA DE PREVENCION DEL DELITO,1850,1,0.8562162162162162
SUBSECRETARIA DE EVALUACION SOCIAL,COMISION PARA LA INTEGRIDAD PUBLICA Y TRANSPARENCIA,1849,1,0.8810167658193618
FONDO NACIONAL DE SALUD,AGENCIA NACIONAL DE CIBERSEGURIDAD,1844,1,0.972885032537961
"SOCIEDAD ADMINISTRADORA DE FONDOS DE CESANTIA DE CHILE II S.A., AFC CHILE",DIRECCION DE EDUCACION PUBLICA,1841,1,0.8843020097772949
DIRECCION DEL TRABAJO,MUNICIPALIDAD DE CORONEL,1839,1,0.8618814573137574
SUBSECRETARIA DE PREVENCION DEL DELITO,MINISTERIO PUBLICO,1832,1,0.9366812227074236
SERVICIO AGRICOLA Y GANADERO,AGENCIA NACIONAL DE CIBERSEGURIDAD,1817,1,1.0
DIRECCION DEL TRABAJO,FONDO NACIONAL DE SALUD,1810,1,0.8740331491712707
SERVICIO AGRICOLA Y GANADERO,SERVICIO ELECTORAL,1810,1,0.981767955801105
SERVICIO ELECTORAL,SUBSECRETARIA DE EVALUACION SOCIAL,1808,1,0.8501106194690266
MINISTERIO DE DESARROLLO SOCIAL,CERTIFICADORA DEL SUR,1795,1,0.9721448467966574
SERVICIO DE SALUD MAULE,MUNICIPALIDAD DE SAN CLEMENTE,1787,1,0.8640179071068831
SERVICIO CIVIL,SERVICIO NACIONAL DE PROTECCION ESPECIALIZADA A LA NINEZ Y ADOLESCENCIA,1786,1,0.8667413213885778
SERVICIO DE TESORERIAS,SUBSECRETARIA GENERAL DE LA PRESIDENCIA DE LA REPUBLICA,1780,1,0.8629213483146068
PODER JUDICIAL,SERVICIO NACIONAL DE PROTECCION ESPECIALIZADA A LA NINEZ Y ADOLESCENCIA,1773,1,0.862380146644106
SUBSECRETARIA DE TELECOMUNICACIONES,MINISTERIO PUBLICO,1765,1,0.918413597733711
SUBSECRETARIA DE EVALUACION SOCIAL,SUBSECRETARIA DE BIENES NACIONALES,1758,1,0.8640500568828214
SECRETARIA DE GOBIERNO DIGITAL,AGENCIA NACIONAL DE INVESTIGACION Y DESARROLLO,1757,1,0.9869095048377916
MINISTERIO PUBLICO,SUBSECRETARIA DE PREVISION SOCIAL,1753,1,0.9617798060467768
DIRECCION GENERAL DE MOVILIZACION NACIONAL,SERVICIO NACIONAL DEL CONSUMIDOR,1746,1,0.8608247422680413
CORPORACION NACIONAL DE DESARROLLO INDIGENA,SUBSECRETARIA DE BIENES NACIONALES,1741,1,0.8954623779437105
DIRECCION DE COMPRAS Y CONTRATACION PUBLICA,DOCDIGITAL,1739,1,0.906843013225992
ACEPTA.COM S.A.,DIRECCION GENERAL DE CREDITO PRENDARIO,1730,1,0.9040462427745664
COMISION ADMINISTRADORA DEL SISTEMA DE CREDITOS PARA ESTUDIOS SUPERIORES,CERTIFICADORA DEL SUR,1718,1,0.8742724097788126
GENDARMERIA DE CHILE,CONTRALORIA GENERAL DE LA REPUBLICA,1717,1,0.8654630168899243
FONDO DE SOLIDARIDAD E INVERSION SOCIAL,SUBSECRETARIA DE BIENES NACIONALES,1702,1,0.9976498237367802
SUBSECRETARIA DE REDES ASISTENCIALES,AFP UNO,1700,1,0.9894117647058824
SERVICIO AGRICOLA Y GANADERO,SERVICIO DE IMPUESTOS INTERNOS,1695,1,0.9227138643067848
MINISTERIO DE DESARROLLO SOCIAL,SERVICIO DE SALUD TARAPACA,1690,1,0.8757396449704142
"SOCIEDAD ADMINISTRADORA DE FONDOS DE CESANTIA DE CHILE II S.A., AFC CHILE",SERVICIO DE SALUD MAULE,1685,1,0.8700296735905044
SUBSECRETARIA DE TELECOMUNICACIONES,SUBSECRETARIA DEL TRABAJO,1679,1,0.8689696247766527
SUBSECRETARIA DE JUSTICIA,CERTIFICADORA DEL SUR,1674,1,0.9970131421744324
SERVICIO CIVIL,DOCDIGITAL,1671,1,0.8988629563135847
SERVICIO DE EVALUACION AMBIENTAL,FONDO NACIONAL DE SALUD,1670,1,0.8502994011976048
SUBSECRETARIA DE JUSTICIA,JUNTA NACIONAL DE JARDINES INFANTILES,1669,1,0.9322947872977831
DIRECCION GENERAL DE MOVILIZACION NACIONAL,MUNICIPALIDAD DE COLINA,1664,1,0.8545673076923077
FONDO NACIONAL DE SALUD,SERVICIO NACIONAL DE PROTECCION ESPECIALIZADA A LA NINEZ Y ADOLESCENCIA,1661,1,0.9536423841059604
SUBSECRETARIA DE EDUCACION,CORPORACION NACIONAL DE DESARROLLO INDIGENA,1656,1,0.9305555555555556
DIRECCION DE COMPRAS Y CONTRATACION PUBLICA,SUBSECRETARIA DE TELECOMUNICACIONES,1653,1,0.8560193587416818
ACEPTA.COM S.A.,SERVICIO DE SALUD NUBLE,1651,1,0.9230769230769232
SUBSECRETARIA DE TELECOMUNICACIONES,SUBSECRETARIA DE TRANSPORTES,1651,1,0.9182313749242884
MINISTERIO DE DESARROLLO SOCIAL,SUPERINTENDENCIA DE CASINOS DE JUEGOS,1638,1,0.8681318681318682
SUBSECRETARIA DE EDUCACION,COMISION ADMINISTRADORA DEL SISTEMA DE CREDITOS PARA ESTUDIOS SUPERIORES,1632,1,0.8805147058823529
DIRECCION DE COMPRAS Y CONTRATACION PUBLICA,CAJA DE PREVISION DE LA DEFENSA NACIONAL,1630,1,0.9877300613496932
COMISION ADMINISTRADORA DEL SISTEMA DE CREDITOS PARA ESTUDIOS SUPERIORES,MUNICIPALIDAD DE COLINA,1623,1,0.9081947011706716
FONDO DE SOLIDARIDAD E INVERSION SOCIAL,SERVICIO ELECTORAL,1618,1,0.9060568603213844
COMISION PARA EL MERCADO FINANCIERO,MUNICIPALIDAD DE SAN CLEMENTE,1616,1,0.8719059405940595
"SOCIEDAD ADMINISTRADORA DE FONDOS DE CESANTIA DE CHILE II S.A., AFC CHILE",FUERZA AEREA DE CHILE,1612,1,0.8542183622828784
CORPORACION NACIONAL DE DESARROLLO INDIGENA,SUBSECRETARIA DE DESARROLLO REGIONAL Y ADMINISTRATIVO,1611,1,0.8621973929236499
FONDO DE SOLIDARIDAD E INVERSION SOCIAL,SUBSECRETARIA DE DERECHOS HUMANOS,1599,1,0.8711694809255784
SERVICIO NACIONAL DE CAPACITACION Y EMPLEO,SUBSECRETARIA DE VIVIENDA Y URBANISMO,1591,1,0.9226901319924575
GENDARMERIA DE CHILE,DIRECCION GENERAL DE MOVILIZACION NACIONAL,1580,1,0.9291139240506328
FONDO NACIONAL DE SALUD,SERVICIO DE SALUD TARAPACA,1572,1,0.8505089058524173
SECRETARIA DE GOBIERNO DIGITAL,SUBSECRETARIA DE TELECOMUNICACIONES,1569,1,0.9075844486934354
UNIVERSIDAD DE LA FRONTERA,COMISION PARA LA INTEGRIDAD PUBLICA Y TRANSPARENCIA,1568,1,0.9355867346938777
SERVICIO NACIONAL DEL CONSUMIDOR,DOCDIGITAL,1567,1,0.8895979578813018
SUBSECRETARIA DE JUSTICIA,AFP MODELO,1567,1,0.9508615188257816
SUBSECRETARIA GENERAL DE LA PRESIDENCIA DE LA REPUBLICA,JUNTA NACIONAL DE JARDINES INFANTILES,1566,1,0.925925925925926
FONDO NACIONAL DE SALUD,AGENCIA NACIONAL DE INVESTIGACION Y DESARROLLO,1558,1,0.9993581514762516
SUBSECRETARIA DE SALUD PUBLICA,SUBSECRETARIA DE EDUCACION,1555,1,0.8565916398713826
SERVICIO DE IMPUESTOS INTERNOS,DOCDIGITAL,1553,1,0.871216999356085
PODER JUDICIAL,MUNICIPALIDAD DE SAN CLEMENTE,1542,1,0.877431906614786
SUBSECRETARIA DE TELECOMUNICACIONES,ESIGN S.A.,1536,1,0.951171875
SERVICIO ELECTORAL,DOCDIGITAL,1535,1,0.8762214983713354
SUBSECRETARIA GENERAL DE GOBIERNO,SUBSECRETARIA DE EVALUACION SOCIAL,1532,1,0.8883812010443864
SUBSECRETARIA DE SALUD PUBLICA,COMISION PARA LA INTEGRIDAD PUBLICA Y TRANSPARENCIA,1530,1,0.8745098039215686
FONDO NACIONAL DE SALUD,SERVICIO LOCAL DE EDUCACION PUBLICA DE CHINCHORRO,1526,1,0.9842726081258192
SERVICIO AGRICOLA Y GANADERO,SUBSECRETARIA DE VIVIENDA Y URBANISMO,1524,1,0.863517060367454
MINISTERIO DE DESARROLLO SOCIAL,MUNICIPALIDAD DE PADRE HURTADO,1517,1,0.8727752142386289
ACEPTA.COM S.A.,PODER JUDICIAL,1510,1,0.9463576158940398
FONDO DE SOLIDARIDAD E INVERSION SOCIAL,SECRETARIA DE GOBIERNO DIGITAL,1500,1,0.858
ACEPTA.COM S.A.,MUNICIPALIDAD DE QUILICURA,1482,1,0.9615384615384616
SUBSECRETARIA DE REDES ASISTENCIALES,PODER JUDICIAL,1463,1,0.9166097060833904
FONDO DE SOLIDARIDAD E INVERSION SOCIAL,SERVICIO NACIONAL DE ADUANAS,1458,1,0.8834019204389575
SERVICIO AGRICOLA Y GANADERO,MUNICIPALIDAD DE COLINA,1455,1,1.0
SERVICIO SALUD METROPOLITANO SUR ORIENTE,MINISTERIO PUBLICO,1436,1,0.871866295264624
CORPORACION ADMINISTRATIVA DEL PODER JUDICIAL,DOCDIGITAL,1435,1,0.8857142857142857
SRCEI,DIRECCION DE CONTABILIDAD Y FINANZAS,1433,1,0.900907187718074
PODER JUDICIAL,SUBSECRETARIA DE JUSTICIA,1428,1,0.9243697478991597
ACEPTA.COM S.A.,SERVICIO DE SALUD LIBERTADOR GENERAL BERNARDO O'HIGGINS,1425,1,0.856140350877193
SUBSECRETARIA DE EVALUACION SOCIAL,E-DIGITAL PKI SPA.,1418,1,0.9019746121297604
CONTRALORIA GENERAL DE LA REPUBLICA,SUBSECRETARIA DE TRANSPORTES,1416,1,0.8778248587570622
MUNICIPALIDAD DE VALPARAISO,FONDO DE SOLIDARIDAD E INVERSION SOCIAL,1413,1,0.9072894550601556
MINISTERIO DE DESARROLLO SOCIAL,INSTITUTO NACIONAL DE LA JUVENTUD,1410,1,0.8858156028368794
"SOCIEDAD ADMINISTRADORA DE FONDOS DE CESANTIA DE CHILE II S.A., AFC CHILE",AGENCIA NACIONAL DE INVESTIGACION Y DESARROLLO,1407,1,0.9872068230277186
MINISTERIO DE EDUCACION,SUBSECRETARIA DE PREVISION SOCIAL,1406,1,0.9907539118065434
INSTITUTO DE DESARROLLO AGROPECUARIO,SUBSECRETARIA DE EVALUACION SOCIAL,1399,1,0.8820586132952108
SERVICIO AGRICOLA Y GANADERO,CAJA DE PREVISION DE LA DEFENSA NACIONAL,1399,1,1.0
SUBSECRETARIA GENERAL DE LA PRESIDENCIA DE LA REPUBLICA,E-DIGITAL PKI SPA.,1390,1,0.9805755395683452
SUPERINTENDENCIA DE SALUD,MUNICIPALIDAD DE COLINA,1390,1,0.8762589928057554
"SOCIEDAD ADMINISTRADORA DE FONDOS DE CESANTIA DE CHILE II S.A., AFC CHILE",SERVICIO NACIONAL DE PROTECCION ESPECIALIZADA A LA NINEZ Y ADOLESCENCIA,1382,1,0.8603473227206947
SERVICIO AGRICOLA Y GANADERO,SERVICIO DE SALUD METROPOLITANO ORIENTE,1380,1,0.8572463768115942
SERVICIO AGRICOLA Y GANADERO,SERVICIO SALUD ARAUCANIA SUR,1379,1,0.9535895576504714
SUBSECRETARIA DE REDES ASISTENCIALES,SUBSECRETARIA DE TRANSPORTES,1379,1,0.9137055837563451
SUBSECRETARIA DE DESARROLLO REGIONAL Y ADMINISTRATIVO,SUBSECRETARIA DE EVALUACION SOCIAL,1378,1,0.897677793904209
MUNICIPALIDAD DE LAS CONDES,FONDO NACIONAL DE SALUD,1371,1,0.8803792851932896
"SOCIEDAD ADMINISTRADORA DE FONDOS DE CESANTIA DE CHILE II S.A., AFC CHILE",SUBSECRETARIA DE TELECOMUNICACIONES,1370,1,0.9226277372262772
SUBSECRETARIA GENERAL DE LA PRESIDENCIA DE LA REPUBLICA,SUBSECRETARIA DE ECONOMIA Y EMPRESAS DE MENOR TAMANO,1367,1,0.8836869056327725
SERVICIO NACIONAL DEL CONSUMIDOR,MINISTERIO PUBLICO,1366,1,0.8550512445095169
SERVICIO NACIONAL DE CAPACITACION Y EMPLEO,SUBSECRETARIA DE EDUCACION,1365,1,0.8666666666666667
SUBSECRETARIA DE JUSTICIA,SUBSECRETARIA DE DESARROLLO REGIONAL Y ADMINISTRATIVO,1364,1,0.9413489736070382
MINISTERIO DE DESARROLLO SOCIAL,SUBSECRETARIA DE DERECHOS HUMANOS,1357,1,0.89240972733972
SERVICIO DE SALUD ARICA Y PARINACOTA,MINISTERIO PUBLICO,1357,1,0.8784082535003684
SUBSECRETARIA DE EDUCACION,SERVICIO NACIONAL DEL PATRIMONIO CULTURAL,1354,1,0.9534711964549483
SUBSECRETARIA DE EVALUACION SOCIAL,MUNICIPALIDAD DE COLINA,1353,1,0.8706577974870657
COMISION PARA EL MERCADO FINANCIERO,MUNICIPALIDAD DE VALDIVIA,1348,1,0.8805637982195845
DIRECCION CHILECOMPRA,DOCDIGITAL,1348,1,0.9109792284866469
MINISTERIO DE DESARROLLO SOCIAL,FUERZA AEREA DE CHILE,1346,1,0.9435364041604757
UNIVERSIDAD DE LA FRONTERA,SUBSECRETARIA DE DESARROLLO REGIONAL Y ADMINISTRATIVO,1344,1,0.9538690476190477
SUBSECRETARIA DE ECONOMIA Y EMPRESAS DE MENOR TAMANO,MUNICIPALIDAD DE VINA DEL MAR,1339,1,0.8528752800597461
CONTRALORIA GENERAL DE LA REPUBLICA,FONDO NACIONAL DE SALUD,1337,1,1.0
INSTITUTO DE PREVISION SOCIAL,AFP MODELO,1335,1,0.899625468164794
INSTITUTO DE PREVISION SOCIAL,MUNICIPALIDAD DE CORONEL,1333,1,1.0
MINISTERIO DE DESARROLLO SOCIAL,CENTRO DE FORMACION TECNICA DE LA REGION DE TARAPACA,1331,1,0.8700225394440271
SUBSECRETARIA DEL TRABAJO,SUBSECRETARIA DE EDUCACION,1331,1,0.9241172051089408
SERVICIO AGRICOLA Y GANADERO,INSTITUTO NACIONAL DE DEPORTES DE CHILE,1324,1,0.8972809667673716
COMISION ADMINISTRADORA DEL SISTEMA DE CREDITOS PARA ESTUDIOS SUPERIORES,SUBSECRETARIA DE BIENES NACIONALES,1323,1,0.8677248677248677
FONDO DE SOLIDARIDAD E INVERSION SOCIAL,PRESIDENCIA DE LA REPUBLICA,1321,1,0.8887206661619985
MINISTERIO DE DESARROLLO SOCIAL,MUNICIPALIDAD DE LO BARNECHEA,1321,1,0.8690386071158214
SECRETARIA DE GOBIERNO DIGITAL,SERVICIO LOCAL DE EDUCACION PUBLICA DE CHINCHORRO,1319,1,0.8923426838514026
DIRECCION DE COMPRAS Y CONTRATACION PUBLICA,DIRECCION DEL TRABAJO,1318,1,0.969650986342944
INSTITUTO DE PREVISION SOCIAL,SUBSECRETARIA GENERAL DE LA PRESIDENCIA DE LA REPUBLICA,1317,1,0.9157175398633256
SUBSECRETARIA DE JUSTICIA,SUBSECRETARIA DE BIENES NACIONALES,1316,1,0.9855623100303952
COMISION ADMINISTRADORA DEL SISTEMA DE CREDITOS PARA ESTUDIOS SUPERIORES,SUBSECRETARIA DE EDUCACION,1310,1,0.9297709923664124
BPO ADVISORS SPA,DOCDIGITAL,1306,1,0.8575803981623277
SUBSECRETARIA DE ECONOMIA Y EMPRESAS DE MENOR TAMANO,SUBSECRETARIA DE PREVISION SOCIAL,1305,1,0.9762452107279692
CORPORACION NACIONAL DE DESARROLLO INDIGENA,JUNTA NACIONAL DE JARDINES INFANTILES,1303,1,0.8718342287029931
DIRECCION GENERAL DE MOVILIZACION NACIONAL,SECRETARIA DE GOBIERNO DIGITAL,1297,1,0.9375481881264457
SERVICIO CIVIL,PODER JUDICIAL,1294,1,0.8786707882534776
SUBSECRETARIA DE JUSTICIA,MUNICIPALIDAD DE COLINA,1287,1,0.9984459984459982
ACEPTA.COM S.A.,DIRECCION DE PROMOCION DE EXPORTACIONES,1286,1,0.8639191290824261
INSTITUTO NACIONAL DE ESTADISTICAS,DEFENSORIA PENAL PUBLICA,1286,1,0.8561430793157077
SUBSECRETARIA DE JUSTICIA,CAJA DE PREVISION DE LA DEFENSA NACIONAL,1286,1,1.0
SRCEI,MUNICIPALIDAD DE PENAFLOR,1279,1,0.8537920250195465
CORPORACION ADMINISTRATIVA DEL PODER JUDICIAL,MUNICIPALIDAD DE SAN CLEMENTE,1272,1,0.8844339622641509
SUBSECRETARIA DE TELECOMUNICACIONES,MINISTERIO DE DESARROLLO SOCIAL,1272,1,0.8954402515723271
DIRECCION GENERAL DEL TERRITORIO MARITIMO Y MARINA MERCANTE,COMISION PARA LA INTEGRIDAD PUBLICA Y TRANSPARENCIA,1271,1,0.8678206136900078
INSTITUTO DE PREVISION SOCIAL,INSTITUTO DE SALUD PUBLICA DE CHILE,1271,1,0.925255704169945
PODER JUDICIAL,TRIBUNAL CALIFICADOR DE ELECCIONES,1270,1,0.8606299212598425
CERTINET S.A.,SUBSECRETARIA DE TRANSPORTES,1267,1,0.9518547750591948
CONTRALORIA GENERAL DE LA REPUBLICA,COMISION ADMINISTRADORA DEL SISTEMA DE CREDITOS PARA ESTUDIOS SUPERIORES,1264,1,0.8544303797468354
MINISTERIO DE DESARROLLO SOCIAL,MUNICIPALIDAD DE VITACURA,1260,1,0.8523809523809524
ESIGN S.A.,SUBSECRETARIA DE PREVISION SOCIAL,1252,1,0.9712460063897763
SERVICIO DE TESORERIAS,FUERZA AEREA DE CHILE,1250,1,0.8864
ACEPTA.COM S.A.,DIRECCION GERENAL DEL CREDITO PRENDARIO,1248,1,0.8541666666666666
SRCEI,SERVICIO LOCAL DE EDUCACION PUBLICA COLCHAGUA,1244,1,0.8754019292604501
FONDO DE SOLIDARIDAD E INVERSION SOCIAL,MUNICIPALIDAD DE PUENTE ALTO,1230,1,0.9195121951219513
SUBSECRETARIA DE REDES ASISTENCIALES,SUBSECRETARIA DE BIENES NACIONALES,1226,1,0.9845024469820557
SERVICIO DE IMPUESTOS INTERNOS,FONDO DE SOLIDARIDAD E INVERSION SOCIAL,1225,1,0.8538775510204082
SERVICIO DE TESORERIAS,MUNICIPALIDAD DE CORONEL,1216,1,0.9580592105263158
UNIVERSIDAD DE LA FRONTERA,SERVICIO SALUD ARAUCANIA SUR,1216,1,0.8519736842105263
ACEPTA.COM S.A.,INSTITUTO NACIONAL DE DEPORTES DE CHILE,1213,1,0.9315746084089035
SERVICIO NACIONAL DEL CONSUMIDOR,AGENCIA NACIONAL DE INVESTIGACION Y DESARROLLO,1211,1,0.9810074318744841
SUBSECRETARIA GENERAL DE LA PRESIDENCIA DE LA REPUBLICA,SERVICIO NACIONAL DE PROTECCION ESPECIALIZADA A LA NINEZ Y ADOLESCENCIA,1209,1,0.9396195202646818
"SOCIEDAD ADMINISTRADORA DE FONDOS DE CESANTIA DE CHILE II S.A., AFC CHILE",UNIDAD DE ANALISIS FINANCIERO,1206,1,0.9577114427860697
MUNICIPALIDAD DE NUNOA,MINISTERIO PUBLICO,1197,1,0.9983291562238933
CONTRALORIA GENERAL DE LA REPUBLICA,DIRECCION DE COMPRAS Y CONTRATACION PUBLICA,1195,1,0.9121338912133892
SUBSECRETARIA DE TELECOMUNICACIONES,SUPERINTENDENCIA DE SALUD,1190,1,0.8722689075630252
SECRETARIA DE GOBIERNO DIGITAL,COMISION PARA EL MERCADO FINANCIERO,1188,1,0.8787878787878788
SERVICIO DE IMPUESTOS INTERNOS,DIRECCION DE CONTABILIDAD Y FINANZAS,1187,1,0.8525695029486099
FONDO NACIONAL DE SALUD,SUBSECRETARIA DE TELECOMUNICACIONES,1185,1,0.9856540084388186
SERVICIO AGRICOLA Y GANADERO,CONSEJO NACIONAL DE LA CULTURA Y LAS ARTES,1182,1,0.8570219966159053
SERVICIO CIVIL,AGENCIA NACIONAL DE CIBERSEGURIDAD,1177,1,0.8878504672897196
PODER JUDICIAL,SUBSECRETARIA DE TELECOMUNICACIONES,1162,1,0.8889845094664371
MINISTERIO DE DESARROLLO SOCIAL,AGENCIA NACIONAL DE INVESTIGACION Y DESARROLLO,1159,1,0.998274374460742
SERVICIO AGRICOLA Y GANADERO,POLICIA DE INVESTIGACIONES DE CHILE,1158,1,0.8903281519861831
CERTINET S.A.,SUBSECRETARIA DE EVALUACION SOCIAL,1157,1,0.9066551426101987
SERVICIO NACIONAL DE LA DISCAPACIDAD,SUBSECRETARIA DE TRANSPORTES,1155,1,0.9324675324675324
PODER JUDICIAL,SUBSECRETARIA DE TRANSPORTES,1150,1,0.8869565217391304
ESIGN S.A.,DOCDIGITAL,1149,1,0.8859878154917319
ACEPTA.COM S.A.,SUBSECRETARIA GENERAL DE LA PRESIDENCIA DE LA REPUBLICA,1145,1,0.885589519650655
FONDO DE SOLIDARIDAD E INVERSION SOCIAL,SERVICIO NACIONAL DE LA MUJER Y LA EQUIDAD DE GENERO,1145,1,0.8733624454148472
SERVICIO DE TESORERIAS,MUNICIPALIDAD DE VILLARRICA,1144,1,0.861013986013986
SUBSECRETARIA DE EDUCACION,SUPERINTENDENCIA DE SALUD,1142,1,0.9334500875656745
FONDO DE SOLIDARIDAD E INVERSION SOCIAL,MINISTERIO DEL MEDIO AMBIENTE,1141,1,0.8790534618755478
INSTITUTO DE PREVISION SOCIAL,MUNICIPALIDAD DE VALDIVIA,1140,1,0.8535087719298246
GENDARMERIA DE CHILE,SUBSECRETARIA DE JUSTICIA,1138,1,0.9657293497363796
SUBSECRETARIA DE EDUCACION,SERVICIO AGRICOLA Y GANADERO,1133,1,1.0
FONDO DE SOLIDARIDAD E INVERSION SOCIAL,SUBSECRETARIA DE DESARROLLO REGIONAL Y ADMINISTRATIVO,1132,1,0.9717314487632509
INSTITUTO NACIONAL DE PROPIEDAD INDUSTRIAL,SERVICIO DE IMPUESTOS INTERNOS,1132,1,0.8533568904593639
SUBSECRETARIA DE TRANSPORTES,SUBSECRETARIA DE PREVISION SOCIAL,1129,1,0.9681133746678476
ACEPTA.COM S.A.,MUNICIPALIDAD DE LO BARNECHEA,1127,1,0.8846495119787046
CONTRALORIA,CERTIFICADORA DEL SUR,1126,1,0.9031971580817052
INSTITUTO DE PREVISION SOCIAL,MUNICIPALIDAD DE SAN CLEMENTE,1120,1,0.9803571428571428
SERVICIO DE SALUD MAULE,SUBSECRETARIA DE VIVIENDA Y URBANISMO,1117,1,0.88272157564906
DIRECCION GENERAL DE MOVILIZACION NACIONAL,BPO ADVISORS SPA,1115,1,0.8717488789237668
SERVICIO NACIONAL DE CAPACITACION Y EMPLEO,AFP MODELO,1107,1,0.8699186991869918
SUBSECRETARIA DE EVALUACION SOCIAL,MUNICIPALIDAD DE PADRE HURTADO,1102,1,0.8611615245009074
DIRECCION GENERAL DE MOVILIZACION NACIONAL,DIRECCION DE PREVISION DE CARABINEROS DE CHILE,1100,1,0.9318181818181818
CONTRALORIA,CAJA DE PREVISION DE LA DEFENSA NACIONAL,1098,1,0.9845173041894352
FONDO NACIONAL DE SALUD,CONSEJO NACIONAL DE TELEVISION,1095,1,0.8538812785388128
SUPERINTENDENCIA DE SALUD,SUBSECRETARIA DE EDUCACION,1095,1,0.8885844748858448
CONTRALORIA GENERAL DE LA REPUBLICA,SUBSECRETARIA DE REDES ASISTENCIALES,1093,1,0.9752973467520586
MINISTERIO DE DESARROLLO SOCIAL,MUNICIPALIDAD DE OSORNO,1087,1,0.9871205151793928
MINISTERIO DE DESARROLLO SOCIAL,TRIBUNAL CALIFICADOR DE ELECCIONES,1087,1,0.8629254829806807
CONTRALORIA GENERAL DE LA REPUBLICA,SERVICIO NACIONAL DEL PATRIMONIO CULTURAL,1085,1,0.8921658986175115
SUBSECRETARIA DE ECONOMIA Y EMPRESAS DE MENOR TAMANO,SUBSECRETARIA DE EDUCACION,1085,1,0.8792626728110599
FONDO NACIONAL DE SALUD,MUNICIPALIDAD DE VILLARRICA,1084,1,0.9059040590405903
ACEPTA.COM S.A.,CORPORACION DE ASISTENCIA JUDICIAL DE LA REGION DEL BIOBIO,1078,1,0.8543599257884972
MUNICIPALIDAD DE VALPARAISO,SUBSECRETARIA DE SERVICIOS SOCIALES,1071,1,0.8888888888888888
SUBSECRETARIA DE EVALUACION SOCIAL,PODER JUDICIAL,1070,1,0.8775700934579439
SUBSECRETARIA DE REDES ASISTENCIALES,MUNICIPALIDAD DE QUILICURA,1065,1,0.8807511737089202
ACEPTA.COM S.A.,CONSEJO NACIONAL DE LA CULTURA Y LAS ARTES,1062,1,0.923728813559322
DIRECCION GENERAL DE MOVILIZACION NACIONAL,DOCDIGITAL,1062,1,0.8709981167608286
SUBSECRETARIA DE EVALUACION SOCIAL,ILUSTRE MUNICIPALIDAD DE PENALOLEN,1055,1,0.8540284360189574
CONTRALORIA GENERAL DE LA REPUBLICA,CAJA DE PREVISION DE LA DEFENSA NACIONAL,1053,1,0.9705603038936372
SUPERINTENDENCIA DE SALUD,SUBSECRETARIA DE PREVISION SOCIAL,1052,1,0.9752851711026616
SUBSECRETARIA DE EDUCACION,SUPERINTENDENCIA DE EDUCACION,1038,1,0.9104046242774566
"SOCIEDAD ADMINISTRADORA DE FONDOS DE CESANTIA DE CHILE II S.A., AFC CHILE",DIRECCION DE CONTABILIDAD Y FINANZAS,1037,1,0.8621022179363549
"SOCIEDAD ADMINISTRADORA DE FONDOS DE CESANTIA DE CHILE II S.A., AFC CHILE",SERVICIO DE SALUD COQUIMBO,1036,1,0.8976833976833977
SUBSECRETARIA DE SALUD PUBLICA,CAJA DE PREVISION DE LA DEFENSA NACIONAL,1032,1,0.9718992248062016
CONTRALORIA GENERAL DE LA REPUBLICA,CORPORACION NACIONAL DE DESARROLLO INDIGENA,1030,1,0.9009708737864076
DIRECCION DEL TRABAJO,DOCDIGITAL,1029,1,0.8892128279883382
DIRECCION DE COMPRAS Y CONTRATACION PUBLICA,AFP UNO,1028,1,0.9912451361867703
MINISTERIO DE DESARROLLO SOCIAL,INSTITUTO NACIONAL DE DERECHOS HUMANOS,1027,1,0.8773125608568647
ACEPTA.COM S.A.,MINISTERIO DEL INTERIOR,1026,1,0.9210526315789472
CORPORACION ADMINISTRATIVA DEL PODER JUDICIAL,SUBSECRETARIA DE TELECOMUNICACIONES,1023,1,0.8905180840664711
SUBSECRETARIA DE JUSTICIA,SUBSECRETARIA DE EDUCACION,1018,1,0.9891944990176816
ACEPTA.COM S.A.,SERVICIO NACIONAL DEL ADULTO MAYOR,1011,1,0.8862512363996043
DIRECCION DE COMPRAS Y CONTRATACION PUBLICA,SUBSECRETARIA DE PREVISION SOCIAL,1004,1,0.9741035856573704
PODER JUDICIAL,UNIDAD DE ANALISIS FINANCIERO,1001,1,0.954045954045954
SERVICIO NACIONAL DE LA DISCAPACIDAD,MINISTERIO PUBLICO,996,1,0.8714859437751004
FONDO DE SOLIDARIDAD E INVERSION SOCIAL,MUNICIPALIDAD DE COLINA,987,1,0.9979736575481256
INSTITUTO DE PREVISION SOCIAL,DOCDIGITAL,986,1,1.0
CONTRALORIA,AGENCIA NACIONAL DE CIBERSEGURIDAD,985,1,0.86497461928934
FONDO DE SOLIDARIDAD E INVERSION SOCIAL,SERVICIO DE SALUD TARAPACA,983,1,0.8504577822990844
SERVICIO AGRICOLA Y GANADERO,SECRETARIA DEL INTERIOR,983,1,0.8718209562563581
COMISION PARA EL MERCADO FINANCIERO,DIRECCION DEL TRABAJO,982,1,0.8981670061099797
ACEPTA.COM S.A.,HOSPITAL BASE VALDIVIA,978,1,0.8701431492842536
SERVICIO NACIONAL DE LA DISCAPACIDAD,SUBSECRETARIA DE EVALUACION SOCIAL,978,1,0.9355828220858896
SERVICIO DE TESORERIAS,AGENCIA NACIONAL DE INVESTIGACION Y DESARROLLO,977,1,0.9907881269191402
SERVICIO DE TESORERIAS,MUNICIPALIDAD DE VALDIVIA,973,1,0.9064748201438848
COMISION ADMINISTRADORA DEL SISTEMA DE CREDITOS PARA ESTUDIOS SUPERIORES,PODER JUDICIAL,968,1,0.9070247933884298
SUBSECRETARIA DE EVALUACION SOCIAL,SUBSECRETARIA DE DESARROLLO REGIONAL Y ADMINISTRATIVO,965,1,0.8683937823834197
SERVICIO DE COOPERACION TECNICA,ILUSTRE MUNICIPALIDAD DE PENALOLEN,963,1,0.8836967808930426
ACEPTA.COM S.A.,SUBSECRETARIA DE HACIENDA,959,1,0.8905109489051095
ACEPTA.COM S.A.,MUNICIPALIDAD DE COQUIMBO,958,1,0.9561586638830898
SANIDAD NAVAL DE LA ARMADA DE CHILE,MINISTERIO PUBLICO,958,1,0.9237995824634656
SUBSECRETARIA DE EDUCACION,MINISTERIO DE SALUD,958,1,0.917536534446764
DIRECCION DE COMPRAS Y CONTRATACION PUBLICA,MUNICIPALIDAD DE COLINA,955,1,0.8806282722513089
SUBSECRETARIA DE EDUCACION,DIRECCION GENERAL DE MOVILIZACION NACIONAL,952,1,0.9485294117647058
SUBSECRETARIA DE TELECOMUNICACIONES,SERVICIO NACIONAL DEL PATRIMONIO CULTURAL,952,1,0.940126050420168
MUNICIPALIDAD DE PUERTO MONTT,SUBSECRETARIA DE TRANSPORTES,949,1,0.8640674394099052
MINISTERIO DE EDUCACION,SUBSECRETARIA DE DESARROLLO REGIONAL Y ADMINISTRATIVO,947,1,0.8732840549102429
SUBSECRETARIA DE TELECOMUNICACIONES,DIRECCION GENERAL DE MOVILIZACION NACIONAL,942,1,0.929936305732484
FONDO DE SOLIDARIDAD E INVERSION SOCIAL,MUNICIPALIDAD DE RECOLETA,939,1,0.9222577209797655
SERVICIO AGRICOLA Y GANADERO,SUBSECRETARIA DE BIENES NACIONALES,937,1,1.0
DIRECCION GENERAL DE MOVILIZACION NACIONAL,EJERCITO DE CHILE,936,1,0.9273504273504274
INSTITUTO NACIONAL DE PROPIEDAD INDUSTRIAL,COMISION PARA EL MERCADO FINANCIERO,934,1,0.8640256959314775
SERVICIO AGRICOLA Y GANADERO,DIRECCION DE CONTABILIDAD Y FINANZAS,933,1,0.8745980707395499
SUBSECRETARIA GENERAL DE LA PRESIDENCIA DE LA REPUBLICA,AFP UNO,932,1,0.907725321888412
SUBSECRETARIA DE PREVENCION DEL DELITO,SUBSECRETARIA DE REDES ASISTENCIALES,929,1,0.907427341227126
ACEPTA.COM S.A.,HOSPITAL REGIONAL DE ARICA Y PARINACOTA DR. JUAN NOE CREVANI,925,1,0.8562162162162162
SERVICIO CIVIL,AFP CUPRUM,924,1,0.854978354978355
SERVICIO DE TESORERIAS,SUBSECRETARIA DE TELECOMUNICACIONES,922,1,0.9642082429501084
MINISTERIO DE EDUCACION,COMISION PARA LA INTEGRIDAD PUBLICA Y TRANSPARENCIA,919,1,0.8824809575625681
SERVICIO AGRICOLA Y GANADERO,MUNICIPALIDAD DE COQUIMBO,918,1,0.8856209150326797
SERVICIO DE COOPERACION TECNICA,MUNICIPALIDAD DE COLINA,916,1,0.8755458515283843
SUBSECRETARIA DE EDUCACION,CAJA DE PREVISION DE LA DEFENSA NACIONAL,913,1,0.891566265060241
DIRECCION DEL TRABAJO,AGENCIA NACIONAL DE INVESTIGACION Y DESARROLLO,911,1,0.9747530186608124
FONDO NACIONAL DE SALUD,SERVICIO ELECTORAL,909,1,0.9735973597359736
"SOCIEDAD ADMINISTRADORA DE FONDOS DE CESANTIA DE CHILE II S.A., AFC CHILE",SUBSECRETARIA DEL TRABAJO,908,1,0.9262114537444934
SUPERINTENDENCIA DE SEGURIDAD SOCIAL,DOCDIGITAL,907,1,0.8820286659316428
FONDO NACIONAL DE SALUD,MUNICIPALIDAD DE RECOLETA,906,1,0.8587196467991169
SUBSECRETARIA DE REDES ASISTENCIALES,SUBSECRETARIA DE SALUD PUBLICA,906,1,0.9801324503311258
CONTRALORIA GENERAL DE LA REPUBLICA,SUBSECRETARIA DE HACIENDA,905,1,0.9027624309392264
SERVICIO AGRICOLA Y GANADERO,MUNICIPALIDAD DE SANTIAGO,900,1,0.8622222222222222
SUBSECRETARIA GENERAL DE LA PRESIDENCIA DE LA REPUBLICA,PODER JUDICIAL,899,1,0.8609566184649611
CAJA DE PREVISION DE LA DEFENSA NACIONAL,SERVICIO SALUD ARAUCANIA SUR,898,1,0.8619153674832962
SUBSECRETARIA DE SALUD PUBLICA,MUNICIPALIDAD DE SAN CLEMENTE,891,1,0.90347923681257
SUBSECRETARIA DE TELECOMUNICACIONES,SUPERINTENDENCIA DE ELECTRICIDAD Y COMBUSTIBLES,889,1,0.9280089988751408
FONDO NACIONAL DE SALUD,FUERZA AEREA DE CHILE,888,1,0.9076576576576577
MINISTERIO DE EDUCACION,SUBSECRETARIA DE EVALUACION SOCIAL,887,1,0.90304396843292
SUBSECRETARIA DE REDES ASISTENCIALES,FONDO NACIONAL DE SALUD,887,1,0.8658399098083427
FONDO DE SOLIDARIDAD E INVERSION SOCIAL,AFP MODELO,883,1,0.9750849377123444
FONDO NACIONAL DE SALUD,DIRECCION DE CONTABILIDAD Y FINANZAS,883,1,0.9320498301245752
PODER JUDICIAL,SUBSECRETARIA DE SALUD PUBLICA,881,1,0.9466515323496028
SECRETARIA DE GOBIERNO DIGITAL,INSTITUTO DE PREVISION SOCIAL,880,1,0.8625
SERVICIO DE IMPUESTOS INTERNOS,ADMINISTRADORA DE FONDOS DE CESANTIA,880,1,0.85
SUBSECRETARIA DE EVALUACION SOCIAL,JUNTA NACIONAL DE JARDINES INFANTILES,880,1,0.8636363636363636
ACEPTA.COM S.A.,SUBSECRETARIA DE PREVENCION DEL DELITO,879,1,1.0
SUBSECRETARIA DE ECONOMIA Y EMPRESAS DE MENOR TAMANO,MUNICIPALIDAD DE VALDIVIA,878,1,0.8826879271070615
"SOCIEDAD ADMINISTRADORA DE FONDOS DE CESANTIA DE CHILE II S.A., AFC CHILE",SERVICIO ELECTORAL,877,1,0.8985176738882554
SUBSECRETARIA DE EDUCACION,DEFENSORIA PENAL PUBLICA,877,1,0.928164196123147
DEFENSORIA PENAL PUBLICA,SUBSECRETARIA DE DESARROLLO REGIONAL Y ADMINISTRATIVO,876,1,0.8584474885844748
FONDO DE SOLIDARIDAD E INVERSION SOCIAL,CAJA DE PREVISION DE LA DEFENSA NACIONAL,876,1,1.0
SECRETARIA DE GOBIERNO DIGITAL,MUNICIPALIDAD DE OSORNO,876,1,0.8744292237442922
SUBSECRETARIA DE REDES ASISTENCIALES,JUNTA NACIONAL DE JARDINES INFANTILES,876,1,0.9212328767123288
SUBSECRETARIA DE REDES ASISTENCIALES,SUBSECRETARIA DE HACIENDA,876,1,0.9657534246575342
SERVICIO AGRICOLA Y GANADERO,JUNTA NACIONAL DE JARDINES INFANTILES,875,1,0.9234285714285714
SUPERINTENDENCIA DE SALUD,CAJA DE PREVISION DE LA DEFENSA NACIONAL,869,1,0.957422324510932
CONTRALORIA GENERAL DE LA REPUBLICA,INSTITUTO SEGURIDAD LABORAL,861,1,0.8873403019744484
CONTRALORIA GENERAL DE LA REPUBLICA,MINISTERIO DE DESARROLLO SOCIAL,859,1,0.8719441210710128
DIRECCION DE COMPRAS Y CONTRATACION PUBLICA,SUBSECRETARIA DE EDUCACION,859,1,0.8614668218859138
ACEPTA.COM S.A.,DIRECCION DE CONTABILIDAD Y FINANZAS,858,1,0.9137529137529138
CORPORACION ADMINISTRATIVA DEL PODER JUDICIAL,SUBSECRETARIA DE TRANSPORTES,854,1,0.8770491803278688
SERVICIO ELECTORAL,MUNICIPALIDAD DE SAN CLEMENTE,851,1,0.8519388954171563
SUPERINTENDENCIA DE SEGURIDAD SOCIAL,SUBSECRETARIA DE TRANSPORTES,846,1,0.8557919621749409
SUBSECRETARIA DE ECONOMIA Y EMPRESAS DE MENOR TAMANO,SUBSECRETARIA DE REDES ASISTENCIALES,845,1,0.940828402366864
ACEPTA.COM S.A.,MUNICIPALIDAD DE RECOLETA,843,1,0.9916963226571768
SUBSECRETARIA DE OBRAS PUBLICAS,COMISION PARA LA INTEGRIDAD PUBLICA Y TRANSPARENCIA,843,1,0.926453143534994
ACEPTA.COM S.A.,SECRETARIA DEL INTERIOR,841,1,0.901307966706302
SRCEI,DIRECCION GENERAL DE AERONAUTICA CIVIL,841,1,0.915576694411415
FONDO DE SOLIDARIDAD E INVERSION SOCIAL,DIRECCION DE EDUCACION PUBLICA,840,1,0.9476190476190476
MINISTERIO PUBLICO,SUBSECRETARIA DE SALUD PUBLICA,840,1,0.8988095238095238
SRCEI,MUNICIPALIDAD DE VALLENAR,840,1,0.9
SECRETARIA DE GOBIERNO DIGITAL,DIRECCION DEL TRABAJO,839,1,0.8510131108462455
SUBSECRETARIA DE TRANSPORTES,MINISTERIO PUBLICO,837,1,0.8685782556750299
SECRETARIA DE GOBIERNO DIGITAL,SERVICIO SALUD ARAUCANIA SUR,836,1,0.8600478468899522
"SOCIEDAD ADMINISTRADORA DE FONDOS DE CESANTIA DE CHILE II S.A., AFC CHILE",SERVICIO LOCAL DE EDUCACION PUBLICA DE CHINCHORRO,835,1,0.9245508982035928
DIRECCION GENERAL DEL TERRITORIO MARITIMO Y MARINA MERCANTE,CAJA DE PREVISION DE LA DEFENSA NACIONAL,834,1,0.9808153477218226
SERVICIO AGRICOLA Y GANADERO,AGENCIA NACIONAL DE INVESTIGACION Y DESARROLLO,834,1,1.0
DIRECCION DE COMPRAS Y CONTRATACION PUBLICA,SERVICIO DE IMPUESTOS INTERNOS,832,1,0.9122596153846154
SUBSECRETARIA DEL TRABAJO,SUBSECRETARIA DE PREVISION SOCIAL,832,1,0.9783653846153846
SUBSECRETARIA DE DESARROLLO REGIONAL Y ADMINISTRATIVO,MINISTERIO PUBLICO,829,1,0.916767189384801
INSTITUTO NACIONAL DE PROPIEDAD INDUSTRIAL,SECRETARIA DE GOBIERNO DIGITAL,825,1,0.8836363636363637
CERTINET S.A.,SUBSECRETARIA DE JUSTICIA,824,1,0.9186893203883496
SUPERINTENDENCIA DE SALUD,AGENCIA NACIONAL DE CIBERSEGURIDAD,824,1,0.8507281553398058
DIRECCION DEL TRABAJO,MUNICIPALIDAD DE SAN CLEMENTE,820,1,0.8646341463414634
SERVICIO AGRICOLA Y GANADERO,SUPERINTENDENCIA DE INSOLVENCIA Y REEMPRENDIMIENTO,820,1,0.8670731707317073
CONTRALORIA GENERAL DE LA REPUBLICA,SUBSECRETARIA DE DESARROLLO REGIONAL Y ADMINISTRATIVO,819,1,0.912087912087912
MINISTERIO DE DESARROLLO SOCIAL,PARQUE METROPOLITANO DE SANTIAGO,818,1,0.8618581907090465
DIRECCION DE COMPRAS Y CONTRATACION PUBLICA,FUERZA AEREA DE CHILE,817,1,0.8567931456548348
FONDO DE SOLIDARIDAD E INVERSION SOCIAL,SERVICIO DE IMPUESTOS INTERNOS,817,1,0.8641370869033048
COMISION PARA EL MERCADO FINANCIERO,MUNICIPALIDAD DE OSORNO,816,1,0.8786764705882353
FONDO NACIONAL DE SALUD,MUNICIPALIDAD DE OSORNO,815,1,0.9766871165644172
SERVICIO DE TESORERIAS,SERVICIO ELECTORAL,815,1,0.852760736196319
SERVICIO CIVIL,SUBSECRETARIA DE PREVISION SOCIAL,805,1,0.9838509316770186
SERVICIO CIVIL,INSTITUTO NACIONAL DE ESTADISTICAS,801,1,0.9650436953807738
MINISTERIO DE DESARROLLO SOCIAL,SERVICIO AGRICOLA Y GANADERO,800,1,0.8625
FONDO DE SOLIDARIDAD E INVERSION SOCIAL,SUBSECRETARIA DE JUSTICIA,798,1,0.926065162907268
DIRECCION DE PREVISION DE CARABINEROS DE CHILE,COMISION PARA LA INTEGRIDAD PUBLICA Y TRANSPARENCIA,795,1,0.9245283018867924
MINISTERIO DE DESARROLLO SOCIAL,MUNICIPALIDAD DE PENAFLOR,793,1,0.8764186633039092
MINISTERIO DE SALUD,MUNICIPALIDAD DE COLINA,793,1,0.8587641866330391
INSTITUTO DE PREVISION SOCIAL,SERVICIO DE SALUD MAULE,790,1,0.9556962025316456
PODER JUDICIAL,MUNICIPALIDAD DE VALDIVIA,790,1,0.879746835443038
SUBSECRETARIA DE JUSTICIA,MUNICIPALIDAD DE QUILICURA,789,1,0.8719898605830165
SUBSECRETARIA GENERAL DE LA PRESIDENCIA DE LA REPUBLICA,SUBSECRETARIA DE BIENES NACIONALES,788,1,0.9543147208121829
FONDO NACIONAL DE SALUD,SUBSECRETARIA DE PREVENCION DEL DELITO,786,1,0.9274809160305344
ACEPTA.COM S.A.,SUBSECRETARIA DE RELACIONES EXTERIORES,785,1,0.8509554140127389
CONTRALORIA,SUBSECRETARIA DE BIENES NACIONALES,785,1,0.8509554140127389
CONTRALORIA GENERAL DE LA REPUBLICA,UNIVERSIDAD DE CHILE,784,1,0.9311224489795918
SUBSECRETARIA DE EDUCACION,AGENCIA DE CALIDAD DE LA EDUCACION,782,1,0.9143222506393862
SUBSECRETARIA DE EDUCACION,MINISTERIO DE EDUCACION,780,1,0.95
PODER JUDICIAL,AGENCIA NACIONAL DE INVESTIGACION Y DESARROLLO,778,1,0.974293059125964
COMISION ADMINISTRADORA DEL SISTEMA DE CREDITOS PARA ESTUDIOS SUPERIORES,CAJA DE PREVISION DE LA DEFENSA NACIONAL,776,1,0.9587628865979382
SERVICIO DE IMPUESTOS INTERNOS,COMISION PARA LA INTEGRIDAD PUBLICA Y TRANSPARENCIA,768,1,0.8645833333333334
SERVICIO DE TESORERIAS,DIRECCION DE EDUCACION PUBLICA,764,1,0.887434554973822
SUBSECRETARIA DE ECONOMIA Y EMPRESAS DE MENOR TAMANO,UNIDAD DE ANALISIS FINANCIERO,762,1,0.9212598425196852
DIRECCION DE COMPRAS Y CONTRATACION PUBLICA,SERVICIO ELECTORAL,761,1,0.9724047306176085
SUBSECRETARIA DE TELECOMUNICACIONES,SUBSECRETARIA DE EDUCACION,761,1,0.9369250985545337
MTT,COMISION PARA LA INTEGRIDAD PUBLICA Y TRANSPARENCIA,759,1,0.8603425559947299
SERVICIO DE COOPERACION TECNICA,CAJA DE PREVISION DE LA DEFENSA NACIONAL,757,1,0.9907529722589168
DIRECCION GERENAL DEL CREDITO PRENDARIO,SUBSECRETARIA DE JUSTICIA,756,1,0.8875661375661376
CERTINET S.A.,SUBSECRETARIA DE REDES ASISTENCIALES,754,1,0.8779840848806366
SERVICIO DE IMPUESTOS INTERNOS,AGENCIA NACIONAL DE INVESTIGACION Y DESARROLLO,749,1,0.9706275033377836
SERVICIO DE TESORERIAS,CONTRALORIA GENERAL DE LA REPUBLICA,745,1,0.8751677852348994
MUNICIPALIDAD DE TEMUCO,SUBSECRETARIA DE TRANSPORTES,744,1,0.8938172043010753
SECRETARIA DE GOBIERNO DIGITAL,SERVICIO NACIONAL DE CAPACITACION Y EMPLEO,742,1,0.8638814016172507
FONDO NACIONAL DE SALUD,PARQUE METROPOLITANO DE SANTIAGO,739,1,0.8673883626522327
PODER JUDICIAL,SERVICIO LOCAL DE EDUCACION PUBLICA DE CHINCHORRO,739,1,0.8687415426251691
CERTINET S.A.,MINISTERIO PUBLICO,738,1,0.9105691056910568
SERVICIO AGRICOLA Y GANADERO,MUNICIPALIDAD DE TORRES DEL PAINE,736,1,0.8559782608695652
SERVICIO CIVIL,AGENCIA NACIONAL DE INVESTIGACION Y DESARROLLO,736,1,0.9728260869565216
SERVICIO DE SALUD METROPOLITANO ORIENTE,SUBSECRETARIA DE TRANSPORTES,736,1,0.8790760869565217
INSTITUTO DE DESARROLLO AGROPECUARIO,COMISION PARA LA INTEGRIDAD PUBLICA Y TRANSPARENCIA,735,1,0.854421768707483
SERVICIO AGRICOLA Y GANADERO,SUBSECRETARIA DE HACIENDA,735,1,0.8721088435374149
SUBSECRETARIA DE ECONOMIA Y EMPRESAS DE MENOR TAMANO,DOCDIGITAL,735,1,0.8775510204081632
SUBSECRETARIA DE EDUCACION,CORPORACION DE ASISTENCIA JUDICIAL DE LA REGION METROPOLITANA,734,1,0.9482288828337876
SUBSECRETARIA DE REDES ASISTENCIALES,MUNICIPALIDAD DE RECOLETA,734,1,0.8501362397820164
DIRECCION GENERAL DE MOVILIZACION NACIONAL,SUBSECRETARIA DE TRANSPORTES,727,1,0.8803301237964236
MINISTERIO DE SALUD,CAJA DE PREVISION DE LA DEFENSA NACIONAL,726,1,0.9600550964187328
SUBSECRETARIA DE JUSTICIA,SUBSECRETARIA DE PREVENCION DEL DELITO,726,1,1.0
MUNICIPALIDAD DE LAS CONDES,AFP UNO,724,1,0.8853591160220995
SERVICIO CIVIL,ADMINISTRADORA DE FONDOS DE CESANTIA,720,1,0.8861111111111111
COMISION ADMINISTRADORA DE SISTEMA DE CREDITOS PARA ESTUDIOS SUPERIORES,SUBSECRETARIA DE EVALUACION SOCIAL,719,1,0.8692628650904033
MUNICIPALIDAD DE NUNOA,COMISION PARA LA INTEGRIDAD PUBLICA Y TRANSPARENCIA,718,1,1.0
SUBSECRETARIA DE EDUCACION,COMISION PARA LA INTEGRIDAD PUBLICA Y TRANSPARENCIA,715,1,0.8503496503496504
"SOCIEDAD ADMINISTRADORA DE FONDOS DE CESANTIA DE CHILE II S.A., AFC CHILE",MUNICIPALIDAD DE OSORNO,714,1,0.9215686274509803
ACEPTA.COM S.A.,MUNICIPALIDAD DE PADRE HURTADO,713,1,0.8976157082748948
SERVICIO AGRICOLA Y GANADERO,MUNICIPALIDAD DE ANTOFAGASTA,708,1,1.0
CONTRALORIA GENERAL DE LA REPUBLICA,SUPERINTENDENCIA DE PENSSIONES,705,1,0.9290780141843972
SERVICIO DE TESORERIAS,DIRECCION GENERAL DE MOVILIZACION NACIONAL,705,1,0.9773049645390071
SERVICIO AGRICOLA Y GANADERO,MUNICIPALIDAD DE QUILICURA,703,1,0.937411095305832
INSTITUTO DE SALUD PUBLICA DE CHILE,SUBSECRETARIA DE TRANSPORTES,701,1,0.9600570613409417
"SOCIEDAD ADMINISTRADORA DE FONDOS DE CESANTIA DE CHILE II S.A., AFC CHILE",FONDO DE SOLIDARIDAD E INVERSION SOCIAL,701,1,0.8801711840228246
SERVICIO DE IMPUESTOS INTERNOS,UNIDAD DE ANALISIS FINANCIERO,700,1,0.91
SUBSECRETARIA DE ECONOMIA Y EMPRESAS DE MENOR TAMANO,E-DIGITAL PKI SPA.,699,1,1.0
SERVICIO CIVIL,UNIDAD DE ANALISIS FINANCIERO,697,1,0.9512195121951219
DIRECCION DE PREVISION DE CARABINEROS DE CHILE,CAJA DE PREVISION DE LA DEFENSA NACIONAL,695,1,0.9064748201438847
SERVICIO AGRICOLA Y GANADERO,DIRECCION DEL SERVICIO DE SALUD MAGALLANES,693,1,0.8614718614718615
SUPERINTENDENCIA DE SEGURIDAD SOCIAL,MUNICIPALIDAD DE COLINA,691,1,0.8986975397973951
MINISTERIO DE DESARROLLO SOCIAL,MUNICIPALIDAD DE PUENTE ALTO,690,1,0.8985507246376812
SUBSECRETARIA DE TRANSPORTES,FONDO NACIONAL DE SALUD,689,1,0.8693759071117562
SERVICIO NACIONAL DEL CONSUMIDOR,SUBSECRETARIA DE TELECOMUNICACIONES,687,1,0.8777292576419214
SECRETARIA DE GOBIERNO DIGITAL,E-CERT CHILE,686,1,0.9052478134110788
COMISION PARA EL MERCADO FINANCIERO,SUBSECRETARIA DE SALUD PUBLICA,684,1,0.9619883040935673
SECRETARIA DE GOBIERNO DIGITAL,SUBSECRETARIA GENERAL DE LA PRESIDENCIA DE LA REPUBLICA,683,1,0.9663250366032212
COMISION PARA EL MERCADO FINANCIERO,MUNICIPALIDAD DE QUILICURA,681,1,0.960352422907489
INSTITUTO DE PREVISION SOCIAL,MUNICIPALIDAD DE PADRE HURTADO,681,1,0.908957415565345
SUBSECRETARIA DE JUSTICIA,SUBSECRETARIA DE TRANSPORTES,678,1,0.8628318584070797
"SOCIEDAD ADMINISTRADORA DE FONDOS DE CESANTIA DE CHILE II S.A., AFC CHILE",MUNICIPIOS,676,1,0.9215976331360949
ACEPTA.COM S.A.,DIRECCION GENERAL DEL TERRITORIO MARITIMO Y MARINA MERCANTE,673,1,0.8632986627043091
SUBSECRETARIA DE ECONOMIA Y EMPRESAS DE MENOR TAMANO,SUBSECRETARIA DE SALUD PUBLICA,672,1,0.9360119047619048
SUBSECRETARIA DEL TRABAJO,AGENCIA NACIONAL DE CIBERSEGURIDAD,672,1,0.8630952380952381
DIRECCION GERENAL DEL CREDITO PRENDARIO,FONDO NACIONAL DE SALUD,669,1,0.866965620328849
SERVICIO NACIONAL DE LA DISCAPACIDAD,SUBSECRETARIA DE VIVIENDA Y URBANISMO,669,1,0.8953662182361734
SUBSECRETARIA DE TELECOMUNICACIONES,CONTRALORIA GENERAL DE LA REPUBLICA,666,1,0.960960960960961
FONDO NACIONAL DE SALUD,DIRECCION GENERAL DE MOVILIZACION NACIONAL,665,1,0.8872180451127819
ACEPTA.COM S.A.,TRIBUNAL CONSTITUCIONAL DE CHILE,662,1,0.9018126888217525
SERVICIO CIVIL,MUNICIPALIDAD DE VALDIVIA,662,1,0.879154078549849
SERVICIO CIVIL,SERVICIO ELECTORAL,660,1,0.9348484848484848
SUBSECRETARIA DEL TRABAJO,DIRECCION DE EDUCACION PUBLICA,660,1,0.8787878787878788
MINISTERIO DE EDUCACION,SERVICIO LOCAL DE EDUCACION PUBLICA DE CHINCHORRO,657,1,0.9269406392694064
MUNICIPALIDAD DE SANTIAGO,SUBSECRETARIA DE EVALUACION SOCIAL,657,1,0.8797564687975646
SUBSECRETARIA DE TELECOMUNICACIONES,SUBSECRETARIA DE DESARROLLO REGIONAL Y ADMINISTRATIVO,657,1,0.9315068493150684
FONDO DE SOLIDARIDAD E INVERSION SOCIAL,ILUSTRE MUNICIPALIDAD DE PENALOLEN,656,1,0.9512195121951219
DIRECCION GERENAL DEL CREDITO PRENDARIO,SUBSECRETARIA DE TRANSPORTES,655,1,0.9221374045801528
SUBSECRETARIA DE DESARROLLO REGIONAL Y ADMINISTRATIVO,COMISION PARA LA INTEGRIDAD PUBLICA Y TRANSPARENCIA,654,1,0.8700305810397554
DIRECCION GENERAL DE MOVILIZACION NACIONAL,ESIGN S.A.,652,1,0.8880368098159509
INSTITUTO NACIONAL DE PROPIEDAD INDUSTRIAL,FONDO NACIONAL DE SALUD,651,1,0.8525345622119815
SECRETARIA DE GOBIERNO DIGITAL,SUBSECRETARIA DE SALUD PUBLICA,650,1,0.9384615384615382
SERVICIO DE TESORERIAS,MUNICIPALIDAD DE SAN CLEMENTE,650,1,0.9153846153846154
GENDARMERIA DE CHILE,SUPERINTENDENCIA DE INSOLVENCIA Y REEMPRENDIMIENTO,649,1,0.8628659476117103
SUBSECRETARIA GENERAL DE GOBIERNO,SERVICIO ELECTORAL,649,1,0.9414483821263482
SERVICIO DE TESORERIAS,DIRECCION DEL TRABAJO,647,1,0.927357032457496
SUBSECRETARIA DE REDES ASISTENCIALES,CAJA DE PREVISION DE LA DEFENSA NACIONAL,647,1,0.9567233384853169
ACEPTA.COM S.A.,SUBSECRETARIA DEL TRABAJO,646,1,0.8699690402476781
SUBSECRETARIA GENERAL DE GOBIERNO,SUBSECRETARIA DE VIVIENDA Y URBANISMO,645,1,0.8527131782945736
DIRECCION DE COMPRAS Y CONTRATACION PUBLICA,MUNICIPALIDAD DE VALDIVIA,644,1,0.8742236024844721
MINISTERIO DE BIENES NACIONALES,SUBSECRETARIA DE EVALUACION SOCIAL,644,1,1.0
SERVICIO DE IMPUESTOS INTERNOS,SUBSECRETARIA DE TELECOMUNICACIONES,643,1,0.8678071539657853
SUBSECRETARIA DE TELECOMUNICACIONES,SERVICIO DE COOPERACION TECNICA,643,1,0.917573872472784
MINISTERIO DE EDUCACION,SUBSECRETARIA DE TELECOMUNICACIONES,642,1,0.9018691588785048
SERVICIO AGRICOLA Y GANADERO,SUPERINTENDENCIA DE SEGURIDAD SOCIAL,641,1,0.858034321372855
SERVICIO CIVIL,FONDO DE SOLIDARIDAD E INVERSION SOCIAL,641,1,0.8502340093603744
SUBSECRETARIA DE EDUCACION,SUPERINTENDENCIA DE INSOLVENCIA Y REEMPRENDIMIENTO,636,1,0.9559748427672956
FONDO DE SOLIDARIDAD E INVERSION SOCIAL,MUNICIPALIDAD DE SAN CLEMENTE,635,1,0.9937007874015747
MUNICIPALIDAD DE PUERTO MONTT,COMISION PARA LA INTEGRIDAD PUBLICA Y TRANSPARENCIA,635,1,0.8503937007874016
SUBSECRETARIA DE SALUD PUBLICA,SUBSECRETARIA DE HACIENDA,634,1,0.9479495268138799
CERTINET S.A.,COMISION PARA LA INTEGRIDAD PUBLICA Y TRANSPARENCIA,633,1,0.9225908372827805
INSTITUTO DE PREVISION SOCIAL,CERTIFICADORA DEL SUR,633,1,0.966824644549763
SUBSECRETARIA DE SALUD PUBLICA,MUNICIPALIDAD DE COLINA,633,1,0.9178515007898894
SUBSECRETARIA DE ECONOMIA Y EMPRESAS DE MENOR TAMANO,DIRECCION DEL TRABAJO,632,1,0.930379746835443
MINISTERIO DE DESARROLLO SOCIAL,MUNICIPALIDAD DE ZAPALLAR,630,1,0.9142857142857143
INSTITUTO NACIONAL DE ESTADISTICAS,SUBSECRETARIA GENERAL DE LA PRESIDENCIA DE LA REPUBLICA,628,1,0.856687898089172
CONTRALORIA GENERAL DE LA REPUBLICA,"MINISTERIO DE LAS CULTURAS, LAS ARTES Y EL PATRIMONIO",626,1,0.865814696485623
COMISION ADMINISTRADORA DEL SISTEMA DE CREDITOS PARA ESTUDIOS SUPERIORES,AGENCIA NACIONAL DE CIBERSEGURIDAD,622,1,0.8842443729903537
INSTITUTO NACIONAL DE PROPIEDAD INDUSTRIAL,SERVICIO DE TESORERIAS,622,1,0.8842443729903537
CONTRALORIA GENERAL DE LA REPUBLICA,CORPORACION DE FOMENTO DE LA PRODUCCION,620,1,0.8548387096774194
SERVICIO DE IMPUESTOS INTERNOS,DIRECCION GENERAL DE AERONAUTICA CIVIL,618,1,0.8673139158576052
INSTITUTO DE PREVISION SOCIAL,SERVICIO DE SALUD TARAPACA,616,1,0.8587662337662337
SUBSECRETARIA GENERAL DE LA PRESIDENCIA DE LA REPUBLICA,SERVICIO DE IMPUESTOS INTERNOS,615,1,0.8552845528455284
ACEPTA.COM S.A.,INSTITUTO NACIONAL DE ESTADISTICAS,614,1,0.8615635179153095
SUBSECRETARIA DE TELECOMUNICACIONES,SUBSECRETARIA DE JUSTICIA,613,1,0.8515497553017944
SUBSECRETARIA DE EDUCACION,UNIVERSIDAD DE LA FRONTERA,612,1,0.954248366013072
FONDO NACIONAL DE SALUD,MUNICIPALIDAD DE ZAPALLAR,611,1,0.8870703764320785
MINISTERIO DE DESARROLLO SOCIAL,SERVICIO NACIONAL DE TURISMO,609,1,0.896551724137931
PODER JUDICIAL,DIRECCION DEL TRABAJO,609,1,0.8604269293924466
ACEPTA.COM S.A.,DIRECCION DEL SERVICIO DE SALUD MAGALLANES,607,1,0.8929159802306426
CORPORACION ADMINISTRATIVA DEL PODER JUDICIAL,SERVICIO LOCAL DE EDUCACION PUBLICA DE CHINCHORRO,607,1,0.8550247116968699
FONDO NACIONAL DE SALUD,ADMINISTRADORA DE FONDOS DE CESANTIA,607,1,0.9192751235584844
SUBSECRETARIA DE JUSTICIA,DIRECCION DEL TRABAJO,607,1,0.9472817133443165
SUPERINTENDENCIA DE SEGURIDAD SOCIAL,CAJA DE PREVISION DE LA DEFENSA NACIONAL,606,1,0.9686468646864689
MINISTERIO DE DESARROLLO SOCIAL,ADMINISTRADORA DE FONDOS DE CESANTIA,605,1,0.9239669421487603
SUBSECRETARIA DE EDUCACION,SUPERINTENDENCIA DE PENSSIONES,603,1,0.9618573797678275
SUBSECRETARIA GENERAL DE LA PRESIDENCIA DE LA REPUBLICA,CERTIFICADORA DEL SUR,603,1,0.988391376451078
SUBSECRETARIA DE DESARROLLO REGIONAL Y ADMINISTRATIVO,CAJA DE PREVISION DE LA DEFENSA NACIONAL,602,1,0.96843853820598
SUBSECRETARIA DE JUSTICIA,MUNICIPALIDAD DE PADRE HURTADO,602,1,0.9285714285714286
MINISTERIO DE SALUD,MUNICIPALIDAD DE VALDIVIA,597,1,0.8542713567839196
SUBSECRETARIA DE EDUCACION,INSTITUTO SEGURIDAD LABORAL,597,1,0.9396984924623115
SERVICIO NACIONAL DE ADUANAS,SERVICIO DE IMPUESTOS INTERNOS,594,1,0.8636363636363636
ACEPTA.COM S.A.,MUNICIPALIDAD DE LA REINA,591,1,0.8900169204737732
INSTITUTO NACIONAL DE PROPIEDAD INDUSTRIAL,E-CERT CHILE,591,1,0.9018612521150592
BPO ADVISORS SPA,AGENCIA NACIONAL DE INVESTIGACION Y DESARROLLO,590,1,0.9508474576271186
SERVICIO AGRICOLA Y GANADERO,SERVICIO DE SALUD NUBLE,586,1,0.8651877133105802
DIRECCION GENERAL DE MOVILIZACION NACIONAL,SUPERINTENDENCIA DE INSOLVENCIA Y REEMPRENDIMIENTO,579,1,0.9360967184801382
SUBSECRETARIA DE SERVICIOS SOCIALES,CAJA DE PREVISION DE LA DEFENSA NACIONAL,579,1,0.9948186528497407
SUPERINTENDENCIA DE ELECTRICIDAD Y COMBUSTIBLES,MUNICIPALIDAD DE COLINA,579,1,0.8911917098445595
CONTRALORIA GENERAL DE LA REPUBLICA,SUBSECRETARIA DE PREVISION SOCIAL,578,1,0.9740484429065744
FONDO NACIONAL DE SALUD,MUNICIPALIDAD DE COYHAIQUE,578,1,0.9688581314878892
SERVICIO AGRICOLA Y GANADERO,DOCDIGITAL,575,1,1.0
SUPERINTENDENCIA DE SALUD,SUBSECRETARIA DE SALUD PUBLICA,570,1,0.9350877192982456
AGENCIA DE CALIDAD DE LA EDUCACION,SUBSECRETARIA DE REDES ASISTENCIALES,569,1,0.9103690685413003
COMISION ADMINISTRADORA DEL SISTEMA DE CREDITOS PARA ESTUDIOS SUPERIORES,MUNICIPALIDAD DE CORONEL,569,1,0.8980667838312829
DIRECCION GENERAL DE MOVILIZACION NACIONAL,MINISTERIO PUBLICO,569,1,0.8804920913884007
PODER JUDICIAL,SERVICIO ELECTORAL,568,1,0.8679577464788732
SERVICIO DE IMPUESTOS INTERNOS,SUPERINTENDENCIA DEL MEDIO AMBIENTE,568,1,0.9066901408450704
INSTITUTO DE SALUD PUBLICA DE CHILE,MINISTERIO PUBLICO,566,1,0.9540636042402829
SERVICIO AGRICOLA Y GANADERO,SUBSECRETARIA GENERAL DE LA PRESIDENCIA DE LA REPUBLICA,566,1,1.0
CORPORACION ADMINISTRATIVA DEL PODER JUDICIAL,SUBSECRETARIA DE SALUD PUBLICA,564,1,0.9095744680851063
DIRECCION DE COMPRAS Y CONTRATACION PUBLICA,SUBSECRETARIA DE DESARROLLO REGIONAL Y ADMINISTRATIVO,564,1,0.9539007092198579
SUBSECRETARIA GENERAL DE LA PRESIDENCIA DE LA REPUBLICA,SUBSECRETARIA GENERAL DE LA PRESIDENCIA,564,1,0.9131205673758865
SUBSECRETARIA DE ECONOMIA Y EMPRESAS DE MENOR TAMANO,SUBSECRETARIA DE TELECOMUNICACIONES,560,1,0.8589285714285714
SECRETARIA DE GOBIERNO DIGITAL,CORPORACION ADMINISTRATIVA DEL PODER JUDICIAL,557,1,0.8599640933572711
"SOCIEDAD ADMINISTRADORA DE FONDOS DE CESANTIA DE CHILE II S.A., AFC CHILE",INSTITUTO NACIONAL DE ESTADISTICAS,557,1,0.9299820466786356
SUBSECRETARIA DE PREVISION SOCIAL,SUBSECRETARIA DE REDES ASISTENCIALES,557,1,0.8689407540394973
MINISTERIO DE DESARROLLO SOCIAL,MUNICIPALIDAD DE VALLENAR,556,1,0.9496402877697842
DIRECCION GENERAL DEL TERRITORIO MARITIMO Y MARINA MERCANTE,AFP UNO,553,1,0.8788426763110307
GENDARMERIA DE CHILE,SUBSECRETARIA DE REDES ASISTENCIALES,552,1,0.9311594202898553
INSTITUTO NACIONAL DE ESTADISTICAS,DIRECCION NACIONAL DEL SERVICIO CIVIL,546,1,0.9505494505494504
FONDO NACIONAL DE SALUD,MUNICIPALIDAD DE VALLENAR,545,1,0.9174311926605504
SERVICIO AGRICOLA Y GANADERO,SUBSECRETARIA DE PREVENCION DEL DELITO,545,1,1.0
SUBSECRETARIA DE EDUCACION,GENDARMERIA DE CHILE,545,1,0.9119266055045872
ACEPTA.COM S.A.,UNIDAD DE ANALISIS FINANCIERO,544,1,0.8897058823529411
REDIN,FONDO NACIONAL DE SALUD,542,1,0.8745387453874539
SERVICIO AGRICOLA Y GANADERO,MUNICIPALIDAD DE ZAPALLAR,542,1,0.9981549815498157
SUBSECRETARIA DE TRANSPORTES,MUNICIPALIDAD DE VALDIVIA,542,1,0.8892988929889298
SERVICIO CIVIL,CONTRALORIA GENERAL DE LA REPUBLICA,541,1,0.9371534195933456
SUBSECRETARIA DE SALUD PUBLICA,SUBSECRETARIA DE DESARROLLO REGIONAL Y ADMINISTRATIVO,540,1,0.8759259259259259
SUBSECRETARIA GENERAL DE LA PRESIDENCIA DE LA REPUBLICA,CONTRALORIA GENERAL DE LA REPUBLICA,540,1,0.9462962962962964
CONTRALORIA GENERAL DE LA REPUBLICA,SUPERINTENDENCIA DE INSOLVENCIA Y REEMPRENDIMIENTO,538,1,0.912639405204461
CORPORACION ADMINISTRATIVA DEL PODER JUDICIAL,AGENCIA NACIONAL DE INVESTIGACION Y DESARROLLO,532,1,0.9624060150375939
SERVICIO AGRICOLA Y GANADERO,SERVICIO DE SALUD LIBERTADOR GENERAL BERNARDO O'HIGGINS,532,1,0.8609022556390977
ACEPTA.COM S.A.,DOCDIGITAL,526,1,1.0
DIRECCION DE COMPRAS Y CONTRATACION PUBLICA,SERVICIO SALUD ARAUCANIA SUR,525,1,0.940952380952381
FONDO DE SOLIDARIDAD E INVERSION SOCIAL,JUNTA NACIONAL DE JARDINES INFANTILES,525,1,0.961904761904762
SUBSECRETARIA GENERAL DE LA PRESIDENCIA DE LA REPUBLICA,SERVICIO SALUD ARAUCANIA SUR,520,1,0.8596153846153847
INSTITUTO NACIONAL DE PROPIEDAD INDUSTRIAL,SERVICIO NACIONAL DEL CONSUMIDOR,519,1,0.9132947976878611
MINISTERIO DE DESARROLLO SOCIAL,MUNICIPALIDAD DE NAVIDAD,519,1,0.8535645472061657
SECRETARIA DE GOBIERNO DIGITAL,CONTRALORIA GENERAL DE LA REPUBLICA,519,1,0.8940269749518305
DIRECCION DEL TRABAJO,SUBSECRETARIA DE SALUD PUBLICA,518,1,0.9536679536679536
SERVICIO DE TESORERIAS,FONDO DE SOLIDARIDAD E INVERSION SOCIAL,518,1,0.8571428571428571
INSTITUTO SEGURIDAD LABORAL,SUBSECRETARIA DE PREVISION SOCIAL,517,1,0.9555125725338492
SUBSECRETARIA DE ECONOMIA Y EMPRESAS DE MENOR TAMANO,SERVICIO NACIONAL DE PESCA Y ACUICULTURA,516,1,0.875968992248062
SUPERINTENDENCIA DE SERVICIOS SANITARIOS,COMISION PARA LA INTEGRIDAD PUBLICA Y TRANSPARENCIA,516,1,0.8546511627906976
SANIDAD NAVAL DE LA ARMADA DE CHILE,AFP UNO,514,1,0.857976653696498
COMISION ADMINISTRADORA DEL SISTEMA DE CREDITOS PARA ESTUDIOS SUPERIORES,DOCDIGITAL,513,1,0.9103313840155944
MINISTERIO SECRETARIA GENERAL DE GOBIERNO,SUBSECRETARIA GENERAL DE GOBIERNO,513,1,0.8908382066276803
SERVICIO DE TESORERIAS,SUBSECRETARIA DE ECONOMIA Y EMPRESAS DE MENOR TAMANO,512,1,0.97265625
ACEPTA.COM S.A.,UNIVERSIDAD DEL BIOBIO,511,1,0.8532289628180039
DIRECCION GENERAL DE MOVILIZACION NACIONAL,SUBSECRETARIA DE PREVISION SOCIAL,511,1,0.958904109589041
MUNICIPALIDAD DE NUNOA,AFP UNO,510,1,0.9647058823529412
SUBSECRETARIA DE EDUCACION,CONTRALORIA GENERAL DE LA REPUBLICA,509,1,0.9685658153241652
SUBSECRETARIA DE TRANSPORTES,DOCDIGITAL,508,1,0.8503937007874016
SERVICIO AGRICOLA Y GANADERO,UNIVERSIDAD DEL BIOBIO,507,1,0.8579881656804734
SERVICIO DE TESORERIAS,SERVICIO NACIONAL DE PESCA Y ACUICULTURA,507,1,0.90138067061144
SUPERINTENDENCIA DE ELECTRICIDAD Y COMBUSTIBLES,SUBSECRETARIA DE PREVISION SOCIAL,507,1,0.9743589743589745
FONDO DE SOLIDARIDAD E INVERSION SOCIAL,DIRECCION GENERAL DE MOVILIZACION NACIONAL,506,1,0.8952569169960475
DIRECCION DE COMPRAS Y CONTRATACION PUBLICA,AGENCIA NACIONAL DE CIBERSEGURIDAD,503,1,1.0
MINISTERIO DE DESARROLLO SOCIAL,AFP CUPRUM,503,1,0.9821073558648112
SUBSECRETARIA GENERAL DE LA PRESIDENCIA DE LA REPUBLICA,CAJA DE PREVISION DE LA DEFENSA NACIONAL,502,1,0.99601593625498
CONTRALORIA,AFP UNO,501,1,0.8582834331337326
"SOCIEDAD ADMINISTRADORA DE FONDOS DE CESANTIA DE CHILE II S.A., AFC CHILE",SERVICIO LOCAL DE EDUCACION PUBLICA DE PUNILLA CORDILLERA,501,1,0.8542914171656687
GOBIERNO REGIONAL DE LA REGION DE AYSEN DEL GENERAL CARLOS IBANEZ DEL CAMPO,COMISION PARA EL MERCADO FINANCIERO,500,1,0.884
