servicio,nombre,soporte_usuario_dia,n_usuarios_distintos_control
d602a0071f3f4db8b37a87cffd89bf23,PJUD - PODER JUDICIAL,52359509,2792684
123,Registro Civil - SRCeI,41232080,9820330
2549b51828ce40af920a932dd2102217,SII - Servicio de Impuestos Internos,32694584,6277446
e8dde9d26979498786c6ba5a82f70ad3,"Sucursal Virtual de AFC - Sociedad Administradora de Fondos de Cesantía de Chile II S.A., AFC Chile",28021737,5332738
495c261c0f484bd08e232f7358452c4d,CMF - Comisión para el Mercado Financiero,21463113,4329895
672f76fa24044d36b28fd11b50d7a4ec,Registro Social de Hogares - MINISTERIO DE DESARROLLO SOCIAL,21431858,6097450
67eb30db49f240b08ab2b3f422f92cdf,Portal MiDT - Dirección del Trabajo,20903947,3014281
67339e06f4b44f78994ff4785178807a,Mercado+Público - Dirección de Compras y Contratación Pública,19802386,483458
ffaec74bfd414f8394bab077a989e27f,miChileAtiende - Instituto de Previsión Social,18941963,3748575
209ce526160947f0b398566cd4cbfd0d,Portal de Aplicaciones Sence - Servicio Nacional de Capacitacion y Empleo,17508704,3232253
b4206ac5e3224dfd900588a8f7caf95e,FONASA - Portal Beneficiario - Fondo Nacional de Salud,16733574,5254240
4a94478dd25f4430a0a023b87e11170d,Milicenciamedica.cl - Subsecretaría de Salud Pública,16236918,1799556
9a76efc4c34e4bd7843206658dc45454,Portal Ciudadano ClaveÚnica - Secretaría de Gobierno Digital,12192393,6126359
ae4caa1cb2154cac89440f3fe18251cb,Ingreso de causas y escritos - Corporación Administrativa del Poder Judicial,11411571,1973960
c82f84bf3f2b451393445a0cb6883665,Ventanilla Única Social - Subsecretaría de Evaluación Social,9956507,4145621
79bvfghg9a0a8tm25d16sddg7d61d4710,Extranjeria - Secretaría de Gobierno Digital,6245475,728398
f883bd6d70b043a09837e8b888fe3f65,Registro de Empresas y Sociedades - Subsecretaría de Economía y Empresas de Menor Tamaño,5763057,971039
dd7629fec91f4599b3cf8c0dd0b984ac,Sucursal Virtual FONASA - Fondo Nacional de Salud,5757499,2836329
eaf8f2b0ccd04cf2a7bfcf357fe88ca2,Empleos Públicos - Servicio Civil,5727857,659057
dc8bcd185ce744798ceb1d9370f31bbc,Subsidio Eléctrico - Subsecretaría de Evaluación Social,5443327,3017884
51e1587ac2364f19bb4a9344841af223,www.sii.cl - Servicio de Impuestos Internos,5339442,2552175
9b4850c676834809858e3bcee027a27f,Autenticación TGR - Servicio de Tesorerías,5293738,1965375
c5b83bbfa22c4c31a5743485b4c6e524,Bolsa Nacional de Empleo - Subsecretaría del Trabajo,4856511,1239093
64d9be8046574fbfbc1fb14c9912afea,ASDigital - Ministerio de salud,3799769,348107
91f3f86897ff4ae39e50cbd7035fa8af,APIs Receta Electrónica - Subsecretaría de Salud Pública,3766820,235325
08165f6182bc4dfc9dc1d7774508bbc6,e-certchile - E-Cert Chile,3600616,2215992
86144f0d3b814c1d8c013f7aade6c55d,Sernac - Portal del consumidor - Servicio Nacional del Consumidor,3592857,1539984
347178b052294153af290d6a84589868,Mi Fiscalía en Línea - Ministerio Público,3448263,903947
66a493258641428ea9797fbe33fc8b27,ChileAtiende - Instituto de Previsión Social,3447638,2286452
1ad6835586034de0b29f4a402b182c6c,Comisaría Virtual 2 - Carabineros de Chile,3085188,1515396
38b3f29fe39b4e87b5f7982165de8cf1,Portal Servel - Servicio Electoral,3076047,1926211
dd02dca897074e77972f506652629762,Resultados Subsidio Eléctrico - Subsecretaría de Energía,2828500,1516456
01b56ab5b9be43e19fa06300994787ec,Bitácora Web - Ministerio Público,2750443,48440
b972e814004e4624a566f308901cca7c,DocDigital Versión 3 - Subsecretaría General de la Presidencia de la República,2708974,61366
ae54454684154c25bd33c6e04609652b,Sistema de Apelación Contra de Isapres - Subsecretaría de Salud Pública,2707520,279105
8af63e063a2a42098caed55eeb24acf0,Acceso Clave Unica UFRO - Universidad de La Frontera,2531606,201478
fb3957569a8d49528c3571bcb4703f55,MINVU - Subsecretaría de Vivienda y Urbanismo,2414692,830880
0f33ab6447034fe49d1629353a119e47,Superintendencia en Línea - Mi Portal - Superintendencia de Seguridad Social,2282488,745337
74e60dc3bc26493d81088e4d322b7c39,SignPass - BPO Advisors SpA,2233468,1362270
ef1dd1f1a5b94d0eacb669f7b3ec2911,Mi Crédito CAE - Comisión Administradora del Sistema de Créditos para Estudios Superiores,2160954,692791
ee00832abfba40b38335ce48a12981b5,Autenticacion Nube  Privada - Servicio de Impuestos Internos,2072531,1422960
88d08ee1a5384a7fbe4bfddb8928ce82,Sistema Midas - Subsecretaría de Salud Pública,1972634,52454
2ff516ac74a44ebfa3a522adbde28a0f,E-Sign ClaveÚnica - ESIGN S.A.,1951124,1305546
3af2d18b09e6443fa289e956fc10669f,Red Movilidad - Subsecretaría de Transportes,1878012,942322
fe6cad21b5414356a6da4927029f942a,Protección Social - MDS,1749240,1041236
31050e1a1dcb4c9899ba77be32449e54,Bono electrónico y LME - Superintendencia de Seguridad Social,1647831,685721
6daae6995cb245348bb2b5432ccc9948,DIRECTEMAR - Dirección General del Territorio Marítimo y Marina Mercante,1616914,99777
d74a389b77734996ba37fa61a0d08341,DECLARACION JURADA - Servicio Agrícola y Ganadero,1615768,861686
0a750e36725e495ba32bd43a5f170724,FUAS-Mineduc - Subsecretaría de Educación,1540775,772217
52449c34bb1e47fe81802bf322dae8ee,bcm2.sii.cl - Servicio de Impuestos Internos,1478436,729349
a2e46ce2ee1e4150954d6c6864c54578,Comisaría Virtual Constancia de votación - Carabineros de Chile,1464905,888725
9c9359fefd164d388f8a5edc2bac301e,Contraloría - Contraloría General de la República,1463842,37662
94d27864f86d422faa68efccb908cc34,,1458534,761267
2badb2213b864c8ca35187359570cf0c,ACEPTA - ACEPTA.COM S.A.,1412967,854659
8be8c6cea95d4e28a90558288d8f262b,Actas de mediación en línea - Subsecretaría de Justicia,1342390,497283
2568c649c62d46af960451f6284203d2,IMG - MDS,1331233,500633
a7709b21161d459298dc5dc58e77310b,DIPRECA3 - Dirección de Previsión de Carabineros de Chile,1319966,118962
0b145fb41bc84dc58a5beb5b4ef11b17,Servicios en linea - Caja de Previsión de la Defensa Nacional,1312158,215481
1e89b0b11b0e417bbd199a3aac7717ee,MEVACUNO - Subsecretaría de Redes Asistenciales,1308789,778164
dcd0b6134a8846c1ac7171f8530945ab,Identidad Única - Ministerio de Vivienda y Urbanismo - Subsecretaría de Vivienda y Urbanismo,1208170,511124
6a91c10b9e8341afbd387fb72bab3cf7,Comisión de Medicina Preventiva e Invalidez - Subsecretaría de Salud Pública,1174377,277938
dc821110e3f34bf3984d61955ced2e69,Licencia de Conducir Digital - Subsecretaría de Transportes,1131847,414406
742521491f624a78a2b81aaf331eca4c,DJ Simple - Servicio Agrícola y Ganadero,1077548,644396
ab2dd6e0890c4b5483973add6fa1b91b,Sercotec - Servicio de Cooperación Técnica,1028428,342999
14cc5dc0682d44fe99d2d91e1eaafac7,SIMPLE - Corporación Nacional de Desarrollo Indígena,1019512,437560
fdd7e5cf453e42d7b8cb2334d3a7bff9,Telesalud - Subsecretaría de Redes Asistenciales,1006638,365551
b1b009877e0c4e0790fd92559d853d69,Mi Súper - Superintendencia de Salud,1000259,456242
c53530ec6ae845db978d8fb2de69e179,Afiliación e inscripción en atención primaria en línea - Fondo Nacional de Salud,986759,670786
ed6beff4035f49c6997be95df71e5544,Subsidio Familiar Automático - Subsecretaría de Evaluación Social,977884,446809
6e12533e73a048efa8bcc0a30f2b7684,Dirección General de Movilización Nacional - Dirección General de Movilización Nacional,935517,602663
cb9e2b9dd1cd44c5b7d4fdcfbbf3f5e0,Portal Usuario 2.0 - Subsecretaría de Justicia,906127,351695
4060f34dc33042fda53efdfd0594b679,Capacitación ChileCompra - Dirección ChileCompra,894862,123913
cc892c05f6d94315be2b7539e45b9170,Ventanilla Única 2.0 - Ministerio del Medio Ambiente,883351,53910
d254feea701346a399887b9fe59ac61a,Plataforma de Telemedicina - Subsecretaría de Redes Asistenciales,860682,61491
6d52b87b5a964c61ad7e28afd9499f18,Mis Trámites CGR - Contraloría General de la República,812980,160365
fb944d98fea445bda57de000993d3e25,Accede a tu Portal Paciente - Servicio de Salud Maule,803777,141357
60b69c5d160f4b1c90e79d8290b904c1,Patrocinios - Servicio Electoral,802013,610747
894c246eb00a482da371617f75149e30,Contraloria General de la Republica - CONTRALORIA,763444,214095
3346db58cd2d474fbcf63e827462b85d,Single Sign-On - Subsecretaría de Evaluación Social,748485,21197
02f0f8beb94542deac503efd6a774262,SSMSO - Servicio de Salud Sur Oriente,717419,84689
239b1152a21a4cebb35b2a9dc02b10a9,Agencia de Calidad de la Educación - MINISTERIO DE EDUCACION,702015,158909
e9b4ca99b7054bc986bb0a057cf4e2e5,,674921,453582
2ae2ca1a377048a58815f54a432f8a21,Portal Paciente - Subsecretaría de Redes Asistenciales,646451,431462
a6c839544c0440f5bf2ce98e7396613f,Aula Virtual CEA - Contraloría General de la República,629234,124436
3d6941a46f8b4441973872f1f209bdec,Devolución de Pagos en excesos - Fondo Nacional de Salud,617782,539047
6743ad379b094f98ad903d0f0304add1,Procedimiento Administrativo Electrónico - Superintendencia de Seguridad Social,611001,277189
edd67e7adef0443982c72ffc4d55ca4a,Portal de Beneficios - Gendarmería de Chile,608992,20459
a8d1ad79c34d4bad8196c8278e8fa73f,SPP - Fondo de Solidaridad e Inversión Social,607970,395540
0de46482bc4d409c86f652534e4b47eb,documentos - cyberdocs - Servicio Nacional del Patrimonio Cultural,607305,460025
8394b3beb22f419ca01c64dc31db11p1,IPS - persona - Instituto de Previsión Social,606844,386536
eae6a8d122774db4ba88162a875db6a6,Recetas en línea - Acceso Químico farmacéutico - Subsecretaría de Salud Pública,579371,9939
b15e46acff6b4a7487ad18cdac3a21d0,Hospital Sotero del Río - Servicio Salud Metropolitano Sur Oriente,569533,74366
b31017b848694be1b92f15c6dad1ca2c,Sanidad Naval - Sanidad Naval de la Armada de Chile,569380,51956
8c1942e0cdce4f71b53f62474322f0b7,Superintendencia de Electricidad y Combustibles - SUPERINTENDECIA DE ELECTRICIDAD Y COMBUSTIBLES,564239,122878
3d639e0a581e4afbbc3976eed669f5c6,Mi Portal de Emprendimiento - Subsecretaría de Evaluación Social,560861,342064
1eec93924a1046efbad70c851782ab8a,Trámites INAPI - Instituto Nacional de Propiedad Industrial,559510,161382
7f2c2c35a2de4624ad938147f73f271a,Registro Nacional de Mascotas y Animales de Compañía - Subsecretaría de Desarrollo Regional y Administrativo,557163,318811
4f22549f9d3a443cb041c0e55395dbf1,Comisaría Virtual Denuncias - Carabineros de Chile,553782,433303
bad2f211e95f4cb6b1c71e2984464f45,Plataforma Ley del Lobby - Subsecretaría General de la Presidencia de la República,522755,96261
7249a9adb1c343aba8db068dbe0c3795,Simple Trámites - Subsecretaría de Evaluación Social,491316,302467
fd595f24910c4126b7398b3e081af528,Instituto Seguridad Laboral - Instituto Seguridad Laboral,478416,226509
d0b1e3a4c2434e65be47566dcc3e2ee0,Municipalidad de Los Angeles - Ilustre Municipalidad de Los Angeles,475901,75045
95b7bf6083634811b6ec1552e2ed5fad,Gestión Telesalud - Subsecretaría de Redes Asistenciales,461663,17260
32f2a35e790544ec9e040345f8a364f3,Defensoría Penal Pública - DEFENSORIA PENAL PUBLICA,455766,243138
c52ceac3693c4644bb20f07dd8aa7103,Firma Electronica - Secretaría de Gobierno Digital,451882,132891
1bb1657eb2eb43808f0529810258aa3b,Autenticación Sistemas DPP - Defensoría Penal Pública,425118,6799
9ae54d261e454c93ae1c2cdec0fd03e6,Login certificado afiliacion - Fondo Nacional de Salud,402435,360973
c13d78fe65b94d05ad83b59494767b9f,Beneficios Personal - Gendarmería de Chile,400362,20173
0335e32e61b248ae8ab98cb955f915dd,Sistema de ambiente de Clientes - Central de Abastecimiento del Sistema Nacional de Servicios de Salud,397415,14953
0faae9b6b5084555a1873eff484b4d9c,Agendamiento Licencia Conducir - Municipalidad de Puente Alto,396442,116886
a4db025d032f42578306d5461abdda40,CAPREDENApp - Redin,386017,26642
5aa1a66c9e844e18a4a41740ed4aa476,Recetas en línea - Acceso Prescriptor - Subsecretaría de Salud Pública,379949,17956
5492b6e4db6948aca469c21d05b18721,Ley del Lobby - Comisión para la Integridad PÚblica y Transparencia,377314,74897
387ff07354a74657a44369e05d83234a,Nuevo Sitio Web FONASA - Fondo Nacional de Salud,362537,279328
dfd423dde87b47d382b736a15a36ac68,App La Florida - Municipalidad de La Florida,360334,118548
9de3d28661c84c6a92f3749320e52473,Comisaría Virtual Funcionarios - Carabineros de Chile,360334,288668
fe1194092c934e70b824f3014a2f020d,Portal Único de Fondos Concursables del Estado - Subsecretaría General de Gobierno,359196,77790
5235b9f356954973a226cb6fc12c9d6e,Sistema Alta Dirección Pública - Dirección Nacional del Servicio Civil,353382,52509
4830b97416a14d1485ccb85c9f9baa4e,Trámites SP - Superintendencia de Penssiones,337084,261008
3e2a4d42827d43d0b90248199e58e98e,Mineduc-Ayudamineduc - Subsecretaría de Educación,336440,274848
638aea308ffb483198d5c1387e2cc017,"Portal ""Mi SUPERIR"" - Superintendencia de Insolvencia y Reemprendimiento",327962,135374
9f3c39663dac4e6791811016adc217da,"Sistema Cuenta Cultura - Ministerio de las Culturas, las Artes y el Patrimonio",327337,67471
399e7fc266894562850261cfbc06b992,Denuncia en Linea - Ministerio Público,299014,195231
70fd978d824c4fdc909e815f04cbb466,CGR - Contraloría General de la República,292133,15958
dbc3de69546243e48121124f1033cff8,Contrataciones Censo 2024 - Instituto Nacional de Estadísticas,290344,44220
56da1c80cfea4a5b83326bfef271fc3e,Escritorio de Aplicaciones - Ministerio Público,287865,4901
ddf47b043bc04fa0bd7d61b8af3f9b2c,Autenticacion UChile - Universidad de Chile,284034,144778
9f88dc88029e42d3a5b082ab396be6d3,Sistema de Postulación Único - Carabineros de Chile,283939,154434
be4240b37c354311af26b2846acba9c7,Clave Única USACH - Universidad de Santiago de Chile,272093,29984
b6a7ac98c6704aa6b6512efa5fa8dbfe,Corfo - Corporación de Fomento de la Producción,265324,69677
eb6b584fde4141aea5dafddee3e7ad4e,Listado de trámites digitales - Subsecretaría de Educación,261857,141621
e10304f95c2b40738695563eb9b8662c,SISTEMA DE ATENCIÓN DE CONSULTA - Comisión Administradora del Sistema de Créditos para Estudios Superiores,260364,122807
62a5285108824e269a3fa09e9c233440,SEC - Atención Ciudadana - Superintendencia de Electricidad y Combustibles,260014,135679
2a4a00c47ac6468395984ee10ebc8dc3,Portal único de Trámites SERPAT - Servicio Nacional del Patrimonio Cultural,256763,115510
6a322ad743e3464bae56d2d9b180078a,,246401,187899
558b533275bd41bca3094acb6a85113a,Servicio de Evaluación Ambiental - Servicio de Evaluación Ambiental,244213,44243
86480a9f563349b1a2974d9f43548e59,Portal Pacientes HMS - Ejército de Chile,241216,46823
b7c988fa6132435480b57f66696827fd,Pase Cultural - Subsecretaría de Evaluación Social,239517,170186
40fc9588a8e04b28852ec1163528bb8a,PAEx DGMN - Dirección General de Movilización Nacional,238363,118232
bf676d9b342d438d8bd0b02c718133af,Firmador MOP - Subsecretaría de Obras Públicas,237464,6073
41da80f6154c4d918166fc43862f5d78,Web Cajmetro - Corporación de Asistencia Judicial de la Región Metropolitana,237250,139050
c599d10f1d6a441b9a1a297073d5bd31,Tramites Mineduc - Ministerio de Educación,233952,155904
ea3b3bbfa0bd4b99ae4fd1176a22d13c,Bono Logro Escolar - Subsecretaría de Servicios Sociales,233406,168623
7d0c4697a4f849e38021ccb192e0b4a7,"Niños, Niñas y Adolescentes - Subsecretaría de Evaluación Social",229603,4087
2e0f9d54f6534336a19fffacd7b6af40,Sitio Web UNO Privado - AFP Uno,226204,182846
818d938a32ad4dc19cfd13f6575ddc5a,SSO - Servicio Agricola y Ganadero,226140,35634
64b50202d6b74bfcb78c7342823e0f4f,Cesantía - Comisión Administradora de Sistema de Créditos para Estudios Superiores,225053,61576
2c12290764aa4f67ba25e9cf801bd06c,Servel - Servicio Electoral,221354,168364
b3b9221510904977b1c9f12ea7108119,Contactanos DT - Dirección del Trabajo,217435,150409
5f686fded1294c02a7a5c3298f2eec5b,Sistema SEIM - Subsecretaría de Transportes,217298,27629
4bb573e349504824b5b5a050a83e094d,ChileCompra - Centro de Ayuda - Dirección de Compras y Contratación Pública,207439,67922
73a70ddc48e349d988860ae685eaa133,SUBSECRETARÍA DE PREVENCIÓN DEL DELITO - Subsecretaria de Prevención del Delito,207168,20223
285f4ab87d9a4484a4e8fa6e7db43fe6,Sistema de Registro - Subsecretaría de Evaluación Social,206915,141283
4a9c2f22f9d047569a0ceafcb9741033,Campus Servicio Civil - Dirección Nacional del Servicio Civil,206373,55625
20acab350ddf489c931028b7a6a1ff99,Sucursal Virtual Jeafosale - Ejército de Chile,203532,26844
705b78c3d59c4e1bbeaec3123c0f6de2,ApelaciónbeneficiosEstudiantil - Subsecretaría de Educación,201976,83963
f31ed616d84449edb5fdd8cd332552b2,dom digital - Municipalidad de Temuco,199897,20674
e423b8339a57485d8b524937d93e4f44,SIMPLE - Gendarmería de Chile,196735,107728
68244c73eb7a429a9c70a3dbf247293f,Bolsa nacional de empleo - Subsecretaría del Trabajo,194496,32823
ce833d51dcb649b7a1fbba15d138a4a5,Plataforma de Capacitación Censo - Instituto Nacional de Estadísticas,193051,43755
f44bedcfbdb64a818e717b872a002abd,Ingreso a Municipalidad de Santiago - Municipalidad de Santiago,191410,84502
68b13a1228424526b43e2f78716efd3b,Pagos Diario Oficial - Subsecretaría del Interior,190403,64792
18bec3e707784a978d9d89f2967f87de,SERVEL- RENDICION - Servicio Electoral,188333,24779
be09a0ddbb9b4c4aaf78903e0ca27a75,Contingencia - Comisión Administradora de Sistema de Créditos para Estudios Superiores,184819,53290
5af89d91c7c74476ad4546b1db07c56c,Mi HC OnLine - Servicio de Salud Arica y Parinacota,178555,63389
a647689891b84948871ff7099253a553,Autoconsulta SSASUR - Servicio Salud Araucanía Sur,174118,49657
834cf291d50b4e3299f82dfeba3c998e,Requisitos para Ofertar - Dirección de Compras y Contratación Pública,170867,43542
64e1a053d6f44ff89eae1e4c321a6392,Fonasa - Fondo Nacional de Salud,169080,140105
4461c788433345b8a4a296b35aa9499d,Superintendencia de Educación - Superintendencia de Educación,168837,85772
75f9d382b18d402fae4a2061eb768169,Municipalidad Las Condes - Municipalidad de Las Condes,168155,71183
fb74231009884254b2d13b0fd9056247,Carrera Docente CPEIP - Subsecretaría de Educación,165545,68315
f6aa209f0860477380c878df96de1c84,Fondo de Solidaridad e Inversión Social - Cerofilas - Fondo de Solidaridad e Inversión Social,164860,113711
3a631284571347bf8acba49209e63034,Gesparvu Junji - Junta Nacional de Jardines Infantiles,162534,16881
478deb22cecd489eb3ed2dcc954a975b,Portal Vecino - Municipalidad de Providencia,161444,81617
c2f8201a4d224d81babdcea072e5cec4,https://tramites.subtel.gob.cl - Subsecretaría de Telecomunicaciones,159766,89262
cd40ad229df147389504190c71de61f5,Sistema de Acceso Unico - Instituto de Desarrollo Agropecuario,158181,74533
f2eaffaf45b84b9c8e39cc303a97e9d7,SIMPLE - Secretaría de Gobierno Digital,150702,67053
3009f6f4befb498fbed7dbf1b189f47c,Sistema Electrónico de Postulación - Comision Nacional de Riego,148633,2461
5af95b4c9eec408dad00e7b5a2a16b92,Servicio de Salud Tarapacá - Servicio de Salud Tarapacá,145683,12413
e7c03dd9e5044ca7a0945b6bbe4be826,IFE Laboral - Servicio Nacional de Capacitación y Empleo,142726,116151
16ffe077cc1a4b11a19bea91abce6f9c,SIMEF v5 - Subsecretaría de Justicia,142193,2776
ae412e532f1a48428bd0c5ad1f02f816,Sistema de gestión de licencia - Subsecretaría de Transportes,140672,3333
a7925c7ee6674a30ae9f3f4045785095,Gestión Documental - Ilustre Municipalidad de Peñalolén,139152,33282
eb838855f2344f65a4c925df80cdcad5,Cero Filas SAG - Servicio Agrícola y Ganadero,138049,50292
ee1016d1de3347b79368186e86dfc2c2,DOM Digital - municipalidad de puerto montt,137743,11184
c63d7e67e1f8454386089193582563ea,Campus Virtual - Subsecretaría de Evaluación Social,133236,23980
f5d8ddb9e3924b09901a9ce38dddc362,Single Sign-On - Subsecretaría de Transportes,128967,16225
15a67718e1784a67bc978ca0dc6bc2df,Portal de Exámenes - Servicio de Salud Ñuble,128747,31627
e22c65a41fbf4ff689d49576ff976483,Candidaturas - servicio electoral,128216,37725
74ed652f9a9242c590651fe4cff0d492,Ingreso a Intranet UTA - Universidad de Tarapacá,128021,9500
ed07316d9d6344a9ab11e8a41fdc413a,NEXTEO - Subsecretaría de Transportes,127253,2493
c150a834cbcc40d09aeed2f8703f4dd3,Trámites Dirección Trabajo - Dirección del Trabajo,125966,72915
ad571b40258e4862b37b31fbbe2d8ab5,HOSPITAL DE IQUIQUE - Servicio de Salud Tarapacá,125088,23078
067325b206034a09a16597b6c55d26a8,Red Movilidad - Subsecretaría de Transportes,123604,87229
585115d181ea4a77bf361f06a32100ea,Senda Moodle - Servicio Nacional de Prevención y Rehabilitación del Consumo de Drogas y Alcohol,120887,36229
4ef0ced873174ee9afc306e414132c72,Carabineros de Chile - Cerofilas - Carabineros de Chile,120846,73093
c765193a11274b73b1ffa97efd6fbc3b,Servicio Único de Identidad - SMA - Superintendencia del Medio Ambiente,120338,26782
f2ad242297b04a5ea53ed2df4e5d71b4,Recursos de Reposición - Subsecretaría de Educación,120072,16237
34acd5e31fc14060a1a96777113872bd,Postulación en línea DS1 - Subsecretaría de Vivienda y Urbanismo,119626,83630
b34fe8a89b9a43189ec5be764c3b695c,Canales Digitales AFP UNO - AFP Uno,118372,94310
2ad4912955564809a967e35f45df29fc,Postulación Beneficios Municipalidad de Puente Alto - Municipalidad de Puente Alto,116341,35196
b785d3ec935248ff8a8fd358f7765463,Pesca Recreativa - Servicio Nacional de Pesca y Acuicultura,116267,81229
e9793e137f8c4928980c8de4aeb9e473,Trámites Senadis - Servicio Nacional de la Discapacidad,114863,34219
b2ace35bc76642f495f04addfca9e3aa,Plataforma de Cursos DDHH - Subsecretaría de Derechos Humanos,113969,41622
c2e3edc90e0542d7bd3cfece63a890e5,Registro nacional de Proveedores - Dirección de Compras y Contratación Pública,113458,89611
bca102f277434b31b59e4894d9eb5ef8,Plataforma SEM 2.0 - Subsecretaría de Desarrollo Regional y Administrativo,111610,30315
d44f2fafe10b4397ac7557cd13747bd2,RPI - MTT,111352,83823
a77e76b1e0eb4cc3ae3a1df547fbf4cb,Prácticas Chile - Dirección Nacional del Servicio Civil,110824,33313
c7d9f088b4be4e38924fcfa78a6b5496,Directores para Chile - Servicio Civil,108119,10840
4234d86a351e4a7e9ea293e33836ae45,Oficina Virtual DGA - Dirección General de Aguas,101737,28478
a4b6a99bdf274e679d55747b64987bc5,SIPA DGAC - Dirección General de Aeronáutica Civil,101162,23854
8c2eff865c5f40dbae0d6ccbc47e1d9c,Direccion del Trabajo - DIRECCION DEL TRABAJO,100264,2279
e5b8388e1275417395d526c566b0e1e8,Servicio Nacional de Aduanas - Servicio Nacional de Aduanas,99678,33438
26ce850e25c04398a2da12f4478e7597,Registro de profesionales - Subsecretaría de Educación,99531,42486
856e64720e4f47afa86454cee150efd5,Superintendencia de Educación Superior - Superintendencia de educacion superior,98116,18162
d6d4327ae40445518a3c8a6e62137cd6,Gobierno Digital Simple - Secretaría de Gobierno Digital,96260,37539
6f7b8ef5a7204c4b92d0ca778317d790,Gestor documental ZeCeroPapel - Servicio Nacional de Protección Especializada a la Niñez y Adolescencia,95941,3160
888fb026b62d4a75920fe44a0af43ad4,Subsecretaría de Transportes - Subsecretaría de Transportes,93356,38188
ac7a1bf135744666be846c5bffff7cc8,Servicio de Evaluacion Ambiental - SERVICIO DE EVALUACION AMBIENTAL,93347,31037
3752375735a74ae09881a820a0b7d394,Solicitud de Pasavantes Online - Servicio Nacional de Aduanas,93120,30169
e1669d0517f14a979d9a93159b4906b0,Agenda Casino - Presidencia de la República,92061,1127
f96bf82e56594a91b22b01e54f9608ed,Portal Paciente SSMO - Servicio de Salud Metropolitano Oriente,91313,30993
4bea51c8732a4b6d84a0f98b123d07c7,Autentificación de Honorarios Maipu - Municipalidad de Maipú,90132,5180
be46b88bd9c44871b3069ca77e9263c4,Mercado Público D. Jurada - Dirección de Compras y Contratación Pública,85175,73063
e6bf7c58bb194e02a900c24c8f3d7c5a,Escuela PDI - Policía de Investigaciones de Chile,84928,25146
e9c87bd5f69f4f86afe073f6e04f7d5b,Fondo Nacional - Ministerio del Interior,84261,15827
025eebbc74ba4738b90c87e459ea29de,Dom Digital Muni Coquimbo - Municipalidad de Coquimbo,83459,8801
ea62071feb644e4e81394dfa5c500ff3,DIPRECA2 - Dirección de Previsión de Carabineros de Chile,83322,37531
ac8fac68f21540539f02e8fd2a44f651,CapacitaSII - Servicio de Impuestos Internos,81732,40257
8c4b94e7835b495e90eeca57d62cd1ff,Intranet SEIM - Subsecretaría de Transportes,80753,3872
0e11736fc9c24dbea92c4f3a6453a160,,80294,40581
465d39a118f84dcca1751c69cccc4f3f,HJNC Virtual - Hospital Regional de Arica y Parinacota Dr. Juan Noé Crevani,79718,16956
d766af3638194588bfaa68f745e5b24a,Ficha de Caracterización Unica - Subsecretaría de Educación,79683,57001
081c2c9f062a4293ae6d23a5b30e7c3e,Visitas Guiadas - Presidencia de la República,76475,48940
449a0da4315e43c288dbc988ed92c7e5,Participación Digital - Secretaría de Gobierno Digital,75662,55574
a442d9a9874341e5bb5798efe5c4b5bd,Trámites Municipales - Municipalidad de Ñuñoa,74048,35167
117d6d62a9844fd38fdb5d53e5cbc844,TRASPASO DEL DOMINIO DE BIENES - Fondo de Solidaridad e Inversión Social,72336,56517
cce309a83d0f482a829a610f1695bfee,CNTV Denuncias - Consejo Nacional de Televisión,71351,55341
645a4f092abd49f0820b8a5507e3dea0,Sistema Servicios en línea - Caja de Previsión de la Defensa Nacional,69558,33256
24483936f5c8410da7be5e32f0b102ef,milicenciamedica - Subsecretaría de Salud Pública,68508,42955
78b147a9c73f4d6d8f6d1e0f0b082556,Afiliación voluntaria en AFC - Administradora de Fondos de Cesantía,67035,58727
80d8324451a74ae887a93c2bee8b5d3d,TRAYECTORIAS EDUCATIVAS (SPTE) - Subsecretaría de Educación,67033,19531
d8420be9114342368d9bc32882809746,Plataforma Atención Remota - Subsecretaría de Redes Asistenciales,66998,18264
55c1817c84554dc881bc439a4b00abed,Municipalidad de Colina - Municipalidad de Colina,66382,19630
be7886a9f72d472e8ef4f671a7526a1d,Aula virtual Sernac - Servicio Nacional del Consumidor,65499,30477
fba5ab8c38d3426492c31c99ad569bdb,Oficina Judicial Virtual Tribunales Tributarios y Aduaneros - Unidad Administradora de Tribunales Tributarios y Aduaneros,64409,5896
0f532ac1f05244948659dc3ba050d6cb,Subasta Aduanera - Servicio Nacional de Aduanas,64219,40165
c39e8d94c06848008c0f7db6d3708af9,Subsecretaría de Vivienda y Urbanismo - Cerofilas - Subsecretaría de Vivienda y Urbanismo,64219,41122
0a0b41b45e2143ad8d97436f8561b1ca,Sistemas Recoleta - Municipalidad de Recoleta,63925,2907
44568175e9ff4fdcb98cd4e9d368ce11,Sistema Integrado DAES - Subsecretaría de Economía y Empresas de Menor Tamaño,63863,25172
9c503a3a614d483f8feb0de5edd9a9ba,COMPIN Licencias Medicas - Subsecretaría de Salud Pública,63678,5916
9321fceaab9d4b7c8b8eca8e30b0654d,DT e-learning MiPyME - Dirección del Trabajo,60749,41183
a7a98dfdf4dd4a8fa248cae682395965,Sistema Informático Registro Nacional de Mediadores - Subsecretaría de Justicia,60071,4690
1ac9ef8b638c49d5a4eafceb1d6123b7,CECAPRO - Policía de Investigaciones de Chile,59248,22460
9fd20d626db942aeb4d84f9c475d3bea,Superir - Superintendencia de Insolvencia y Reemprendimiento,57982,16650
61ac1fc1e3c848728e8b665f185e2355,Concesiones Marítimas - Subsecretaría para las Fuerzas Armadas,57873,5237
671dca542e094f3d90cb15883bd89274,DOM Digital - Municipalidad de San Pedro de la Paz,57424,7809
a3d2f5bccc104cf6bdd3817c86236b0e,Sistema Ambiente Proveedores - Central de Abastecimiento del Sistema Nacional de Servicios de Salud,57111,3993
625c85747d2c430d8b68c06d2cab9566,Gobierno Regional del Maule - e-Process,56565,6020
c7898e94d376496db2a6d220f486db47,Sistemas Internos - Subsecretaría de Bienes Nacionales,54286,964
0fee9ea463cb4ae5b1f27bdf560dfbfe,HOSPITAL DIPRECA - Dirección de Previsión de Carabineros de Chile,53906,20811
500e21ae250c48c8b42452929d53ef90,SIAC - Subsecretaria para las Fuerzas Armadas,53832,16752
a6c534b36789447fbed6b8d4f60d3d1a,Tramites DEP - Dirección de Educación Pública,53763,19005
de90d8af20f547aaa9b3300c76251188,Postulación en línea DS49 - Subsecretaría de Vivienda y Urbanismo,53724,38977
17bc6bcbbeab4a1c9dfb8733bb2d3bf3,Municipalidad de Valparaíso - Simple - Municipalidad de Valparaíso,53084,22684
0062dc8c31ca4560b766f7063181eaab,SADOC - Superintendencia de Servicios Sanitarios,52577,19884
fdf0c4b762684098915b4fa4884af400,Subsecretaría de Justicia - Cerofilas - Subsecretaría de Justicia,51846,25089
1740ec3c032b413ab6e25807d399b71e,Clave Unica Externa - Subsecretaría de Prevención del Delito,51697,10139
061230af8491491e8777333096d1d6de,sise portal - Subsecretaría de Evaluación Social,51200,23882
6bcf44d8a73c473cb78f0cb92508a232,,50958,14792
449f058c212e48fd816264e10ee2d594,Agencia de Calidad de la Educación - Agencia de Calidad de la Educación,50411,13847
a1e58402627c49db99c9d1153686272c,SIMPLE CEROFILAS - Servicio de Tesorerías,50382,32889
942d80695ebe4218af105e03e6622f49,Catálogo CPAT - Secretaría de Gobierno Digital,50234,8029
b379e2d74fbd4c56bb80f5d3c3e74322,Subsidio Empleo Linea Protege - Servicio Nacional de Capacitación y Empleo,50077,37158
75beb592846a4eb3a6859376d1e1063b,Hospital En Tus Manos - Servicio Salud Antofagasta,50039,7033
21411e9ba57846ee958313d9f2f81177,Prestador Bono electrónico - Fondo Nacional de Salud,49981,43219
b9e3f79c40594953af24e9a43eba4e0c,e-Digital - E-Digital PKI SpA.,49292,41878
048ab3a7acb54da88960434d9783879f,Comunidad Joven - Instituto Nacional de la Juventud,49205,42470
d132edfeac8c4b9f8fb26216b2109344,Portal Docente Parvularia - Subsecretaría de Educación,48919,17983
1c6f1fdb9e7544aaac5f4daf9243ca1e,Sistemas Municipales - Municipalidad de Recoleta,48816,1646
ae5cbc3811f145059eb8c1eaa0209154,Fonendo Mi ficha clínica - Servicio de Salud Libertador General Bernardo O'Higgins,48064,14860
c722753dc30d4955bf86bcc13c25d536,Plataforma de remates en línea - Dirección General de Crédito Prendario,47687,13614
fdda06ec9a5b4f3aa2ac01e1778e074b,CNTV Play - Consejo Nacional de Televisión,47385,34529
ae09dafa2f8e427ba37c7a8afef6d154,HbvConnect - Hospital Base Valdivia,47356,13229
71ae9a1dcafa49fcb067a62563085b06,SIMIN - Servicio Nacional de Geología y Minería,47255,3787
a294f813367246da949865bdf8b03f7d,RPI - Subsecretaría de Transportes,46935,843
4f4d89fa8ce34da19ecb340c1d267a3e,Registro Nacional de MiPymes - Subsecretaría de Economía y Empresas de Menor Tamaño,46907,37815
b992e6a27eb249658efce6ca0cc286dc,Vumar - Subsecretaría de Transportes,45611,2676
463f33b89c2c4f13aa89f8f5d5096d6a,Extranet IMVallenar - Municipalidad de Vallenar,44585,825
ea2c0eb89a304770aa1c5a8c73d6e19c,Infocliente - Dirección Gerenal del Crédito Prendario,44538,13524
8b6597a56ec4424ca8d71fdfd2827ff9,DOM DIGITAL - Municipalidad de Curicó,44335,6330
527213d7d4294edebe57db0d54f838f8,Servicio de Salud Metropolitano Sur Oriente - Servicio de Salud Metropolitano Sur,44163,5123
309b72a99d154079a6ab5d23444fd7dd,Mordedores - Subsecretaría de Salud Pública,44029,7640
80a85cdf159a4ceea99c4025d1c03962,Inscripción y Actualización de Profesionales de Salud - Fondo Nacional de Salud,42606,20142
d9d5abd8143543189c1befef73999834,Fondos Comunidad - GORE Los Lagos - Gobierno Regional de la Región de Los Lagos,42397,5048
02503f327e89404185f0c2b9ecccea66,SUBDERE - Subsecretaría de Desarrollo Regional y Administrativo,41432,40320
a96e622271484df9b5df5d32e8d67c67,Epivigila Midas - Subsecretaría de Salud Pública,41205,4683
b8386b6963a4492db355f0f70be3a3e2,PDI Virtual - Policía de Investigaciones de Chile,38430,31487
f4f6e172b91843488456669f0e0dcc70,SIMPLE - Municipalidad de Puente Alto,37968,24118
dd53a3b5cb47459482a47afc5202b516,,37255,17074
f15bd4421f604ffbae3d627bef601546,Transferencia de Archivos - Ministerio Público,36667,5055
5e2119b5bbf846caaae1a57549740519,Cursos CCS - Servicio Nacional de Geología y Minería,36386,12039
75307209043c4f8ea213f03c65e2023c,Servicio Bienestar - Junta Nacional de Jardines Infantiles,36244,4668
c68583c7f0f3400fbc57c639a37ab30c,senda.gob .cl SIDOC - Servicio Nacional de Prevención y Rehabilitación del Consumo de Drogas y Alcohol,33459,2012
d5dac98442bb425ba884809990aa064d,Sistema Gestión Expedientes - Subsecretaría de Economía y Empresas de Menor Tamaño,33294,1893
a49e87f91f154bb2acaa6207553eff38,DocDigital v3 Cert - Subsecretaría General de la Presidencia de la República,33174,9520
f25d86b606d74e51b1d33695030d0618,SUSESO Contigo - Superintendencia de Seguridad Social,32162,13205
430f7e4799cf4b2581c70a60115bbbed,Ingreso solicitudes DT - Subsecretaría de Salud Pública,31797,7891
6d252a9b7f244a0180f6c2a1ff39d2fe,Sistemas Control de Extracciones Efectivas - Dirección General de Aguas,31766,4527
9a8b89a81b6a4af6a344229958ea3cdf,Registros Ley 19862 - Subsecretaría de Hacienda,31570,19865
8ccf6c97b6eb4670bafec186fbe64f85,Buscador de Jurisprudencia - Poder Judicial,31444,13928
16b1032179824088a8d42a4107c6a8f4,Simulador de Pensiones - Subsecretaría de Previsión Social,31317,25542
f9894051ee6e40ad91d0cd53b2a8efc0,I. Municipalidad de Santiago - Municipalidad de Santiago,31156,16620
006b85a984e94ce88ddb035ec01b2d70,,30814,12219
781903276b2548499891c4c91c5d278b,Enrollment Certificadoradelsur - Certificadora del Sur,30652,28321
053d749777c146699293b866ad8dcf25,ProChile - Dirección de Promoción de Exportaciones,30133,9785
79f61b8fe2f944999b3fca52a0e96ac9,Servicio Digital de AFP Modelo - AFP Modelo,29727,26595
c567f19e4b0b409491faa28b331bf1d3,,29687,9341
abd6ab0229c643338812eb3a1707c053,Gestor Documental Gore Antof. - Gobierno Regional de la Región de Antofagasta,29504,415
c7859ad3aef147d59939533663e482f7,Intranet IM Requinoa - Municipalidad de Requínoa,29333,858
edd15599b8d64e4585d58f953a6bd354,SIPRO ISPCH - Instituto de Salud Pública de Chile,29251,12967
13ca4adfb0904ccc93ceb07584706346,Sistema Vigilancia Integrada - Instituto de Salud Pública de Chile,29104,5316
03bd6e11bc9246339a1812eb74331dd6,Buscador de Juicios - Contraloría General de la República,28031,2270
dab6b8ce23604fa7b9ace2c2121d943e,Intranet MSGG - Ministerio Secretaría General de Gobierno,27783,854
21da73257dca4eb5bc4ba33b435c386b,Prestador Inscripcion MLE Natu - Fondo Nacional de Salud,27511,12397
014d8893e412439c9749d0638f97d91c,Portal Inscripción de talleres - Municipalidad de Puente Alto,27414,16246
42fe5e61820647849d3cda4c6141b8d7,Telecomité - Subsecretaría de Redes Asistenciales,27232,823
d69a36460b0c4bee9cdc5fd2f58e6a0e,SGMAULE - Servicio de Salud Maule,26856,853
2629fabfb8e7428bb34e3d4f43ffdc9b,Thomas Signe - Thomas-Signe Chile S.A,26574,22972
e9d3577612dd49c3b62b654e33dccefb,AutenticacionAccesoParaFirma - Certinet S.A.,26393,21377
c91e6fe86b214cba844a5b657d9fe887,Postulación PFD - Subsecretaría de Educación,26263,13000
9b8e5105e75b4d77a3e416729122b83a,Gestor Documental - Municipalidad de Coyhaique,26158,1058
0dfdb4894c0e486faae2751590db44b8,Trámites Online MBN - Subsecretaría de Bienes Nacionales,25852,17189
c41ab43393dc4726a332cda4062bd83e,CeroFilas Subtrans - Subsecretaría de Transportes,25768,12188
5ad019e5f0e445e8b37fc4ed60a3447c,,25544,7874
97c4ca6968044bd0b8b151e7d41ef060,Servicios en Línea - Hospital Regional de Talca - Hospital Regional de Talca,25516,10873
a1db7756e2d14a76baa79847773162a6,,25309,4438
9ae1d5e3444849079c80e1c1301ab45f,Registro de agentes culturales - Consejo Nacional de la Cultura y las Artes,25070,12482
3b57187382464f32918291f6e16004c6,SER - Subsecretaría General de la Presidencia de la República,24896,2639
cfa90dba533f41d6821aaecccdb0bfa3,Promoción de la Salud - Subsecretaría de Salud Pública,24797,837
cecfb3fb24f84dcd98c0601b70677adf,Registro Nacional de Pymes - Subsecretaría de Economía y Empresas de Menor Tamaño,24341,20005
2a1ad7012aa3426ab2592dd06689329b,dom-digital - Municipalidad de Valparaíso,24161,4860
d9cb616562904aa29dc667c21534d2e0,Sucursal Virtual - AFISAN - Armada de Chile,24071,4574
fd3219c7cb5545d4bb6dbdd651ce8f80,Sistema de Admisión Escolar - Subsecretaría de Educación,23942,20354
20437495fd8f4aba8625c73cde450968,SISTEMA RAFDS - Subsecretaría de Salud Pública,23921,3198
05877e8556fa4c0ca458d131265ffd99,SOLCIU - Solicitudes Ciudadanas - Secretaria del interior,23766,8912
162c7417de9b4554bcc6be93e006b7a1,Clave Única UNO afp - AFP Uno,23552,19470
29c30f56f89e411091836b8d999123ea,Dom Digital - MUNICIPALIDAD DE PUNTA ARENAS,23495,2843
56e402379e664e8e960b328f5ad9c21f,Sernatur RNST - Servicio Nacional de Turismo,23059,8568
b125b71f0bca4b1a8bf41976b744becb,Fondos Concursables - Gobierno Regional de la Región de Coquimbo,22981,3622
6a2251c68dba48659c46874d209b6c8a,CAJ Región Biobío - Corporación de Asistencia Judicial de la Región del Biobío,22171,11525
780fb7c030e043f7bd9f40ca4ab06bd4,App Funcionarios La Florida - Municipalidad de La Florida,22167,1149
9d0efa19edce400c900554f15da520b0,Portal de Tramites - Municipalidad de Lo Barnechea,22076,9712
e1ce4963b14f4377a473c48630795a8c,Chequeo Digital - Subsecretaría de Economía y Empresas de Menor Tamaño,21892,14966
988c06d4f97e4191bf7a7bc0d76bed25,Portal del vecino Lo Barnechea - Municipalidad de Lo Barnechea,21803,9751
e1a6055d78bf444e905bb069bae9b363,Registro de Acuerdos con Plazo de Pago Excepcional - Subsecretaría de Economía y Empresas de Menor Tamaño,21481,5537
91495aa8ded34aa793b84c80358e1f2d,Declaración Minera - Servicio Nacional de Geología y Minería,20962,2358
1c24539585eb4580bdffbf9765bd344c,Tramites Recoleta - Municipalidad de Recoleta,20796,8894
361255d70c09499891fecebec813f51a,Sobrepeso y/o Sobredimensión - Dirección de Vialidad,20668,2869
485565d518084d1db47ab1852149bf21,SIMPLE - Servicio Nacional del Adulto Mayor,20267,13680
35775a888bd84888a77eb42494d8e10c,Proddar - Instituto Nacional de Deportes,20236,2641
a53d759fed7840a1b00e8d903669e8a1,CasillaÚnica - Subsecretaría de Hacienda,20165,15788
9b9d3e3ece844158b34a416ddcfd686b,Intranet v2 GORE Araucanía - Gobierno Regional de la Región de la Araucanía,20155,187
b70997d473d344fca18eaef75018a665,Fondos Concursables FNDR - Gobierno Regional de la Región de Aysén del General Carlos Ibáñez del Campo,20046,1477
1eab1f316fa94a29bceec6dc6d84f0bd,DOM DIGITAL QUILPUÉ - Municipalidad de Quilpué,19919,4369
b87ec093abc248c3b26611916c50d5a8,Nóminas DIPRES - Dirección de Presupuestos,19863,1464
f83678e2b4854792a356c72a255c0da4,DomDigital Mun. Viña del Mar - Municipalidad de Viña del Mar,19692,4205
9899614f0851477e80bbe21a9a30dd63,DOM DIGITAL - Municipalidad de la Reina,19582,4975
fa2253c4c2274ef49d59c93e747deaa0,DOM Digital - Municipalidad de Coronel,19490,3195
d5467ebcfbbe45c3812623d33e609d18,Sistema Trazabilidad - Servicio Nacional de Pesca y Acuicultura,19394,11750
59dd121f53ac44ddb03bf52488eec671,.SCSE. - Subsecretaría de Hacienda,19250,972
d16fad3dcdb14d69b5d82776d09bb796,Sistema de Gestión Documental - Municipalidad de Villa Alegre,19226,1625
64b1afe9206b4eb885878aafb4be1dae,SISPUBLI 2.0 - Dirección Nacional del Servicio Civil,19094,7841
326e27c196be4490822e785c1dba53d8,Plataforma BVP - Subsecretaría de Educación,19027,5944
9f5eb34dc330412990d7da2fd1db9e64,,18853,786
a7698f4e2c9b4b9a950658038cbe6b9f,SIMPLE CEROFILAS - Dirección General del Territorio Marítimo y Marina Mercante,18825,10632
3322cab8a5164377ad7d8958407c68f7,DOM Digital - municipalidad de pucon,18283,2874
3f4344ca761e46d7ad97528d511e5566,DP - Universidad de Talca - Universidad de Talca,18232,4259
b604d9c8d263477ba41af4264639c206,Reserva de Estacionamientos - Municipalidad de Santiago,17875,7410
165139dad00243e695f7f3a695563ae2,Agendamiento EIVG - Ministerio Público,17862,523
30cee14d90f44924bfc69147c5f8b08f,Plataforma Atención Ciudadana de la Subsecretaría de Previsión Social - SUBSECRETARÍA DE PREVISIÓN SOCIAL,17666,16428
2b2dde6e75264744b964aa4057ab39ac,Portal Único de Acceso - Instituto de Salud Pública de Chile,17588,5623
daa56f929b2c4c61a04a016533364752,SIAC JUNJI - Junta Nacional de Jardines Infantiles,17519,14319
035b14f7f84242ef8ca0e78b0352777d,,17195,6251
b74e28e7c654439596ff3138dd422759,SIT SISS - Superintendencia de Servicios Sanitarios,17104,3651
68520857889c46ae98690cf6d0dfa26b,Matrícula en Línea - Universidad de Los Lagos,17100,8054
c5f58b408cee4b0ebf0cec74532175e1,Mandatarios Digitales - Servicio de Impuestos Internos,17076,15387
1510fbeac5394ee69a53cf64a7a093db,,16934,6023
7334b50fca124ff4a9a68bcb86eb3582,CFT Estatal Tarapaca - Centro de Formación Técnica de la Región de Tarapacá,16526,1661
83b5865df3ba4e0a9855e3af5a41f9aa,Municipalidad de Quilicura - Simple - Municipalidad de Quilicura,16333,12706
f6cb8c0dbd944629a3a6622ddecb6aef,OFICINA VIRTUAL DE CONAF - CORPORACIÓN NACIONAL FORESTAL,16223,2522
d78965c7cc7241de9494df4348e86691,Gestor Documental SSMS - Servicio de Salud Metropolitano Sur,16221,282
6ff654c360c240d38914fbc00a2193da,Agencia Nacional de Ciberseguridad - Agencia Nacional de Ciberseguridad,16115,7004
c0f3e7473b484dc3ae76ca33a93a164b,El orgullo de ser Gendarmería - Gendarmería de Chile,16000,9210
cd28f604c0b947398b97af66908be0b6,TDLC Chile - Tribunal de Defensa de la Libre Competencia,15995,3994
5aa6e3bc0b7f4c63b247ac04ca400129,Sistema de Auditoría Interna - Contraloría General de la República,15960,1939
3cccac159a4641faa67cfb64505d2ce2,Postulaciones ETA - Dirección General de Aeronáutica Civil,15877,6637
279bdc4889564edba8ec3d808a74db1a,docdigital - docdigital,15713,5700
27557c13181d45f296b31b69e6ee312a,Salud Tarapacá - Neo - Servicio de Salud Tarapacá,15656,523
dabfe6f5e1a543ba95bb0ee7c7d7f106,Web donaciones Ley 21440 - Subsecretaría de Hacienda,15541,4085
7fe316acf65941599252e923db155612,DOM Digital - Municipalidad de Villarrica,15533,2729
b76c0f6d1515407ca3360d2454246e8d,SISTEMA SIAC - Instituto Nacional de Deportes de Chile,15478,11162
ded6aff9dd654f30a10ed9602e2c6004,Portal Trabajador - ASIGPAR - Cámara de Diputadas y Diputados de Chile,15450,1800
55e045879c5c4db3bf493540d9dc0d17,Pago de permisos Especiales - Municipalidad de Antofagasta,15331,7600
c085a2661b404a8899f8a2ad597bd351,Solicitud de Rebaja de Patente - Servicio Nacional de Geología y Minería,15301,3641
5da266ab8604496a91de069694b067aa,aei - Superintendencia de Insolvencia y Reemprendimiento,15275,12220
1bc562c35b2a4313b0ed6b282b92d9a1,,15143,6571
aa9b7cc30b114da5a39e7a924fc5b69a,Vinadecide - Municipalidad de Viña del Mar,15055,10289
4f5940e87bbc4140af83b3f8c6aa4612,Simple - Institución,15039,7475
24ba5b2e0dda4b4f817596d9643f6786,Municipalidad de San Clemente - Municipalidad de San Clemente,14929,5501
b03b7030f1014eb2bbc31b681f8ae2d7,Control Presupuesto - Instituto Nacional de la Juventud,14903,192
1131b76bdb5f402dac9ae73e27c84697,OFICINA INTERNET 2.0 - CORPORACION NACIONAL DE DESARROLLO INDIGENA,14244,8408
1c6674fb58354d1cace2ed34e855434f,Portal de permisos de acceso - Subsecretaría de Bienes Nacionales,14229,5410
2ba6ef9107bf4a2ebd7c662f80966bf7,Intranet - Municipalidad de Puerto Varas,14139,455
8239e22a22f84527935fe0d66f5479c1,Portal de Atención Ciudadana - Subsecretaría de Telecomunicaciones,14016,9603
569c7b3055084660b7d89fe87a1d6d37,SIMPLE - CNR - Comisión Nacional de Riego,13910,5527
d95abeeed85d4796b30494c5f02ad0b3,IntranetGob SLEP Colchagua - Servicio Local de Educación Pública Colchagua,13355,1290
228ce6ed11d14e84ac2ae00cb5639515,Plataforma HSA-MSGG - Ministerio Secretaría General de Gobierno,13289,444
2400eeae20ee4cfdaaff2320521c3032,Catastro de Organizaciones de Interés Público - Ministerio Secretaría General de Gobierno,13227,7896
8c89546c8e524777bc61ee8b984e29e0,Intranet Institucional SLEPCH - Servicio Local de Educación Pública de Chinchorro,13138,2463
ebf829491615477a9a6fb6d24a4bdc90,Escríbenos - Presidencia de la República,13112,9256
b3b69f356f9a44459ac037463948159f,SAFIS - Instituto de Salud Pública de Chile,12846,3206
91db38a7754a48c7913292b4c2a5237c,Defensoría del Contribuyente - Subsecretaría de Hacienda,12587,8784
44db06efed134a91bffa7407f60d7979,Tramitación Eletrónica TC - Tribunal Constitucional de Chile,12421,6282
f6aab18a7d0947f08867efae57e7d5b4,ZeCeroPapel - Dirección de Previsión de Carabineros de Chile,12334,356
d410eee7fc814702af4ec62c1a64eefa,Sitio de Capacitación UAF - Unidad de Análisis Financiero,12301,2373
621f2d0c79d0499eb8e6a538feb08e37,SIMPLE - Gobierno Regional de Arica y Parinacota,12177,2128
3468d450481e44aaaf10e7c9b43ed7c7,SVIP - Dirección General del Territorio Marítimo y Marina Mercante,12166,1609
40dd6d22197543669fba285cd158079f,Dom digital - Municipalidad de Valdivia,12133,2469
81f1112efb014b568c2dbd217ad2407b,SSBIOBIO.CL - Servicio de Salud Biobío,11968,5416
5fc09a074d0d467c9bf0e1f0ee26ec45,Aula Previsional - Subsecretaría de Previsión Social,11955,6747
7d07ecb8e72f4eb1b69ceea29e91be14,DT-CapacitacionRRLL - Dirección del Trabajo,11954,7756
fa5ba41e22994a85a61679c50c4256c7,Formación Continua ACE - Agencia de Calidad de la Educación,11674,2775
713f93125f6242069f9df14b7988ec8f,BackOffice Tramites Jurídico - Dirección del Trabajo,11643,540
a2cc2c78fbc147c8b3238d1994bf5ba3,,11636,11376
331cb18d7d51484fb07794a30ddbef6e,Docentes para Chile - Subsecretaría de Educación,11597,8465
dba8547812f04f418c0faf8f1631044f,SSPA - TRAMITES - Subsecretaría de Pesca y Acuicultura,11512,690
1722474cbe3c48bdb06768c849fecbc3,ScanMevacuno - Subsecretaría de Redes Asistenciales,11464,11050
b14425733fe14d9c8e4746b2a1db8b99,Portal Pacientes Imagenología - CRS Cordillera Oriente,11318,4795
c9cc1239d83e41689ee3ac7d4586dd35,Portal Torres del Paine - Municipalidad de Torres del Paine,11286,2326
cc28da1df13d4147b5420ccc231a458e,Canal de denuncias - Poder Judicial,11232,10505
e49052056b49428b86e0e8972a273c89,Consejo de Defensa del Estado - CONSEJO DE DEFENZA DEL ESTADO,11087,5288
c939fa514ba044bd94d1697a733f8a84,Congreso Virtual - Senado de Chile,10983,9594
cc24befdf2774590868faf92c745d561,Portal de autenticación Cuprum - AFP Cuprum,10955,9650
7f72ceeda31b42918c9faec1c95aac99,Registro Nacional de Gran Quemados - Ministerio de Salud,10876,2187
0c9b4939dda942a09aff8e8b1db03917,Portal Paciente LIS - Servicio de Salud Metropolitano Sur,10846,3489
bc82f932b75d45728359269b4c43409d,Escritorio Digital - Gobierno Regional de la Región de Valparaíso,10703,160
d321bef8b95d4730b7825fd989165f59,Evaluación SSCoquimbo - Servicio de Salud Coquimbo,10624,2946
e69a86f37fa94bd6b766d7c09c973ade,Calificación de Trabajo Pesado - Superintendencia de Pensiones,10598,3345
c49c6441bb14407fb2697ac78505d2e2,Consulta Web Personas - Dirección General de Movilización Nacional,10471,6689
a3c2ead0fc68405f90176c9920439001,ceropapel - Municipalidad de Taltal,10395,202
954ca9eef0794ca7a9f08eec0b25ac5c,DOM Digital - Dirección de obras de la Ilustre Municipalidad de Lago Ranco,10294,1256
8da9d8af9600449089f527c248a96e4f,TramitesDCyF - Dirección de Contabilidad y Finanzas,10264,5843
5203dc45b8344a35a122f3446c13331f,SIMPLE - Servicio Agrícola y Ganadero,10053,5989
c99d1e702b8d4d969e6ac5007a9d95b8,portalpaciente - Dirección del Servicio de Salud Magallanes,9842,6033
71b4efe3a00344fb8390ddf3b17880d6,MPH Consulta Ciudadana - Municipalidad de Padre Hurtado,9742,6225
841ec603883c444691473efa7a657b01,Tramites SLEP Maule Costa - Dirección de Educación Pública,9610,3802
7a81c7130737421db33e3a98906958e2,SIMPLE - Subsecretaría de Relaciones Exteriores,9405,6579
6638e8be97b54a8a917c20284ee6082d,Consulta Honorarios - Universidad de Antofagasta,9325,1250
8ba6d7f9bb7445ff96ffd06af5fa8c1e,Gestión Sustentable - Servicio de Salud Atacama,9288,236
e97e596e2e0e4682937b4b8979328608,,9272,3907
b258f1526dd44491a4c3c3a7b57a8618,Mph Web - Municipalidad de Padre Hurtado,9108,5933
32ecc042ab1941e5b76b647607defb8a,Convenios Salud Stgo - Municipalidad de Santiago,9089,218
9b5aaa3a004344fb87124fb7fbc9f49c,,8985,5794
748b8272352c431486f41ef120bb0018,SIAC - OIRS - Instituto de Salud Pública de Chile,8952,4044
176fe485412740d589cc0f127dff0353,Catálogo Textos Escolares - Subsecretaría de Educación,8885,7753
9ad41e803fff463bac913cedefca7796,Servicio Electoral - Cerofilas - Servicio Electoral,8713,1683
c4864356edb540efa650502cef40c36b,Trámites - Servicio Nacional de Geología y Minería,8672,2644
8d84328b6ebd45f3b87f3b7467b746cf,Solicitud Enfermos Terminales - Superintendencia de Pensiones,8617,1219
7ed3e9e974dc459dbb5d5526953d17c6,,8589,3706
826da5c8e466448dbeb004b84fe78b65,SAGEC_ - Subsecretaría de Telecomunicaciones,8411,3158
6288c3b63bab4541826c680930a0111e,Municipalidad de Coronel - Simple - Municipalidad de Coronel,8354,5922
b3eb39eeec084dcd92806f5f6081e175,munimelipilla ceropapel - Municipalidad de Melipilla,8302,360
307ae22d54194dc797d4061f17c87478,Trámite en línea - Servicio Nacional de Pesca y Acuicultura,8288,5363
64fd691c30c04858ae676b882792bf41,SIMPLE - Subsecretaría de Derechos Humanos,8270,6032
d901924d294640abb47dd412154610c7,Intranet IM. de Coihueco - Municipalidad de Coihueco,8265,275
13ba077e1e654a54993e85f4fdfd2aa3,Formación - Subsecretaría de Salud Pública,8208,6994
fea91b9f08cc4f54a295711a70734a22,,8131,1433
5d23a1d87c58425e98816025d8157273,SCJ Single Sign On - Superintendencia de Casinos de Juegos,8082,3344
cc178caf99a14853bd1f5f4ebad1aaf5,Ze atiende - Municipalidad de Valdivia,8064,5292
0c94663f003341f285926fff9ef02495,Comunidad IMVallenar - Municipalidad de Vallenar,7880,1072
1e801411cdbd40aa92ad0dfc09000f69,Intranet Navidad - Municipalidad de Navidad,7830,273
d8f5e82ecd9b4b0daeab0eda294831f8,Portal de Aplicaciones INE - Instituto Nacional de Estadísticas,7757,6026
7e82063f16184d2497c1d9a81abe1925,Portal de Certificados UBB - Universidad del Biobío,7731,5539
cfc948365da84e26975c4f6726f1c30f,Primera respuesta a migrantes - Subsecretaría de Salud Pública,7689,461
33fd4a228dca48da93f5fceecf793cf3,Gestión Beneficiarios INJUV - Instituto Nacional de la Juventud,7624,166
d1451904c420442aba551070cdb221af,Fuerza Aérea de Chile - Cerofilas - Fuerza Aérea de Chile,7584,3398
fcba6a53824845da9d6330719f43a430,Intranet - Gobierno Regional de la Región de Los Lagos,7574,191
3ffa30fe60364b79817bfcee9ba39a64,Catastro - Subsecretaría de Bienes Nacionales,7496,4919
b2e6a9a525cc44cebd968cafaa44aebe,Catastro de Medios Regionales - Ministerio Secretaría General de Gobierno,7242,2235
ac8e668f620b403b9ccc6486c0e365c7,,7221,2907
7322ef3b7dad4763bd20d841251ff0b5,Salud Aysén - Servicio de Salud Aysen,6977,3255
374a9a2f750b45b0b6fcb95978f22039,Sistema FRIL - Gobierno Regional de la Región de Los Lagos,6932,196
05bbaa0671654c4c98093ce34d70d7a7,mbn-app - Option,6894,1954
7fb306ac5a6d4bbcb720e1de16336508,Escritorio Digital SISS - Superintendencia de Servicios Sanitarios,6828,154
c540003954c9411cbcf7836bdce30311,Sistema Gestor de Compras MSGG - Ministerio Secretaría General de Gobierno,6791,106
10bac435461e49aab9c5d368419bc681,Municipalidad de Valdivia - Simple - Municipalidad de Valdivia,6756,4780
70c26dae53774888aa5bdccfcf6aa387,Plataforma Vehículos MSGG - Subsecretaría General de Gobierno,6751,207
bd3b8d1829e145cda9c827f5e87af3d9,Trámites Online de MBN - Ministerio de Bienes Nacionales,6728,5998
35aeb700f6644ea3930101a0d9f4d1e9,Modificar antecedentes Adm. PM - Servicio Nacional de Geología y Minería,6688,2051
0380e726a53e4770ac2a9c8e94a0a0cd,Registro de Organizaciones - Gobierno Regional de la Región de Aysén del General Carlos Ibáñez del Campo,6653,1283
f72815499f1b4b018cd1792d91e81249,Servicios Populares Recoleta - Municipalidad de Recoleta,6588,97
006d384713634e34915490c02379b0a4,Autenticador INE - Administradora de Fondos de Cesantía,6574,1328
9e57f3868c2e44c5bb7f68029dfe1c7c,foros colaborativos CGR - Contraloría General de la República,6564,1263
dc6de3bf3d0b4f5b922935755194bea7,Simple - Secretaría de Gobierno Digital,6530,4598
16f26ac49c7c4fb4a1a936eae2a57426,Simple Andalién Sur - Servicio Local de Educación Pública Andalién Sur,6478,514
e2aeee593b9941ba91d65394bf4e63a5,Portal Ciudadano Cabildo - Municipalidad de Cabildo,6350,2027
4d03d39d09be4f3e8729c63f71edae8f,Dom Digital - Municipalidad de Panguipulli,6260,1294
c78861f80fa94deb89f1c5e255daa644,FED - Subsecretaría General de la Presidencia de la República,6163,5749
f95e14617a63412e90d346365976b74e,AUTOTEST VIH - Subsecretaría de Salud Pública,6068,937
e16bdf2168e144d396be917a93114bfa,Intranet Municipalidad Osorno - Municipalidad de Osorno,6033,434
295b6153828349ea914a9cda6020bafa,Intranet Licantén - Municipalidad de Licantén,6011,126
d7396a68ce174871a828310e28b57848,DOM Digital - Municipalidad de Maullín,5966,794
369ce6efd83a455abd5087022c81b7e0,Datos Abiertos - Subsecretaría General de la Presidencia de la República,5949,5103
9a7beac8dc0447bd97ba080b8be47feb,SISUBPRE - Subsecretaría de Hacienda,5942,258
9999b4e6b85c4300ab77aedbeb77e5ef,Participación ciudadana - Municipalidad de La Reina,5891,5052
78d2a80a1628414097285e5ece0cab12,,5828,3427
abf4698b03984acfb21f239abb1a3907,Tramites SLEPAS - Servicio Local de Educación Pública de Andalién Sur,5792,629
3acb5a49fb91402daf8693169bd11746,Ventanilla Minera - Servicio Nacional de Geología y Minería,5780,1332
35354aeaea2d493f80313847578e45be,Reconocimiento Oficial - Subsecretaría de Educación Parvularia,5739,2820
a75f04d8480f47a3a73d3b61be147ec1,Sistema de Receta Electronica - Subsecretaría de Salud Pública,5710,3549
364e8666ea5c424186bfdda989f186a9,Transversalización de Género - Subsecretaría de la Mujer y la Equidad de Género,5569,779
c6f7ed5bd4954356b00aac92c9fff41a,Transformación Digital - Subsecretaría General de la Presidencia de la República,5565,804
146626a8e3914f21958d0e28091cbcfe,aula.fosis.gob.cl - Fondo de Solidaridad e Inversión Social,5538,1823
4ba20a5e4a4e457c8597cb7bf7811f48,Fondo de conservación recuperación y manejo sustentable del bosque nativo - CORPORACIÓN NACIONAL FORESTAL,5518,2540
113bcf3fa4d04d64abbdd055953e4b17,Bolsa nacional de empleo - Subsecretaría del Trabajo,5512,5001
5af004a3cb1847c189f18042d1528923,DuplicadosBeneficioEstudiantil - Subsecretaría de Educación,5437,3043
4e17c79d1f864b82907e2beea80bb74c,Registro de solicitudes OIRS - Defensoría Penal Pública,5377,4672
5acc0aadea4f473baa44ef5887fad935,SSG - Comision Nacional de Riego,5290,303
34651a63c87e40abbe10694acce5edc5,firma.senado - Senado,5274,120
d75a71f2f142477c98c6844682f0ca6d,Sistema de Autoexclusión voluntaria - Superintendencia de casinos de Juego,5266,2331
76f7fe7d1a254857a6f6ba019cb2cbe4,Agenda Pública - Subsecretaría de Prevención del Delito,5262,4515
3d5eea82452d4e6e934d646f6506a341,Día de los patrimonios - Instituto Nacional de la Juventud,5192,3161
d66ded24eebc49c0966da852e278649f,Buscador Patentes - Instituto Nacional de Propiedad Industrial,5189,1542
9aa062d8f3ba45768e6f68abf2f3c2fc,Permisos de Obras - Municipalidad de Santiago,5180,2885
43c343dfece141d18c16ef26fca862c7,DOM Digital - Municipalidad de Llanquihue,5099,766
acd84915b6404811abacafb700801235,Consulta Prais - Servicio de Salud Metropolitano Sur,5062,4600
ac629fcfa07d472bb8e4fb89cbf5c029,,5027,2148
95299da5a5f449f09c2fdf131183b903,SIMPLE - Secretaría de Gobierno Digital,5010,2214
0f09709c70c441b59a6fe616f84a5302,Segundo Tribunal Ambiental - Segundo Tribunal Ambiental,4997,805
36222962d92d4755a78df51fd13f0433,Portal Municipal - Municipalidad de Vitacura,4984,2836
54d69d2bfc1d455185885b56eed7d514,Acceso ANiD - Agencia Nacional de Investigación y Desarrollo,4979,3398
be89c84ae27c40c3a5ee2840d95e5d5d,,4914,258
0e147b79eed04d78ab7440918ef65944,Sistema de gestión de causas - TERCER TRIBUNAL AMBIENTAL,4844,433
ae0a8c72888b42ecb09fb9f9dfb0df40,SIMPLE-CEROFILAS - Dirección de Vialidad,4801,1558
7c3210a64760404aac705328e751ebe8,SIMPLE - Municipalidad de Santo Domingo,4762,1254
729c07f6c16247e6ac27fb1aad47fa63,POSTULACIÓN FOSIS - Fondo de Solidaridad e Inversión Social,4733,4274
65a7c85f21154e9ab4ca00675da7bfa1,Dom Digital - municipalidad pedro aguirre cerda,4706,1297
48c00243a9b5493f80bc974209e0e41a,Calificaciones MSGG - Subsecretaría General de Gobierno,4683,530
440a0887178449a3a43e65954490a658,Plataforma para Pacientes HBL - Servicio de Salud Maule,4667,3038
79275bffd6514f5c826d1a34526c8326,Consulta Ciudadana - Ministerio del Medio Ambiente,4629,4112
efc2ff990ea34f39b9cc691bfe733130,Agenda Municipalidad de Puente Alto - Municipalidad de Puente Alto,4602,3550
1dc3c4426e8a47459c4bc157ee2e598b,Intranet-Municipalidad SFDO - Municipalidad de San Fernando,4597,375
38b4986e9b814e25a1c991e2fc0e04fd,Sistema Integral de Información y Atención Ciudadana - SERNAMEG - Servicio Nacional de la Mujer y la Equidad de Género,4567,4143
bb7b961b8217402ba67a13189fb92659,Portal Entidades Reportantes - Unidad de Análisis Financiero,4560,3138
fc7fcac5ebbd424eb5defba63155412a,Solicitud Constancia Digital - Servicio Nacional de Geología y Minería,4508,1365
e5fafa0edd9e4c4586cebde1b6858ccd,Sistema gestión convenio PIE - Subsecretaría de Educación,4464,1774
c4b75bc3a54a4376a7c3d0355ca9c8ca,Balance de Gestión Integral - Dirección de Presupuestos,4461,944
c6d39404d15c48b7a45e708f1cad4997,Solicitudes Ciudadanas - Municipalidad de Temuco,4438,3622
f738a88353104bfab9174aa8e0b3c94b,1TA-Sistema Gestión de Causas - Primer Tribunal Ambiental,4419,487
fce4a97cb2b9492db8d2203e3f9610f9,Sistema de firma electrónica - Cámara de Diputados de Chile,4305,66
bedb01e27b6646f2bc7db70aef869df9,Beca Concejo Municipal Castro - Municipalidad de Castro,4294,1279
6b126cf845144893948ee9b46d043a5f,DOM Digital - Municipalidad de Tome,4282,836
87d94dfe975543ab9a879aa82cd47d93,Formularios GORE Aysén - Gobierno Regional de la Región de Aysén del General Carlos Ibáñez del Campo,4268,1219
2cad72181d644ee4870bf5357def945f,Servicios Sernapesca - Servicio Nacional de Pesca y Acuicultura,4262,1219
27f896fdec904f5998b798799dd1e75f,SIMPLE - Servicio Nacional de Geología y Minería,4247,724
93742865f52a4caca1e7008be1c3d9b8,Sistradoc - Subsecretaría de Energía,4238,172
df28ab4cee16458d8bf66d7c75905dca,Intranet Curarrehue - Municipalidad de Curarrehue,4236,199
22d332745bc248f0a56ac5acc355698d,Participación Ciudadana - Subsecretaría del Deporte,4236,3916
28fe80c941844d5b9db20745a4272715,FEA cert - Subsecretaría General de la Presidencia de la República,4202,1167
55f13050939c44688cb1bb852199b805,FONASA - Portal Beneficiario - Fondo Nacional de Salud,4188,3377
e14510f75a2a488c98edf1c88b445540,Academia INE - Instituto Nacional de Estadísticas,4058,1205
beffd64a12234181acab4b675d4e7be4,Intranet nacimiento - Municipalidad de Nacimiento,4030,244
d153a909f976493a80fa3192b02d6a9d,Prestadores Cambio en la modal - Fondo Nacional de Salud,4018,3075
2ce33490b9694dd2ad533a7b48676114,,4011,823
aa69fbd8e191496bba9e456f934c76b3,SIMPLE - Servicio Nacional de Aduanas,3978,1592
00205f8dceca421a9cf184e0bfbf49fd,.:: Alianza del Pacifico ::. - Instituto Nacional de la Juventud,3949,3002
62e14f7307b349c3a04007133387d68f,Corporación Nacional Forestal - Cerofilas - Corporación Nacional Forestal y de Protección de Recursos Naturales,3949,1330
3f5b60933b964357b7cdc0c3077ae24d,Sistema Único de Reclamos PGU - Instituto de Previsión Social,3930,206
0bdc586df4b84f2596586ff1a197cbae,Mentorías - Postulaciones - Subsecretaría de Educación,3895,3104
fe447d5ca733434bbf33b0c6092787c5,Sistema OIRS MSGG - Subsecretaría General de Gobierno,3891,1600
4af122e5642f4b3caf3fed256a8c1ad5,SDE - Secretaría General de la Presidencia,3678,334
26d45fb4a0b7432a879306d74f77b966,,3652,1627
bb2c31afa5be4cd595085a55c2deec26,SIMPLE - Subsecretaría de Pesca y Acuicultura,3624,1147
fd154430867f46c0bb2fa5dece6af4a2,,3608,1444
496bbab1df6444cb9490051281608749,SIMPLE - Secretaría de Gobierno Digital,3593,2995
7d4d3c6b0e634206ad45d5d170659662,Portal de Participación Ciudad - Municipalidad de Lo Barnechea,3559,2806
da87b58c9a8245cda82014a16cf8840a,Sistema SIAC/OIRS - Subsecretaría de Justicia,3537,2225
349684cb570348dcbc127ffa323ec315,ULagos - SEI - Universidad de Los Lagos,3487,1153
56debc5d602b483e8a14bc5dcb591787,Portal Tu Municipio Municipali - Municipalidad de Mulchén,3437,2689
59eb3d7b277b45e8a38ba66d37469c1d,Certificado Capacitación - Instituto de Salud Pública de Chile,3418,2425
87f26673e7a94dbfbc2112a8a43d6c49,DOM DIGITAL - Municipalidad de Río Bueno,3386,693
4ceb7b9d70e14aa8af8e6a8397a78990,Superir - Superintendencia de Insolvencia y Reemprendimiento,3385,2510
8c6c59b9b6034ed18e22559a1d428e0c,PORTAL PERITO - Defensoría Penal Pública,3383,1954
49c8b832a3594706ae87a1676114ff06,Gestión de Recursos INJUV - Instituto Nacional de la Juventud,3370,281
c159dd12a04d43f7875c0d2454578af2,Gestor APS - Municipalidad de Santiago,3331,191
f62c9a57b0fc4355a33b3ceefb0952b3,Gestor Documental ZeCeroPapel - Municipalidad de Parral,3321,255
f67d7918294d46aeb4986ed33c36e3da,Municipalidad de Angol - Simple - Municipalidad de Angol,3268,2337
9728891232324c3cb03aa5382847d19d,,3261,590
08d57308f529458ea0f0dfe53bd17f13,Uni - Salud Tarapacá - Servicio de Salud Tarapacá,3224,2158
d737d0eb953546a79b478a6944694bde,Tribunal Calificador de Elecciones - TRIBUNAL CALIFICADOR DE ELECCIONES,3213,2084
ae5b803c779a4b38b70f9e4b6d33dc26,Sistema DocWeb - Subsecretaría de Justicia,3122,2453
68d4624347ba4cfc950a5b3caa1b0bdf,Comisión Nacional de Energía - Cerofilas - Comisión Nacional de Energía,3115,710
0c3aa19bae964431babaa2dc28988f59,auntoque - Municipalidad de Zapallar,3085,2395
e412fcc8376645b38b005dedff5bde3a,Postulación/Renovación Peritos Mensuradores - Servicio Nacional de Geología y Minería,3047,768
9bb388f483fd48688e9b1afdbd3fc1ee,SIMEF v4 - Subsecretaría de Justicia,3044,614
16931f2249a2478490299a34d7d966df,Concurso Microrrelatos - Instituto Nacional de la Juventud,2969,2308
ff285fb343284c5c98bae7c21bec6ff2,Comisaría Virtual - Secretaría de Gobierno Digital,2926,2755
9acb6edd4d7648ef9f7fee06afa0a3c5,Votaciones MSGG - Subsecretaría General de Gobierno,2921,2166
aeac2ab7f7da4d23859a9233ce012283,Superintendencia de Electricidad y Combustibles - Cerofilas - Superintendencia de Electricidad y Combustibles,2896,1638
648a73c3ab2a48b1ac046802df52be11,Gesdoc - Dirección General del Crédito Prendario,2825,214
12fbf29cc3ab474a8d3a1b2357dbb20b,Ventanilla OIRS Quilicura - Municipalidad de Quilicura,2824,1356
f11432fe52b7432fac77ee711e00de75,SUPER - Sistema unificado de Permisos - Subsecretaría de Economía y Empresas de Menor Tamaño,2819,1380
3fe452aaa8d34bc58594aa37cfec3113,ZeCeroPapel - Municipalidad de San Pedro de Atacama,2818,163
4d9bca5f968e4facbe42c7b7cdc678f0,,2815,293
503379eac0004ef3a6c2babdd8ba0834,Documentos Muni Lautaro - Municipalidad de Lautaro,2795,328
3d9c4d4193b14216b66d9a89221e5114,Trámites Parquemet - Parque Metropolitano de Santiago,2793,1508
47aa9e97586847beab9491320e05cdab,CRM-INDH - Instituto Nacional de Derechos Humanos,2780,1538
3ba5c4011c1e4608bee96d20e3fb9b7c,Resultados Hospital San Pablo - Servicio de Salud Coquimbo,2762,1612
7a44bf85c9cd4f7784716ae6c5b03a55,Innovación y Servicios Rengo - Municipalidad de Rengo,2730,2072
fe7e116315ea428dbf76475266cd09cb,Ejército de Chile - Cerofilas - Ejército de Chile,2724,1609
12fb421a8400464b989ba7560a71061f,Plataforma CCGE - Subsecretaría de Energía,2707,485
b07fa47ebb534814aab545ba70480875,Rebaja Patente Pequeño Minero - Servicio Nacional de Geología y Minería,2704,1415
b78f52bfe76b4a5990ef898a5e3ecc68,SIMPLE - Municipios,2695,1219
c42f4e4bd6884948b02fa54a322846c4,Defensa Civil de Chile - Cerofilas - Defensa Civil de Chile,2687,2082
680ff70fb0fd48f2881e01d9a870db45,Trámites MINDEP - Subsecretaría del Deporte,2664,2172
39efc8cccc114c25bf2da1413ecf51a6,Bloqueo de pasaporte en el Exterior - Ministerio de Relaciones Exteriores,2615,2220
07952a562f22499fa4ff126fbcbe1156,Intranet Municipal - Municipalidad de Diego de Almagro,2596,45
d74dd5aef8bb486e9a5a666b0317d989,Dom Digital Muni Los Vilos - Municipalidad de Los Vilos,2567,693
d91612995cfa4482ad9339125461285a,Usuarios Simin SNGM - Servicio Nacional de Geología y Minería,2560,1756
f6567acfbec84378a76ccc3ea2f78b83,Dom Digital - Municipalidad de Los Angeles,2550,710
34c81f4d34a044ba9546228ee514e7c2,DOM DIGITAL PARRAL - Municipalidad de Parral,2489,269
620c600471844207a3826707fe3e8e8e,,2480,389
734e900a3dce4c15b0ef316d88b09def,RECIMIV - Subsecretaría de Transportes,2449,775
1446806f433c4ef18d8afa256ac44850,Registro de Proyectos Mineros - Servicio Nacional de Geología y Minería,2404,961
1d19cc12dd314479b73f0294af8755d2,Sistema de Transferencias - Subsecretaría de Energía,2394,92
4754db520fae46a49ac8373cd57bb10e,Cert. de Indisponibilidad DT - Dirección del Trabajo,2382,1627
7c259594d95b42ca9d04984e739eaca2,SIMPLE - Secretaría de Gobierno Digital,2373,755
0fed1f352e78482888a1d501deb68593,Casilla Digital - ACEPTA.COM,2327,896
827449478e3f40b1aa36f146bc285aa9,Pacientes SSVQ - Servicio de Salud Viña del Mar Quillota,2323,1747
13a5ea248b85455a8efd253c17941884,SIMPLE - Secretaría de Gobierno Digital,2263,1400
7728a67576ea4aac8d66e397e5e8cb45,SOLICITUDES RRHH - Centro de Formación Técnica de la Región de Valparaíso,2249,138
f609bf430efa4a969806eece087c6601,Portal de Subvenciones - Municipalidad de Lo Barnechea,2248,987
914d81d2e6c548fb96124820816b6ce7,Consulta Proveedores - Dirección de Contabilidad y Finanzas,2236,1546
c1c8c9e0f9ad42b09261b62f523c8dba,Entrega de Cartera de Terreno - Servicio Nacional de Geología y Minería,2219,406
5cb622f7d39d4c06aa879b224170b552,Intranet Rio Claro - Municipalidad de Río Claro,2207,112
3760791dec7e4abcbaceba66c5560800,ImoDigital - Municipalidad de Osorno,2206,1697
91ec6f001c14494a87463fca5adc2bb0,,2206,1684
173651d19b3e492cb6c27f74b9b1fe7e,,2174,1839
a0fe946309f8462694add129b5ba4435,Sistemas de Gestión Energética - Subsecretaría de Energía,2133,315
0b721b7465a040609607798f002c8950,Auntoque Municipios - Municipalidad de Peñaflor,2100,1397
8ec14778e9c64330a291f1cf239d77a0,Subsecretaría de Transportes - Subsecretaría de Transportes,2096,1761
1006a34f43ad4c308f0a57736ffd4eeb,,2086,1267
9ae37e6ce6364b20943568c1994207ef,Establecimientos de Salud - Subsecretaría de Salud Pública,2081,1385
464e1e6fd76545548612d41bac094817,Arriendo en línea - Ministerio Vivienda y Urbanismo,2075,1879
901e9aa51edb4f06ac08977abdf388c1,Ficha Única del Deportista - Instituto Nacional de Deportes de Chile,2013,1013
64fc0ead31a1407796b68c310fd19c39,Simple - Municipalidad de San Antonio,2008,1534
428c343456d648018d7dcc75ac6c81d6,,1995,1058
f5d5e0df4a1849e684b6a0e7de25c6e5,GD CAPREDENA - Caja de Previsión de la Defensa Nacional,1992,216
74e8137eef1c4b5f8a3a358f4e8b5264,APPCAPREDENA - Caja de Previsión de la Defensa Nacional,1967,1177
60e6aea28c294af4822614682c0a316b,Tu Empresa en un día - Subsecretaría de Economía y Empresas de Menor Tamaño,1950,59
7570b454d53042d8a288dedf1347e7e1,Instituto Nacional de Deportes - Instituto Nacional de Deportes de Chile,1942,1510
6d52b87b5a964c61ad7e28afd9499f16,Mis Trámites CGR - Contraloría General de la República,1921,894
f26d1b7657924c61b3e519cbacf36c34,Resultados Exámenes - Servicio de Salud Coquimbo,1909,1591
12b208d73b2647a38bf2842b760a44f8,Mis Citas Salud - Servicio Salud Metropolitano Oriente,1906,1302
9ae55707cfcb459f9dcb36f8719d9cfa,Apolo Salud - Servicio de Salud Antofagasta,1904,1547
b2df2131754740578d280211e1658445,Apoyo Emergencia - Subsecretaría de Evaluación Social,1895,172
ad2e65e3efca4fc39f1afc932a1a400d,https://tramites.subtel.gob.cl - Subsecretaría de Telecomunicaciones,1880,888
110a2bfd22e848c28e1070e659069d19,TICA Unidades (TICUN) - Dirección General de Aeronáutica Civil,1826,856
0de1d45e2c4b467b990d180955a743bf,FED Apolinav - Academia Politecnica Naval,1761,44
3d3c82f8782f4108b4db407a3e114637,,1744,381
3fadd97a928a44a4a4a39d26d22ec580,SAFF - PORTAL DE PAGOS CONAF - CORPORACIÓN NACIONAL FORESTAL,1743,1511
139d7c635c204f25a8a191db570a1b6b,Superintendencia del Medio Ambiente - Cerofilas - Superintendencia del Medio Ambiente,1735,748
8fdce58a9049400f97f48848669e72f4,Segundo Tribunal Electoral - Segundo Tribunal Electoral Región Metropolitana,1724,827
9efe367ae2bb4ee0b09e28f7b30e76e9,Exámenes Anatomía Patológica - Servicio de Salud Viña del Mar - Quillota,1723,734
136c7b7db74f4354ae8721ced4db4e39,,1722,997
3235596265744d06b53ff9f6b5592f74,Contrataciones San Joaquín - Municipalidad de San Joaquín,1720,535
df18440e3a3c4bb597e98f79b636c19d,Sistema e-Voto - Subsecretaría del Interior,1717,1257
02fa254b6e77444da96cf2eb745513a6,ComplejoDeportivoIntegral-UTA - Universidad de Tarapacá,1713,302
94a173e825454026b73e540f562d254d,Solicitud de Rol de Exploración - Servicio Nacional de Geología y Minería,1681,436
1662923a038a417b9e3dafc6b2af6c0a,Listas de chequeo - Subsecretaría de Salud Pública,1653,1252
ac579f23fa48472da19b00916ca2915a,Convenios Institucionales - Consejo de Defensa del Estado,1624,95
6a20caeb9e2647d1978fd385efbada88,ACCION - Agencia de Sustentabilidad y Cambio Climático,1606,299
6eb9828de3db4c528be7976f7fc1d848,Simo Sernatur - Servicio Nacional de Turismo,1596,1018
d79e1235e359463180867d42f31f8e8a,SIMPLE - Servicio Local de Educación Pública de Punilla Cordillera,1574,924
2c82301b3057486f93755150c05fd5c2,Consejo Nacional de Televisión - Cerofilas - Consejo Nacional de Televisión,1549,1073
38b1da6834fe4bb7a788f608fba2bf4e,Masa Bruta Verificada de Contenedores - Dirección General del Territorio Marítimo y de Marina Mercante,1543,103
e083c42e867d40bb816776c6c0c43aa6,,1543,913
63a091009fcd4681aa25fcdf98cbc399,Portal Navidad - Municipalidad de Navidad,1539,1164
ee16e7c4f0164ce7bc7dc13f1ed7671d,Sistema FIC - Gobierno Regional de la Región de Los Lagos,1518,786
7f3b043b66334d12a3e14513e23c0e6d,Admin Ozerks - Subsecretaría General de la Presidencia,1516,897
07a84b1e783a4617a1b515c2dbab8c81,OIRS - Consejo de Defensa del Estado,1507,967
151290e5c9e641ab8b70cf2628c2c32b,Gestión de Causas - Primer Tribunal Electoral - Primer Tribunal Electoral,1503,656
2165ab21a33a463abb4b43ef8eb3da61,TER Valparaíso - Tribunal electoral Región de Valparaíso,1474,741
9c38d644320148d7a94a9a54f16e3431,Funcionarios - Fondos Comunidad - GORE Los Lagos - Gobierno Regional de la Región de Los Lagos,1443,240
58e5460affc14a828baf05a9fb53e6d4,firma senda - Servicio Nacional para la Prevención y Rehabilitación del Consumo de Drogas y Alcohol,1438,305
f72e4a859f8f481aa36ba517c9c57913,Solicitud Certificado Ley Radios Comunitarias y Ciudadanas - Ministerio Secretaría General de Gobierno,1430,1226
6a2f8daaddf24ff784c6b26f1ba5abe7,Intranet Torres del Paine - Municipalidad de Torres del Paine,1413,30
9ef5e5148a30437a89b52d1257e27135,Registro de Martilleros - Subsecretaría de Economía y Empresas de Menor Tamaño,1406,935
6c937e52183f4a39a47e23f9235a2133,Servicio Nacional de Menores - Cerofilas - Servicio Nacional de Menores,1402,1141
5c49175a68274210965ad3fe406ae249,,1393,259
d6aaaa2099844868bb6a77f7e9567c91,Portal de Atención Ciudadana - Subsecretaría del Trabajo,1376,1222
f5ddf6bc3a18481d81f25d40a2a56dd1,Fondo de investigación del Bosque nativo - CORPORACIÓN NACIONAL FORESTAL,1346,451
2b0800bc9fa0475eb3ca6540d70d7d6e,SIMPLE - Servicio Agrícola y Ganadero,1341,1238
05bbcc39408d4925bd9192ea9d333d67,Personalidad Jurídica OODD - Instituto Nacional de Deportes de Chile,1341,1116
ea2d056ab4444542a09e1efd01bc28f1,Comisión 38 bis - Subsecretaría de Hacienda,1310,244
13edcd85aeda4c3c8017658d2aa0db89,Concurso MET - Servicio Nacional de Turismo,1310,923
7334f42ed0d340a889f62fce2da4d7b4,Seguimiento y Supervisión FEP - Subsecretaría de Previsión Social,1296,58
fa520ad5c4b74b3dbfeaf4a9ca74dfe9,Formulario de Ingreso 40 Explotación - Sernageomin,1284,490
fc6d3941f7da4f9fad6366aa4f614547,Sistema de Información Geológica de Exploración - Servicio Nacional de Geología y Minería,1275,761
dcc8f54404414435aceae4b578ff1027,Contratos SNGM - Servicio Nacional de Geología y Minería,1268,705
f3da6bdb17764ec18651b6bb17eff9cd,,1268,220
58f532f36df74998b1f0ba5e821bd4f9,sfpp - servicio electoral,1250,119
8c2eb8e67ef94d048137a1d5f2fb82e2,Solicitud Rol de Explotación - Servicio Nacional de Geología y Minería,1243,443
8c81467d3661478f8f4587ed722b59bc,SIMPLE - Fiscalía Nacional Económica,1242,729
cf59ce6d984649d9bce8ea89a72dce8c,OIRS PAC - Municipalidad de Pedro Aguirre Cerda,1211,927
1605f4f57cb349c8bd87a4ddb146a150,Software IPAE - Servicio Salud Maule,1191,263
e01d64e5386b47359b7b7600b60fefac,SIMPLE - Ministerio De Hacienda,1179,591
a3d0c7adbd424742857d3f4117806e2d,Tribunal Electoral O´Higgins - Tribunal electoral Región de O’Higgins,1155,577
3d53606b24144d12b360d33834a62638,Sistema Control de Inversión - Gobierno Regional de la Región de Aysén del General Carlos Ibáñez del Campo,1151,25
b2c624489ac348bb9b8c2c324f67d6b6,Municipalidad de Renca - Simple - Municipalidad de Renca,1137,613
f41a2237ddab4181b63b4901e308a21c,Evalaución 8% FNDR - Gobierno Regional de la Región de Aysén del General Carlos Ibáñez del Campo,1133,31
5511a09519c5433eacb9e5911745d0ff,Portal Paciente Salud 5i - Corporación de Educación y Salud de Las Condes,1127,688
895228d1c9ac4b7ea3f2b8f88d049192,Plan Nacional de Derechos Huma - Subsecretaría de Derechos Humanos,1125,291
9f5eb417fa964273b018ee16d7f56a59,Firma Electrónica Apolinav - Academia Politécnica Naval,1095,735
6d89bb0e29674fd7a82f5c811db28f83,Concesión de Acuicultura - Subsecretaría de Pesca y Acuicultura,1083,191
fe77f0c6f69946e68cc69fc0b85e3ceb,SED - Comisión Nacional de Riego,1080,163
eea6fad186ca40d8886d8f6a9ebe891d,Plataforma de denuncias - Servicio Nacional de Geología y Minería,1075,652
56ce722fb1bc4fff935f5150ad1618b2,Infracciones digitales - Municipalidad de Curicó,1066,46
d7972d307b0b4c22ba073568758ec77e,Solicitud de Cuenta Simin20 - Servicio Nacional de Geología y Minería,1065,670
6a8618912ba54ba0a69372da4d320d99,salud digital sso - Servicio Salud Osorno,1062,888
873c9f665b45456dbc3499c26cc7d5a8,Sistema Integrado de Comercio - Subsecretaría de Hacienda,1058,276
4883fef2c1374bb78a92c0d9c6b50d80,Proyectos Voluntarios - Instituto Nacional de la Juventud,1056,649
7d713331f1404d66975919f9b9a5acf8,Donaciones para reconstrucción - Subsecretaría de Hacienda,1051,228
59f0c030fc0c4d29868b1730c25caf7b,Trámites Pelarco - Municipalidad de Pelarco,1033,688
b90c92160faa42ceb242a78de5d77570,Simple - Gendarmería de Chile,1023,610
7be34ebb265a4a7cb9ba796f4bab7aa5,.:: OIRS - INJUV ::. - Instituto Nacional de la Juventud,1014,926
e56493a7907640a5b3ce4c2ff89b246b,Cuidados Conectados - Subsecretaría de Servicios Sociales,1009,378
a4d06a3542e243aa967e7db159b6c3b9,SIMPLE - Secretaría de Gobierno Digital,1002,517
febb195d7a144f46b15eccafe5989b92,Trib Electoral Regional Biobio - Tribunal electoral Región de Biobío,998,518
6bddb0c0053249a8beaec43fa6ace4e7,Sistema de Personas Juridicas - Subsecretaría de Justicia,995,540
7c81c65396d04af4859a383bf7539b5e,Municipalidad de Huechuraba - Simple - Municipalidad de Huechuraba,971,552
8acd080d88c140e3b2e511ff841fd406,TER Maule - Tribunal electoral Región de Maule,957,503
3616e57471f54d9a9f56a28a61d07201,Chile Patrimonios - Subsecretaría del Patrimonio Cultural,957,768
9c6e69fd3a9f4b8d8123c11e37f2a673,Registro Nacional de Trámites - Secretaría de Gobierno Digital,948,801
cf305e7933b3468cad4d7b6ec7d10537,Tramites en línea UTEM - Universidad Tecnológica Metropolitana,944,641
f76ee0ae5c0d48e1a9589558830039bf,Esmeralda - SS Tarapacá - Servicio de Salud Tarapacá,931,782
7fe4160f75f34ec2843e6a18c6a631c1,IMPULSA INVERSIÓN AYSEN - Gobierno Regional de la Región de Aysén del General Carlos Ibáñez del Campo,916,409
c5b2bcb0a60e4900a094773e26c56c7c,,915,589
33aad758bece47b0bd610874b5a767da,Administración Proddar - Instituto Nacional de Deportes,889,75
99099978ed814bdca808785152fb1204,Monitor SSDR - Servicio Salud del Reloncaví,871,763
0e5c527472594de2a18f9499458695a8,Sistema Gestion de Horas CMIM - Servicio de Salud Metropolitano Sur,866,47
6c5d3eaaf29c4caa8327b87a6749d9dc,Ticket - Gobierno Regional de la Región de Aysén del General Carlos Ibáñez del Campo,857,113
8eb9649fa9924d30a8336ee6ecdee8e6,"Rifas, sorteos y colectas - Subsecretaría del Interior",845,400
8fa0c7395cc444169dab5c3e11dd63f2,Participación Ciudadana - Subsecretaría de Minería,836,677
d55521a57b174e51a911c4d8b842b71b,Subasta Aduanera - Servicio Nacional de Aduanas,830,769
0ab1e93ecead43d5a33693361dc212ac,Municipalidad de Estación Central - Simple - Municipalidad de Estación Central,816,506
07fd3e51932c4f9eb4419ca5813ea97b,,810,594
be467cde32ca4ecfaebbb13152dd05f7,SIMPLE - Servicio Nacional de Geología y Minería,805,269
da0938bcedaf423aa68ea86255b40d6e,API Receta Medica - Subsecretaría de Salud Pública,790,567
d6a3188720a441e0b88dce852c638269,,783,697
b2b6ee18cee746a8a706aad74e14adce,Revisor de Procesos SIMPLE - Subsecretaría General de la Presidencia,781,198
5b2dab60a7894c96ac90b92f7c673def,Aula Virtual Registro Civil - Servicio de Registro Civil e Identificación,778,227
2b27d60540534c228b2a3a29258b2797,Calculadora - Comisión Nacional de Riego,776,640
1b5fdca3c71b4459b737c40cca1ea3a4,Sistema Concursos de Obras y Arte - Ministerio de Obras Publicas - Dirección de Arquitectura,752,419
a6492a7a16c04977aaa576317d830688,firmagob.junaeb.gob.cl - Junta Nacional de Auxilio Escolar y Becas,747,132
011e11bb458d4c62950d7eeb3424bf0f,SIMPLE SAG DESA - Servicio Agrícola y Ganadero,744,153
a7b46fb6428d49cd86602a084e5a8ec7,Solicitud Patente Comercial - Municipalidad de Antofagasta,742,389
f565e6d3434f4cdbba360749b334380a,Sistema COSOC - Subsecretaría del Interior,734,461
c66a7703020a4a738545ee2314698a88,Encuesta EMPAE - Comisión Chilena del Cobre,727,107
e38bb08ad6bd455998658e1a6a89c117,Encuestas MSGG - Subsecretaría General de Gobierno,709,403
e69e4976db334e15bf4d78a108cfbc86,Tribunal Electoral Antofagasta - Tribunal Electoral Región de Antofagasta,701,352
31bb76de8e9d4fdfabb0d1c24bb5fc92,Descuentos Previsionales- IPS - Instituto de Previsión Social,673,51
86c1d2e1e3ca45f99b6e9e731027a38d,Tribunal Electoral de Coquimbo - Tribunal electoral Región de Coquimbo,669,297
eac5c2b716ae403682facded07cd01df,Presentación de proyecto plan de cierre de faenas (bajo 5.000 tpm) - Servicio Nacional de Geología y Minería,664,408
24ad6c6174aa4297ba6504be673e895f,,660,575
6797cd1f6826411b80d7265a424dbad0,DocDigitalv3 - Secretaría de Gobierno Digital,649,178
8ef24b903eb44913af7ef4c2c407fa1a,OIRS DIGITAL M.PITRUFQUÉN - Municipalidad de Pitrufquén,638,522
bc3d84eac06c443d98b54a8d8f48c452,Invest Chile - Agencia de Promoción de la Inversión Extranjera,632,366
42ff973452934d5bb8e19d962b666ef5,Municipalidad de Recoleta - Simple - Municipalidad de Recoleta,630,522
e9c6970149fd4170a4e403d441ffb0fa,CCHEN OIRS - Comisión Chilena de Energía Nuclear,627,314
75de3dbfbc6640b496c7ae4b291aad05,Ris Investigación - MDSF,623,321
5239be5b1ef54a5098f57f510fb49758,Tribunal Electoral Arica - Tribunal Electoral Región de Arica y Parinacota,616,361
dabf9a8d28ca4531a0768da271658282,Sistema Gestión Liderazgo - Dirección de Educación Pública,609,233
edc462cfae544faeac12a9473bfbb64f,Postulaciones Taxis - Ministerio de Transporte y Telecomunicaciones - SubTrans,606,427
5888cda8725c41a3b0c3f47332a15ac0,Formulario de Ingreso 41 Exploración - Sernageomin,594,432
fd8e04d04e07496aa9cbc9243b1fafb2,DocDigital v3 - Subsecretaría General de la Presidencia,593,42
ba7ef76387564e8394f471ac12c400ba,Plataforma SCE - Subsecretaría del Medio Ambiente,587,180
10af8f7212f145989661a1e4dc9cbe63,DOM DIGITAL - Municipalidad de Corral,582,212
226e1648bb084d1abb814f29da125d2c,SICE DGAC - Dirección General de Aeronáutica Civil,580,504
22826d4e95ea421a9a6eec0f272acc2b,Derechos ARCO CPLT - Consejo para la Transparencia,569,451
52a527e26bf140ea95ae99a72f981c91,Solicitud Rent a Car - Servicio Nacional de Aduanas,560,167
2eaf979d6d5745f0a2056ed97dab4af1,firma.senado.cl v2 - Senado de Chile,560,111
111473a515ef420197e4759462901f12,Acceso Municipalidad de Santiago - Municipalidad de Santiago,558,180
bb0fc38082264fe6b2fd94abb24ef205,,556,130
276278bee7694a94a3dbd6dabd0ff2c9,Compromiso Joven Comunal - Instituto Nacional de la Juventud,555,274
627ac9455953497b8a19f1996a74b1e6,Plataforma de Notificaciones Demo - Subsecretaría de Hacienda,549,125
289dffeecdf4446ba61c5647e359e250,Activaciones Regionales HDT - Instituto Nacional de la Juventud,542,519
3d38cae9405846168f3d24937c736246,ELEAM Chile - Servicio Nacional del Adulto Mayor,524,297
81e6742c521c4774b412c0e730409d97,Formulario Pesca GORE Aysen - Gobierno Regional de la Región de Aysén del General Carlos Ibáñez del Campo,523,222
d2781b971406416e9b8e0905a70ccb64,Portal  Ciudadano Municipal - Municipalidad de Santa Bárbara,516,466
720865f1a985416ca1076be43c145b34,SIMPLE - Simple,493,380
5ad352ce3df14e5ebd1ae86b28b95dd0,Sistema de Votación Municipal - Municipalidad de El Bosque,492,339
18aef0cbedcb41e297924c6756fb0270,Sistema de Gestión de Tramites - Consejo Nacional de Educación,492,98
6da42fbc36c14aa791d5a7145480169c,Plataforma de Notificaciones - Subsecretaría de Hacienda,488,138
c60f5fdef7774ef9a32ccf8eecb7e9b7,docdigital 3.5 desarrollo - Subsecretaría de Hacienda,465,75
14d18ddf0040428ba873810f3e64e7a9,Vinculación EF en APS - Subsecretaría de Salud Pública,460,440
1b868c47de5a428fbcf44999107e7d80,Empresas del Estado - Subsecretaría de Hacienda,451,66
c9a5882d5d4642c3be57c53824deb881,CPAT - Subsecretaría General de la Presidencia de la República,449,25
344f2a7e91d741f69c8e638468150260,,447,302
e3e6e477ab9b499ea03f1adbb253af7e,Postulación cargos TDLC - Banco Central de Chile,442,127
37d82ead5f304c2fa7a39f2b955a4b85,Portal funcionario Plataforma Conectad@s ChileAtiende - Instituto de Prevision Social,436,293
211572ab096c49e48aae49ecfe9df302,,423,409
89578284a7f748ce95f21a5003c7467a,Registro Voluntario de Contratos Agrícolas - Subsecretaría de Economía y Empresas de Menor Tamaño,419,141
7034b8a8a0fb447393ed547bc0aa8c99,HCC Pacientes - Hcc Calama,418,277
02ff62d651f240d9b0716df832ccf677,,418,293
5fb9916ea3a14aca8505c6606cdd9fea,OIRS CCHEN - Comisión Chilena de Energía Nuclear,415,307
ccced35f6e76450d8ee16b164b1478ca,.:: Concurso Tesis - INJUV ::. - Instituto Nacional de la Juventud,402,299
a91ddee6951c4908a50292b115a4ee9f,Sitcomex - Subsecretaría de Transportes,400,52
7bbedbef60ee482ea59999db5de21221,SIIPIR GORE-V - Gobierno Regional de la Región de Valparaíso,387,86
8b989744e1fa47959372c261c781e1f2,Sistema de gestión municipal - Municipalidad de Río Claro,383,40
08bc820b6600424fb6d35b6cb95ebafe,Gestiona Canal - Comision Nacional de Riego,378,95
bcc76e40db52490da3322ae4879f333b,Auth Municipalidad de Rancagua - Municipalidad de Rancagua,376,67
c50cee0429604f53a66a3f9a43c1e844,Catálogo digital - Subsecretaría de las Culturas y las Artes,367,194
34cf838b40e94c488922d01d382bb1a8,Tramites SIMPLE SLEP M - Dirección de Educación Pública,364,87
458e09eb496b452daf1509badbe3eff4,Portal PISEE - Subsecretaría General de la Presidencia,363,270
f9f791351c554034b397e4ee279c65cd,Codificador - Subsecretaría General de la Presidencia de la República,355,81
b653f6a96058491f9a69e181ab56b762,OIRS DIGITAL COLLIPULLI - Municipalidad de Collipulli,354,84
5b600ce327ca4aa3bfff3444e5b7cfe2,Registro de Persona Jurídica - Subsecretaría de Pesca y Acuicultura,351,79
df1d0d0f4d624fe3acf5619e65ae348a,,348,219
ecffa4a897c74ee9bc7e1611fe71b6fa,,345,299
38b58b830ccb4852b9fc797ff6ec2052,,339,92
4115b8d6a1b441249a960d9b37d6e317,Dirección de Fronteras y Límites del Estado - Cerofilas - Dirección de Fronteras y Límites del Estado,336,133
ef7f52e241e04cc69c0fad85a88599bc,Autenticación SII - Servicio de Impuestos Internos (CERT),325,162
8fa9086ac91a44859b6d03153535f837,OIRS Ciudadana SUBREI - Subsecretaría de Relaciones Económicas Internacionales,323,249
c6edd56c678d41549c72798816bcd134,Firma simple de documentos - Universidad de O'Higgins,320,222
9daf76d428b549b9899a504f4d5c6268,SISA - Agroseguros,319,114
e2eaf95c2e394dc588f1f5e272aff43d,ChileAtiende Test - ChileAtiende,318,303
2c3dc79f5e85499598d57ff71ff50fc5,Portal Acceso Unico ProChile - Dirección de Promoción de Exportaciones,317,277
b0aebbbbc3bc427998e17484137f6c03,SIMPLE - Secretaría de Gobierno Digital,317,151
a1a7160adf0d4d9a9439ad89eb284a6b,Plan de Acción Infancia - Ministerio de Desarrollo Social y Familia,313,290
403071ef174f4a3e81dc9ba909b6f683,,308,199
c272e6f5ad2b4e188cb4dc5684a6e208,Tribunal Electoral Tarapacá - Tribunal Electoral Regional de Tarapacá,306,144
f3091e08412847fd9f632c6befb20371,Tribunal Electoral de Los Ríos - Tribunal electoral Región de Los Ríos,299,144
a2c464127735401c9a740e6dc1391573,Oficina OIRS - Municipalidad de Lautaro,298,211
15fd49e7f00a4e7290700469cea0cfad,BackOffice ClaveÚnica v2 - Secretaría de Gobierno Digital,297,8
3f8e54628a0d4200a36f6cca32dba405,Backend Solicitudes Ciudadanas - Municipalidad de Temuco,296,24
33178a4b199a455884aaaeb2f1f2e65b,Comisión Chilena de Energía Nuclear - SIMPLE Cerofilas - Comisión Chilena de Energía Nuclear,295,43
c65bde3a822647f0ae22e5c64a65877e,Elige Carrera - Consejo Nacional de Educación,295,249
71f7c8bdd35144d0880e3ddde29f4a1a,Certificados Estudios Online - Armada de Chile,283,70
0b16baf91a78470b8a0d74b7f07770a2,Transp. Minerales y Concentr. - Servicio Nacional de Geología y Minería,282,167
f337a463ea764a44976bd50605ad727f,DocDigital Devel - Secretaría de Gobierno Digital,274,21
b610f798fbd04cd2a465409f23a94a08,Ministerio de Bienes Nacionales - CEROFILAS - Ministerio De Bienes Nacionales,274,196
feec029f33d24f19b1ac13bca61cfcc6,Renaico en Linea - Municipalidad de Renaico,272,206
e05706d1b22d4d5e9534daee71e618fa,MercadoPublico - Dirección de Compras y Contratación Pública,271,70
6f5e1451464f4ac9896a8c512d98d0e2,,269,117
191686e57a3e4b8994f63b7b4e90014c,Login Tienda - Central de Abastecimiento del Sistema Nacional de Servicios de Salud,264,106
e0ba093bf3bc407a98dc3a7ddf06aa60,gestor documental cero papel - Municipalidad de Doñihue,258,154
7f9d0d109ac24874abc6c40f0a612f90,,258,184
41d8ac8a807045d8b6a2c52d0b0012dd,SIMPLE - Ministerio De Energía,257,131
3e985df130404b099cede3ec73379451,SIMPLE - Ministerio De Economía,250,166
c78acca09c10486f851bf7a57b75631c,Biblioteca Digital Chile - Gobierno Regional de la Región Metropolitana de Santiago,249,228
d1b1fe0caf7f4d44950c116d8110cb55,Municipalidad de Cerro Navia - Municipalidad de Cerro Navia,245,44
9e7780d6eb774a749c6eaf6118d9d145,Presupuesto Participativo 2023 - Municipalidad de Arica,243,220
b6af2ea986fc444e9d303b3df76ab648,Postulación FRPD - Gobierno Regional de la Región de Aysén del General Carlos Ibáñez del Campo,243,85
7f57a9c1abe64f1a9680cd00567438bb,,232,13
b2e91d8c2b5f4e8a86f60b926fc93f21,Presentación de proyecto plan de cierre de faenas e instalaciones mineras de aplicación general (sob - Servicio Nacional de Geología y Minería,231,133
3005f0153a1f4b4b92dbdf4e8c9b3a6c,SISTEMA DE INTEGRIDAD - Dirección General de Aeronáutica Civil,231,113
dc87897c1e9e4991bea7f2e68feac69b,Ruta de la Pyme - Gobierno Regional de la Región Metropolitana de Santiago,231,169
a6c5f07248504e4ba64ae2fd8e69d225,SEA UTALCA - Universidad de Talca,230,200
6de4019d68244e96a735838c9a3858b0,Registro de consultores - Subsecretaría de Pesca y Acuicultura,227,92
2b909c28e164409b8257f26933848c05,Servicio Nacional del Consumidor - Cerofilas - Servicio Nacional del Consumidor,227,154
ffcbc3f955b4421bbad32293f6f12a97,Teleconsulta-Fonasa - Fondo Nacional de Salud,227,67
1ab33fcd51234bbba5c0f9779709f4f5,SIPEC OFFLINE - Servicio Agrícola y Ganadero,226,189
6301f20cf48c4845acb8931555321167,Dynamics SE - Dynamics SE,221,23
835c8e988d6f4afaa269f7a384c2981f,tramitesempresas - subtel,217,119
118b21468a084bb6b8bc7ccc5d962842,INACH OIRS - Instituto Antártico Chileno,216,160
fb74fb1e98d447cc875898434e8135bc,SigesPass - Ministerio Público,213,176
dbee8a741cc94268936d7054650fd1bb,Requerimientos de Compra - Subsecretaría de Energía,209,22
b1e9ec69f1de498ba6cb51efb2a113fb,Protocolo Vals - Subsecretaría del Medio Ambiente,207,38
a1b347d50adc4315b9d360f160c59a06,Bienestar GORE Aysén - Gobierno Regional de la Región de Aysén del General Carlos Ibáñez del Campo,204,95
1c75f27975cb4cce82fa820b72934002,Plataforma EAT - Subsecretaría de Transportes,204,50
2b43d47c87294e5db243e3515a2e3d34,,204,49
e491de2dff8946729d4a20b84c1103d1,Sistema Votación - Instituto Nacional de Deportes de Chile,202,189
ee4fd0c8a0294ee5a1c7755401e304f3,Consultor La Copiapó - Servicio Salud Atacama,202,188
93005bb4f9ab4e5b8aeca0d6b7e1511d,Formulario Entrevistadores - Subsecretaría de Justicia,201,173
2001f287b97944c6999676fdd2df7cdd,Dirección General de Aeronáutica Civil - Cerofilas - Dirección General de Aeronáutica Civil,200,116
23c0d744a1224c6e9c86c790bc606bc3,,199,114
51f3d5f6f2bc4bf39a5c9e4079971b4f,Autorizaciones - Fonasa - Fondo Nacional de Salud,197,143
45b449c51d2d46c18bde729e3314e67c,Municipalidad de Parral - Simple - Municipalidad de Parral,195,186
a0184360dccb433cb80deb1830c74ae6,Ministerio de Minería - Subsecretaría de Minería,192,50
cee98b6d669c4f7c9bde634407658c31,ATG Sernageomin - Servicio Nacional de Geología y Minería,191,95
509bec47f6f648fd8f994cb1e868bce8,Comunidad Organizaciones - Subsecretaría del Interior,187,127
74bb16b66fd745af80d7aa5cb545f8f6,Teleconsulta - Ministerio de Salud,186,100
5fb02a76ced04cacbe9bfac45533d82b,Ventanilla Digital - Servicio de Salud Coquimbo,184,167
831d2c606fb044fc98b3110a389c20c1,SIMPLE - Subsecretaría de Educación,183,178
9ee7b258cc1b40ada791646126bd9784,Premio por Logro - Instituto Nacional de Deportes de Chile,183,91
6537800c945f483e9472bbabc2f6b37f,SRCeI Soporte ClaveÚnica - Subsecretaría General de la Presidencia,181,8
90f303eadee14a55acbdd845f00b8062,,181,122
4efd4776920a4402ba2bdfcb5cc2eb71,Plataforma digital Acciona - Subsecretaría de las Culturas y las Artes,176,53
dfd2e183c6f74e8f999a94bfc72972ff,Fondo Educación Previsional - Subsecretaría de Previsión Social,175,135
fdb536768bcf4a55b66eada0b7605469,Servicio Nacional de la Discapacidad - Cerofilas - Servicio Nacional de la Discapacidad,175,147
054ba6a77789417db76ce1e604712484,,174,161
b7c2b83109814b95a9be2667e337fd1f,Municipalidad de El Quisco - Municipalidad de El Quisco,169,138
cf9f635066cc4f568e49c61638381b2e,Tarjeta Vecinal Fronteriza - Servicio Nacional de Migraciones,167,131
9a51032305784515a6b37516b717d912,Me Cuido Te Cuido - Servicio Nacional del Adulto Mayor,165,139
d6cf2b851517457f8ee24f42ab129458,Concurso de Ilustraciones - Instituto Nacional de la Juventud,165,140
4f11069dff674bb2b45b66dd0bfbb82d,Recupera.ULS - Universidad de La Serena,160,113
6ceddbb3ac314edcbabbe22047ffc6cb,Consulta Ciudadana - SUBREI - Subsecretaría de Relaciones Económicas Internacionales,158,44
2d623e1e711f4310a03bcd37145fa68b,Sistema Gestor documental - Municipalidad de Hualañé,156,111
87c178a995084f828621a9b238c2b127,,155,105
5e67ff1ca7f447beafc1284e8f8021c3,Mamíferos Marinos - Subsecretaría de Pesca y Acuicultura,153,62
31ce15efc43b4bbabf22d05b413ddc46,Hidatidosis - Subsecretaría de Salud Pública,151,141
52a69c24afb24da489ca2df0354c1636,,151,128
d0bb6506628a4f37bbee7e2aa4097b92,Fiscalía Atiende - Ministerio Público,150,119
79518a88e17c45fba68ad9b4e2290716,ZeCeroPapel - Municipalidad de Lota,148,92
95626b55570a4c5aaf9e3502a5c4ef65,,146,99
cbb4a10ad8d847fcb3448abb1b6cf0df,MOP-FEBOS - Ministerio de Obras Publicas,143,130
2f9ded193ab441239a729f4fbf883f40,Consulta de Documentos - Subsecretaría de Obras Públicas,140,74
06b2cb7fe2e848dcb2edb3f8c8cf8686,Portal IM. de Coihueco - Municipalidad de Coihueco,140,118
ccb0008ff3804c8c8ccb8fbd99548826,Comisaría Virtual - Ministerio de Interior y Seguridad Pública,133,93
6412c104fc4344ad90cd50ee079d8338,Registro Consultores - Comisión Nacional de Riego,128,100
c347aeab77a545a58a07bc77d5e4a9f7,Correos Masivos - Subsecretaría General de Gobierno,127,20
42ae0bec8c154946af91f4e523026b44,Índice de Innovación Pública - bid-local,125,101
89f465cbdf2e410b8eb669cdaf6633b6,Ley de Transformación Digital - Subsecretaría General de la Presidencia de la República,124,70
058fa5fa330a44009ea79e0f80a33caf,Portal Cuidadano SSMS - Servicio de Salud Metropolitano Sur,123,26
e56c6642c4174e18879062852eca4837,App Fomento Pinto - Municipalidad de Pinto,115,104
86cc3dc06f0b4db4aca94d37f008646d,Plataforma RIO - Instituto Nacional de la Juventud,113,21
ea10f317f0d745398552b151477aef8c,,112,70
87da54901083486bb174fca1f06ce402,Aula Virtual SENAME - Servicio Nacional de Menores,109,90
a5ce876e783f466daa4a9bccacd2fc0b,Portal Paciente - Complejo Asistencial Dr. Víctor Ríos Ruiz,109,16
34716c48361b466a9fa3d1bbcece2c82,Ministerio de Bienes Nacionales Plan de Licitaciones - Ofertas Online - Subsecretaría de Bienes Nacionales,109,34
bba1695dcf51463088d96fa6e93a4a63,Sistema de Violencia de Género - Subsecretaría de la Mujer y la Equidad de Género,107,42
0071e1295b934214acc2fb37569b7d20,ZeCeroPapel - Municipalidad de Curacaví,106,39
6caf4c7c95d84811bce4256a409a7ce8,Contraloria General de la Republica - Test - CONTRALORIA,106,28
2ae8cc41f0ba4330bfbc64172c113128,,105,98
c209165d6d644b8e88cf663c88da5893,Fomento ENAMI - Empresa Nacional de Minería,104,27
c153ae6cdb92435ab1cb9dfe6e8c3058,Declaracion de Patrimonio e Intereses - Subsecretaría General de la Presidencia de la República,102,102
5ad9f8025fff4c0bb966430f829553c4,Simple - CONADI - Corporación Nacional de Desarrollo Indígena,101,15
2f39ca736a2b4cb28163c7a9d8a74dff,,101,93
d607991e276e4098ba4faf90dce2a9e1,Expediente Proc. Sancionadores - Superintendencia de Pensiones,100,32
9a48b0e0bc8b4f4e8bb1ef78fbc01735,Gestor Documental - Instituto Nacional de la Juventud,99,41
525561e2446d40aabe6e142645167f75,Portal de tramitación LME - Fondo Nacional de Salud,99,65
9a221b8a913e46bfab46a9ffa8f6d38b,,99,50
b20d1485ce8a4bb480bf67127ce41ce9,,98,19
a623a934c32e42b48312a614ccfdf839,,95,7
3a71c6503e0a4f2db50866b08d642804,Portal de Denuncias - Subsecretaría de Bienes Nacionales,94,45
ebdc01aed2cd4839bad55c99f79a17d7,Concesiones Acuícolas - Subsecretaría para las Fuerzas Armadas,94,68
9323e2fd554b4bde80d4b25ec2676680,Transformación Digital (cert) - Subsecretaría General de la Presidencia de la República,92,11
54219274356748edbcc95dffe44b8a08,Microsystem - Microsystem S.A.,91,57
e85593238c824767a9dee817a5e31671,Mi ChileAtiende - Instituto de Previsión Social,88,21
ad0f030aedc44b3299ed8069d6bf99b6,Intranet Ránquil - Municipalidad de Ránquil,87,30
1add8b546b2e48a58abe78e04a2702ba,Participa GORE Antofagasta - Gobierno Regional de la Región de Antofagasta,86,48
643aee524dc242c8b25fdfb4c175db03,,85,25
419c1c78c35444c5878bbf010a247d5a,elección CAB - Instituto Nacional de la Juventud,84,81
d45a60c22ada4e1398498eb38446eb03,Atención Vecino Santo Domingo - Municipalidad de Santo Domingo,82,20
9d09abef270246199210391ffcfc2452,Mesa de Ayuda MSGG - Ministerio Secretaría General de Gobierno,81,10
72066929049d4fb9be97be599684ddd7,Crédito Funcionario - Caja de Previsión de la Defensa Nacional,81,23
e42dd4690ccb419d8fd84087809b2889,Ingreso FNDR - Gobierno Regional de la Región de Aysén del General Carlos Ibáñez del Campo,80,56
acb54f4a25f8437a9ad905c696065aac,SIMPLE - Secretaría de Gobierno Digital,79,44
1509622197a34997b6ecbbafdc53a5b4,Sistema de Evaluaciones - Gobierno Regional de la Región de Aysén del General Carlos Ibáñez del Campo,79,7
31ca0ff53b074d7bbf344c6ddf3abfe9,Formulario COSOC - Subsecretaría de Relaciones Económicas Internacionales,78,46
3613aeb208da42468549dea62c504889,,78,28
7b3827379e0a44729ed504c85ce47eb1,Municipalidad de Los Sauces - Simple - Municipalidad de Los Sauces,77,63
372aaeba12154913a4f4e8385fb1bf82,Formulario PNC - Subsecretaría de Relaciones Económicas Internacionales,74,37
62a08a230893468a861b8b7abfffdf25,Trámites de ClaveÚnica para Instituciones - Subsecretaría General de la Presidencia,72,42
0189b672c47f4ea2a836485db96fe94a,SIMORE - SISTEMA DE MONITOREO - Subsecretaría de Derechos Humanos,71,16
8a9f89bedf0940119071ed84f94c570d,IFE - MDS,70,54
c4ce664e8f0b4341ac5b00079f527159,Escritorio Digital - Subsecretaría General de la Presidencia de la República,70,35
338f907beec74662b31ae7208a3a29df,ZeCeroPapel - Municipalidad de Salamanca,70,22
64a47493be064546bd385b2351007b9d,Biblioteca Digital - Ministerio Secretaria General de la Presidencia,69,66
2a6057bdfbb6484fa91ddc2ce852d297,Plan de cierre de faenas entre 5.000 tpm. y 10.000 tpm - Servicio Nacional de Geología y Minería,69,56
cb5950c1b7934f18adc82d161da640ec,licitaciones - Fondo de Solidaridad e Inversión Social,68,31
82db9da73d1547e7824111f4eadf7da1,Haz Tu Tesis-Seguridad Social - Subsecretaría de Previsión Social,68,33
a7acf59f2dd74c599836c1a6cd719a76,Subsecretaría del Interior - Subsecretaría del Interior,67,62
ce6a59339b124bf3bf0dd048308b2267,Elección Comité Paritario - Instituto Nacional de la Juventud,66,62
dce62c3eb0c64f86852275ce5e3e623d,CMS Interoperabilidad - Subsecretaría de Hacienda,66,36
11c33605d0b64b68bd4295abcca6b899,Nuevo SIGEX - Servicio Nacional de Geología y Minería,64,18
b169192c478149d7a0c8baced4513d2c,Retiro saldo Cuenta Individual - AFC Chile,60,16
3186204dea404980b5bf5e49be20326d,Simple - Da lo mismo,60,3
9963de59629c454c9b3eb0d426338fcf,Sistema de Gestión de Reclamos - Instituto de Previsión Social,58,52
ea5fcb5c0a4746018fb722e1fa013455,Sistema de Convenios - Subsecretaría de Bienes Nacionales,57,10
cd70a115d69548e28bf973280856b465,MPH Administración - Municipalidad de Padre Hurtado,57,12
d6a08f6eb75645fb8c135e26dc161c06,,57,25
bee5ea2b5d904b97aa469c69baa46716,,56,30
0baeeffd57bd4885b75da18b20fedb1e,Sistema de Postulación de Fondos Concursables FNDR 6% - Gobierno Regional de La Araucanía,55,44
1f1e9708d7004f8c838ab1eba1d8460a,chanco.powerdocs.cl - Municipalidad de Chanco,53,15
13610e4f87104e489c9ce395c732021a,,53,44
26b4ed3b679045889fdc5539a4c2d4fc,Incautación de Vehículos - Ministerio Público,52,35
0b02bcb195c44928b02cb9d6e08b50f1,Declaración No Conflicto - Dirección de Vialidad,51,21
fb4e2a764a3547c4a3dad62f3c722509,OIRS Municipalidad de Cunco - Municipalidad de Cunco,51,18
7328f256ea16442b87ee2223eba94e2c,Fiscalía UTA - Universidad de Tarapacá,51,14
58cd425af1eb4f34bb5b1bbd483f2811,Documentos MSGG - Subsecretaría General de Gobierno,51,36
3e3aba346dd14d4997d80da96aec88bc,Portal de Datos PDI - Subsecretaría General de la Presidencia de la República,51,9
d9e8c113da1340f198d483e6307085c8,,51,30
1f4d401dc99f447fbea4ec4ef97a956e,Gobierno Regional de La Araucanía - Cerofilas - Gobierno Regional de La Araucanía,50,35
698f2aa947884e608b054a042169d1f7,Entrevista Video Grabadas - Subsecretaría de Justicia,50,46
100b9b00bcfb4eb8903a743893f2c3e3,,50,8
e167e735d93e4ce7ab8a6e0235fc7e68,Web Ahumada Fonasa - Farmacias Ahumada,49,24
471ee7cea7f6437aaaa9ed2a165e9c11,SIMPLE - Subsecretaría de Transportes,47,13
71c1b3c7c9a248b38339ef9bc12c449b,Registro de Goce Singular - Subsecretaría de Bienes Nacionales,46,41
316ddf2744304fe5b4042557a606b80c,Registro de donaciones - Subsecretaría de Economía y Empresas de Menor Tamaño,46,43
ab1834161a834ff19d692dccfb0e6d51,Plataforma Creamos de INJUV - Instituto Nacional de la Juventud,45,45
65e5b89cb8a94d5aad7f187e81042eba,Sistema ImposicionDesahucio - Subsecretaría del Interior,45,28
bac44cbe59c24c19b176aec408c418eb,Sitio Privado SITS - Fondo Nacional de Salud,45,31
868f1db98d35463fb1dd8e763cb68402,SIMPLE - Secretaría de Gobierno Digital,43,43
4e7de8bff7fd4c0ea79df7c339f6ca4c,,43,23
6feca12211ec49d1a6c8b657222438ff,,42,6
0dc2280ec9a145b09e9437a060c26812,Donación de Bienes - Subsecretaría de Bienes Nacionales,41,40
13cd47e6ddaa49d4b6d80b3a907dd750,Simple totems - Instituto de Previsión Social,41,38
1d322c450315498d8a800c3d78501b58,Formulario de Inscripción SNEC - Subsecretaría de Educación,40,30
03d1671692794427aebc67732337c3fb,SISREC - Contraloría General de la República,40,13
4fed7e1a61eb42e0b4d809ec0287b7a4,PAGO REMOTO UNIDAD CREDITO - Dirección General del Crédito Prendario,39,34
540fb3002e9a4dfbba0eaef070dd2f2c,Registro de Incorporación de Trabajadores Independientes - Instituto de Seguridad Laboral,37,32
6dae3b95daa5482b86deb64c905b95d2,,36,11
ff7045764d5f488d8cb595334492ef36,Sistema de Derivación de Casos - Servicio Nacional del Consumidor,35,22
9eda9c3545c14e6ca50118beb2d424dd,Plataformas - INJUV - Instituto Nacional de la Juventud,35,10
d28a1351a3ea4b6297d96e852e1fce56,Quiero Participar - Universidad de Chile,35,35
2994b5404866430f8331d3c3cbc44077,"p@y<""'p@y - Banco del Estado de Chile",33,9
7a1c994750d24f3bbc40a32000208f94,Sist. Gestión de Licencias - Subsecretaría de Transportes,33,10
1e48587d85de457c85bb7cd578e814c2,Hospital Digital - Subsecretaría de Salud Pública,33,18
cc2ac8faa699414795e1b174025527da,,33,24
57ef588b8cf346a8bdf0dc71fbc427f1,,32,6
eabc48e8978c48e0b2d723d1b38ed579,,32,24
c48448a9fe0b4a2d813d47252ee98b1d,CasillaÚnica Demo - Subsecretaría de Hacienda,31,6
ce8e2d0a566d4a0b844c1a0401162509,Validador de RUN - Subsecretaría General de Gobierno,31,14
1171191223234713bc823c2ba866a843,Oficina Virtual UTA - Universidad de Tarapacá,30,16
bc55fc87c21e47869f2c71d5773bc503,Comisaría Virtual CV - Carabineros de Chile,30,28
bad1ebf55ae145a0a37d44b7613c5cf5,,30,30
982c548630d742a5b07b7928159b4a50,Resultados PCR en Pudahuel - Municipalidad de Pudahuel,29,29
8047edb104d347bdb59f66284cc93dbb,FirmaDOX - FirmaDOX,29,7
37789749054445d1b64d1fdf9016d0a1,fonendo - Servicio Salud O'Higgins,29,15
1875d5df42ae427b9a48550951b25d4f,Universidad de Chile - Elearning - Universidad de Chile,29,28
2874cd0403124bacbbca5d563b7696bc,,29,4
5a9f6ccc7d1146ad9c769022bccefc82,Gestor documental ZeCeroPapel - Municipalidad de Chile Chico,28,16
dcf8ea7cbf18480f8e389c42d10471e0,,28,4
c06dcb061aed4e85bfb713760c77034b,RUN Back Office - Servicio de Registro Civil e Identificación,27,27
6420f4699e704603b90df684e30899b3,Araucania Apps - Gobierno Regional de la Región de la Araucanía,27,8
92cc198fd5a84779bf85498b7abdcb6a,C19 - Ministerio de Salud,27,21
126b81e033994798942689177c9ddb29,VecinoApp - Municipalidad de Santo Domingo,27,5
bd5faf691bc34f21a8dbaa32ec3b73e2,,27,15
8d005988eade43499a2aab12ad96a425,Intranet Hospital de Linares - Servicio de Salud Maule,26,7
517c8bf80d954ae0a9c3313be111089f,,26,3
89b4311fd8eb47dda51d55b82d12507e,,26,7
e8dce48cecf1475688190e2db25268de,Info Rendición GORE Araucania - Gobierno Regional de la Región de la Araucanía,25,10
0bde2938580e438ea12691b2c521b575,D-CODE - Municipalidad de Petorca,25,10
4dba7cd069114919ad0b914d1ea78893,Gestor Recinto Deportivo - Municipalidad de Lo Barnechea,25,9
1b7d593f42474e86b3a751c1050e1006,,25,11
df99c76de49b4375b9d83b9198e510b8,Portal Municipal Río Claro - Municipalidad de Río Claro,24,13
51c49a7b503c4f82b8ea85ebe14317da,Fiscalización 2.0 - Superintendencia de Insolvencia y Reemprendimiento,22,21
d1bc52adaa93475f998642138dc48ef0,SISFOR - Servicio Nacional para la Prevención y Rehabilitación del Consumo de Drogas y Alcohol,22,5
bd68b427b4094243a88519657e8404cd,,22,8
afc3acf6618d448d91dc104ab8814b11,SIAC Cultura - Subsecretaría de las Culturas y las Artes,21,9
0ced53360b2144438ae2d0fa3d7a81f0,DocDigital 2 - SEGPRES,21,19
7e5561dae0dc47caaa48c0ae714b8b2e,Mi Marca - Presidencia de la República,21,16
58590e2ddc024ebcbf03d1a772173746,,20,5
3cb014bbaea74610b3a5312c4169c730,Portal DOM en línea - Ministerio de vivienda y urbanismo,19,14
696679d8d2d44e329660c105aa436400,Fomento Productivo Tiltil - Municipalidad de Tiltil,19,5
85ba55dec21649689bd35398ce1c190f,Permuta de Inmuebles - Subsecretaría de Bienes Nacionales,19,17
4a7b21ebada84c12bbcefb86b3710dbf,Ampliación RPA - Servicio Nacional de Pesca y Acuicultura,19,17
95a360804f6a41df8222a6f34d4145bc,MBN - Postulaciones Online - Subsecretaría de Bienes Nacionales,19,16
9f1c9a1788f84518ba5e6986fbbc9115,Tarjeta adulto mayor - Metro S.A.,19,19
b8d236c0cd7443f3a6d95a271109273b,,19,8
e64136a57374446da54f48c8d1911267,SIMPLE - Secretaría de Gobierno Digital,17,17
9f5991a6cb1d47c79269e80ff93faa5c,DGD-SIMPLE - Secretaría de Gobierno Digital,17,4
76ffc753645342d3b16e6b08c7381df2,Fondos Concursables FNDR - Gobierno Regional de Aysén,17,15
68a30fa0447348e7ada2024a65ee8fb5,,17,11
4e45eb931c684f028b32613be6e7e6dd,Trámite IVA Exportadores - Subsecretaría de Economía y Empresas de Menor Tamaño,16,7
1b036219ed03481faa0c474f8e897078,Clave Única IIE - Universidad de La Frontera,16,5
691908497820458d9dd026255e11a5d3,MI PORTAL MINTRAB - Subsecretaría del Trabajo,16,6
7a47ee6b6e44432eb691bbbe3e1fee7f,Subsecretaría del Interior - Cerofilas - Subsecretaría del Interior,15,13
1b04c275b2c34bedadeb55f99eab2162,FED - Senado,15,3
1bf6735386a540d99e842a0d58e2bec9,,15,5
423c0056613f4ee5bc5a2b1544926ed1,Cero Papel - Municipalidad de Mejillones,14,6
6c96082f4bc847ab912bf61c23227df7,Tramites SLEP Iquique - Dirección de Educación Pública,14,7
794a5de926b543efa922cd96ef4a26d5,Seguimiento Planes Estratégico - Instituto Nacional de Deportes de Chile,14,13
75e4bc5796a04369beadc5d7982250ff,ZeCeroPapel - Subsecretaría de Agricultura,13,5
7b17251d8d30426b99ad6f8e2b641abb,Consultas RPTI CONADI - Corporación Nacional de Desarrollo Indígena,13,8
196039356ca44100887a55c6f2e9a2c7,SIMPLE - Dirección General de Aguas,13,9
059377ce35e742a6bb18d0e6bede872d,Agendamiento Remoto - Ministerio de Salud,13,9
7e3ed8b102654d3aa844a2dc9a7ac4b1,Portal Anatomia Patologica - Servicio de Salud Metropolitano Sur,12,7
551c6a1c674f493cb4d39f11a3997adc,Crear cuenta al Registro de Directores - Superintendencia de Pensiones,12,11
2580e28a865249599f6247c6999e9c74,Registro Compromiso Joven - Instituto Nacional de la Juventud,12,12
5dceaa277abb4bbebdefc6c813ddd207,Sistema Convocatorias SUBREI - Subsecretaría de Relaciones Económicas Internacionales,12,2
0482fc939f824bf1a45aaef905197e62,Registro Nacional del Cáncer - Ministerio de Salud,12,7
ae5dd79c8078404fa751c6a09730cc78,Incorpórate a Fonasa - Fondo Nacional de Salud,12,5
8a603982050b4cb38cf3a315c17b51d3,,12,3
1e70f90cd6394c54bb0948d4a56a4d89,Intranet Municipio San Rosendo - Municipalidad de San Rosendo,11,10
93f73246a98049c3b20500e32e5606a6,Registro Nacional Contratista - Subsecretaría de Bienes Nacionales,11,7
5377634374a94242a380f7e8918dba3e,,11,4
2ee5897678184e6ab06c6f6c544d655b,,11,6
a2ab3adcc1d142e7adbb76cfe8ef43da,,11,10
fd1941b6ab64480fa74d4e4a6c51f54a,Proyectos de Reducción - Subsecretaría del Medio Ambiente,10,7
35e5b458a8dd422a8d105dd26f27ca38,OIRS PADRE LAS CASAS - Municipalidad de Padre Las Casas,10,6
b64b55c3b73c44b9b843d24bcbb27c24,SEGEDOC MSGG - Subsecretaría General de Gobierno,10,8
e098e50a0f3f4576803c6d2c928afc45,,10,10
c345253d85fc49c6a305d0a6be2293ff,,10,5
95221aafd854445babe7c42b2b437a03,Clase Media Protegida - Ministerio de Desarrollo Social,9,7
05b7381cd2624b5f91a7cb5b3d3b339e,Tu Empresa en un día - Subsecretaría de Economía y Empresas de Menor Tamaño,9,8
a9c881f2281c4197aba45746ed7a7a22,ACV - Ministerio de Salud,9,6
acdc34e34b964946b70e164b5b39b90d,Bienvenido al Portal Ciudadano - Municipalidad de Casablanca,9,7
85f0545e36304467a0fbcc7c5a320f20,CañeteParticipa - Municipalidad de Cañete,9,4
11c1fed23cb24322bb2a02334af07e4d,DataWebSign - Soc. de Computación DataSoft S.A.,9,4
3ee7cde7ddb247979e2ef0311b751256,Portal Municipalidad  Requinoa - Municipalidad de Requínoa,9,2
1b67fbb6a43c4479ae3a6166b926e396,,9,5
a178600fe22e4b70aab50cf941d00e09,,9,4
a8c1faf06d5243f2bfb7a05e93b15058,Portal Ciudadano Curarrehue - Municipalidad de Curarrehue,8,8
f9620cd079fb40399e7ba514562056c6,SIMPLE - Tesorería General de la República,8,8
509249286e2448d4867d2694330c16d2,Registro de Acuerdos con Plazo de Pago Excepcional - Subsecretaría de Economía y Empresas de Menor Tamaño,8,4
a5825b9f31c746b7bbd1be4e85636e3a,Votaciones COSOC - Subsecretaría de Relaciones Económicas Internacionales,8,7
2bbb6c72fa074f568df6e82068ca0917,Municipalidad de Porvenir - Simple - Municipalidad de Porvenir,8,8
8f791e1ae18a42f8ae0ec7d03fbe5dff,Servicio Electoral - SERVEL,8,7
0096a501947348cdb259993b06bea9e1,STD MINDEP - Ministerio del Deporte,8,5
74fc3c9f53174a8fb476f8f54ee0c2c1,"SIMPLE - Ministerio De Cultura, Las Artes Y El Patrimonio",7,5
53c32903b02a42079feebe8991983190,Gestor Documental CNR - Comisión Nacional de Riego,7,4
70c9fcc9a5524494b62fad6ffe9733a4,Coordinación Donaciones MSGG - Subsecretaría General de Gobierno,7,4
0734f988446f47ae9668a9a58ca2d80c,Se atiende y Ze contrata - Municipalidad de La Pintana,7,2
9543f7cba93549f2b2428268b551b5bd,,7,3
d878a9b71bd6473c90e7ecf31a72f2f6,,7,5
78091463f5af4446b89763e207c9d73b,,7,6
9b973345ca7443199dcae2cc0c8ea17d,Colecciones de Patrimonio - Ministerio de Obras Publicas - Direccion de Arquitectura,6,2
6243e5b1b2ff4d228b046414bfa8aafe,CONTROL DE PRESERVATIVOS - Instituto Nacional de la Juventud,6,6
ff59b495f25c4392b293035897abc5d4,Registro Nacional del Cancer - Subsecretaría de Redes Asistenciales,6,5
36641925df854dd5aac232802e0a17ec,Decide Aysén - Gobierno Regional de la Región de Aysén del General Carlos Ibáñez del Campo,6,3
0e9b8e3e710b4525ae2d8376805bc683,SIAC - Servicio Nacional de Prevención y Respuesta Ante Desastres,6,4
228c5af24c4c476ea78e4c1189d322c0,Solicitud de Aprobación de métodos de explotación bajo 5.000 tpm - SERNAGEOMIN,6,5
fc12644f5114443884845052a193f028,.:: ACCESO - INJUV ::. - Instituto Nacional de la Juventud,6,6
6a4a942682334af8b035115675b265f3,,6,2
d701305f8fb54019ad127ebec04a07d7,Encuesta Clima Laboral - Carabineros de Chile,5,5
d0e9d2ddcb6741fab3ef5d82c9bf8c89,Sercotec - Servicio de Cooperación Técnica,5,4
fa2027afd7f945a3bbeee5aa63697446,SITIA Adhesión - Subsecretaría de Prevención del Delito,5,1
d57aba0e90384b20aca92e990e3cb39c,Relatos de Guías - SERNATUR - Servicio Nacional de Turismo,5,5
bdb0a36d715e4e96943c51ba4e0cc69c,PAGO ONLINE - Dirección General del Crédito Prendario,5,3
1d743609a5f44a34a6d4c0045557d149,ZeCeroPapel - Municipalidad de Nueva Imperial,5,2
47819e43ea0d4ac38c0aa19d95d9cc0d,Convención Constitucional - Universidad de Chile,5,4
eedb69879966484fa0e1453188daeeb3,,5,2
52f0e0f15eed406bb9d4ab573a997582,,5,4
9281cb79e9ca437ca9a4d8ac0b748cfd,,5,2
33190a58ccf24123bc379954e081d60b,,5,3
f06ee509ce99497fb236ed84f0835d00,auntoque - Municipalidad de Natales,4,3
f17b909b1fd14b01a37765406c223c29,SERNATUR Patrocinio - Servicio Nacional de Turismo,4,3
10869c2316aa4dff8ff857a3aca9b0bb,Encuesta Mujeres Valiosas - Casa de Moneda de Chile S.A.,4,4
24e11daf6c084639b14ebba7d4908266,Simple - Gobierno Regional del Maule,4,3
3123d0bd951045f3815c9e15d1039de9,SIMPLE - Departamento de Extranjería y Migración,4,4
93fbf77209d842c5af4840bcdd959a0b,Ministra - Subsecretaría de Bienes Nacionales,4,3
dea98caddd9b45cd8cd39fcaaf6a5f36,Telemedicina Saludablemente - Subsecretaría de Salud Pública,4,1
6445f2899a224f22bad60c31fad06703,Formación Agentes de Cambio - Instituto Nacional de la Juventud,4,2
6aa8a534e36b497f8a29c0ebf5f4ef50,Gestor documental ZeCeroPapel - Municipalidad de Vichuquén,4,4
d1aa13c2a5604e0c863f951632d92969,,4,3
134e121276de4b5a9c36a9760ef0e044,,4,2
0185268ba8fc428a8cd80c3bc6844909,,4,4
38e9d0550f6842cea999ba69b421094d,Procedimientos Jurídicos - Instituto Nacional de la Juventud,3,2
e3bce80954864ccaba71ddb6697bed0e,Sistema RegistroEventos - Subsecretaría del Interior,3,3
902b942268e4467d93f5515bc38d0848,Acceso Unificado IPS - Instituto de Previsión Social,3,1
b0ba55dce60b40c792e54dc50d35af76,Gestor documental ZeCeroPapel - Municipalidad de El Bosque,3,2
97b8b2e1c99e417cb891f653e7f874dd,Chat Salud Digital - Subsecretaría de Redes Asistenciales,3,2
d275b47436ee4358afc2761ffda92c18,Gobierno Regional de la Región Atacama - Cerofilas - Gobierno Regional de la Región Atacama,3,2
48efdf15c8c74cec9e9b09e341707e0b,ZeCeroPapel - Municipalidad de Empedrado,3,2
d1478f8f5db14976a2685ffc160908fe,Municipalidad de Maipú - Municipalidad de Maipú,3,2
e0c87bcdad8648f48a779abe012b4401,Portal DHP - DIRECCIÓN DE INTELIGENCIA DE CARABINEROS,3,3
fc731733e4ea4015b53c20078d440dce,DocDigitalv3 Stress - Subsecretaría General de la Presidencia de la República,3,2
32b77c2c25bc41c2a2bbdbed43b42cdd,Araucanía Participa - Gobierno Regional de la Región de la Araucanía,3,3
7cb4fd755d6747d4b31e87e6972ed297,Portal San Rosendo - Municipalidad de San Rosendo,3,3
7c572320a289430eb84ea974a86e4883,PortalLicanten - Municipalidad de Licantén,3,1
dc5a5e48fe82424fa56918804645c1c9,Trámites Cauces y Drenajes DOH - Dirección de Obras Hidráulicas,3,3
d6419e3cc6494dfcb0b2651bbbadb81e,Registros OTELLO - Subsecretaría General de Gobierno,3,3
8198669878224a47b743149ad102e0a7,Declaracion Jurada - Dirección de Compras y Contratación Pública,3,3
cf2523621e474ed1bea4b24cae6e4d50,.:: Campus INJUV ::. - Instituto Nacional de la Juventud,3,3
fca77c84280b4a189ca67c9b90b0979c,Oficina de Partes ANID - Agencia Nacional de Investigación y Desarrollo,3,3
35091edbf7b546129807dbb0add0cc46,Fondo de Solidaridad e Inversion Social - FONDO DE SOLIDARIDAD E INVERSION SOCIAL,3,3
41909128f74f45cbaa066abfca9751f9,,3,3
5f6e4e8b9e3c42c8a0a745f690185481,,3,3
b4f25806a90147338fbd76eb1d5d7b37,,3,3
38c05b22ba7f4b428e3fbc3d66ca96e2,,3,3
4f1641397d274244946e5996c726a4f1,Municipalidad On Line - Municipalidad de Curacautín,2,2
3b11a2711ea44367b7ca972878b7803c,Subsecretaría General de la Presidencia de la República - Simple - Subsecretaría General de la Presidencia de la República,2,2
d05c2d095a0f49df91ee5136d8a73da6,SIMPLE - Corporación Nacional de Desarrollo Indígena,2,2
f2f5dea7cd634410a624f5a412ef0598,Subsecretaría de Transportes - SUBSECRETARIA DE TRANSPORTES,2,2
9a7f10b16366422cb336db617e2ea0fe,DGD CeroFilas - Secretaría de Gobierno Digital,2,1
f5db09caf5a34ae79efd09b1f7beb429,Bono para Trabajadoras y Trabajadores Culturales - Subsecretaría de las Culturas y las Artes,2,2
2535dfe9e2bc49a4a6eb2fad3ae6a512,PAEXv2024 - Dirección General de Movilización Nacional,2,1
8317f9c3e15b4702b40aea154ce9488f,Fondos FIC Concursables - Gobierno Regional de Aysén,2,2
21aaea492a294d48b7615bac94ab1c2b,Backoffice de ClaveÚnica - Secretaría de Gobierno Digital,2,1
98b87d514c26450788fe9fb10ad3a627,Plataforma de Seguimiento Ley - Subsecretaría General de la Presidencia de la República,2,2
702cd2e7025a4fa78058435cb93f0cf1,Invierte Turismo - Subsecretaría de Turismo,2,2
b6090e4d28ef469a9625f1105df6c13c,Repositorio Documental FOSIS - Fondo de Solidaridad e Inversión Social,2,2
296d9d14323f49338cf17cd7dba02927,Sitio de Trámites de INAPI - Instituto Nacional de Propiedad Industrial,2,2
b640048c801144a983ae56ebff744ba1,SIMPLE - Dirección de Compras y Contratación Pública,2,2
dfd8629588744588b72e351c6c1780e6,.:: Tarjeta Joven - INJUV ::. - Instituto Nacional de la Juventud,2,2
99ff080b71b44cb78b29deff38b87061,Reservas - Servicio de Registro civil e Identificación,2,1
74a7eae10db94a86889c21da35d8c713,Login Centralizado SPD - Subsecretaría de Prevención del Delito,2,2
1b8f5064277d4a98a1ce0b7e1db5457b,Monitor SSChiloe - Servicio Salud Chiloé,2,2
c6e2f067601a4fcf99aedb27b6c47d3e,,2,1
5efb1d8b8c0a43648a76df90ff6f5c82,,2,2
0de3dbcffe1c4850b94d9b9e9ff36df7,,2,2
7d8cb44a0eef4437bc5721e96605cd17,,2,2
ac74f6085bfd4a11a8f4fecb4b3a46bf,,2,2
97130a1e032c4dc7a90c7f327d9257c4,Gestión de Compras - Instituto Nacional de la Juventud,1,1
f3e1888670ba42fb85ea77459e2fc7cc,SIMPLE - División De Gobierno Digital,1,1
84487053f3a34f81883bc3fd388fda00,Registro de pasajeros - Subsecretaría del Interior,1,1
e13a8aa3241b4b7682650b9ae4ce423b,Comisión Chilena de Energía Nuclear - Portal de Trámites Digitales - Comisión Chilena de Energía Nuclear,1,1
f197642c61c749f0b2e22ea21ff7f1b9,Consulta Ciudadana - Universidad de Chile,1,1
88cd3a23a6b049bcadc23c30e7bfaec6,Vive tus parques - INJUV - Instituto Nacional de la Juventud,1,1
8f12907d9b294998858eb938e5268791,Lo mejor de ser joven - Instituto Nacional de la Juventud,1,1
4fe1997e335a42bebada2226c38050dd,Aplicativo Licencia Digital - Subsecretaría de Transportes,1,1
acc8353f6165457799aaf835442eca85,Servicio de Salud Metropolitano Oriente - Cerofilas - Servicio de Salud Metropolitano Oriente,1,1
7708f1a7fbe54e26bc6f69ebbb799a8e,Rebaja Patente No Metálicos - Servicio Nacional de Geología y Minería,1,1
d6c09864925a4ed5beb85269208a7a0d,Tramites S.L.E.P Valparaíso - Servicio Local de Educación Pública de Valparaíso,1,1
d570ef7a66684135be218b3a5681176d,SISTEMA DE ATENCIÓN DE CONSULTA - Comisión Administradora del Sistema de Créditos para Estudios Superiores,1,1
73e7b5a0c9d94dd48a8a932b2db2efc6,Direccion General de Movilizacion Nacional - DGMN,1,1
31e35cfbfff248299914aa685ae4ac1e,Cuenta Emprende - Cuenta Emprende,1,1
bf71a0052a49481882e77b3f7c7663fd,Registro Atencion Instituciones Externas - ChileAtiende,1,1
dd32dd54eaf74bea922e2284cd6e2f81,CONADI - REI - CONADI,1,1
c6c0e0151ecd46939d46692130b2c06a,Auto Reporte C19 - Subsecretaría de Salud Pública,1,1
c7eb138e22c24689ba271bd5ee9ed8dc,prueba meipublico - Casa de Moneda de Chile S.A.,1,1
1a23edd8603542e9bef8d3d29d11d8f0,ACTA DE COMPROMISO PROGRAMA - Fondo de Solidaridad e Inversión Social,1,1
9bc53cf8cf2249cb8eedb7f048f1a6bc,Ceropapel - Subsecretaría de Pesca y Acuicultura,1,1
817c16df30844ed8af3648019bbb1557,VIGIACOVID - Subsecretaría de Salud PÚblica,1,1
be7c85c2a11840ba8a398a1817291987,DOM Digital - Municipalidad de Cerro Navia,1,1
41d8c098b14b4f8d9fe3da689678205c,Portal Docente - CPEIP - Subsecretaría de Educación,1,1
ba2165ccec354bcca84276bbf212f14a,Servicio de Salud Tarapacá - Servicio de Salud Tarapacá,1,1
2b586432369643f3a77ae7887ae969b9,Subsecretaría General de la Presidencia - Simple - Subsecretaría General de la Presidencia,1,1
19bb14532c9e4352af10f1a8ab279be6,Portal I.M Porvenir - Municipalidad de Porvenir,1,1
987cb5e341b04c9d861fcf6e2eb925c9,COSOC INJUV - Instituto Nacional de la Juventud,1,1
23c19c8bd77e4690b22a4d24ba31bf87,Solicitud de aprobación de métodos de explotación sobre 5.000 tpm - SERNAGEOMIN,1,1
dc55000f57094792ad277d6f5100452f,,1,1
e4f138260bdf4881b867c1c1b9169830,,1,1
7a533cb508f2419ebb75a842e3f8da37,,1,1
49ca2da6dd8f4942b7914b34a0e395d4,,1,1
33e299728a6548bba9818d32af39481a,,1,1
504afa4ca6844060ac1b9c98ca42cfb0,,1,1
5fa58991f6b243e1bb622bc49f454158,,1,1
ec6d8dc699e94869a4cbd7dbeec543b4,,1,1
